X    Y
0.0000000000e+00   2.0000000000e-01
1.0000000000e-04   2.0010804068e-01
1.1000000000e-03   2.0119292767e-01
1.1100000000e-02   2.1249540412e-01
2.6740273705e-02   2.3188795763e-01
4.2380547410e-02   2.5352215152e-01
5.8020821114e-02   2.7760869500e-01
5.8120821114e-02   2.7777109878e-01
5.9120821114e-02   2.7940120849e-01
6.9120821114e-02   2.9632327822e-01
8.4761094819e-02   3.2517613534e-01
1.0040136852e-01   3.5717114924e-01
1.0050136852e-01   3.5738637368e-01
1.0150136852e-01   3.5954625837e-01
1.1150136852e-01   3.8192100065e-01
1.2714164223e-01   4.1983618455e-01
1.2724164223e-01   4.2009036032e-01
1.2824164223e-01   4.2264043567e-01
1.3824164223e-01   4.4897718671e-01
1.5388191593e-01   4.9322491846e-01
1.5398191593e-01   4.9351973166e-01
1.5498191593e-01   4.9647607593e-01
1.6498191593e-01   5.2684853298e-01
1.8062218964e-01   5.7714021853e-01
1.8072218964e-01   5.7747187501e-01
1.8172218964e-01   5.8079500255e-01
1.9172218964e-01   6.1464069696e-01
1.9182218964e-01   6.1498437384e-01
1.9282218964e-01   6.1842632312e-01
2.0282218964e-01   6.5330489996e-01
2.0292218964e-01   6.5365731555e-01
2.0392218964e-01   6.5718473355e-01
2.1392218964e-01   6.9270612790e-01
2.1402218964e-01   6.9306283579e-01
2.1502218964e-01   6.9663063562e-01
2.2502218964e-01   7.3227901089e-01
2.2512218964e-01   7.3263423273e-01
2.2612218964e-01   7.3618393178e-01
2.3612218964e-01   7.7130253925e-01
2.3622218964e-01   7.7164903107e-01
2.3722218964e-01   7.7510743835e-01
2.4722218964e-01   8.0888847169e-01
2.4732218964e-01   8.0921745527e-01
2.4832218964e-01   8.1249602746e-01
2.5832218964e-01   8.4397908586e-01
2.5842218964e-01   8.4428028498e-01
2.5942218964e-01   8.4727555244e-01
2.6942218964e-01   8.7535902982e-01
2.6952218964e-01   8.7562085669e-01
2.7052218964e-01   8.7821637421e-01
2.8052218964e-01   9.0168635404e-01
2.9616246334e-01   9.2747990536e-01
2.9626246334e-01   9.2759502753e-01
2.9726246334e-01   9.2870839379e-01
3.0726246334e-01   9.3586777592e-01
3.2290273705e-01   9.3112468512e-01
3.2300273705e-01   9.3102723491e-01
3.2400273705e-01   9.3000427424e-01
3.3400273705e-01   9.1486801723e-01
3.4964301075e-01   8.7320267835e-01
3.4974301075e-01   8.7286699758e-01
3.5074301075e-01   8.6946319810e-01
3.6074301075e-01   8.3087574970e-01
3.6084301075e-01   8.3044968585e-01
3.6184301075e-01   8.2614723989e-01
3.7184301075e-01   7.7917783637e-01
3.7194301075e-01   7.7867426465e-01
3.7294301075e-01   7.7360440224e-01
3.8294301075e-01   7.1979688897e-01
3.8304301075e-01   7.1923320170e-01
3.8404301075e-01   7.1357176138e-01
3.9404301075e-01   6.5485092956e-01
3.9414301075e-01   6.5424765646e-01
3.9514301075e-01   6.4820104783e-01
4.0514301075e-01   5.8671202348e-01
4.0524301075e-01   5.8609107759e-01
4.0624301075e-01   5.7987862407e-01
4.1624301075e-01   5.1780342617e-01
4.1634301075e-01   5.1718625106e-01
4.1734301075e-01   5.1102169044e-01
4.2734301075e-01   4.5040172691e-01
4.2744301075e-01   4.4980763075e-01
4.2844301075e-01   4.4388261576e-01
4.3844301075e-01   3.8647302306e-01
4.3854301075e-01   3.8591792640e-01
4.3954301075e-01   3.8038974919e-01
4.4954301075e-01   3.2756280467e-01
4.4964301075e-01   3.2705852391e-01
4.5064301075e-01   3.2204322687e-01
4.6064301075e-01   2.7474667567e-01
4.6074301075e-01   2.7430074880e-01
4.6174301075e-01   2.6987163389e-01
4.7174301075e-01   2.2863717586e-01
4.7184301075e-01   2.2825314340e-01
4.7284301075e-01   2.2444377276e-01
4.8284301075e-01   1.8943369309e-01
4.8294301075e-01   1.8911169377e-01
4.8394301075e-01   1.8592196150e-01
4.9394301075e-01   1.5699888803e-01
4.9404301075e-01   1.5673641724e-01
4.9504301075e-01   1.5414017766e-01
5.0504301075e-01   1.3094566634e-01
5.0514301075e-01   1.3073836591e-01
5.0614301075e-01   1.2869131831e-01
5.1614301075e-01   1.1072204571e-01
5.3178328446e-01   9.0874219871e-02
5.3188328446e-01   9.0776398283e-02
5.3288328446e-01   8.9816996771e-02
5.4288328446e-01   8.2006904071e-02
5.5852355816e-01   7.5479824622e-02
5.5862355816e-01   7.5457497088e-02
5.5962355816e-01   7.5246542637e-02
5.6962355816e-01   7.4293266372e-02
5.8526383187e-01   7.6412794526e-02
6.0090410557e-01   8.1968024324e-02
6.0100410557e-01   8.2012632686e-02
6.0200410557e-01   8.2464449009e-02
6.1200410557e-01   8.7520564702e-02
6.2764437928e-01   9.7126903609e-02
6.4328465298e-01   1.0843419556e-01
6.5892492669e-01   1.2118688007e-01
6.7456520039e-01   1.3527913314e-01
6.7466520039e-01   1.3537351875e-01
6.7566520039e-01   1.3632040288e-01
6.8566520039e-01   1.4609649129e-01
7.0130547410e-01   1.6256207426e-01
7.1694574780e-01   1.8061019026e-01
7.3258602151e-01   2.0046637479e-01
7.4822629521e-01   2.2240730533e-01
7.4832629521e-01   2.2255496233e-01
7.4932629521e-01   2.2403694782e-01
7.5932629521e-01   2.3941655984e-01
7.7496656891e-01   2.6567628599e-01
7.9060684262e-01   2.9495190342e-01
7.9070684262e-01   2.9514960577e-01
7.9170684262e-01   2.9713429090e-01
8.0170684262e-01   3.1776778615e-01
8.1734711632e-01   3.5308399970e-01
8.1744711632e-01   3.5332241078e-01
8.1844711632e-01   3.5571562101e-01
8.2844711632e-01   3.8057578975e-01
8.4408739003e-01   4.2298647211e-01
8.4418739003e-01   4.2327197441e-01
8.4518739003e-01   4.2613720535e-01
8.5518739003e-01   4.5581976878e-01
8.7082766373e-01   5.0604894474e-01
8.7092766373e-01   5.0638506689e-01
8.7192766373e-01   5.0975668596e-01
8.8192766373e-01   5.4450202463e-01
8.8202766373e-01   5.4485880203e-01
8.8302766373e-01   5.4843655930e-01
8.9302766373e-01   5.8518853438e-01
8.9312766373e-01   5.8556474504e-01
8.9412766373e-01   5.8933599334e-01
9.0412766373e-01   6.2792168159e-01
9.0422766373e-01   6.2831513434e-01
9.0522766373e-01   6.3225741899e-01
9.1522766373e-01   6.7239376464e-01
9.1532766373e-01   6.7280105220e-01
9.1632766373e-01   6.7687962826e-01
9.2632766373e-01   7.1814747195e-01
9.2642766373e-01   7.1856370269e-01
9.2742766373e-01   7.2272884614e-01
9.3742766373e-01   7.6454571033e-01
9.3752766373e-01   7.6496423674e-01
9.3852766373e-01   7.6914853412e-01
9.4852766373e-01   8.1074259068e-01
9.4862766373e-01   8.1115476455e-01
9.4962766373e-01   8.1527068862e-01
9.5962766373e-01   8.5565970720e-01
9.5972766373e-01   8.5605470654e-01
9.6072766373e-01   8.5999293570e-01
9.7072766373e-01   8.9797359598e-01
9.7082766373e-01   8.9833838482e-01
9.7182766373e-01   9.0196748608e-01
9.8182766373e-01   9.3612197848e-01
9.8192766373e-01   9.3644147481e-01
9.8292766373e-01   9.3960970759e-01
9.9292766373e-01   9.6833756797e-01
9.9302766373e-01   9.6859510084e-01
9.9402766373e-01   9.7113515150e-01
1.0040276637e+00   9.9271805882e-01
1.0196679374e+00   1.0100826596e+00
1.0197679374e+00   1.0101204481e+00
1.0207679374e+00   1.0104434583e+00
1.0307679374e+00   1.0079762321e+00
1.0464082111e+00   9.8194273903e-01
1.0465082111e+00   9.8168584282e-01
1.0475082111e+00   9.7905311847e-01
1.0575082111e+00   9.4638721800e-01
1.0576082111e+00   9.4600300708e-01
1.0586082111e+00   9.4209928579e-01
1.0686082111e+00   8.9707151260e-01
1.0687082111e+00   8.9656810709e-01
1.0697082111e+00   8.9147859206e-01
1.0797082111e+00   8.3533744681e-01
1.0798082111e+00   8.3473089608e-01
1.0808082111e+00   8.2861983067e-01
1.0908082111e+00   7.6336099996e-01
1.0909082111e+00   7.6267426510e-01
1.0919082111e+00   7.5577422712e-01
1.1019082111e+00   6.8398281410e-01
1.1020082111e+00   6.8324375593e-01
1.1030082111e+00   6.7583510960e-01
1.1130082111e+00   6.0044353649e-01
1.1131082111e+00   5.9968222215e-01
1.1141082111e+00   5.9206596348e-01
1.1241082111e+00   5.1606881110e-01
1.1242082111e+00   5.1531461654e-01
1.1252082111e+00   5.0778343471e-01
1.1352082111e+00   4.3395998729e-01
1.1353082111e+00   4.3323900425e-01
1.1363082111e+00   4.2605162205e-01
1.1463082111e+00   3.5674219375e-01
1.1464082111e+00   3.5607534166e-01
1.1474082111e+00   3.4943805438e-01
1.1574082111e+00   2.8640371573e-01
1.1575082111e+00   2.8580575845e-01
1.1585082111e+00   2.7986306232e-01
1.1685082111e+00   2.2423677393e-01
1.1686082111e+00   2.2371622503e-01
1.1696082111e+00   2.1855027261e-01
1.1796082111e+00   1.7086807453e-01
1.1797082111e+00   1.7042780901e-01
1.1807082111e+00   1.6606480926e-01
1.1907082111e+00   1.2635362143e-01
1.1908082111e+00   1.2599193025e-01
1.1918082111e+00   1.2241284176e-01
1.2018082111e+00   9.0307894431e-02
1.2019082111e+00   9.0019718556e-02
1.2029082111e+00   8.7172617597e-02
1.2129082111e+00   6.2040774643e-02
1.2130082111e+00   6.1818909109e-02
1.2140082111e+00   5.9630973939e-02
1.2240082111e+00   4.0683082673e-02
1.2241082111e+00   4.0519217131e-02
1.2251082111e+00   3.8907030779e-02
1.2351082111e+00   2.5289969388e-02
1.2507484848e+00   1.1914938950e-02
1.2508484848e+00   1.1856122432e-02
1.2518484848e+00   1.1284726456e-02
1.2618484848e+00   7.1309379927e-03
1.2774887586e+00   5.3826138967e-03
1.2775887586e+00   5.3868279400e-03
1.2785887586e+00   5.4383952483e-03
1.2885887586e+00   6.8180152894e-03
1.3042290323e+00   1.1514889474e-02
1.3198693060e+00   1.8372575743e-02
1.3199693060e+00   1.8421557588e-02
1.3209693060e+00   1.8914412472e-02
1.3309693060e+00   2.4116034863e-02
1.3466095797e+00   3.3026241789e-02
1.3622498534e+00   4.2586106020e-02
1.3778901271e+00   5.2613265641e-02
1.3935304008e+00   6.3055430225e-02
1.4091706745e+00   7.3957418657e-02
1.4092706745e+00   7.4028822680e-02
1.4102706745e+00   7.4744159082e-02
1.4202706745e+00   8.2035586377e-02
1.4359109482e+00   9.4026380702e-02
1.4515512219e+00   1.0691644061e-01
1.4671914956e+00   1.2094883125e-01
1.4828317693e+00   1.3640110752e-01
1.4984720430e+00   1.5358416012e-01
1.4985720430e+00   1.5370031639e-01
1.4995720430e+00   1.5486656061e-01
1.5095720430e+00   1.6701681802e-01
1.5252123167e+00   1.8797806957e-01
1.5408525904e+00   2.1169020210e-01
1.5564928641e+00   2.3860100927e-01
1.5565928641e+00   2.3878438925e-01
1.5575928641e+00   2.4062649858e-01
1.5675928641e+00   2.5990585453e-01
1.5832331378e+00   2.9343362443e-01
1.5833331378e+00   2.9366218936e-01
1.5843331378e+00   2.9595820101e-01
1.5943331378e+00   3.1998413615e-01
1.6099734115e+00   3.6170617974e-01
1.6100734115e+00   3.6199018475e-01
1.6110734115e+00   3.6484272203e-01
1.6210734115e+00   3.9464469144e-01
1.6367136852e+00   4.4613844141e-01
1.6368136852e+00   4.4648763421e-01
1.6378136852e+00   4.4999382118e-01
1.6478136852e+00   4.8649833339e-01
1.6479136852e+00   4.8687675938e-01
1.6489136852e+00   4.9067571479e-01
1.6589136852e+00   5.3014207826e-01
1.6590136852e+00   5.3055034047e-01
1.6600136852e+00   5.3464777975e-01
1.6700136852e+00   5.7709747751e-01
1.6701136852e+00   5.7753542258e-01
1.6711136852e+00   5.8192936369e-01
1.6811136852e+00   6.2729249795e-01
1.6812136852e+00   6.2775891618e-01
1.6822136852e+00   6.3243664748e-01
1.6922136852e+00   6.8051819852e-01
1.6923136852e+00   6.8101045459e-01
1.6933136852e+00   6.8594480628e-01
1.7033136852e+00   7.3638387952e-01
1.7034136852e+00   7.3689747384e-01
1.7044136852e+00   7.4204239945e-01
1.7144136852e+00   7.9426504604e-01
1.7145136852e+00   7.9479311848e-01
1.7155136852e+00   8.0007870954e-01
1.7255136852e+00   8.5324641738e-01
1.7256136852e+00   8.5377922347e-01
1.7266136852e+00   8.5910647016e-01
1.7366136852e+00   9.1206473915e-01
1.7367136852e+00   9.1258915604e-01
1.7377136852e+00   9.1782504309e-01
1.7477136852e+00   9.6905966936e-01
1.7478136852e+00   9.6955882496e-01
1.7488136852e+00   9.7453271600e-01
1.7588136852e+00   1.0221453594e+00
1.7589136852e+00   1.0225985195e+00
1.7599136852e+00   1.0271011985e+00
1.7699136852e+00   1.0688198724e+00
1.7700136852e+00   1.0692027582e+00
1.7710136852e+00   1.0729898698e+00
1.7810136852e+00   1.1062328416e+00
1.7811136852e+00   1.1065185680e+00
1.7821136852e+00   1.1093203529e+00
1.7921136852e+00   1.1313314198e+00
1.7922136852e+00   1.1314922149e+00
1.7932136852e+00   1.1330311223e+00
1.8032136852e+00   1.1410976234e+00
1.8033136852e+00   1.1411073899e+00
1.8043136852e+00   1.1411240912e+00
1.8143136852e+00   1.1328740515e+00
1.8144136852e+00   1.1327116383e+00
1.8154136852e+00   1.1309980175e+00
1.8254136852e+00   1.1047494365e+00
1.8255136852e+00   1.1044022273e+00
1.8265136852e+00   1.1008372659e+00
1.8365136852e+00   1.0559450257e+00
1.8366136852e+00   1.0554121797e+00
1.8376136852e+00   1.0499939825e+00
1.8476136852e+00   9.8711768485e-01
1.8477136852e+00   9.8641220722e-01
1.8487136852e+00   9.7927790616e-01
1.8587136852e+00   9.0048982410e-01
1.8588136852e+00   8.9963871639e-01
1.8598136852e+00   8.9106488878e-01
1.8599136852e+00   8.9020130187e-01
1.8609136852e+00   8.8150464750e-01
1.8610136852e+00   8.8062897617e-01
1.8620136852e+00   8.7181348959e-01
1.8621136852e+00   8.7092613788e-01
1.8631136852e+00   8.6199590397e-01
1.8632136852e+00   8.6109728473e-01
1.8642136852e+00   8.5205647412e-01
1.8643136852e+00   8.5114700855e-01
1.8653136852e+00   8.4199987281e-01
1.8654136852e+00   8.4107998993e-01
1.8664136852e+00   8.3183085670e-01
1.8665136852e+00   8.3090099291e-01
1.8675136852e+00   8.2155426079e-01
1.8676136852e+00   8.2061485933e-01
1.8686136852e+00   8.1117499278e-01
1.8687136852e+00   8.1022650321e-01
1.8697136852e+00   8.0069802726e-01
1.8698136852e+00   7.9974090492e-01
1.8708136852e+00   7.9012839980e-01
1.8709136852e+00   7.8916310530e-01
1.8719136852e+00   7.7947120099e-01
1.8720136852e+00   7.7849819963e-01
1.8730136852e+00   7.6873157038e-01
1.8731136852e+00   7.6775133159e-01
1.8741136852e+00   7.5791469031e-01
1.8742136852e+00   7.5692768714e-01
1.8752136852e+00   7.4702577978e-01
1.8753136852e+00   7.4603248828e-01
1.8763136852e+00   7.3607008822e-01
1.8764136852e+00   7.3507098690e-01
1.8774136852e+00   7.2505288922e-01
1.8775136852e+00   7.2404845848e-01
1.8785136852e+00   7.1397947430e-01
1.8786136852e+00   7.1297019587e-01
1.8796136852e+00   7.0285514668e-01
1.8797136852e+00   7.0184150303e-01
1.8807136852e+00   6.9168521504e-01
1.8808136852e+00   6.9066768883e-01
1.8818136852e+00   6.8047498730e-01
1.8819136852e+00   6.7945406083e-01
1.8829136852e+00   6.6922976451e-01
1.8830136852e+00   6.6820591912e-01
1.8840136852e+00   6.5795483471e-01
1.8841136852e+00   6.5692855030e-01
1.8851136852e+00   6.4665546697e-01
1.8852136852e+00   6.4562722139e-01
1.8862136852e+00   6.3533690539e-01
1.8863136852e+00   6.3430717393e-01
1.8873136852e+00   6.2400436328e-01
1.8874136852e+00   6.2297361815e-01
1.8884136852e+00   6.1266301743e-01
1.8885136852e+00   6.1163172726e-01
1.8895136852e+00   6.0131800251e-01
1.8896136852e+00   6.0028663179e-01
1.8906136852e+00   5.8997440553e-01
1.8907136852e+00   5.8894341417e-01
1.8917136852e+00   5.7863726056e-01
1.8918136852e+00   5.7760710340e-01
1.8928136852e+00   5.6731154347e-01
1.8929136852e+00   5.6628266980e-01
1.8939136852e+00   5.5600216694e-01
1.8940136852e+00   5.5497502007e-01
1.8950136852e+00   5.4471397559e-01
1.8951136852e+00   5.4368899239e-01
1.8961136852e+00   5.3345174123e-01
1.8962136852e+00   5.3242935174e-01
1.8972136852e+00   5.2222015844e-01
1.8973136852e+00   5.2120078546e-01
1.8983136852e+00   5.1102384017e-01
1.8984136852e+00   5.1000789886e-01
1.8994136852e+00   4.9986731366e-01
1.8995136852e+00   4.9885521121e-01
1.9005136852e+00   4.8875501651e-01
1.9006136852e+00   4.8774715176e-01
1.9016136852e+00   4.7769129298e-01
1.9017136852e+00   4.7668805611e-01
1.9027136852e+00   4.6668039046e-01
1.9028136852e+00   4.6568216267e-01
1.9038136852e+00   4.5572645619e-01
1.9039136852e+00   4.5473360945e-01
1.9049136852e+00   4.4483353422e-01
1.9050136852e+00   4.4384643094e-01
1.9060136852e+00   4.3400556252e-01
1.9061136852e+00   4.3302455534e-01
1.9071136852e+00   4.2324637037e-01
1.9072136852e+00   4.2227180194e-01
1.9082136852e+00   4.1255967595e-01
1.9083136852e+00   4.1159187869e-01
1.9093136852e+00   4.0194908414e-01
1.9094136852e+00   4.0098838009e-01
1.9104136852e+00   3.9141808459e-01
1.9105136852e+00   3.9046478520e-01
1.9115136852e+00   3.8097004993e-01
1.9116136852e+00   3.8002445597e-01
1.9126136852e+00   3.7060823431e-01
1.9127136852e+00   3.6967063567e-01
1.9137136852e+00   3.6033577202e-01
1.9138136852e+00   3.5940644766e-01
1.9148136852e+00   3.5015567646e-01
1.9149136852e+00   3.4923489429e-01
1.9159136852e+00   3.4007083923e-01
1.9160136852e+00   3.3915885606e-01
1.9170136852e+00   3.3008402945e-01
1.9171136852e+00   3.2918109094e-01
1.9181136852e+00   3.2019789334e-01
1.9182136852e+00   3.1930423394e-01
1.9192136852e+00   3.1041495389e-01
1.9193136852e+00   3.0953079686e-01
1.9203136852e+00   3.0073761084e-01
1.9204136852e+00   2.9986316821e-01
1.9214136852e+00   2.9116814075e-01
1.9215136852e+00   2.9030361340e-01
1.9225136852e+00   2.8170869734e-01
1.9226136852e+00   2.8085427497e-01
1.9236136852e+00   2.7236131194e-01
1.9237136852e+00   2.7151717317e-01
1.9247136852e+00   2.6312789414e-01
1.9248136852e+00   2.6229420657e-01
1.9258136852e+00   2.5401023265e-01
1.9259136852e+00   2.5318715292e-01
1.9269136852e+00   2.4500999620e-01
1.9270136852e+00   2.4419767011e-01
1.9280136852e+00   2.3612873473e-01
1.9281136852e+00   2.3532729733e-01
1.9291136852e+00   2.2736788062e-01
1.9391136852e+00   1.5343135178e-01
1.9392136852e+00   1.5274503179e-01
1.9402136852e+00   1.4594036343e-01
1.9502136852e+00   8.3753345186e-02
1.9503136852e+00   8.3185032999e-02
1.9513136852e+00   7.7559643105e-02
1.9613136852e+00   2.6968899576e-02
1.9614136852e+00   2.6513771796e-02
1.9624136852e+00   2.2016251458e-02
1.9724136852e+00   -1.7768972045e-02
1.9725136852e+00   -1.8120995068e-02
1.9735136852e+00   -2.1593418173e-02
1.9835136852e+00   -5.1762274398e-02
1.9836136852e+00   -5.2024251444e-02
1.9846136852e+00   -5.4603114551e-02
1.9946136852e+00   -7.6537740216e-02
1.9947136852e+00   -7.6723867189e-02
1.9957136852e+00   -7.8551301124e-02
2.0057136852e+00   -9.3670616305e-02
2.0058136852e+00   -9.3794899695e-02
2.0068136852e+00   -9.5010616590e-02
2.0168136852e+00   -1.0466452386e-01
2.0169136852e+00   -1.0473993478e-01
2.0179136852e+00   -1.0547298486e-01
2.0279136852e+00   -1.1087990511e-01
2.0435539589e+00   -1.1377227432e-01
2.0436539589e+00   -1.1377386609e-01
2.0446539589e+00   -1.1377997071e-01
2.0546539589e+00   -1.1297663665e-01
2.0702942326e+00   -1.0946736591e-01
2.0703942326e+00   -1.0943905039e-01
2.0713942326e+00   -1.0915294826e-01
2.0813942326e+00   -1.0606316567e-01
2.0970345064e+00   -1.0088970616e-01
2.1126747801e+00   -9.6017403992e-02
2.1127747801e+00   -9.5988539388e-02
2.1137747801e+00   -9.5701877904e-02
2.1237747801e+00   -9.3054542126e-02
2.1394150538e+00   -8.9861769635e-02
2.1550553275e+00   -8.8024191038e-02
2.1706956012e+00   -8.7678566874e-02
2.1863358749e+00   -8.8902214958e-02
2.2019761486e+00   -9.1744539394e-02
2.2020761486e+00   -9.1768012719e-02
2.2030761486e+00   -9.2006485785e-02
2.2130761486e+00   -9.4767838937e-02
2.2287164223e+00   -1.0048651375e-01
2.2443566960e+00   -1.0797814017e-01
2.2599969697e+00   -1.1734490167e-01
2.2756372434e+00   -1.2872649975e-01
2.2912775171e+00   -1.4230590395e-01
2.3069177908e+00   -1.5831414875e-01
2.3070177908e+00   -1.5842489616e-01
2.3080177908e+00   -1.5953847550e-01
2.3180177908e+00   -1.7130189078e-01
2.3336580645e+00   -1.9214922835e-01
2.3492983382e+00   -2.1632329332e-01
2.3649386119e+00   -2.4426302458e-01
2.3650386119e+00   -2.4445481843e-01
2.3660386119e+00   -2.4638236040e-01
2.3760386119e+00   -2.6664656297e-01
2.3916788856e+00   -3.0220329579e-01
2.3917788856e+00   -3.0244681003e-01
2.3927788856e+00   -3.0489372685e-01
2.4027788856e+00   -3.3057217618e-01
2.4184191593e+00   -3.7542261531e-01
2.4185191593e+00   -3.7572883784e-01
2.4195191593e+00   -3.7880513471e-01
2.4295191593e+00   -4.1100540762e-01
2.4296191593e+00   -4.1134087757e-01
2.4306191593e+00   -4.1471052944e-01
2.4406191593e+00   -4.4992877638e-01
2.4407191593e+00   -4.5029516205e-01
2.4417191593e+00   -4.5397472290e-01
2.4517191593e+00   -4.9236085720e-01
2.4518191593e+00   -4.9275948723e-01
2.4528191593e+00   -4.9676202599e-01
2.4628191593e+00   -5.3842133337e-01
2.4629191593e+00   -5.3885299142e-01
2.4639191593e+00   -5.4318600929e-01
2.4739191593e+00   -5.8815519378e-01
2.4740191593e+00   -5.8861984843e-01
2.4750191593e+00   -5.9328254271e-01
2.4850191593e+00   -6.4149865156e-01
2.4851191593e+00   -6.4199510981e-01
2.4861191593e+00   -6.4697486862e-01
2.4961191593e+00   -6.9823606046e-01
2.4962191593e+00   -6.9876153616e-01
2.4972191593e+00   -7.0402957895e-01
2.5072191593e+00   -7.5794719820e-01
2.5073191593e+00   -7.5849679362e-01
2.5083191593e+00   -7.6400294582e-01
2.5183191593e+00   -8.1994541142e-01
2.5184191593e+00   -8.2051152409e-01
2.5194191593e+00   -8.2617825500e-01
2.5294191593e+00   -8.8320911870e-01
2.5295191593e+00   -8.8378080836e-01
2.5305191593e+00   -8.8949689602e-01
2.5405191593e+00   -9.4631233269e-01
2.5406191593e+00   -9.4687471782e-01
2.5416191593e+00   -9.5248925542e-01
2.5516191593e+00   -1.0073643641e+00
2.5517191593e+00   -1.0078981640e+00
2.5527191593e+00   -1.0132160932e+00
2.5627191593e+00   -1.0639745381e+00
2.5628191593e+00   -1.0644559311e+00
2.5638191593e+00   -1.0692368331e+00
2.5738191593e+00   -1.1132637261e+00
2.5739191593e+00   -1.1136647437e+00
2.5749191593e+00   -1.1176271154e+00
2.5849191593e+00   -1.1519488191e+00
2.5850191593e+00   -1.1522385206e+00
2.5860191593e+00   -1.1550719633e+00
2.5960191593e+00   -1.1765256969e+00
2.5961191593e+00   -1.1766723264e+00
2.5971191593e+00   -1.1780596373e+00
2.6071191593e+00   -1.1835666128e+00
2.6072191593e+00   -1.1835408021e+00
2.6082191593e+00   -1.1831904974e+00
2.6182191593e+00   -1.1701257379e+00
2.6183191593e+00   -1.1699045578e+00
2.6193191593e+00   -1.1675916888e+00
2.6293191593e+00   -1.1342119586e+00
2.6294191593e+00   -1.1337832658e+00
2.6304191593e+00   -1.1293928258e+00
2.6404191593e+00   -1.0752479194e+00
2.6405191593e+00   -1.0746141034e+00
2.6415191593e+00   -1.0681779168e+00
2.6515191593e+00   -9.9440400869e-01
2.6516191593e+00   -9.9358407226e-01
2.6526191593e+00   -9.8530051058e-01
2.6527191593e+00   -9.8446379925e-01
2.6537191593e+00   -9.7601428782e-01
2.6538191593e+00   -9.7516116407e-01
2.6548191593e+00   -9.6654939907e-01
2.6549191593e+00   -9.6568023959e-01
2.6559191593e+00   -9.5691005763e-01
2.6560191593e+00   -9.5602525296e-01
2.6570191593e+00   -9.4710062707e-01
2.6571191593e+00   -9.4620058120e-01
2.6581191593e+00   -9.3712561658e-01
2.6582191593e+00   -9.3621074649e-01
2.6592191593e+00   -9.2698967602e-01
2.6593191593e+00   -9.2606041121e-01
2.6603191593e+00   -9.1669759068e-01
2.6604191593e+00   -9.1575437273e-01
2.6614191593e+00   -9.0625427588e-01
2.6615191593e+00   -9.0529755786e-01
2.6625191593e+00   -8.9566477117e-01
2.6626191593e+00   -8.9469501720e-01
2.6636191593e+00   -8.8493423445e-01
2.6637191593e+00   -8.8395191908e-01
2.6647191593e+00   -8.7406793577e-01
2.6648191593e+00   -8.7307354343e-01
2.6658191593e+00   -8.6307125094e-01
2.6659191593e+00   -8.6206527536e-01
2.6669191593e+00   -8.5194965498e-01
2.6670191593e+00   -8.5093259858e-01
2.6680191593e+00   -8.4070871536e-01
2.6681191593e+00   -8.3968108862e-01
2.6691191593e+00   -8.2935408509e-01
2.6692191593e+00   -8.2831640592e-01
2.6702191593e+00   -8.1789149564e-01
2.6703191593e+00   -8.1684428872e-01
2.6713191593e+00   -8.0632674977e-01
2.6714191593e+00   -8.0527054592e-01
2.6724191593e+00   -7.9466571423e-01
2.6725191593e+00   -7.9360104970e-01
2.6735191593e+00   -7.8291431234e-01
2.6736191593e+00   -7.8184172816e-01
2.6746191593e+00   -7.7107851650e-01
2.6747191593e+00   -7.6999855779e-01
2.6757191593e+00   -7.5916434067e-01
2.6758191593e+00   -7.5807755596e-01
2.6768191593e+00   -7.4717783280e-01
2.6769191593e+00   -7.4608477332e-01
2.6779191593e+00   -7.3512506718e-01
2.6780191593e+00   -7.3402628617e-01
2.6790191593e+00   -7.2301213683e-01
2.6791191593e+00   -7.2190818888e-01
2.6801191593e+00   -7.1084514592e-01
2.6802191593e+00   -7.0973658624e-01
2.6812191593e+00   -6.9863020217e-01
2.6813191593e+00   -6.9751758593e-01
2.6823191593e+00   -6.8637340932e-01
2.6824191593e+00   -6.8525729094e-01
2.6834191593e+00   -6.7408085964e-01
2.6835191593e+00   -6.7296179215e-01
2.6845191593e+00   -6.6175862658e-01
2.6846191593e+00   -6.6063716091e-01
2.6856191593e+00   -6.4941275743e-01
2.6857191593e+00   -6.4828944180e-01
2.6867191593e+00   -6.3704926616e-01
2.6868191593e+00   -6.3592464539e-01
2.6878191593e+00   -6.2467412636e-01
2.6879191593e+00   -6.2354874126e-01
2.6889191593e+00   -6.1229326432e-01
2.6890191593e+00   -6.1116765106e-01
2.6900191593e+00   -5.9991255227e-01
2.6901191593e+00   -5.9878724179e-01
2.6911191593e+00   -5.8753780183e-01
2.6912191593e+00   -5.8641331923e-01
2.6922191593e+00   -5.7517475756e-01
2.6923191593e+00   -5.7405162152e-01
2.6933191593e+00   -5.6282909075e-01
2.6934191593e+00   -5.6170781302e-01
2.6944191593e+00   -5.5050639349e-01
2.6945191593e+00   -5.4938747829e-01
2.6955191593e+00   -5.3821217281e-01
2.6956191593e+00   -5.3709611638e-01
2.6966191593e+00   -5.2595184516e-01
2.6967191593e+00   -5.2483913522e-01
2.6977191593e+00   -5.1373073111e-01
2.6978191593e+00   -5.1262184642e-01
2.6988191593e+00   -5.0155405024e-01
2.6989191593e+00   -5.0044946014e-01
2.6999191593e+00   -4.8942691638e-01
2.7000191593e+00   -4.8832708035e-01
2.7010191593e+00   -4.7735433297e-01
2.7011191593e+00   -4.7625970025e-01
2.7021191593e+00   -4.6534118886e-01
2.7022191593e+00   -4.6425219806e-01
2.7032191593e+00   -4.5339225420e-01
2.7033191593e+00   -4.5230933297e-01
2.7043191593e+00   -4.4151217675e-01
2.7044191593e+00   -4.4043574140e-01
2.7054191593e+00   -4.2970547835e-01
2.7055191593e+00   -4.2863593361e-01
2.7065191593e+00   -4.1797655178e-01
2.7066191593e+00   -4.1691429049e-01
2.7076191593e+00   -4.0632965779e-01
2.7077191593e+00   -4.0527506064e-01
2.7087191593e+00   -3.9476892247e-01
2.7088191593e+00   -3.9372235781e-01
2.7098191593e+00   -3.8329833492e-01
2.7099191593e+00   -3.8226015853e-01
2.7109191593e+00   -3.7192174514e-01
2.7110191593e+00   -3.7089230005e-01
2.7120191593e+00   -3.6064286220e-01
2.7121191593e+00   -3.5962247856e-01
2.7131191593e+00   -3.4946525275e-01
2.7132191593e+00   -3.4845424769e-01
2.7142191593e+00   -3.3839233971e-01
2.7143191593e+00   -3.3739101725e-01
2.7153191593e+00   -3.2742740131e-01
2.7154191593e+00   -3.2643605226e-01
2.7164191593e+00   -3.1657357031e-01
2.7165191593e+00   -3.1559247223e-01
2.7175191593e+00   -3.0583383352e-01
2.7176191593e+00   -3.0486325070e-01
2.7186191593e+00   -2.9521103158e-01
2.7187191593e+00   -2.9425121501e-01
2.7197191593e+00   -2.8470785896e-01
2.7198191593e+00   -2.8375904633e-01
2.7208191593e+00   -2.7432686416e-01
2.7209191593e+00   -2.7338927995e-01
2.7219191593e+00   -2.6407045023e-01
2.7220191593e+00   -2.6314430571e-01
2.7230191593e+00   -2.5394087544e-01
2.7231191593e+00   -2.5302636874e-01
2.7241191593e+00   -2.4394025415e-01
2.7242191593e+00   -2.4303757041e-01
2.7252191593e+00   -2.3407055797e-01
2.7253191593e+00   -2.3317986937e-01
2.7263191593e+00   -2.2433361700e-01
2.7264191593e+00   -2.2345508295e-01
2.7274191593e+00   -2.1473112135e-01
2.7275191593e+00   -2.1386488861e-01
2.7285191593e+00   -2.0526462278e-01
2.7286191593e+00   -2.0441082564e-01
2.7296191593e+00   -1.9593553657e-01
2.7297191593e+00   -1.9509429696e-01
2.7307191593e+00   -1.8674514343e-01
2.7308191593e+00   -1.8591657121e-01
2.7318191593e+00   -1.7769459174e-01
2.7319191593e+00   -1.7687878480e-01
2.7329191593e+00   -1.6878489972e-01
2.7330191593e+00   -1.6798194426e-01
2.7340191593e+00   -1.6001695791e-01
2.7341191593e+00   -1.5922692865e-01
2.7351191593e+00   -1.5139153166e-01
2.7352191593e+00   -1.5061449205e-01
2.7362191593e+00   -1.4290926378e-01
2.7462191593e+00   -7.2414129045e-02
2.7463191593e+00   -7.1769371565e-02
2.7473191593e+00   -6.5386920457e-02
2.7573191593e+00   -7.9674903312e-03
2.7574191593e+00   -7.4508547196e-03
2.7584191593e+00   -2.3455402809e-03
2.7684191593e+00   4.2808233346e-02
2.7685191593e+00   4.3207639325e-02
2.7695191593e+00   4.7147294788e-02
2.7795191593e+00   8.1360361632e-02
2.7796191593e+00   8.1657320852e-02
2.7806191593e+00   8.4580409933e-02
2.7906191593e+00   1.0943441495e-01
2.7907191593e+00   1.0964527474e-01
2.7917191593e+00   1.1171554968e-01
2.8017191593e+00   1.2885112279e-01
2.8018191593e+00   1.2899211448e-01
2.8028191593e+00   1.3037150371e-01
2.8128191593e+00   1.4135439040e-01
2.8129191593e+00   1.4144056127e-01
2.8139191593e+00   1.4227876534e-01
2.8239191593e+00   1.4852129694e-01
2.8240191593e+00   1.4856593850e-01
2.8250191593e+00   1.4899492237e-01
2.8350191593e+00   1.5171959409e-01
2.8506594330e+00   1.5166411036e-01
2.8507594330e+00   1.5165146603e-01
2.8517594330e+00   1.5151828576e-01
2.8617594330e+00   1.4961949839e-01
2.8773997067e+00   1.4539175951e-01
2.8774997067e+00   1.4536242511e-01
2.8784997067e+00   1.4506848937e-01
2.8884997067e+00   1.4212706388e-01
2.9041399805e+00   1.3794172419e-01
2.9197802542e+00   1.3486898765e-01
2.9198802542e+00   1.3485402240e-01
2.9208802542e+00   1.3470796170e-01
2.9308802542e+00   1.3362386091e-01
2.9465205279e+00   1.3342551153e-01
2.9621608016e+00   1.3522732497e-01
2.9778010753e+00   1.3916435639e-01
2.9934413490e+00   1.4533865310e-01
3.0090816227e+00   1.5384754092e-01
3.0091816227e+00   1.5390968512e-01
3.0101816227e+00   1.5453663154e-01
3.0201816227e+00   1.6136350157e-01
3.0358218964e+00   1.7414111200e-01
3.0514621701e+00   1.8963349327e-01
3.0671024438e+00   2.0805479137e-01
3.0827427175e+00   2.2966759292e-01
3.0828427175e+00   2.2981669342e-01
3.0838427175e+00   2.3131558660e-01
3.0938427175e+00   2.4711175615e-01
3.1094829912e+00   2.7493046708e-01
3.1251232649e+00   3.0689288421e-01
3.1252232649e+00   3.0711147007e-01
3.1262232649e+00   3.0930761466e-01
3.1362232649e+00   3.3232082375e-01
3.1518635386e+00   3.7235092482e-01
3.1519635386e+00   3.7262347020e-01
3.1529635386e+00   3.7536086222e-01
3.1629635386e+00   4.0394971487e-01
3.1786038123e+00   4.5326105125e-01
3.1787038123e+00   4.5359493923e-01
3.1797038123e+00   4.5694702704e-01
3.1897038123e+00   4.9179831837e-01
3.1898038123e+00   4.9215911622e-01
3.1908038123e+00   4.9578052553e-01
3.2008038123e+00   5.3333791633e-01
3.2009038123e+00   5.3372579897e-01
3.2019038123e+00   5.3761796901e-01
3.2119038123e+00   5.7786102018e-01
3.2120038123e+00   5.7827542624e-01
3.2130038123e+00   5.8243231165e-01
3.2230038123e+00   6.2525268719e-01
3.2231038123e+00   6.2569204823e-01
3.2241038123e+00   6.3009738437e-01
3.2341038123e+00   6.7526878136e-01
3.2342038123e+00   6.7573019615e-01
3.2352038123e+00   6.8035421486e-01
3.2452038123e+00   7.2749691420e-01
3.2453038123e+00   7.2797577151e-01
3.2463038123e+00   7.3277140614e-01
3.2563038123e+00   7.8131231806e-01
3.2564038123e+00   7.8180188195e-01
3.2574038123e+00   7.8670060778e-01
3.2674038123e+00   8.3583102941e-01
3.2675038123e+00   8.3632201699e-01
3.2685038123e+00   8.4122963727e-01
3.2785038123e+00   8.8986489493e-01
3.2786038123e+00   8.9034509927e-01
3.2796038123e+00   8.9513801497e-01
3.2896038123e+00   9.4188574171e-01
3.2897038123e+00   9.4233978051e-01
3.2907038123e+00   9.4686256665e-01
3.3007038123e+00   9.9000936483e-01
3.3008038123e+00   9.9041866635e-01
3.3018038123e+00   9.9448408290e-01
3.3118038123e+00   1.0320131715e+00
3.3119038123e+00   1.0323563340e+00
3.3129038123e+00   1.0357491437e+00
3.3229038123e+00   1.0654032057e+00
3.3230038123e+00   1.0656568729e+00
3.3240038123e+00   1.0681428854e+00
3.3340038123e+00   1.0875450896e+00
3.3341038123e+00   1.0876854534e+00
3.3351038123e+00   1.0890268804e+00
3.3451038123e+00   1.0958670707e+00
3.3607440860e+00   1.0799399493e+00
3.3608440860e+00   1.0797256259e+00
3.3618440860e+00   1.0775013240e+00
3.3718440860e+00   1.0470836868e+00
3.3719440860e+00   1.0467042375e+00
3.3729440860e+00   1.0428280267e+00
3.3829440860e+00   9.9601127602e-01
3.3830440860e+00   9.9547068377e-01
3.3840440860e+00   9.8998808892e-01
3.3940440860e+00   9.2780850626e-01
3.3941440860e+00   9.2712251064e-01
3.3951440860e+00   9.2019675075e-01
3.4051440860e+00   8.4485124225e-01
3.4052440860e+00   8.4404676530e-01
3.4062440860e+00   8.3595212045e-01
3.4162440860e+00   7.5064261957e-01
3.4163440860e+00   7.4975540692e-01
3.4173440860e+00   7.4085279573e-01
3.4174440860e+00   7.3995955985e-01
3.4184440860e+00   7.3099874721e-01
3.4185440860e+00   7.3009989468e-01
3.4195440860e+00   7.2108495716e-01
3.4196440860e+00   7.2018089664e-01
3.4206440860e+00   7.1111592917e-01
3.4207440860e+00   7.1020707091e-01
3.4217440860e+00   7.0109618225e-01
3.4218440860e+00   7.0018293766e-01
3.4228440860e+00   6.9103024585e-01
3.4229440860e+00   6.9011302704e-01
3.4239440860e+00   6.8092265486e-01
3.4240440860e+00   6.8000187420e-01
3.4250440860e+00   6.7077794464e-01
3.4251440860e+00   6.6985401428e-01
3.4261440860e+00   6.6060064609e-01
3.4262440860e+00   6.5967397755e-01
3.4272440860e+00   6.5039528080e-01
3.4273440860e+00   6.4946628449e-01
3.4283440860e+00   6.4016635612e-01
3.4284440860e+00   6.3923544093e-01
3.4294440860e+00   6.2991836049e-01
3.4295440860e+00   6.2898593337e-01
3.4305440860e+00   6.1965575867e-01
3.4306440860e+00   6.1872222416e-01
3.4316440860e+00   6.0938298715e-01
3.4317440860e+00   6.0844874702e-01
3.4327440860e+00   5.9910444960e-01
3.4328440860e+00   5.9816990239e-01
3.4338440860e+00   5.8882451245e-01
3.4339440860e+00   5.8789005312e-01
3.4349440860e+00   5.7854750053e-01
3.4350440860e+00   5.7761352004e-01
3.4360440860e+00   5.6827769291e-01
3.4361440860e+00   5.6734457785e-01
3.4371440860e+00   5.5801931873e-01
3.4372440860e+00   5.5708745095e-01
3.4382440860e+00   5.4777655329e-01
3.4383440860e+00   5.4684630956e-01
3.4393440860e+00   5.3755351418e-01
3.4394440860e+00   5.3662526584e-01
3.4404440860e+00   5.2735425759e-01
3.4405440860e+00   5.2642837021e-01
3.4415440860e+00   5.1718277474e-01
3.4416440860e+00   5.1625960783e-01
3.4426440860e+00   5.0704298853e-01
3.4427440860e+00   5.0612289520e-01
3.4437440860e+00   4.9693875021e-01
3.4438440860e+00   4.9602207692e-01
3.4448440860e+00   4.8687383635e-01
3.4449440860e+00   4.8596092261e-01
3.4459440860e+00   4.7685194586e-01
3.4460440860e+00   4.7594312400e-01
3.4470440860e+00   4.6687669726e-01
3.4471440860e+00   4.6597229215e-01
3.4481440860e+00   4.5695162605e-01
3.4482440860e+00   4.5605195490e-01
3.4492440860e+00   4.4708018230e-01
3.4493440860e+00   4.4618555444e-01
3.4503440860e+00   4.3726572836e-01
3.4504440860e+00   4.3637644503e-01
3.4514440860e+00   4.2751153679e-01
3.4515440860e+00   4.2662789098e-01
3.4525440860e+00   4.1782078843e-01
3.4526440860e+00   4.1694306469e-01
3.4536440860e+00   4.0819657065e-01
3.4537440860e+00   4.0732504496e-01
3.4547440860e+00   3.9864187577e-01
3.4548440860e+00   3.9777681540e-01
3.4558440860e+00   3.8915959967e-01
3.4559440860e+00   3.8830126306e-01
3.4569440860e+00   3.7975254054e-01
3.4570440860e+00   3.7890117719e-01
3.4580440860e+00   3.7042339782e-01
3.4581440860e+00   3.6957924819e-01
3.4591440860e+00   3.6117477128e-01
3.4592440860e+00   3.6033806676e-01
3.4602440860e+00   3.5200916032e-01
3.4702440860e+00   2.7286506785e-01
3.4703440860e+00   2.7211436210e-01
3.4713440860e+00   2.6465416210e-01
3.4813440860e+00   1.9491543093e-01
3.4814440860e+00   1.9426399214e-01
3.4824440860e+00   1.8780067824e-01
3.4924440860e+00   1.2831670026e-01
3.4925440860e+00   1.2776924926e-01
3.4935440860e+00   1.2234616886e-01
3.5035440860e+00   7.3193584652e-02
3.5036440860e+00   7.2747894057e-02
3.5046440860e+00   6.8339832833e-02
3.5146440860e+00   2.9005277683e-02
3.5147440860e+00   2.8654115589e-02
3.5157440860e+00   2.5186791730e-02
3.5257440860e+00   -5.2381855578e-03
3.5258440860e+00   -5.5051541177e-03
3.5268440860e+00   -8.1361720433e-03
3.5368440860e+00   -3.0778924373e-02
3.5369440860e+00   -3.0973519733e-02
3.5379440860e+00   -3.2886813787e-02
3.5479440860e+00   -4.8952542968e-02
3.5480440860e+00   -4.9086840635e-02
3.5490440860e+00   -5.0403040789e-02
3.5590440860e+00   -6.1073363412e-02
3.5591440860e+00   -6.1158854341e-02
3.5601440860e+00   -6.1992423275e-02
3.5701440860e+00   -6.8360339962e-02
3.5857843597e+00   -7.2481778943e-02
3.5858843597e+00   -7.2489818815e-02
3.5868843597e+00   -7.2559303247e-02
3.5968843597e+00   -7.2273961673e-02
3.6125246334e+00   -6.9116038080e-02
3.6126246334e+00   -6.9088070618e-02
3.6136246334e+00   -6.8804093299e-02
3.6236246334e+00   -6.5598776935e-02
3.6392649071e+00   -5.9739566073e-02
3.6549051808e+00   -5.3560437272e-02
3.6550051808e+00   -5.3521213953e-02
3.6560051808e+00   -5.3129563219e-02
3.6660051808e+00   -4.9291861923e-02
3.6816454545e+00   -4.3721245351e-02
3.6972857283e+00   -3.8862310624e-02
3.7129260020e+00   -3.4823948471e-02
3.7285662757e+00   -3.1640086464e-02
3.7442065494e+00   -2.9299412007e-02
3.7598468231e+00   -2.7766806003e-02
3.7599468231e+00   -2.7759513251e-02
3.7609468231e+00   -2.7688300966e-02
3.7709468231e+00   -2.7145331665e-02
3.7865870968e+00   -2.6893172959e-02
3.8022273705e+00   -2.7337542814e-02
3.8178676442e+00   -2.8453143072e-02
3.8335079179e+00   -3.0229610341e-02
3.8491481916e+00   -3.2673653277e-02
3.8647884653e+00   -3.5810592791e-02
3.8804287390e+00   -3.9685688315e-02
3.8960690127e+00   -4.4365535219e-02
3.9117092864e+00   -4.9939747010e-02
3.9273495601e+00   -5.6523085773e-02
3.9429898338e+00   -6.4258170205e-02
3.9586301075e+00   -7.3318867389e-02
3.9587301075e+00   -7.3381493974e-02
3.9597301075e+00   -7.4011216468e-02
3.9697301075e+00   -8.0666669910e-02
3.9853703812e+00   -9.2500457259e-02
4.0010106549e+00   -1.0632373319e-01
4.0166509286e+00   -1.2246938960e-01
4.0322912023e+00   -1.4132864514e-01
4.0323912023e+00   -1.4145890335e-01
4.0333912023e+00   -1.4276862972e-01
4.0433912023e+00   -1.5660732208e-01
4.0590314761e+00   -1.8120620961e-01
4.0746717498e+00   -2.0993486107e-01
4.0747717498e+00   -2.1013323761e-01
4.0757717498e+00   -2.1212783183e-01
4.0857717498e+00   -2.3319587821e-01
4.1014120235e+00   -2.7059858402e-01
4.1015120235e+00   -2.7085663515e-01
4.1025120235e+00   -2.7345104063e-01
4.1125120235e+00   -3.0083140204e-01
4.1281522972e+00   -3.4931436161e-01
4.1282522972e+00   -3.4964820679e-01
4.1292522972e+00   -3.5300409112e-01
4.1392522972e+00   -3.8835685588e-01
4.1393522972e+00   -3.8872731910e-01
4.1403522972e+00   -3.9245089883e-01
4.1503522972e+00   -4.3163079412e-01
4.1504522972e+00   -4.3204088940e-01
4.1514522972e+00   -4.3616224410e-01
4.1614522972e+00   -4.7946100302e-01
4.1615522972e+00   -4.7991353400e-01
4.1625522972e+00   -4.8446053980e-01
4.1725522972e+00   -5.3213652946e-01
4.1726522972e+00   -5.3263384897e-01
4.1736522972e+00   -5.3762973059e-01
4.1836522972e+00   -5.8987875822e-01
4.1837522972e+00   -5.9042242911e-01
4.1847522972e+00   -5.9588231259e-01
4.1947522972e+00   -6.5279710465e-01
4.1948522972e+00   -6.5338743470e-01
4.1958522972e+00   -6.5931362678e-01
4.2058522972e+00   -7.2082916257e-01
4.2059522972e+00   -7.2146458519e-01
4.2069522972e+00   -7.2784029675e-01
4.2169522972e+00   -7.9366233991e-01
4.2170522972e+00   -7.9433861678e-01
4.2180522972e+00   -8.0111989636e-01
4.2280522972e+00   -8.7063503112e-01
4.2281522972e+00   -8.7134426770e-01
4.2291522972e+00   -8.7845006721e-01
4.2391522972e+00   -9.5061790848e-01
4.2392522972e+00   -9.5134740589e-01
4.2402522972e+00   -9.5864803312e-01
4.2502522972e+00   -1.0318808256e+00
4.2503522972e+00   -1.0326118499e+00
4.2513522972e+00   -1.0399166573e+00
4.2613522972e+00   -1.1119590365e+00
4.2614522972e+00   -1.1126656780e+00
4.2624522972e+00   -1.1197117666e+00
4.2724522972e+00   -1.1875444909e+00
4.2725522972e+00   -1.1881929114e+00
4.2735522972e+00   -1.1946378991e+00
4.2835522972e+00   -1.2544431596e+00
4.2836522972e+00   -1.2549916687e+00
4.2846522972e+00   -1.2604150073e+00
4.2946522972e+00   -1.3076543381e+00
4.2947522972e+00   -1.3080548561e+00
4.2957522972e+00   -1.3119733003e+00
4.3057522972e+00   -1.3416352696e+00
4.3058522972e+00   -1.3418367322e+00
4.3068522972e+00   -1.3437394657e+00
4.3168522972e+00   -1.3508024920e+00
4.3169522972e+00   -1.3507565161e+00
4.3179522972e+00   -1.3501629229e+00
4.3279522972e+00   -1.3302771819e+00
4.3280522972e+00   -1.3299457392e+00
4.3290522972e+00   -1.3264829203e+00
4.3390522972e+00   -1.2768001147e+00
4.3391522972e+00   -1.2761640798e+00
4.3401522972e+00   -1.2696522908e+00
4.3501522972e+00   -1.1896376054e+00
4.3502522972e+00   -1.1887041136e+00
4.3512522972e+00   -1.1792290863e+00
4.3513522972e+00   -1.1782676417e+00
4.3523522972e+00   -1.1685150332e+00
4.3524522972e+00   -1.1675260305e+00
4.3534522972e+00   -1.1574999352e+00
4.3535522972e+00   -1.1564837986e+00
4.3545522972e+00   -1.1461886017e+00
4.3546522972e+00   -1.1451457840e+00
4.3556522972e+00   -1.1345861581e+00
4.3557522972e+00   -1.1335171408e+00
4.3567522972e+00   -1.1226980417e+00
4.3568522972e+00   -1.1216033343e+00
4.3578522972e+00   -1.1105299959e+00
4.3579522972e+00   -1.1094101357e+00
4.3589522972e+00   -1.0980880647e+00
4.3590522972e+00   -1.0969436157e+00
4.3600522972e+00   -1.0853785855e+00
4.3601522972e+00   -1.0842101382e+00
4.3611522972e+00   -1.0724081823e+00
4.3612522972e+00   -1.0712163527e+00
4.3622522972e+00   -1.0591837568e+00
4.3623522972e+00   -1.0579691859e+00
4.3633522972e+00   -1.0457124806e+00
4.3634522972e+00   -1.0444758335e+00
4.3644522972e+00   -1.0320017854e+00
4.3645522972e+00   -1.0307437502e+00
4.3655522972e+00   -1.0180593532e+00
4.3656522972e+00   -1.0167806402e+00
4.3666522972e+00   -1.0038931054e+00
4.3667522972e+00   -1.0025944463e+00
4.3677522972e+00   -9.8951119226e-01
4.3678522972e+00   -9.8819333899e-01
4.3688522972e+00   -9.7492198107e-01
4.3689522972e+00   -9.7358570461e-01
4.3699522972e+00   -9.6013404385e-01
4.3700522972e+00   -9.5878013319e-01
4.3710522972e+00   -9.4515614489e-01
4.3711522972e+00   -9.4378540587e-01
4.3721522972e+00   -9.2999722771e-01
4.3722522972e+00   -9.2861048181e-01
4.3732522972e+00   -9.1466640160e-01
4.3733522972e+00   -9.1326448467e-01
4.3743522972e+00   -8.9917292781e-01
4.3744522972e+00   -8.9775668884e-01
4.3754522972e+00   -8.8352620544e-01
4.3755522972e+00   -8.8209650523e-01
4.3765522972e+00   -8.6773575702e-01
4.3766522972e+00   -8.6629346687e-01
4.3776522972e+00   -8.5181121385e-01
4.3777522972e+00   -8.5035721422e-01
4.3787522972e+00   -8.3576230117e-01
4.3788522972e+00   -8.3429748031e-01
4.3798522972e+00   -8.1959882312e-01
4.3799522972e+00   -8.1812407571e-01
4.3809522972e+00   -8.0333064763e-01
4.3810522972e+00   -8.0184687339e-01
4.3820522972e+00   -7.8696769125e-01
4.3821522972e+00   -7.8547579357e-01
4.3831522972e+00   -7.7051990389e-01
4.3832522972e+00   -7.6902078843e-01
4.3842522972e+00   -7.5399725363e-01
4.3843522972e+00   -7.5249182696e-01
4.3853522972e+00   -7.3740971159e-01
4.3854522972e+00   -7.3589887981e-01
4.3864522972e+00   -7.2076723691e-01
4.3865522972e+00   -7.1925190428e-01
4.3875522972e+00   -7.0407976181e-01
4.3876522972e+00   -7.0256082942e-01
4.3886522972e+00   -6.8735717693e-01
4.3887522972e+00   -6.8583554136e-01
4.3897522972e+00   -6.7060931683e-01
4.3898522972e+00   -6.6908586885e-01
4.3908522972e+00   -6.5384594578e-01
4.3909522972e+00   -6.5232156909e-01
4.3919522972e+00   -6.3707674387e-01
4.3920522972e+00   -6.3555231384e-01
4.3930522972e+00   -6.2031129343e-01
4.3931522972e+00   -6.1878767587e-01
4.3941522972e+00   -6.0355906584e-01
4.3942522972e+00   -6.0203711583e-01
4.3952522972e+00   -5.8682940872e-01
4.3953522972e+00   -5.8530996947e-01
4.3963522972e+00   -5.7013153359e-01
4.3964522972e+00   -5.6861543537e-01
4.3974522972e+00   -5.5347450401e-01
4.3975522972e+00   -5.5196256303e-01
4.3985522972e+00   -5.3686722413e-01
4.3986522972e+00   -5.3536024158e-01
4.3996522972e+00   -5.2031842783e-01
4.3997522972e+00   -5.1881718889e-01
4.4007522972e+00   -5.0383666836e-01
4.4008522972e+00   -5.0234194129e-01
4.4018522972e+00   -4.8743030854e-01
4.4019522972e+00   -4.8594284385e-01
4.4029522972e+00   -4.7110751157e-01
4.4030522972e+00   -4.6962804114e-01
4.4040522972e+00   -4.5487623231e-01
4.4041522972e+00   -4.5340546872e-01
4.4051522972e+00   -4.3874420931e-01
4.4052522972e+00   -4.3728284507e-01
4.4062522972e+00   -4.2271895735e-01
4.4063522972e+00   -4.2126766428e-01
4.4073522972e+00   -4.0680776058e-01
4.4074522972e+00   -4.0536718922e-01
4.4084522972e+00   -3.9101766635e-01
4.4085522972e+00   -3.8958844543e-01
4.4095522972e+00   -3.7535547961e-01
4.4096522972e+00   -3.7393821557e-01
4.4106522972e+00   -3.5982775795e-01
4.4107522972e+00   -3.5842303451e-01
4.4117522972e+00   -3.4444080724e-01
4.4118522972e+00   -3.4304918504e-01
4.4128522972e+00   -3.2920067788e-01
4.4129522972e+00   -3.2782269418e-01
4.4139522972e+00   -3.1411316171e-01
4.4140522972e+00   -3.1274933013e-01
4.4150522972e+00   -2.9918378946e-01
4.4151522972e+00   -2.9783459978e-01
4.4161522972e+00   -2.8441782882e-01
4.4162522972e+00   -2.8308374681e-01
4.4172522972e+00   -2.6982028304e-01
4.4173522972e+00   -2.6850175041e-01
4.4183522972e+00   -2.5539589020e-01
4.4184522972e+00   -2.5409332452e-01
4.4194522972e+00   -2.4114912292e-01
4.4195522972e+00   -2.3986291763e-01
4.4205522972e+00   -2.2708418865e-01
4.4206522972e+00   -2.2581471312e-01
4.4216522972e+00   -2.1320503046e-01
4.4217522972e+00   -2.1195263009e-01
4.4227522972e+00   -1.9951532839e-01
4.4228522972e+00   -1.9828032473e-01
4.4238522972e+00   -1.8601850114e-01
4.4239522972e+00   -1.8480119210e-01
4.4249522972e+00   -1.7271770838e-01
4.4250522972e+00   -1.7151836846e-01
4.4260522972e+00   -1.5961585338e-01
4.4261522972e+00   -1.5843473390e-01
4.4271522972e+00   -1.4671558610e-01
4.4272522972e+00   -1.4555291550e-01
4.4282522972e+00   -1.3401930663e-01
4.4283522972e+00   -1.3287529086e-01
4.4293522972e+00   -1.2152916907e-01
4.4294522972e+00   -1.2040399190e-01
4.4304522972e+00   -1.0924708569e-01
4.4305522972e+00   -1.0814090912e-01
4.4315522972e+00   -9.7174731429e-02
4.4316522972e+00   -9.6087696122e-02
4.4326522972e+00   -8.5313548708e-02
4.4327522972e+00   -8.4245774436e-02
4.4337522972e+00   -7.3664752487e-02
4.4338522972e+00   -7.2616338605e-02
4.4348522972e+00   -6.2229335597e-02
4.4349522972e+00   -6.1200361537e-02
4.4359522972e+00   -5.1008074287e-02
4.4360522972e+00   -4.9998600076e-02
4.4370522972e+00   -4.0001533982e-02
4.4371522972e+00   -3.9011600771e-02
4.4381522972e+00   -2.9210075212e-02
4.4382522972e+00   -2.8239705827e-02
4.4392522972e+00   -1.8633859714e-02
4.4393522972e+00   -1.7683059214e-02
4.4403522972e+00   -8.2728566590e-03
4.4404522972e+00   -7.3416129120e-03
4.4414522972e+00   1.8731509965e-03
4.4415522972e+00   2.7848667335e-03
4.4425522972e+00   1.1804560064e-02
4.4426522972e+00   1.2696792554e-02
4.4436522972e+00   2.1521940604e-02
4.4437522972e+00   2.2394750034e-02
4.4447522972e+00   3.1026029342e-02
4.4448522972e+00   3.1879490724e-02
4.4458522972e+00   4.0317723053e-02
4.4459522972e+00   4.1151925619e-02
4.4469522972e+00   4.9398071923e-02
4.4470522972e+00   5.0213118521e-02
4.4480522972e+00   5.8268272899e-02
4.4481522972e+00   5.9064279391e-02
4.4491522972e+00   6.6929663059e-02
4.4492522972e+00   6.7706757717e-02
4.4502522972e+00   7.5383713003e-02
4.4503522972e+00   7.6142035912e-02
4.4513522972e+00   8.3632020285e-02
4.4514522972e+00   8.4371722746e-02
4.4524522972e+00   9.1676302899e-02
4.4525522972e+00   9.2397546842e-02
4.4535522972e+00   9.9518392833e-02
4.4536522972e+00   1.0022135024e-01
4.4546522972e+00   1.0716022970e-01
4.4547522972e+00   1.0784508201e-01
4.4557522972e+00   1.1460385445e-01
4.4558522972e+00   1.1527079201e-01
4.4568522972e+00   1.2185140319e-01
4.4569522972e+00   1.2250062472e-01
4.4579522972e+00   1.2890510114e-01
4.4580522972e+00   1.2953681312e-01
4.4590522972e+00   1.3576725660e-01
4.4690522972e+00   1.8979132996e-01
4.4691522972e+00   1.9025929094e-01
4.4701522972e+00   1.9486444498e-01
4.4801522972e+00   2.3391538423e-01
4.4802522972e+00   2.3424573651e-01
4.4812522972e+00   2.3748824175e-01
4.4912522972e+00   2.6425502382e-01
4.4913522972e+00   2.6447474494e-01
4.4923522972e+00   2.6662400712e-01
4.5023522972e+00   2.8372778852e-01
4.5024522972e+00   2.8386213844e-01
4.5034522972e+00   2.8516946556e-01
4.5134522972e+00   2.9497671157e-01
4.5135522972e+00   2.9504788238e-01
4.5145522972e+00   2.9573349036e-01
4.5245522972e+00   3.0027103300e-01
4.5246522972e+00   3.0029766010e-01
4.5256522972e+00   3.0054612132e-01
4.5356522972e+00   3.0148425945e-01
4.5357522972e+00   3.0148147146e-01
4.5367522972e+00   3.0144240861e-01
4.5467522972e+00   3.0011753404e-01
4.5468522972e+00   3.0009729196e-01
4.5478522972e+00   2.9988886172e-01
4.5578522972e+00   2.9734512058e-01
4.5734925709e+00   2.9274393222e-01
4.5735925709e+00   2.9271542653e-01
4.5745925709e+00   2.9243227744e-01
4.5845925709e+00   2.8986133754e-01
4.6002328446e+00   2.8729695578e-01
4.6158731183e+00   2.8721439126e-01
4.6159731183e+00   2.8722308388e-01
4.6169731183e+00   2.8731680179e-01
4.6269731183e+00   2.8895142697e-01
4.6426133920e+00   2.9417794749e-01
4.6582536657e+00   3.0282762477e-01
4.6738939394e+00   3.1501198973e-01
4.6739939394e+00   3.1510141875e-01
4.6749939394e+00   3.1600380600e-01
4.6849939394e+00   3.2583967968e-01
4.7006342131e+00   3.4420046481e-01
4.7162744868e+00   3.6621759515e-01
4.7163744868e+00   3.6637017155e-01
4.7173744868e+00   3.6790419373e-01
4.7273744868e+00   3.8407032640e-01
4.7430147605e+00   4.1236034431e-01
4.7586550342e+00   4.4428169046e-01
4.7587550342e+00   4.4449730016e-01
4.7597550342e+00   4.4666134722e-01
4.7697550342e+00   4.6908826191e-01
4.7853953079e+00   5.0693219648e-01
4.7854953079e+00   5.0718454049e-01
4.7864953079e+00   5.0971495909e-01
4.7964953079e+00   5.3569448133e-01
4.8121355816e+00   5.7854769938e-01
4.8122355816e+00   5.7882930579e-01
4.8132355816e+00   5.8165009663e-01
4.8232355816e+00   6.1028436111e-01
4.8388758553e+00   6.5615001046e-01
4.8389758553e+00   6.5644543488e-01
4.8399758553e+00   6.5940012153e-01
4.8499758553e+00   6.8891056862e-01
4.8656161290e+00   7.3414055958e-01
4.8657161290e+00   7.3442277898e-01
4.8667161290e+00   7.3723843287e-01
4.8767161290e+00   7.6462040145e-01
4.8923564027e+00   8.0348863410e-01
4.8924564027e+00   8.0371703812e-01
4.8934564027e+00   8.0598483811e-01
4.9034564027e+00   8.2688864061e-01
4.9190966764e+00   8.5178210187e-01
4.9191966764e+00   8.5190560076e-01
4.9201966764e+00   8.5311341861e-01
4.9301966764e+00   8.6233252692e-01
4.9458369501e+00   8.6519474621e-01
4.9614772239e+00   8.5228612214e-01
4.9615772239e+00   8.5215023245e-01
4.9625772239e+00   8.5075359734e-01
4.9725772239e+00   8.3301647446e-01
4.9882174976e+00   7.9186657068e-01
4.9883174976e+00   7.9155332971e-01
4.9893174976e+00   7.8838756080e-01
4.9993174976e+00   7.5354037567e-01
4.9994174976e+00   7.5316408994e-01
5.0004174976e+00   7.4937268643e-01
5.0104174976e+00   7.0880151064e-01
5.0105174976e+00   7.0837331481e-01
5.0115174976e+00   7.0406906115e-01
5.0215174976e+00   6.5903205448e-01
5.0216174976e+00   6.5856559199e-01
5.0226174976e+00   6.5388592067e-01
5.0326174976e+00   6.0583977486e-01
5.0327174976e+00   6.0535020288e-01
5.0337174976e+00   6.0044714247e-01
5.0437174976e+00   5.5093879526e-01
5.0438174976e+00   5.5044165344e-01
5.0448174976e+00   5.4547048888e-01
5.0548174976e+00   4.9602363326e-01
5.0549174976e+00   4.9553373152e-01
5.0559174976e+00   4.9064193176e-01
5.0659174976e+00   4.4265351834e-01
5.0660174976e+00   4.4218398748e-01
5.0670174976e+00   4.3750182379e-01
5.0770174976e+00   3.9216094279e-01
5.0771174976e+00   3.9172255135e-01
5.0781174976e+00   3.8735641506e-01
5.0881174976e+00   3.4559291423e-01
5.0882174976e+00   3.4519369893e-01
5.0892174976e+00   3.4122256319e-01
5.0992174976e+00   3.0368701067e-01
5.0993174976e+00   3.0333221166e-01
5.1003174976e+00   2.9980712397e-01
5.1103174976e+00   2.6687871874e-01
5.1104174976e+00   2.6657096753e-01
5.1114174976e+00   2.6351703537e-01
5.1214174976e+00   2.3533276160e-01
5.1215174976e+00   2.3507244557e-01
5.1225174976e+00   2.3249254738e-01
5.1325174976e+00   2.0898954770e-01
5.1481577713e+00   1.8023138968e-01
5.1482577713e+00   1.8007719886e-01
5.1492577713e+00   1.7855513607e-01
5.1592577713e+00   1.6525458311e-01
5.1748980450e+00   1.5086721840e-01
5.1749980450e+00   1.5079815761e-01
5.1759980450e+00   1.5012255364e-01
5.1859980450e+00   1.4480095764e-01
5.2016383187e+00   1.4115480247e-01
5.2172785924e+00   1.4226382333e-01
5.2173785924e+00   1.4228414612e-01
5.2183785924e+00   1.4249593174e-01
5.2283785924e+00   1.4542840861e-01
5.2440188661e+00   1.5266412341e-01
5.2596591398e+00   1.6263945201e-01
5.2752994135e+00   1.7495563385e-01
5.2909396872e+00   1.8936926758e-01
5.2910396872e+00   1.8946786830e-01
5.2920396872e+00   1.9045831498e-01
5.3020396872e+00   2.0080495593e-01
5.3176799609e+00   2.1860285182e-01
5.3333202346e+00   2.3842806550e-01
5.3489605083e+00   2.6040806397e-01
5.3646007820e+00   2.8472294383e-01
5.3647007820e+00   2.8488636920e-01
5.3657007820e+00   2.8652636661e-01
5.3757007820e+00   3.0351302461e-01
5.3913410557e+00   3.3232879673e-01
5.4069813294e+00   3.6409186242e-01
5.4070813294e+00   3.6430490714e-01
5.4080813294e+00   3.6644247983e-01
5.4180813294e+00   3.8854066675e-01
5.4337216031e+00   4.2581032476e-01
5.4338216031e+00   4.2605946444e-01
5.4348216031e+00   4.2855850910e-01
5.4448216031e+00   4.5431557145e-01
5.4604618768e+00   4.9738211696e-01
5.4605618768e+00   4.9766821708e-01
5.4615618768e+00   5.0053658128e-01
5.4715618768e+00   5.2994184094e-01
5.4872021505e+00   5.7838175333e-01
5.4873021505e+00   5.7870016855e-01
5.4883021505e+00   5.8188987644e-01
5.4983021505e+00   6.1429922797e-01
5.4984021505e+00   6.1462759244e-01
5.4994021505e+00   6.1791537462e-01
5.5094021505e+00   6.5114757310e-01
5.5095021505e+00   6.5148256282e-01
5.5105021505e+00   6.5483467735e-01
5.5205021505e+00   6.8849966119e-01
5.5206021505e+00   6.8883687012e-01
5.5216021505e+00   6.9220868313e-01
5.5316021505e+00   7.2580062807e-01
5.5317021505e+00   7.2613443364e-01
5.5327021505e+00   7.2946908686e-01
5.5427021505e+00   7.6235475738e-01
5.5428021505e+00   7.6267822317e-01
5.5438021505e+00   7.6590568626e-01
5.5538021505e+00   7.9731799192e-01
5.5539021505e+00   7.9762283590e-01
5.5549021505e+00   8.0065962990e-01
5.5649021505e+00   8.2969956242e-01
5.5650021505e+00   8.2997622507e-01
5.5660021505e+00   8.3272616300e-01
5.5760021505e+00   8.5837675929e-01
5.5916424242e+00   8.9012791246e-01
5.5917424242e+00   8.9029179977e-01
5.5927424242e+00   8.9190047848e-01
5.6027424242e+00   9.0478356788e-01
5.6183826979e+00   9.1174518344e-01
5.6184826979e+00   9.1173276119e-01
5.6194826979e+00   9.1156672881e-01
5.6294826979e+00   9.0561971634e-01
5.6451229717e+00   8.8007855263e-01
5.6452229717e+00   8.7985050579e-01
5.6462229717e+00   8.7752499182e-01
5.6562229717e+00   8.4982533993e-01
5.6718632454e+00   7.9124482951e-01
5.6719632454e+00   7.9081554762e-01
5.6729632454e+00   7.8648750159e-01
5.6829632454e+00   7.3992525239e-01
5.6830632454e+00   7.3943184667e-01
5.6840632454e+00   7.3447023874e-01
5.6940632454e+00   6.8239187229e-01
5.6941632454e+00   6.8185125501e-01
5.6951632454e+00   6.7642658916e-01
5.7051632454e+00   6.2065155413e-01
5.7052632454e+00   6.2008274320e-01
5.7062632454e+00   6.1438583962e-01
5.7162632454e+00   5.5686013661e-01
5.7163632454e+00   5.5628269752e-01
5.7173632454e+00   5.5050906534e-01
5.7273632454e+00   4.9314827617e-01
5.7274632454e+00   4.9258078179e-01
5.7284632454e+00   4.8691528714e-01
5.7384632454e+00   4.3146171285e-01
5.7385632454e+00   4.3092044002e-01
5.7395632454e+00   4.2552443699e-01
5.7495632454e+00   3.7343710294e-01
5.7496632454e+00   3.7293512086e-01
5.7506632454e+00   3.6793755455e-01
5.7606632454e+00   3.2032580109e-01
5.7607632454e+00   3.1987251687e-01
5.7617632454e+00   3.1536560559e-01
5.7717632454e+00   2.7296786676e-01
5.7718632454e+00   2.7256900526e-01
5.7728632454e+00   2.6860823556e-01
5.7828632454e+00   2.3180991336e-01
5.7829632454e+00   2.3146784375e-01
5.7839632454e+00   2.2807537688e-01
5.7939632454e+00   1.9695498585e-01
5.7940632454e+00   1.9666927491e-01
5.7950632454e+00   1.9383955988e-01
5.8050632454e+00   1.6823086269e-01
5.8051632454e+00   1.6799893423e-01
5.8061632454e+00   1.6570532533e-01
5.8161632454e+00   1.4526435558e-01
5.8318035191e+00   1.2169004157e-01
5.8319035191e+00   1.2156944005e-01
5.8329035191e+00   1.2038314925e-01
5.8429035191e+00   1.1040414620e-01
5.8585437928e+00   1.0090646019e-01
5.8586437928e+00   1.0086693872e-01
5.8596437928e+00   1.0048533949e-01
5.8696437928e+00   9.7955984398e-02
5.8852840665e+00   9.8083397079e-02
5.9009243402e+00   1.0219606517e-01
5.9010243402e+00   1.0223311291e-01
5.9020243402e+00   1.0261043860e-01
5.9120243402e+00   1.0702991609e-01
5.9276646139e+00   1.1600571469e-01
5.9433048876e+00   1.2707243824e-01
5.9589451613e+00   1.3991536405e-01
5.9745854350e+00   1.5437656080e-01
5.9746854350e+00   1.5447410278e-01
5.9756854350e+00   1.5545307413e-01
5.9856854350e+00   1.6560033001e-01
6.0013257087e+00   1.8281308603e-01
6.0169659824e+00   2.0178358007e-01
6.0326062561e+00   2.2270924623e-01
6.0482465298e+00   2.4584055141e-01
6.0483465298e+00   2.4599615124e-01
6.0493465298e+00   2.4755777459e-01
6.0593465298e+00   2.6375315306e-01
6.0749868035e+00   2.9134436236e-01
6.0906270772e+00   3.2198551513e-01
6.0907270772e+00   3.2219195900e-01
6.0917270772e+00   3.2426402384e-01
6.1017270772e+00   3.4576454222e-01
6.1173673509e+00   3.8237966195e-01
6.1174673509e+00   3.8262601308e-01
6.1184673509e+00   3.8509829627e-01
6.1284673509e+00   4.1071094562e-01
6.1441076246e+00   4.5410443609e-01
6.1442076246e+00   4.5439522578e-01
6.1452076246e+00   4.5731251429e-01
6.1552076246e+00   4.8742508001e-01
6.1708478983e+00   5.3790913637e-01
6.1709478983e+00   5.3824488037e-01
6.1719478983e+00   5.4161112994e-01
6.1819478983e+00   5.7613054432e-01
6.1820478983e+00   5.7648335318e-01
6.1830478983e+00   5.8001941881e-01
6.1930478983e+00   6.1613848038e-01
6.1931478983e+00   6.1650623326e-01
6.1941478983e+00   6.2019042225e-01
6.2041478983e+00   6.5764027269e-01
6.2042478983e+00   6.5801977133e-01
6.2052478983e+00   6.6181950967e-01
6.2152478983e+00   7.0021156942e-01
6.2153478983e+00   7.0059831709e-01
6.2163478983e+00   7.0446793526e-01
6.2263478983e+00   7.4327170896e-01
6.2264478983e+00   7.4365969110e-01
6.2274478983e+00   7.4753823715e-01
6.2374478983e+00   7.8606057034e-01
6.2375478983e+00   7.8644206216e-01
6.2385478983e+00   7.9025139971e-01
6.2485478983e+00   8.2762031841e-01
6.2486478983e+00   8.2798575605e-01
6.2496478983e+00   8.3162931944e-01
6.2596478983e+00   8.6678677519e-01
6.2597478983e+00   8.6712473916e-01
6.2607478983e+00   8.7048743795e-01
6.2707478983e+00   9.0219639712e-01
6.2708478983e+00   9.0249376646e-01
6.2718478983e+00   9.0544362815e-01
6.2818478983e+00   9.3231562847e-01
6.2819478983e+00   9.3255796763e-01
6.2829478983e+00   9.3495013722e-01
6.2929478983e+00   9.5549916616e-01
6.3085881720e+00   9.7320005773e-01
6.3086881720e+00   9.7324882213e-01
6.3096881720e+00   9.7368821619e-01
6.3196881720e+00   9.7307076921e-01
6.3353284457e+00   9.5255262045e-01
6.3354284457e+00   9.5234137528e-01
6.3364284457e+00   9.5017227714e-01
6.3464284457e+00   9.2283118061e-01
6.3465284457e+00   9.2250627465e-01
6.3475284457e+00   9.1920184813e-01
6.3575284457e+00   8.8074575595e-01
6.3576284457e+00   8.8031291142e-01
6.3586284457e+00   8.7593371532e-01
6.3686284457e+00   8.2730149003e-01
6.3687284457e+00   8.2677311976e-01
6.3697284457e+00   8.2144649842e-01
6.3797284457e+00   7.6421866549e-01
6.3798284457e+00   7.6361322869e-01
6.3808284457e+00   7.5752644791e-01
6.3908284457e+00   6.9381549405e-01
6.3909284457e+00   6.9315603994e-01
6.3919284457e+00   6.8654135874e-01
6.4019284457e+00   6.1881014637e-01
6.4020284457e+00   6.1812224506e-01
6.4030284457e+00   6.1123600277e-01
6.4130284457e+00   5.4207252624e-01
6.4131284457e+00   5.4138192708e-01
6.4141284457e+00   5.3448109489e-01
6.4241284457e+00   4.6636738177e-01
6.4242284457e+00   4.6569779176e-01
6.4252284457e+00   4.5901791469e-01
6.4352284457e+00   3.9413046737e-01
6.4353284457e+00   3.9350179163e-01
6.4363284457e+00   3.8723969087e-01
6.4463284457e+00   3.2730904058e-01
6.4464284457e+00   3.2673629568e-01
6.4474284457e+00   3.2103956115e-01
6.4574284457e+00   2.6728118775e-01
6.4575284457e+00   2.6677413620e-01
6.4585284457e+00   2.6173781386e-01
6.4685284457e+00   2.1485114881e-01
6.4686284457e+00   2.1441456113e-01
6.4696284457e+00   2.1008404132e-01
6.4796284457e+00   1.7030484459e-01
6.4797284457e+00   1.6993920759e-01
6.4807284457e+00   1.6631747422e-01
6.4907284457e+00   1.3350352595e-01
6.4908284457e+00   1.3320599025e-01
6.4918284457e+00   1.3026316277e-01
6.5018284457e+00   1.0399350538e-01
6.5019284457e+00   1.0375888873e-01
6.5029284457e+00   1.0144224298e-01
6.5129284457e+00   8.1114238907e-02
6.5130284457e+00   8.0935952206e-02
6.5140284457e+00   7.9179118022e-02
6.5240284457e+00   6.4093114667e-02
6.5396687195e+00   4.8494890343e-02
6.5397687195e+00   4.8422639184e-02
6.5407687195e+00   4.7717620157e-02
6.5507687195e+00   4.2309205004e-02
6.5664089932e+00   3.8958481042e-02
6.5665089932e+00   3.8954036423e-02
6.5675089932e+00   3.8920180652e-02
6.5775089932e+00   3.9564243932e-02
6.5931492669e+00   4.3554996502e-02
6.6087895406e+00   5.0251776407e-02
6.6088895406e+00   5.0301460305e-02
6.6098895406e+00   5.0802531039e-02
6.6198895406e+00   5.6204742085e-02
6.6355298143e+00   6.5850427300e-02
6.6511700880e+00   7.6642500935e-02
6.6668103617e+00   8.8383402027e-02
6.6824506354e+00   1.0101407052e-01
6.6825506354e+00   1.0109774510e-01
6.6835506354e+00   1.0193658965e-01
6.6935506354e+00   1.1054076932e-01
6.7091909091e+00   1.2485019171e-01
6.7248311828e+00   1.4036189483e-01
6.7404714565e+00   1.5731090460e-01
6.7561117302e+00   1.7597917974e-01
6.7562117302e+00   1.7610474587e-01
6.7572117302e+00   1.7736501183e-01
6.7672117302e+00   1.9044672441e-01
6.7828520039e+00   2.1282312007e-01
6.7984922776e+00   2.3787848235e-01
6.8141325513e+00   2.6602913201e-01
6.8142325513e+00   2.6622001937e-01
6.8152325513e+00   2.6813687014e-01
6.8252325513e+00   2.8812740519e-01
6.8408728250e+00   3.2260475763e-01
6.8409728250e+00   3.2283862092e-01
6.8419728250e+00   3.2518700564e-01
6.8519728250e+00   3.4967029278e-01
6.8676130987e+00   3.9181217048e-01
6.8677130987e+00   3.9209746939e-01
6.8687130987e+00   3.9496185547e-01
6.8787130987e+00   4.2476445365e-01
6.8943533724e+00   4.7574264122e-01
6.8944533724e+00   4.7608614294e-01
6.8954533724e+00   4.7953356066e-01
6.9054533724e+00   5.1525105050e-01
6.9055533724e+00   5.1561964732e-01
6.9065533724e+00   5.1931803165e-01
6.9165533724e+00   5.5753516777e-01
6.9166533724e+00   5.5792855406e-01
6.9176533724e+00   5.6187447174e-01
6.9276533724e+00   6.0251519145e-01
6.9277533724e+00   6.0293218452e-01
6.9287533724e+00   6.0711330439e-01
6.9387533724e+00   6.4999903419e-01
6.9388533724e+00   6.5043729467e-01
6.9398533724e+00   6.5482956750e-01
6.9498533724e+00   6.9964868763e-01
6.9499533724e+00   7.0010439346e-01
6.9509533724e+00   7.0466877101e-01
6.9609533724e+00   7.5094189395e-01
6.9610533724e+00   7.5140937802e-01
6.9620533724e+00   7.5608817550e-01
6.9720533724e+00   8.0313086785e-01
6.9721533724e+00   8.0360224156e-01
6.9731533724e+00   8.0831537562e-01
6.9831533724e+00   8.5520148871e-01
6.9832533724e+00   8.5566629181e-01
6.9842533724e+00   8.6030780632e-01
6.9942533724e+00   9.0583864272e-01
6.9943533724e+00   9.0628358244e-01
6.9953533724e+00   9.1071910540e-01
7.0053533724e+00   9.5340612281e-01
7.0054533724e+00   9.5381499112e-01
7.0064533724e+00   9.5788102325e-01
7.0164533724e+00   9.9595228603e-01
7.0165533724e+00   9.9630616712e-01
7.0175533724e+00   9.9981233292e-01
7.0275533724e+00   1.0312546996e+00
7.0276533724e+00   1.0315325909e+00
7.0286533724e+00   1.0342680851e+00
7.0386533724e+00   1.0569169591e+00
7.0387533724e+00   1.0570969142e+00
7.0397533724e+00   1.0588422112e+00
7.0497533724e+00   1.0705270619e+00
7.0653936461e+00   1.0650786410e+00
7.0654936461e+00   1.0649420238e+00
7.0664936461e+00   1.0635016901e+00
7.0764936461e+00   1.0415575918e+00
7.0765936461e+00   1.0412681055e+00
7.0775936461e+00   1.0382964912e+00
7.0875936461e+00   1.0009366970e+00
7.0876936461e+00   1.0004936036e+00
7.0886936461e+00   9.9598820707e-01
7.0986936461e+00   9.4369513005e-01
7.0987936461e+00   9.4310804455e-01
7.0997936461e+00   9.3717031427e-01
7.1097936461e+00   8.7148468950e-01
7.1098936461e+00   8.7077375683e-01
7.1108936461e+00   8.6361012703e-01
7.1208936461e+00   7.8706484462e-01
7.1209936461e+00   7.8625936267e-01
7.1219936461e+00   7.7816670707e-01
7.1319936461e+00   6.9406728528e-01
7.1320936461e+00   6.9320287716e-01
7.1330936461e+00   6.8453961242e-01
7.1430936461e+00   5.9662290070e-01
7.1431936461e+00   5.9573772057e-01
7.1441936461e+00   5.8688556781e-01
7.1442936461e+00   5.8600038307e-01
7.1452936461e+00   5.7714998472e-01
7.1453936461e+00   5.7626515479e-01
7.1463936461e+00   5.6742008597e-01
7.1464936461e+00   5.6653596641e-01
7.1474936461e+00   5.5769976195e-01
7.1475936461e+00   5.5681670411e-01
7.1485936461e+00   5.4799285532e-01
7.1486936461e+00   5.4711120604e-01
7.1496936461e+00   5.3830315761e-01
7.1497936461e+00   5.3742325893e-01
7.1507936461e+00   5.2863440590e-01
7.1508936461e+00   5.2775659475e-01
7.1518936461e+00   5.1899027967e-01
7.1519936461e+00   5.1811488758e-01
7.1529936461e+00   5.0937439772e-01
7.1530936461e+00   5.0850175056e-01
7.1540936461e+00   4.9979031526e-01
7.1541936461e+00   4.9892073298e-01
7.1551936461e+00   4.9024152116e-01
7.1552936461e+00   4.8937531755e-01
7.1562936461e+00   4.8073143525e-01
7.1563936461e+00   4.7986891770e-01
7.1573936461e+00   4.7126340588e-01
7.1574936461e+00   4.7040487515e-01
7.1584936461e+00   4.6184070753e-01
7.1585936461e+00   4.6098645755e-01
7.1595936461e+00   4.5246653859e-01
7.1695936461e+00   3.6997364741e-01
7.1696936461e+00   3.6917737827e-01
7.1706936461e+00   3.6124968340e-01
7.1806936461e+00   2.8578434815e-01
7.1807936461e+00   2.8506722954e-01
7.1817936461e+00   2.7793930457e-01
7.1917936461e+00   2.1115933709e-01
7.1918936461e+00   2.1053413429e-01
7.1928936461e+00   2.0432955279e-01
7.2028936461e+00   1.4707754447e-01
7.2029936461e+00   1.4654923956e-01
7.2039936461e+00   1.4131428342e-01
7.2139936461e+00   9.3724418734e-02
7.2140936461e+00   9.3291581780e-02
7.2150936461e+00   8.9009212641e-02
7.2250936461e+00   5.0666199939e-02
7.2251936461e+00   5.0322695611e-02
7.2261936461e+00   4.6929688635e-02
7.2361936461e+00   1.7041673032e-02
7.2362936461e+00   1.6778361543e-02
7.2372936461e+00   1.4182243151e-02
7.2472936461e+00   -8.2600434301e-03
7.2473936461e+00   -8.4538322716e-03
7.2483936461e+00   -1.0360192092e-02
7.2583936461e+00   -2.6453536531e-02
7.2584936461e+00   -2.6588859009e-02
7.2594936461e+00   -2.7915976282e-02
7.2694936461e+00   -3.8749132066e-02
7.2851339198e+00   -4.8229097298e-02
7.2852339198e+00   -4.8265448673e-02
7.2862339198e+00   -4.8614114428e-02
7.2962339198e+00   -5.0743048687e-02
7.3118741935e+00   -5.0124946631e-02
7.3119741935e+00   -5.0108891645e-02
7.3129741935e+00   -4.9941247064e-02
7.3229741935e+00   -4.7634612058e-02
7.3386144673e+00   -4.2334766265e-02
7.3542547410e+00   -3.5878136789e-02
7.3543547410e+00   -3.5834853512e-02
7.3553547410e+00   -3.5401136743e-02
7.3653547410e+00   -3.1003712566e-02
7.3809950147e+00   -2.4108002549e-02
7.3966352884e+00   -1.7458610093e-02
7.4122755621e+00   -1.1224787932e-02
7.4279158358e+00   -5.4686872819e-03
7.4435561095e+00   -1.8024160656e-04
7.4436561095e+00   -1.4782955228e-04
7.4446561095e+00   1.7536622666e-04
7.4546561095e+00   3.3190942620e-03
7.4702963832e+00   7.9557165856e-03
7.4859366569e+00   1.2338111015e-02
7.5015769306e+00   1.6575227717e-02
7.5172172043e+00   2.0781648385e-02
7.5328574780e+00   2.5075141522e-02
7.5484977517e+00   2.9576183271e-02
7.5641380254e+00   3.4408902665e-02
7.5797782991e+00   3.9703069134e-02
7.5954185728e+00   4.5596867961e-02
7.6110588465e+00   5.2240309811e-02
7.6266991202e+00   5.9799197334e-02
7.6267991202e+00   5.9850860271e-02
7.6277991202e+00   6.0369973003e-02
7.6377991202e+00   6.5820209979e-02
7.6534393939e+00   7.5388994071e-02
7.6690796676e+00   8.6439299901e-02
7.6847199413e+00   9.9239379076e-02
7.7003602151e+00   1.1409966181e-01
7.7160004888e+00   1.3138017575e-01
7.7161004888e+00   1.3149931482e-01
7.7171004888e+00   1.3269709959e-01
7.7271004888e+00   1.4533890952e-01
7.7427407625e+00   1.6776036806e-01
7.7583810362e+00   1.9389050825e-01
7.7584810362e+00   1.9407078664e-01
7.7594810362e+00   1.9588331125e-01
7.7694810362e+00   2.1501835805e-01
7.7851213099e+00   2.4895700791e-01
7.7852213099e+00   2.4919106015e-01
7.7862213099e+00   2.5154412863e-01
7.7962213099e+00   2.7637277169e-01
7.8118615836e+00   3.2033113164e-01
7.8119615836e+00   3.2063385212e-01
7.8129615836e+00   3.2367691571e-01
7.8229615836e+00   3.5574209658e-01
7.8230615836e+00   3.5607820534e-01
7.8240615836e+00   3.5945661743e-01
7.8340615836e+00   3.9502212530e-01
7.8341615836e+00   3.9539458381e-01
7.8351615836e+00   3.9913795251e-01
7.8451615836e+00   4.3849707115e-01
7.8452615836e+00   4.3890876496e-01
7.8462615836e+00   4.4304586798e-01
7.8562615836e+00   4.8647547050e-01
7.8563615836e+00   4.8692903662e-01
7.8573615836e+00   4.9148606267e-01
7.8673615836e+00   5.3922541716e-01
7.8674615836e+00   5.3972299576e-01
7.8684615836e+00   5.4472101829e-01
7.8784615836e+00   5.9694179790e-01
7.8785615836e+00   5.9748468526e-01
7.8795615836e+00   6.0293613591e-01
7.8895615836e+00   6.5970114890e-01
7.8896615836e+00   6.6028932546e-01
7.8906615836e+00   6.6619320603e-01
7.9006615836e+00   7.2740119746e-01
7.9007615836e+00   7.2803270493e-01
7.9017615836e+00   7.3436827733e-01
7.9117615836e+00   7.9968242998e-01
7.9118615836e+00   8.0035257707e-01
7.9128615836e+00   8.0707133284e-01
7.9228615836e+00   8.7583021178e-01
7.9229615836e+00   8.7653060486e-01
7.9239615836e+00   8.8354648897e-01
7.9339615836e+00   9.5465871859e-01
7.9340615836e+00   9.5537614749e-01
7.9350615836e+00   9.6255436249e-01
7.9450615836e+00   1.0343830398e+00
7.9451615836e+00   1.0350983085e+00
7.9461615836e+00   1.0422436330e+00
7.9561615836e+00   1.1124940996e+00
7.9562615836e+00   1.1131809826e+00
7.9572615836e+00   1.1200274634e+00
7.9672615836e+00   1.1856628754e+00
7.9673615836e+00   1.1862875008e+00
7.9683615836e+00   1.1924926032e+00
7.9783615836e+00   1.2497147902e+00
7.9784615836e+00   1.2502358857e+00
7.9794615836e+00   1.2553835124e+00
7.9894615836e+00   1.2997285098e+00
7.9895615836e+00   1.3000990409e+00
7.9905615836e+00   1.3037167520e+00
8.0005615836e+00   1.3303182049e+00
8.0006615836e+00   1.3304889107e+00
8.0016615836e+00   1.3320843130e+00
8.0116615836e+00   1.3361434318e+00
8.0117615836e+00   1.3360684980e+00
8.0127615836e+00   1.3351870124e+00
8.0227615836e+00   1.3126447506e+00
8.0228615836e+00   1.3122892863e+00
8.0238615836e+00   1.3085895717e+00
8.0338615836e+00   1.2569230667e+00
8.0339615836e+00   1.2562712040e+00
8.0349615836e+00   1.2496059888e+00
8.0449615836e+00   1.1685834686e+00
8.0450615836e+00   1.1676450650e+00
8.0460615836e+00   1.1581268479e+00
8.0461615836e+00   1.1571616798e+00
8.0471615836e+00   1.1473778340e+00
8.0472615836e+00   1.1463863097e+00
8.0482615836e+00   1.1363410568e+00
8.0483615836e+00   1.1353236123e+00
8.0493615836e+00   1.1250214483e+00
8.0494615836e+00   1.1239785467e+00
8.0504615836e+00   1.1134242387e+00
8.0505615836e+00   1.1123563701e+00
8.0515615836e+00   1.1015549510e+00
8.0516615836e+00   1.1004626319e+00
8.0526615836e+00   1.0894193957e+00
8.0527615836e+00   1.0883031684e+00
8.0537615836e+00   1.0770236641e+00
8.0538615836e+00   1.0758840960e+00
8.0548615836e+00   1.0643741217e+00
8.0549615836e+00   1.0632118048e+00
8.0559615836e+00   1.0514774003e+00
8.0560615836e+00   1.0502929504e+00
8.0570615836e+00   1.0383403897e+00
8.0571615836e+00   1.0371344456e+00
8.0581615836e+00   1.0249702292e+00
8.0582615836e+00   1.0237434521e+00
8.0592615836e+00   1.0113742981e+00
8.0593615836e+00   1.0101273703e+00
8.0603615836e+00   9.9756020555e-01
8.0604615836e+00   9.9629382993e-01
8.0614615836e+00   9.8353578039e-01
8.0615615836e+00   9.8225067912e-01
8.0625615836e+00   9.6930905989e-01
8.0626615836e+00   9.6800597358e-01
8.0636615836e+00   9.5488827843e-01
8.0637615836e+00   9.5356796503e-01
8.0647615836e+00   9.4028185557e-01
8.0648615836e+00   9.3894508925e-01
8.0658615836e+00   9.2549838370e-01
8.0659615836e+00   9.2414595372e-01
8.0669615836e+00   9.1054661537e-01
8.0670615836e+00   9.0917932491e-01
8.0680615836e+00   8.9543545024e-01
8.0681615836e+00   8.9405411519e-01
8.0691615836e+00   8.8017392168e-01
8.0692615836e+00   8.7877936943e-01
8.0702615836e+00   8.6477118320e-01
8.0703615836e+00   8.6336425136e-01
8.0713615836e+00   8.4923649453e-01
8.0714615836e+00   8.4781802967e-01
8.0724615836e+00   8.3357920759e-01
8.0725615836e+00   8.3215006397e-01
8.0735615836e+00   8.1780875227e-01
8.0736615836e+00   8.1636979053e-01
8.0746615836e+00   8.0193462211e-01
8.0747615836e+00   8.0048670795e-01
8.0757615836e+00   7.8596635989e-01
8.0758615836e+00   7.8451036278e-01
8.0768615836e+00   7.6991354319e-01
8.0769615836e+00   7.6845033506e-01
8.0779615836e+00   7.5378577000e-01
8.0780615836e+00   7.5231622390e-01
8.0790615836e+00   7.3759264432e-01
8.0791615836e+00   7.3611763314e-01
8.0801615836e+00   7.2134376188e-01
8.0802615836e+00   7.1986415705e-01
8.0812615836e+00   7.0504869598e-01
8.0813615836e+00   7.0356536621e-01
8.0823615836e+00   6.8871698351e-01
8.0824615836e+00   6.8723079352e-01
8.0834615836e+00   6.7235811119e-01
8.0835615836e+00   6.7086992044e-01
8.0845615836e+00   6.5598150199e-01
8.0846615836e+00   6.5449216349e-01
8.0856615836e+00   6.3959650188e-01
8.0857615836e+00   6.3810686100e-01
8.0867615836e+00   6.2321236689e-01
8.0868615836e+00   6.2172326019e-01
8.0878615836e+00   6.0683825049e-01
8.0879615836e+00   6.0535050459e-01
8.0889615836e+00   5.9048319136e-01
8.0890615836e+00   5.8899762185e-01
8.0900615836e+00   5.7415610154e-01
8.0901615836e+00   5.7267351193e-01
8.0911615836e+00   5.5786575506e-01
8.0912615836e+00   5.5638693576e-01
8.0922615836e+00   5.4162077695e-01
8.0923615836e+00   5.4014650430e-01
8.0933615836e+00   5.2542963278e-01
8.0934615836e+00   5.2396066813e-01
8.0944615836e+00   5.0930061870e-01
8.0945615836e+00   5.0783770751e-01
8.0955615836e+00   4.9324185196e-01
8.0956615836e+00   4.9178572297e-01
8.0966615836e+00   4.7726126198e-01
8.0967615836e+00   4.7581262645e-01
8.0977615836e+00   4.6136658198e-01
8.0978615836e+00   4.5992613292e-01
8.0988615836e+00   4.4556534116e-01
8.0989615836e+00   4.4413375267e-01
8.0999615836e+00   4.2986485741e-01
8.1000615836e+00   4.2844278404e-01
8.1010615836e+00   4.1427223067e-01
8.1011615836e+00   4.1286030684e-01
8.1021615836e+00   3.9879433678e-01
8.1022615836e+00   3.9739317628e-01
8.1032615836e+00   3.8343782202e-01
8.1033615836e+00   3.8204801748e-01
8.1043615836e+00   3.6820909812e-01
8.1044615836e+00   3.6683122064e-01
8.1054615836e+00   3.5311433792e-01
8.1055615836e+00   3.5174893670e-01
8.1065615836e+00   3.3815947162e-01
8.1066615836e+00   3.3680707361e-01
8.1076615836e+00   3.2335018355e-01
8.1077615836e+00   3.2201129322e-01
8.1087615836e+00   3.0869190956e-01
8.1088615836e+00   3.0736700868e-01
8.1098615836e+00   2.9418983491e-01
8.1099615836e+00   2.9287938239e-01
8.1109615836e+00   2.7984889279e-01
8.1110615836e+00   2.7855332456e-01
8.1120615836e+00   2.6567376329e-01
8.1121615836e+00   2.6439349225e-01
8.1131615836e+00   2.5166887298e-01
8.1132615836e+00   2.5040428896e-01
8.1142615836e+00   2.3783839488e-01
8.1143615836e+00   2.3658986470e-01
8.1153615836e+00   2.2418624907e-01
8.1154615836e+00   2.2295411657e-01
8.1164615836e+00   2.1071610364e-01
8.1165615836e+00   2.0950068985e-01
8.1175615836e+00   1.9743137619e-01
8.1176615836e+00   1.9623297944e-01
8.1186615836e+00   1.8433523574e-01
8.1187615836e+00   1.8315413187e-01
8.1197615836e+00   1.7143060500e-01
8.1198615836e+00   1.7026704759e-01
8.1208615836e+00   1.5872016317e-01
8.1209615836e+00   1.5757438382e-01
8.1219615836e+00   1.4620634899e-01
8.1220615836e+00   1.4507855759e-01
8.1230615836e+00   1.3389136422e-01
8.1231615836e+00   1.3278174930e-01
8.1241615836e+00   1.2177717740e-01
8.1242615836e+00   1.2068590650e-01
8.1252615836e+00   1.0986552799e-01
8.1253615836e+00   1.0879274804e-01
8.1263615836e+00   9.8157930765e-02
8.1264615836e+00   9.7103768486e-02
8.1274615836e+00   8.6655680460e-02
8.1275615836e+00   8.5620242810e-02
8.1285615836e+00   7.5359856696e-02
8.1286615836e+00   7.4343231333e-02
8.1296615836e+00   6.4271329118e-02
8.1297615836e+00   6.3273584870e-02
8.1307615836e+00   5.3390762738e-02
8.1308615836e+00   5.2411950103e-02
8.1318615836e+00   4.2718623457e-02
8.1319615836e+00   4.1758775114e-02
8.1329615836e+00   3.2255183760e-02
8.1330615836e+00   3.1314315088e-02
8.1340615836e+00   2.2000528538e-02
8.1341615836e+00   2.1078638157e-02
8.1351615836e+00   1.1954561043e-02
8.1352615836e+00   1.1051631360e-02
8.1362615836e+00   2.1170089392e-03
8.1363615836e+00   1.2330067007e-03
8.1373615836e+00   -7.5125695613e-03
8.1374615836e+00   -8.3776927064e-03
8.1384615836e+00   -1.6934779496e-02
8.1385615836e+00   -1.7781086430e-02
8.1395615836e+00   -2.6150382904e-02
8.1396615836e+00   -2.6977950473e-02
8.1406615836e+00   -3.5160292548e-02
8.1407615836e+00   -3.5969210985e-02
8.1417615836e+00   -4.3965565616e-02
8.1418615836e+00   -4.4755937974e-02
8.1428615836e+00   -5.2567397433e-02
8.1429615836e+00   -5.3339339011e-02
8.1439615836e+00   -6.0967115179e-02
8.1440615836e+00   -6.1720752951e-02
8.1450615836e+00   -6.9166171642e-02
8.1451615836e+00   -6.9901643693e-02
8.1461615836e+00   -7.7166139008e-02
8.1462615836e+00   -7.7883593972e-02
8.1472615836e+00   -8.4968702711e-02
8.1473615836e+00   -8.5668299213e-02
8.1483615836e+00   -9.2575655344e-02
8.1484615836e+00   -9.3257561454e-02
8.1494615836e+00   -9.9988890649e-02
8.1495615836e+00   -1.0065328333e-01
8.1505615836e+00   -1.0721039759e-01
8.1506615836e+00   -1.0785746218e-01
8.1516615836e+00   -1.1424225452e-01
8.1616615836e+00   -1.6986019554e-01
8.1617615836e+00   -1.7034428860e-01
8.1627615836e+00   -1.7511070865e-01
8.1727615836e+00   -2.1574702525e-01
8.1728615836e+00   -2.1609280279e-01
8.1738615836e+00   -2.1948892510e-01
8.1838615836e+00   -2.4771544930e-01
8.1839615836e+00   -2.4794896569e-01
8.1849615836e+00   -2.5023521706e-01
8.1949615836e+00   -2.6860655946e-01
8.1950615836e+00   -2.6875260312e-01
8.1960615836e+00   -2.7017576587e-01
8.2060615836e+00   -2.8102995317e-01
8.2061615836e+00   -2.8111056716e-01
8.2071615836e+00   -2.8188949417e-01
8.2171615836e+00   -2.8725065273e-01
8.2172615836e+00   -2.8728453003e-01
8.2182615836e+00   -2.8760444601e-01
8.2282615836e+00   -2.8915567432e-01
8.2283615836e+00   -2.8915811775e-01
8.2293615836e+00   -2.8917042631e-01
8.2393615836e+00   -2.8826890460e-01
8.2394615836e+00   -2.8825210276e-01
8.2404615836e+00   -2.8807725101e-01
8.2504615836e+00   -2.8579087108e-01
8.2661018573e+00   -2.8133982722e-01
8.2662018573e+00   -2.8131141141e-01
8.2672018573e+00   -2.8102860421e-01
8.2772018573e+00   -2.7840851088e-01
8.2928421310e+00   -2.7560045887e-01
8.2929421310e+00   -2.7558922941e-01
8.2939421310e+00   -2.7548224897e-01
8.3039421310e+00   -2.7497691479e-01
8.3195824047e+00   -2.7648001621e-01
8.3352226784e+00   -2.8109951631e-01
8.3353226784e+00   -2.8113962219e-01
8.3363226784e+00   -2.8154821874e-01
8.3463226784e+00   -2.8639588261e-01
8.3619629521e+00   -2.9681097078e-01
8.3776032258e+00   -3.1076156440e-01
8.3932434995e+00   -3.2831327829e-01
8.3933434995e+00   -3.2843720451e-01
8.3943434995e+00   -3.2968468785e-01
8.4043434995e+00   -3.4298422792e-01
8.4199837732e+00   -3.6681274809e-01
8.4356240469e+00   -3.9436680121e-01
8.4357240469e+00   -3.9455500848e-01
8.4367240469e+00   -3.9644549511e-01
8.4467240469e+00   -4.1619100145e-01
8.4623643206e+00   -4.5011903838e-01
8.4624643206e+00   -4.5034778964e-01
8.4634643206e+00   -4.5264347508e-01
8.4734643206e+00   -4.7640908989e-01
8.4891045943e+00   -5.1642499324e-01
8.4892045943e+00   -5.1669150446e-01
8.4902045943e+00   -5.1936377127e-01
8.5002045943e+00   -5.4677748497e-01
8.5158448680e+00   -5.9190853021e-01
8.5159448680e+00   -5.9220472635e-01
8.5169448680e+00   -5.9517137011e-01
8.5269448680e+00   -6.2525467936e-01
8.5425851417e+00   -6.7329923865e-01
8.5426851417e+00   -6.7360801612e-01
8.5436851417e+00   -6.7669570585e-01
8.5536851417e+00   -7.0747413978e-01
8.5537851417e+00   -7.0778015207e-01
8.5547851417e+00   -7.1083734987e-01
8.5647851417e+00   -7.4100851255e-01
8.5648851417e+00   -7.4130550647e-01
8.5658851417e+00   -7.4426912730e-01
8.5758851417e+00   -7.7314679467e-01
8.5915254154e+00   -8.1434829067e-01
8.5916254154e+00   -8.1459130338e-01
8.5926254154e+00   -8.1700482532e-01
8.6026254154e+00   -8.3931831940e-01
8.6182656891e+00   -8.6613796753e-01
8.6183656891e+00   -8.6627226106e-01
8.6193656891e+00   -8.6758675888e-01
8.6293656891e+00   -8.7773228542e-01
8.6450059629e+00   -8.8141414975e-01
8.6606462366e+00   -8.6836067176e-01
8.6607462366e+00   -8.6822037647e-01
8.6617462366e+00   -8.6677715707e-01
8.6717462366e+00   -8.4831798243e-01
8.6873865103e+00   -8.0510593063e-01
8.6874865103e+00   -8.0477597091e-01
8.6884865103e+00   -8.0144066012e-01
8.6984865103e+00   -7.6467398571e-01
8.6985865103e+00   -7.6427656579e-01
8.6995865103e+00   -7.6027185204e-01
8.7095865103e+00   -7.1738758696e-01
8.7096865103e+00   -7.1693477267e-01
8.7106865103e+00   -7.1238290515e-01
8.7206865103e+00   -6.6474750992e-01
8.7207865103e+00   -6.6425413662e-01
8.7217865103e+00   -6.5930456604e-01
8.7317865103e+00   -6.0850263468e-01
8.7318865103e+00   -6.0798518866e-01
8.7328865103e+00   -6.0280326587e-01
8.7428865103e+00   -5.5051572638e-01
8.7429865103e+00   -5.4999107281e-01
8.7439865103e+00   -5.4474529959e-01
8.7539865103e+00   -4.9262205316e-01
8.7540865103e+00   -4.9210619101e-01
8.7550865103e+00   -4.8695582897e-01
8.7650865103e+00   -4.3650042289e-01
8.7651865103e+00   -4.3600743250e-01
8.7661865103e+00   -4.3109210997e-01
8.7761865103e+00   -3.8357260222e-01
8.7762865103e+00   -3.8311390244e-01
8.7772865103e+00   -3.7854635819e-01
8.7872865103e+00   -3.3494050332e-01
8.7873865103e+00   -3.3452446839e-01
8.7883865103e+00   -3.3038689994e-01
8.7983865103e+00   -2.9136301089e-01
8.7984865103e+00   -2.9099493178e-01
8.7994865103e+00   -2.8733876528e-01
8.8094865103e+00   -2.5326783437e-01
8.8095865103e+00   -2.5295015990e-01
8.8105865103e+00   -2.4979857699e-01
8.8205865103e+00   -2.2078957507e-01
8.8206865103e+00   -2.2052234245e-01
8.8216865103e+00   -2.1787465499e-01
8.8316865103e+00   -1.9382363832e-01
8.8473267840e+00   -1.6461095315e-01
8.8474267840e+00   -1.6445516446e-01
8.8484267840e+00   -1.6291791517e-01
8.8584267840e+00   -1.4953694710e-01
8.8740670577e+00   -1.3522046240e-01
8.8741670577e+00   -1.3515240282e-01
8.8751670577e+00   -1.3448710126e-01
8.8851670577e+00   -1.2929203712e-01
8.9008073314e+00   -1.2588673794e-01
8.9164476051e+00   -1.2722393309e-01
8.9165476051e+00   -1.2724554959e-01
8.9175476051e+00   -1.2747011965e-01
8.9275476051e+00   -1.3051315335e-01
8.9431878788e+00   -1.3784439155e-01
8.9588281525e+00   -1.4780219574e-01
8.9744684262e+00   -1.5997692215e-01
8.9901086999e+00   -1.7412249213e-01
8.9902086999e+00   -1.7421897571e-01
8.9912086999e+00   -1.7518797285e-01
9.0012086999e+00   -1.8529263205e-01
9.0168489736e+00   -2.0261549957e-01
9.0324892473e+00   -2.2185683555e-01
9.0481295210e+00   -2.4315748799e-01
9.0637697947e+00   -2.6671501281e-01
9.0638697947e+00   -2.6687339048e-01
9.0648697947e+00   -2.6846278683e-01
9.0748697947e+00   -2.8493248070e-01
9.0905100684e+00   -3.1291412191e-01
9.1061503421e+00   -3.4384481556e-01
9.1062503421e+00   -3.4405264099e-01
9.1072503421e+00   -3.4613813436e-01
9.1172503421e+00   -3.6772999431e-01
9.1328906158e+00   -4.0429124762e-01
9.1329906158e+00   -4.0453631672e-01
9.1339906158e+00   -4.0699504270e-01
9.1439906158e+00   -4.3239256326e-01
9.1596308895e+00   -4.7510389281e-01
9.1597308895e+00   -4.7538873629e-01
9.1607308895e+00   -4.7824534393e-01
9.1707308895e+00   -5.0762135325e-01
9.1863711632e+00   -5.5640729444e-01
9.1864711632e+00   -5.5672974592e-01
9.1874711632e+00   -5.5996123038e-01
9.1974711632e+00   -5.9293956215e-01
9.1975711632e+00   -5.9327509694e-01
9.1985711632e+00   -5.9663629713e-01
9.2085711632e+00   -6.3078471600e-01
9.2086711632e+00   -6.3113063743e-01
9.2096711632e+00   -6.3459410414e-01
9.2196711632e+00   -6.6958697705e-01
9.2197711632e+00   -6.6993953272e-01
9.2207711632e+00   -6.7346717300e-01
9.2307711632e+00   -7.0886387946e-01
9.2308711632e+00   -7.0921809011e-01
9.2318711632e+00   -7.1275946115e-01
9.2418711632e+00   -7.4798817897e-01
9.2419711632e+00   -7.4833768753e-01
9.2429711632e+00   -7.5182850305e-01
9.2529711632e+00   -7.8617336485e-01
9.2530711632e+00   -7.8651033182e-01
9.2540711632e+00   -7.8987144787e-01
9.2640711632e+00   -8.2246615308e-01
9.2641711632e+00   -8.2278123304e-01
9.2651711632e+00   -8.2591846343e-01
9.2751711632e+00   -8.5575021815e-01
9.2752711632e+00   -8.5603265903e-01
9.2762711632e+00   -8.5883784051e-01
9.2862711632e+00   -8.8476601744e-01
9.3019114369e+00   -9.1577006557e-01
9.3020114369e+00   -9.1592389765e-01
9.3030114369e+00   -9.1742807182e-01
9.3130114369e+00   -9.2885635192e-01
9.3286517107e+00   -9.3195872523e-01
9.3287517107e+00   -9.3191523783e-01
9.3297517107e+00   -9.3143409811e-01
9.3397517106e+00   -9.2189786519e-01
9.3553919844e+00   -8.8927593240e-01
9.3554919844e+00   -8.8899759987e-01
9.3564919844e+00   -8.8616617744e-01
9.3664919844e+00   -8.5313917944e-01
9.3665919844e+00   -8.5276673709e-01
9.3675919844e+00   -8.4899782514e-01
9.3775919844e+00   -8.0704562950e-01
9.3776919844e+00   -8.0658886516e-01
9.3786919844e+00   -8.0198295115e-01
9.3886919844e+00   -7.5236124353e-01
9.3887919844e+00   -7.5183489996e-01
9.3897919844e+00   -7.4654163710e-01
9.3997919844e+00   -6.9094949206e-01
9.3998919844e+00   -6.9037221629e-01
9.4008919844e+00   -6.8457963600e-01
9.4108919844e+00   -6.2502624086e-01
9.4109919844e+00   -6.2441904701e-01
9.4119919844e+00   -6.1833800070e-01
9.4219919844e+00   -5.5697262940e-01
9.4220919844e+00   -5.5635710675e-01
9.4230919844e+00   -5.5020329297e-01
9.4330919844e+00   -4.8913497139e-01
9.4331919844e+00   -4.8853151837e-01
9.4341919844e+00   -4.8250790885e-01
9.4441919844e+00   -4.2364236040e-01
9.4442919844e+00   -4.2306870503e-01
9.4452919844e+00   -4.1735094675e-01
9.4552919844e+00   -3.6226694871e-01
9.4553919844e+00   -3.6173713619e-01
9.4563919844e+00   -3.5646368724e-01
9.4663919844e+00   -3.0634102775e-01
9.4664919844e+00   -3.0586494597e-01
9.4674919844e+00   -3.0113259512e-01
9.4774919844e+00   -2.5673272968e-01
9.4775919844e+00   -2.5631613701e-01
9.4785919844e+00   -2.5218050590e-01
9.4885919844e+00   -2.1387188233e-01
9.4886919844e+00   -2.1351682650e-01
9.4896919844e+00   -2.0999671498e-01
9.4996919844e+00   -1.7781139467e-01
9.4997919844e+00   -1.7751687717e-01
9.5007919844e+00   -1.7460098980e-01
9.5107919844e+00   -1.4830789166e-01
9.5108919844e+00   -1.4807063523e-01
9.5118919844e+00   -1.4572527425e-01
9.5218919844e+00   -1.2490717292e-01
9.5375322581e+00   -1.0114959140e-01
9.5376322581e+00   -1.0102903344e-01
9.5386322581e+00   -9.9843865533e-02
9.5486322581e+00   -8.9934968197e-02
9.5642725318e+00   -8.0683773893e-02
9.5643725318e+00   -8.0646102931e-02
9.5653725318e+00   -8.0283095806e-02
9.5753725318e+00   -7.7942343287e-02
9.5910128055e+00   -7.8329256464e-02
9.6066530792e+00   -8.2592325423e-02
9.6067530792e+00   -8.2629863820e-02
9.6077530792e+00   -8.3011732409e-02
9.6177530792e+00   -8.7438440157e-02
9.6333933529e+00   -9.6273573215e-02
9.6490336266e+00   -1.0699811166e-01
9.6646739003e+00   -1.1928774644e-01
9.6803141740e+00   -1.3298095406e-01
9.6804141740e+00   -1.3307289324e-01
9.6814141740e+00   -1.3399535320e-01
9.6914141740e+00   -1.4352921040e-01
9.7070544477e+00   -1.5960742706e-01
9.7226947214e+00   -1.7723208156e-01
9.7383349951e+00   -1.9660476018e-01
9.7539752688e+00   -2.1798260229e-01
9.7540752688e+00   -2.1812636656e-01
9.7550752688e+00   -2.1956920795e-01
9.7650752688e+00   -2.3453493990e-01
9.7807155425e+00   -2.6005936858e-01
9.7963558162e+00   -2.8848218215e-01
9.7964558162e+00   -2.8867403282e-01
9.7974558162e+00   -2.9059991578e-01
9.8074558162e+00   -3.1061649910e-01
9.8230960899e+00   -3.4486040244e-01
9.8231960899e+00   -3.4509153175e-01
9.8241960899e+00   -3.4741162720e-01
9.8341960899e+00   -3.7151113407e-01
9.8498363636e+00   -4.1262819201e-01
9.8499363636e+00   -4.1290503765e-01
9.8509363636e+00   -4.1568344712e-01
9.8609363636e+00   -4.4447363404e-01
9.8765766373e+00   -4.9323437583e-01
9.8766766373e+00   -4.9356089817e-01
9.8776766373e+00   -4.9683641388e-01
9.8876766373e+00   -5.3061363208e-01
9.8877766373e+00   -5.3096069754e-01
9.8887766373e+00   -5.3444134265e-01
9.8987766373e+00   -5.7022763957e-01
9.8988766373e+00   -5.7059429005e-01
9.8998766373e+00   -5.7427009663e-01
9.9098766373e+00   -6.1192362042e-01
9.9099766373e+00   -6.1230801713e-01
9.9109766373e+00   -6.1616010203e-01
9.9209766373e+00   -6.5543854778e-01
9.9210766373e+00   -6.5583773932e-01
9.9220766373e+00   -6.5983597154e-01
9.9320766373e+00   -7.0037199923e-01
9.9321766373e+00   -7.0078166584e-01
9.9331766373e+00   -7.0488209974e-01
9.9431766373e+00   -7.4615706338e-01
9.9432766373e+00   -7.4657125161e-01
9.9442766373e+00   -7.5071347478e-01
9.9542766373e+00   -7.9203145806e-01
9.9543766373e+00   -7.9244233107e-01
9.9553766373e+00   -7.9654698390e-01
9.9653766373e+00   -8.3701236929e-01
9.9654766373e+00   -8.3741001140e-01
9.9664766373e+00   -8.4137687246e-01
9.9764766373e+00   -8.7988014559e-01
9.9765766373e+00   -8.8025247521e-01
9.9775766373e+00   -8.8395966142e-01
9.9875766373e+00   -9.1917768145e-01
9.9876766373e+00   -9.1951054110e-01
9.9886766373e+00   -9.2281551556e-01
9.9986766373e+00   -9.5323368228e-01
9.9987766373e+00   -9.5351118319e-01
9.9997766373e+00   -9.5625434768e-01
1.0009776637e+01   -9.8021835497e-01
1.0009876637e+01   -9.8042354975e-01
1.0010876637e+01   -9.8243515058e-01
1.0020876637e+01   -9.9823853148e-01
1.0036516911e+01   -1.0049507996e+00
1.0036616911e+01   -1.0049152302e+00
1.0037616911e+01   -1.0045016508e+00
1.0047616911e+01   -9.9442221067e-01
1.0063257185e+01   -9.5614910221e-01
1.0063357185e+01   -9.5581505490e-01
1.0064357185e+01   -9.5241278648e-01
1.0074357185e+01   -9.1233036230e-01
1.0074457185e+01   -9.1187530275e-01
1.0075457185e+01   -9.0726752436e-01
1.0085457185e+01   -8.5572067817e-01
1.0085557185e+01   -8.5515756658e-01
1.0086557185e+01   -8.4947768608e-01
1.0096557185e+01   -7.8816627327e-01
1.0096657185e+01   -7.8751529052e-01
1.0097657185e+01   -7.8096834466e-01
1.0107657185e+01   -7.1223431556e-01
1.0107757185e+01   -7.1152123942e-01
1.0108757185e+01   -7.0436719258e-01
1.0118757185e+01   -6.3098594600e-01
1.0118857185e+01   -6.3023973368e-01
1.0119857185e+01   -6.2276900715e-01
1.0129857185e+01   -5.4768261345e-01
1.0129957185e+01   -5.4693260428e-01
1.0130957185e+01   -5.3943804397e-01
1.0140957185e+01   -4.6547734667e-01
1.0141057185e+01   -4.6475057965e-01
1.0142057185e+01   -4.5750081485e-01
1.0152057185e+01   -3.8714402267e-01
1.0152157185e+01   -3.8646310756e-01
1.0153157185e+01   -3.7968162388e-01
1.0163157185e+01   -3.1488490386e-01
1.0163257185e+01   -3.1426671776e-01
1.0164257185e+01   -3.0811926577e-01
1.0174257185e+01   -2.5023514908e-01
1.0174357185e+01   -2.4969042054e-01
1.0175357185e+01   -2.4428127727e-01
1.0185357185e+01   -1.9406055899e-01
1.0185457185e+01   -1.9359421807e-01
1.0186457185e+01   -1.8897001089e-01
1.0196457185e+01   -1.4662817055e-01
1.0196557185e+01   -1.4624023199e-01
1.0197557185e+01   -1.4239896537e-01
1.0207557185e+01   -1.0772157998e-01
1.0207657185e+01   -1.0740829821e-01
1.0208657185e+01   -1.0431097348e-01
1.0218657185e+01   -7.6773435695e-02
1.0218757185e+01   -7.6528504872e-02
1.0219757185e+01   -7.4111095145e-02
1.0229757185e+01   -5.2993505749e-02
1.0229857185e+01   -5.2809145942e-02
1.0230857185e+01   -5.0993373316e-02
1.0240857185e+01   -3.5478722414e-02
1.0256497458e+01   -1.9645045363e-02
1.0256597458e+01   -1.9572470609e-02
1.0257597458e+01   -1.8864825672e-02
1.0267597458e+01   -1.3478416799e-02
1.0283237732e+01   -1.0239950103e-02
1.0283337732e+01   -1.0236205011e-02
1.0284337732e+01   -1.0209205257e-02
1.0294337732e+01   -1.0900753795e-02
1.0309978006e+01   -1.4835721339e-02
1.0325618280e+01   -2.1241023943e-02
1.0325718280e+01   -2.1287944009e-02
1.0326718280e+01   -2.1760705308e-02
1.0336718280e+01   -2.6810387835e-02
1.0352358553e+01   -3.5634329535e-02
1.0367998827e+01   -4.5248916529e-02
1.0383639101e+01   -5.5433176753e-02
1.0399279374e+01   -6.6106722447e-02
1.0399379374e+01   -6.6176547952e-02
1.0400379374e+01   -6.6875949579e-02
1.0410379374e+01   -7.3989167140e-02
1.0426019648e+01   -8.5602325035e-02
1.0441659922e+01   -9.7946797908e-02
1.0457300195e+01   -1.1122269800e-01
1.0472940469e+01   -1.2567184244e-01
1.0488580743e+01   -1.4157272383e-01
1.0488680743e+01   -1.4167971630e-01
1.0489680743e+01   -1.4275362179e-01
1.0499680743e+01   -1.5390869893e-01
1.0515321017e+01   -1.7303619539e-01
1.0530961290e+01   -1.9454556834e-01
1.0546601564e+01   -2.1884762333e-01
1.0546701564e+01   -2.1901293517e-01
1.0547701564e+01   -2.2067336196e-01
1.0557701564e+01   -2.3803374653e-01
1.0573341838e+01   -2.6817067624e-01
1.0588982111e+01   -3.0239943957e-01
1.0589082111e+01   -3.0263259344e-01
1.0590082111e+01   -3.0497456061e-01
1.0600082111e+01   -3.2946591933e-01
1.0615722385e+01   -3.7192896545e-01
1.0615822385e+01   -3.7221772014e-01
1.0616822385e+01   -3.7511774052e-01
1.0626822385e+01   -4.0539141290e-01
1.0642462659e+01   -4.5759281489e-01
1.0642562659e+01   -4.5794632946e-01
1.0643562659e+01   -4.6149554698e-01
1.0653562659e+01   -4.9840812315e-01
1.0653662659e+01   -4.9879039093e-01
1.0654662659e+01   -5.0262746375e-01
1.0664662659e+01   -5.4244040480e-01
1.0664762659e+01   -5.4285177082e-01
1.0665762659e+01   -5.4697980251e-01
1.0675762659e+01   -5.8968513560e-01
1.0675862659e+01   -5.9012511975e-01
1.0676862659e+01   -5.9453882424e-01
1.0686862659e+01   -6.4002979664e-01
1.0686962659e+01   -6.4049678440e-01
1.0687962659e+01   -6.4517936110e-01
1.0697962659e+01   -6.9321590647e-01
1.0698062659e+01   -6.9370677332e-01
1.0699062659e+01   -6.9862611792e-01
1.0709062659e+01   -7.4879378138e-01
1.0709162659e+01   -7.4930345413e-01
1.0710162659e+01   -7.5440774418e-01
1.0720162659e+01   -8.0607104821e-01
1.0720262659e+01   -8.0659201967e-01
1.0721262659e+01   -8.1180484512e-01
1.0731262659e+01   -8.6405773334e-01
1.0731362659e+01   -8.6457956629e-01
1.0732362659e+01   -8.6979497873e-01
1.0742362659e+01   -9.2141341707e-01
1.0742462659e+01   -9.2192230211e-01
1.0743462659e+01   -9.2700044273e-01
1.0753462659e+01   -9.7640551028e-01
1.0753562659e+01   -9.7688397755e-01
1.0754562659e+01   -9.8164830426e-01
1.0764562659e+01   -1.0268919052e+00
1.0764662659e+01   -1.0273188289e+00
1.0765662659e+01   -1.0315563492e+00
1.0775662659e+01   -1.0703452595e+00
1.0775762659e+01   -1.0706963249e+00
1.0776762659e+01   -1.0741625437e+00
1.0786762659e+01   -1.1039384041e+00
1.0786862659e+01   -1.1041872126e+00
1.0787862659e+01   -1.1066175379e+00
1.0797862659e+01   -1.1247084310e+00
1.0797962659e+01   -1.1248283728e+00
1.0798962659e+01   -1.1259572421e+00
1.0808962659e+01   -1.1298081511e+00
1.0824602933e+01   -1.1059191747e+00
1.0824702933e+01   -1.1056410711e+00
1.0825702933e+01   -1.1027702658e+00
1.0835702933e+01   -1.0650576875e+00
1.0835802933e+01   -1.0645981209e+00
1.0836802933e+01   -1.0599135189e+00
1.0846802933e+01   -1.0043659508e+00
1.0846902933e+01   -1.0037328719e+00
1.0847902933e+01   -9.9732068091e-01
1.0857902933e+01   -9.2547513423e-01
1.0858002933e+01   -9.2469007437e-01
1.0859002933e+01   -9.1677217969e-01
1.0869002933e+01   -8.3147349726e-01
1.0869102933e+01   -8.3057028159e-01
1.0870102933e+01   -8.2149029203e-01
1.0870202933e+01   -8.2057758742e-01
1.0871202933e+01   -8.1140485321e-01
1.0871302933e+01   -8.1048308972e-01
1.0872302933e+01   -8.0122194087e-01
1.0872402933e+01   -8.0029155434e-01
1.0873402933e+01   -7.9094637631e-01
1.0873502933e+01   -7.9000780789e-01
1.0874502933e+01   -7.8058303646e-01
1.0874602933e+01   -7.7963673207e-01
1.0875602933e+01   -7.7013684814e-01
1.0875702933e+01   -7.6918325795e-01
1.0876702933e+01   -7.5961278231e-01
1.0876802933e+01   -7.5865236021e-01
1.0877802933e+01   -7.4901584820e-01
1.0877902933e+01   -7.4804905126e-01
1.0878902933e+01   -7.3835108743e-01
1.0879002933e+01   -7.3737837539e-01
1.0880002933e+01   -7.2762356812e-01
1.0880102933e+01   -7.2664540283e-01
1.0881102933e+01   -7.1683837895e-01
1.0881202933e+01   -7.1585522383e-01
1.0882202933e+01   -7.0600062323e-01
1.0882302933e+01   -7.0501294274e-01
1.0883302933e+01   -6.9511541300e-01
1.0883402933e+01   -6.9412367209e-01
1.0884402933e+01   -6.8418786309e-01
1.0884502933e+01   -6.8319252669e-01
1.0885502933e+01   -6.7322308530e-01
1.0885602933e+01   -6.7222461777e-01
1.0886602933e+01   -6.6222618257e-01
1.0886702933e+01   -6.6122504716e-01
1.0887702933e+01   -6.5120224321e-01
1.0887802933e+01   -6.5019890158e-01
1.0888802933e+01   -6.4015633524e-01
1.0888902933e+01   -6.3915124692e-01
1.0889902933e+01   -6.2909350078e-01
1.0890002933e+01   -6.2808712267e-01
1.0891002933e+01   -6.1801875053e-01
1.0891102933e+01   -6.1701153640e-01
1.0892102933e+01   -6.0693705839e-01
1.0892202933e+01   -6.0592945841e-01
1.0893202933e+01   -5.9585335618e-01
1.0893302933e+01   -5.9484581642e-01
1.0894302933e+01   -5.8477252843e-01
1.0894402933e+01   -5.8376549043e-01
1.0895402933e+01   -5.7369940742e-01
1.0895502933e+01   -5.7269330771e-01
1.0896502933e+01   -5.6263876827e-01
1.0896602933e+01   -5.6163403796e-01
1.0897602933e+01   -5.5159532421e-01
1.0897702933e+01   -5.5059238854e-01
1.0898702933e+01   -5.4057372201e-01
1.0898802933e+01   -5.3957299997e-01
1.0899802933e+01   -5.2957853760e-01
1.0899902933e+01   -5.2858044152e-01
1.0900902933e+01   -5.1861427184e-01
1.0901002933e+01   -5.1761920702e-01
1.0902002933e+01   -5.0768534646e-01
1.0902102933e+01   -5.0669371082e-01
1.0903102933e+01   -4.9679610022e-01
1.0903202933e+01   -4.9580828396e-01
1.0904202933e+01   -4.8595078525e-01
1.0904302933e+01   -4.8496717050e-01
1.0905302933e+01   -4.7515356357e-01
1.0905402933e+01   -4.7417452411e-01
1.0906402933e+01   -4.6440850382e-01
1.0906502933e+01   -4.6343440480e-01
1.0907502933e+01   -4.5371957820e-01
1.0907602933e+01   -4.5275077585e-01
1.0908602933e+01   -4.4309065962e-01
1.0908702933e+01   -4.4212750099e-01
1.0909702933e+01   -4.3252551902e-01
1.0909802933e+01   -4.3156834179e-01
1.0910802933e+01   -4.2202782293e-01
1.0910902933e+01   -4.2107695516e-01
1.0911902933e+01   -4.1160113126e-01
1.0912002933e+01   -4.1065689121e-01
1.0913002933e+01   -4.0124889523e-01
1.0913102933e+01   -4.0031159121e-01
1.0914102933e+01   -3.9097445559e-01
1.0914202933e+01   -3.9004438576e-01
1.0915202933e+01   -3.8078104099e-01
1.0915302933e+01   -3.7985849326e-01
1.0916302933e+01   -3.7067176657e-01
1.0916402933e+01   -3.6975701847e-01
1.0917402933e+01   -3.6064963279e-01
1.0917502933e+01   -3.5974295135e-01
1.0918502933e+01   -3.5071752436e-01
1.0918602933e+01   -3.4981916607e-01
1.0919602933e+01   -3.4087820953e-01
1.0919702933e+01   -3.3998842025e-01
1.0920702933e+01   -3.3113433943e-01
1.0920802933e+01   -3.3025335434e-01
1.0921802933e+01   -3.2148844765e-01
1.0921902933e+01   -3.2061649124e-01
1.0922902933e+01   -3.1194295003e-01
1.0923002933e+01   -3.1108023609e-01
1.0924002933e+01   -3.0250014463e-01
1.0924102933e+01   -3.0164687623e-01
1.0925102933e+01   -2.9316221184e-01
1.0925202933e+01   -2.9231858137e-01
1.0926202933e+01   -2.8393121468e-01
1.0926302933e+01   -2.8309740389e-01
1.0927302933e+01   -2.7480909929e-01
1.0927402933e+01   -2.7398527932e-01
1.0928402933e+01   -2.6579769555e-01
1.0928502933e+01   -2.6498402702e-01
1.0929502933e+01   -2.5689871788e-01
1.0939502933e+01   -1.8138871513e-01
1.0939602933e+01   -1.8068417130e-01
1.0940602933e+01   -1.7369498356e-01
1.0950602933e+01   -1.0947584452e-01
1.0950702933e+01   -1.0888585992e-01
1.0951702933e+01   -1.0304265482e-01
1.0961702933e+01   -5.0199164823e-02
1.0961802933e+01   -4.9721122540e-02
1.0962802933e+01   -4.4994337061e-02
1.0972802933e+01   -2.9304491686e-03
1.0972902933e+01   -2.5559863309e-03
1.0973902933e+01   1.1402428101e-03
1.0983902933e+01   3.3470464935e-02
1.0984002933e+01   3.3753209220e-02
1.0985002933e+01   3.6538688586e-02
1.0995002933e+01   6.0423747934e-02
1.0995102933e+01   6.0628238448e-02
1.0996102933e+01   6.2637996402e-02
1.1006102933e+01   7.9445023870e-02
1.1006202933e+01   7.9584910405e-02
1.1007202933e+01   8.0955250647e-02
1.1017202933e+01   9.2014244961e-02
1.1017302933e+01   9.2102414789e-02
1.1018302933e+01   9.2961658804e-02
1.1028302933e+01   9.9493263733e-02
1.1043943206e+01   1.0367217174e-01
1.1044043206e+01   1.0368026229e-01
1.1045043206e+01   1.0375021208e-01
1.1055043206e+01   1.0347551823e-01
1.1070683480e+01   1.0043131549e-01
1.1070783480e+01   1.0040469585e-01
1.1071783480e+01   1.0013472128e-01
1.1081783480e+01   9.7126901857e-02
1.1097423754e+01   9.1823057169e-02
1.1113064027e+01   8.6553859871e-02
1.1113164027e+01   8.6521698462e-02
1.1114164027e+01   8.6201568881e-02
1.1124164027e+01   8.3171247568e-02
1.1139804301e+01   7.9215586468e-02
1.1155444575e+01   7.6430866881e-02
1.1171084848e+01   7.4961482541e-02
1.1186725122e+01   7.4882594975e-02
1.1202365396e+01   7.6232940792e-02
1.1202465396e+01   7.6246229883e-02
1.1203465396e+01   7.6382393747e-02
1.1213465396e+01   7.8072738571e-02
1.1229105670e+01   8.1929566015e-02
1.1244745943e+01   8.7304829795e-02
1.1260386217e+01   9.4264634411e-02
1.1276026491e+01   1.0290632771e-01
1.1291666764e+01   1.1336425741e-01
1.1307307038e+01   1.2581463259e-01
1.1322947312e+01   1.4047995968e-01
1.1323047312e+01   1.4058141151e-01
1.1324047312e+01   1.4160153090e-01
1.1334047312e+01   1.5237933833e-01
1.1349687586e+01   1.7149394154e-01
1.1365327859e+01   1.9369223979e-01
1.1380968133e+01   2.1940380048e-01
1.1381068133e+01   2.1958052208e-01
1.1382068133e+01   2.2135676177e-01
1.1392068133e+01   2.4004999004e-01
1.1407708407e+01   2.7294098788e-01
1.1407808407e+01   2.7316665956e-01
1.1408808407e+01   2.7543460796e-01
1.1418808407e+01   2.9927059134e-01
1.1434448680e+01   3.4106553917e-01
1.1434548680e+01   3.4135163814e-01
1.1435548680e+01   3.4422634476e-01
1.1445548680e+01   3.7437997592e-01
1.1461188954e+01   4.2696672956e-01
1.1461288954e+01   4.2732533573e-01
1.1462288954e+01   4.3092749902e-01
1.1472288954e+01   4.6858682914e-01
1.1472388954e+01   4.6897869700e-01
1.1473388954e+01   4.7291424982e-01
1.1483388954e+01   5.1397679580e-01
1.1483488954e+01   5.1440325028e-01
1.1484488954e+01   5.1868517221e-01
1.1494488954e+01   5.6324938277e-01
1.1494588954e+01   5.6371107727e-01
1.1495588954e+01   5.6834549119e-01
1.1505588954e+01   6.1642572905e-01
1.1505688954e+01   6.1692232073e-01
1.1506688954e+01   6.2190520312e-01
1.1516688954e+01   6.7339442306e-01
1.1516788954e+01   6.7392415723e-01
1.1517788954e+01   6.7923713417e-01
1.1527788954e+01   7.3385994124e-01
1.1527888954e+01   7.3441913621e-01
1.1528888954e+01   7.4002428214e-01
1.1538888954e+01   7.9728000141e-01
1.1538988954e+01   7.9786243554e-01
1.1539988954e+01   8.0369609845e-01
1.1549988954e+01   8.6279297269e-01
1.1550088954e+01   8.6338919436e-01
1.1551088954e+01   8.6935506841e-01
1.1561088954e+01   9.2913925411e-01
1.1561188954e+01   9.2973586703e-01
1.1562188954e+01   9.3569785395e-01
1.1572188954e+01   9.9458480825e-01
1.1572288954e+01   9.9516383004e-01
1.1573288954e+01   1.0009396982e+00
1.1583288954e+01   1.0568609280e+00
1.1583388954e+01   1.0573993802e+00
1.1584388954e+01   1.0627568324e+00
1.1594388954e+01   1.1131413792e+00
1.1594488954e+01   1.1136113318e+00
1.1595488954e+01   1.1182687470e+00
1.1605488954e+01   1.1600848039e+00
1.1605588954e+01   1.1604541497e+00
1.1606588954e+01   1.1640887611e+00
1.1616588954e+01   1.1939736824e+00
1.1616688954e+01   1.1942079177e+00
1.1617688954e+01   1.1964741832e+00
1.1627688954e+01   1.2109766493e+00
1.1627788954e+01   1.2110418465e+00
1.1628788954e+01   1.2116017775e+00
1.1638788954e+01   1.2075434273e+00
1.1638888954e+01   1.2074103543e+00
1.1639888954e+01   1.2059752011e+00
1.1649888954e+01   1.1809081351e+00
1.1649988954e+01   1.1805571052e+00
1.1650988954e+01   1.1769360331e+00
1.1660988954e+01   1.1296307332e+00
1.1661088954e+01   1.1290563329e+00
1.1662088954e+01   1.1232033411e+00
1.1672088954e+01   1.0540613916e+00
1.1672188954e+01   1.0532758955e+00
1.1673188954e+01   1.0453229822e+00
1.1683188954e+01   9.5659106293e-01
1.1683288954e+01   9.5562533398e-01
1.1684288954e+01   9.4588999610e-01
1.1684388954e+01   9.4490874365e-01
1.1685388954e+01   9.3502056182e-01
1.1685488954e+01   9.3402426649e-01
1.1686488954e+01   9.2398811215e-01
1.1686588954e+01   9.2297726751e-01
1.1687588954e+01   9.1279813876e-01
1.1687688954e+01   9.1177325074e-01
1.1688688954e+01   9.0145626618e-01
1.1688788954e+01   9.0041785245e-01
1.1689788954e+01   8.8996824489e-01
1.1689888954e+01   8.8891683421e-01
1.1690888954e+01   8.7833994405e-01
1.1690988954e+01   8.7727607563e-01
1.1691988954e+01   8.6657734413e-01
1.1692088954e+01   8.6550156690e-01
1.1693088954e+01   8.5468652924e-01
1.1693188954e+01   8.5359940117e-01
1.1694188954e+01   8.4267367930e-01
1.1694288954e+01   8.4157576668e-01
1.1695288954e+01   8.3054506204e-01
1.1695388954e+01   8.2943693873e-01
1.1696388954e+01   8.1830702484e-01
1.1696488954e+01   8.1718927153e-01
1.1697488954e+01   8.0596598643e-01
1.1697588954e+01   8.0483918991e-01
1.1698588954e+01   7.9352842854e-01
1.1698688954e+01   7.9239318087e-01
1.1699688954e+01   7.8100088734e-01
1.1699788954e+01   7.7985778514e-01
1.1700788954e+01   7.6838994492e-01
1.1700888954e+01   7.6723958853e-01
1.1701888954e+01   7.5570222068e-01
1.1701988954e+01   7.5454521341e-01
1.1702988954e+01   7.4294436264e-01
1.1703088954e+01   7.4178130999e-01
1.1704088954e+01   7.3012303887e-01
1.1704188954e+01   7.2895454772e-01
1.1705188954e+01   7.1724492878e-01
1.1705288954e+01   7.1607160661e-01
1.1706288954e+01   7.0431671455e-01
1.1706388954e+01   7.0313916867e-01
1.1707388954e+01   6.9134507260e-01
1.1707488954e+01   6.9016390939e-01
1.1708488954e+01   6.7833666509e-01
1.1708588954e+01   6.7715248919e-01
1.1709588954e+01   6.6529813156e-01
1.1709688954e+01   6.6411154516e-01
1.1710688954e+01   6.5223608065e-01
1.1710788954e+01   6.5104768272e-01
1.1711788954e+01   6.3915708199e-01
1.1711888954e+01   6.3796746756e-01
1.1712888954e+01   6.2606765821e-01
1.1712988954e+01   6.2487741765e-01
1.1713988954e+01   6.1297427716e-01
1.1714088954e+01   6.1178399546e-01
1.1715088954e+01   5.9988334422e-01
1.1715188954e+01   5.9869360035e-01
1.1716188954e+01   5.8680119496e-01
1.1716288954e+01   5.8561256116e-01
1.1717288954e+01   5.7373408787e-01
1.1717388954e+01   5.7254712902e-01
1.1718388954e+01   5.6068819741e-01
1.1718488954e+01   5.5950347043e-01
1.1719488954e+01   5.4766960729e-01
1.1719588954e+01   5.4648766052e-01
1.1720588954e+01   5.3468430397e-01
1.1720688954e+01   5.3350567660e-01
1.1721688954e+01   5.2173817049e-01
1.1721788954e+01   5.2056339200e-01
1.1722788954e+01   5.0883698049e-01
1.1722888954e+01   5.0766657013e-01
1.1723888954e+01   4.9598639262e-01
1.1723988954e+01   4.9482085893e-01
1.1724988954e+01   4.8319194517e-01
1.1725088954e+01   4.8203178548e-01
1.1726088954e+01   4.7045905102e-01
1.1726188954e+01   4.6930475103e-01
1.1727188954e+01   4.5779299292e-01
1.1727288954e+01   4.5664502628e-01
1.1728288954e+01   4.4519891908e-01
1.1728388954e+01   4.4405774699e-01
1.1729388954e+01   4.3268183904e-01
1.1729488954e+01   4.3154790989e-01
1.1730488954e+01   4.2024661990e-01
1.1730588954e+01   4.1912036898e-01
1.1731588954e+01   4.0789798286e-01
1.1731688954e+01   4.0677983202e-01
1.1732688954e+01   3.9564050010e-01
1.1732788954e+01   3.9453085751e-01
1.1733788954e+01   3.8347859194e-01
1.1733888954e+01   3.8237785182e-01
1.1734888954e+01   3.7141652436e-01
1.1734988954e+01   3.7032506679e-01
1.1735988954e+01   3.5945840682e-01
1.1736088954e+01   3.5837659758e-01
1.1737088954e+01   3.4760819043e-01
1.1737188954e+01   3.4653638079e-01
1.1738188954e+01   3.3586966640e-01
1.1738288954e+01   3.3480819304e-01
1.1739288954e+01   3.2424646476e-01
1.1739388954e+01   3.2319564966e-01
1.1740388954e+01   3.1274205351e-01
1.1740488954e+01   3.1170220389e-01
1.1741488954e+01   3.0135973792e-01
1.1741588954e+01   3.0033114617e-01
1.1742588954e+01   2.9010266023e-01
1.1742688954e+01   2.8908560392e-01
1.1743688954e+01   2.7897379956e-01
1.1743788954e+01   2.7796854143e-01
1.1744788954e+01   2.6797597215e-01
1.1744888954e+01   2.6698276016e-01
1.1745888954e+01   2.5711183180e-01
1.1745988954e+01   2.5613089919e-01
1.1746988954e+01   2.4638387068e-01
1.1747088954e+01   2.4541543600e-01
1.1748088954e+01   2.3579442022e-01
1.1748188954e+01   2.3483868751e-01
1.1749188954e+01   2.2534565242e-01
1.1749288954e+01   2.2440281127e-01
1.1750288954e+01   2.1503958124e-01
1.1750388954e+01   2.1410980696e-01
1.1751388954e+01   2.0487806430e-01
1.1751488954e+01   2.0396151808e-01
1.1752488954e+01   1.9486280474e-01
1.1752588954e+01   1.9395963381e-01
1.1753588954e+01   1.8499535329e-01
1.1753688954e+01   1.8410569115e-01
1.1754688954e+01   1.7527711051e-01
1.1754788954e+01   1.7440107712e-01
1.1755788954e+01   1.6570932926e-01
1.1755888954e+01   1.6484703127e-01
1.1756888954e+01   1.5629311721e-01
1.1756988954e+01   1.5544464822e-01
1.1757988954e+01   1.4702943965e-01
1.1758088954e+01   1.4619488046e-01
1.1759088954e+01   1.3791912233e-01
1.1759188954e+01   1.3709854119e-01
1.1760188954e+01   1.2896285449e-01
1.1760288954e+01   1.2815630738e-01
1.1761288954e+01   1.2016119193e-01
1.1761388954e+01   1.1936872288e-01
1.1762388954e+01   1.1151456030e-01
1.1762488954e+01   1.1073620167e-01
1.1763488954e+01   1.0302325839e-01
1.1763588954e+01   1.0225903116e-01
1.1764588954e+01   9.4687461532e-02
1.1764688954e+01   9.3937375652e-02
1.1765688954e+01   8.6507225114e-02
1.1775688954e+01   1.9229407768e-02
1.1775788954e+01   1.8620326521e-02
1.1776788954e+01   1.2597634727e-02
1.1786788954e+01   -4.0999376217e-02
1.1786888954e+01   -4.1476372095e-02
1.1787888954e+01   -4.6184406875e-02
1.1797888954e+01   -8.7334445349e-02
1.1797988954e+01   -8.7694013149e-02
1.1798988954e+01   -9.1235980370e-02
1.1808988954e+01   -1.2158076725e-01
1.1809088954e+01   -1.2184036211e-01
1.1810088954e+01   -1.2439154938e-01
1.1820088954e+01   -1.4572420031e-01
1.1820188954e+01   -1.4590184563e-01
1.1821188954e+01   -1.4764231899e-01
1.1831188954e+01   -1.6172538464e-01
1.1831288954e+01   -1.6183818539e-01
1.1832288954e+01   -1.6293826951e-01
1.1842288954e+01   -1.7139104638e-01
1.1842388954e+01   -1.7145433829e-01
1.1843388954e+01   -1.7206638294e-01
1.1853388954e+01   -1.7630728626e-01
1.1853488954e+01   -1.7633426131e-01
1.1854488954e+01   -1.7658908948e-01
1.1864488954e+01   -1.7781691213e-01
1.1880129228e+01   -1.7624983196e-01
1.1880229228e+01   -1.7623052322e-01
1.1881229228e+01   -1.7603267607e-01
1.1891229228e+01   -1.7367711442e-01
1.1906869501e+01   -1.6936190324e-01
1.1906969501e+01   -1.6933423777e-01
1.1907969501e+01   -1.6905845092e-01
1.1917969501e+01   -1.6643861075e-01
1.1933609775e+01   -1.6322126323e-01
1.1949250049e+01   -1.6161397116e-01
1.1949350049e+01   -1.6160984355e-01
1.1950350049e+01   -1.6157314634e-01
1.1960350049e+01   -1.6167936211e-01
1.1975990323e+01   -1.6368178370e-01
1.1991630596e+01   -1.6808463869e-01
1.2007270870e+01   -1.7502360931e-01
1.2022911144e+01   -1.8461574788e-01
1.2023011144e+01   -1.8468586991e-01
1.2024011144e+01   -1.8539333653e-01
1.2034011144e+01   -1.9309993781e-01
1.2049651417e+01   -2.0752707179e-01
1.2065291691e+01   -2.2500358842e-01
1.2080931965e+01   -2.4574011218e-01
1.2081031965e+01   -2.4588370610e-01
1.2082031965e+01   -2.4732755133e-01
1.2092031965e+01   -2.6257158214e-01
1.2107672239e+01   -2.8948904915e-01
1.2123312512e+01   -3.2043951691e-01
1.2123412512e+01   -3.2065110533e-01
1.2124412512e+01   -3.2277683927e-01
1.2134412512e+01   -3.4503757213e-01
1.2150052786e+01   -3.8367076904e-01
1.2150152786e+01   -3.8393334515e-01
1.2151152786e+01   -3.8657023589e-01
1.2161152786e+01   -4.1406744885e-01
1.2176793060e+01   -4.6130289231e-01
1.2176893060e+01   -4.6162185358e-01
1.2177893060e+01   -4.6482342115e-01
1.2187893060e+01   -4.9803762441e-01
1.2187993060e+01   -4.9838077975e-01
1.2188993060e+01   -5.0182431275e-01
1.2198993060e+01   -5.3745122517e-01
1.2199093060e+01   -5.3781834990e-01
1.2200093060e+01   -5.4150129360e-01
1.2210093060e+01   -5.7948111930e-01
1.2210193060e+01   -5.7987126771e-01
1.2211193060e+01   -5.8378374811e-01
1.2221193060e+01   -6.2397191359e-01
1.2221293060e+01   -6.2438317946e-01
1.2222293060e+01   -6.2850558772e-01
1.2232293060e+01   -6.7064653579e-01
1.2232393060e+01   -6.7107577192e-01
1.2233393060e+01   -6.7537594069e-01
1.2243393060e+01   -7.1907310435e-01
1.2243493060e+01   -7.1951560752e-01
1.2244493060e+01   -7.2394564611e-01
1.2254493060e+01   -7.6862871521e-01
1.2254593060e+01   -7.6907789220e-01
1.2255593060e+01   -7.7357084417e-01
1.2265593060e+01   -8.1846260338e-01
1.2265693060e+01   -8.1890964752e-01
1.2266693060e+01   -8.2337627225e-01
1.2276693060e+01   -8.6746288821e-01
1.2276793060e+01   -8.6789651376e-01
1.2277793060e+01   -8.7222267488e-01
1.2287793060e+01   -9.1423329585e-01
1.2287893060e+01   -9.1463959859e-01
1.2288893060e+01   -9.1868495443e-01
1.2298893060e+01   -9.5708863015e-01
1.2298993060e+01   -9.5745116351e-01
1.2299993060e+01   -9.6105006207e-01
1.2309993060e+01   -9.9407978990e-01
1.2310093060e+01   -9.9437996018e-01
1.2311093060e+01   -9.9734557699e-01
1.2321093060e+01   -1.0230598796e+00
1.2321193060e+01   -1.0232777610e+00
1.2322193060e+01   -1.0254104791e+00
1.2332193060e+01   -1.0418011559e+00
1.2347833333e+01   -1.0467656501e+00
1.2347933333e+01   -1.0467071679e+00
1.2348933333e+01   -1.0460558128e+00
1.2358933333e+01   -1.0327162062e+00
1.2374573607e+01   -9.8610486740e-01
1.2374673607e+01   -9.8570525784e-01
1.2375673607e+01   -9.8163928257e-01
1.2385673607e+01   -9.3416088995e-01
1.2385773607e+01   -9.3362542420e-01
1.2386773607e+01   -9.2820720641e-01
1.2396773607e+01   -8.6799461206e-01
1.2396873607e+01   -8.6734044151e-01
1.2397873607e+01   -8.6074605174e-01
1.2407873607e+01   -7.8999234539e-01
1.2407973607e+01   -7.8924510581e-01
1.2408973607e+01   -7.8173458990e-01
1.2418973607e+01   -7.0336525942e-01
1.2419073607e+01   -7.0255674995e-01
1.2420073607e+01   -6.9445035171e-01
1.2430073607e+01   -6.1183628286e-01
1.2430173607e+01   -6.1100122275e-01
1.2431173607e+01   -6.0264664112e-01
1.2441173607e+01   -5.1925643844e-01
1.2441273607e+01   -5.1842890669e-01
1.2442273607e+01   -5.1016571355e-01
1.2452273607e+01   -4.2922295239e-01
1.2452373607e+01   -4.2843317547e-01
1.2453373607e+01   -4.2056102373e-01
1.2463373607e+01   -3.4476723399e-01
1.2463473607e+01   -3.4403925290e-01
1.2464473607e+01   -3.3679507729e-01
1.2474473607e+01   -2.6815783035e-01
1.2474573607e+01   -2.6750831264e-01
1.2475573607e+01   -2.6105503293e-01
1.2485573607e+01   -2.0083160539e-01
1.2485673607e+01   -2.0026977753e-01
1.2486673607e+01   -1.9469612624e-01
1.2496673607e+01   -1.4343735417e-01
1.2496773607e+01   -1.4296580984e-01
1.2497773607e+01   -1.3829476126e-01
1.2507773607e+01   -9.5957950997e-02
1.2507873607e+01   -9.5573988364e-02
1.2508873607e+01   -9.1776299512e-02
1.2518873607e+01   -5.7872074832e-02
1.2518973607e+01   -5.7569223559e-02
1.2519973607e+01   -5.4578721498e-02
1.2529973607e+01   -2.8321741439e-02
1.2530073607e+01   -2.8091218645e-02
1.2531073607e+01   -2.5819274769e-02
1.2541073607e+01   -6.2623166301e-03
1.2541173607e+01   -6.0942539553e-03
1.2542173607e+01   -4.4419175950e-03
1.2552173607e+01   9.4171792270e-03
1.2552273607e+01   9.5328019312e-03
1.2553273607e+01   1.0665615586e-02
1.2563273607e+01   1.9806677292e-02
1.2578913881e+01   2.7397615223e-02
1.2579013881e+01   2.7424290794e-02
1.2580013881e+01   2.7677632953e-02
1.2590013881e+01   2.8981788320e-02
1.2605654154e+01   2.7422209237e-02
1.2605754154e+01   2.7401091290e-02
1.2606754154e+01   2.7183317872e-02
1.2616754154e+01   2.4415559310e-02
1.2632394428e+01   1.8463830424e-02
1.2648034702e+01   1.1319635501e-02
1.2648134702e+01   1.1271600096e-02
1.2649134702e+01   1.0790036441e-02
1.2659134702e+01   5.8770874218e-03
1.2674774976e+01   -1.9951017507e-03
1.2690415249e+01   -9.8848170045e-03
1.2706055523e+01   -1.7676002328e-02
1.2721695797e+01   -2.5353479129e-02
1.2737336070e+01   -3.2972908189e-02
1.2737436070e+01   -3.3021642899e-02
1.2738436070e+01   -3.3509096193e-02
1.2748436070e+01   -3.8401233270e-02
1.2764076344e+01   -4.6183638615e-02
1.2779716618e+01   -5.4266625649e-02
1.2795356891e+01   -6.2829043089e-02
1.2810997165e+01   -7.2068034748e-02
1.2826637439e+01   -8.2198950161e-02
1.2842277713e+01   -9.3457282935e-02
1.2857917986e+01   -1.0610215126e-01
1.2858017986e+01   -1.0618806189e-01
1.2859017986e+01   -1.0705094304e-01
1.2869017986e+01   -1.1607370233e-01
1.2884658260e+01   -1.3177313327e-01
1.2900298534e+01   -1.4971942909e-01
1.2915938807e+01   -1.7030573882e-01
1.2931579081e+01   -1.9397566799e-01
1.2931679081e+01   -1.9413797189e-01
1.2932679081e+01   -1.9576908624e-01
1.2942679081e+01   -2.1291648966e-01
1.2958319355e+01   -2.4304757936e-01
1.2973959629e+01   -2.7775237638e-01
1.2974059629e+01   -2.7799036927e-01
1.2975059629e+01   -2.8038208638e-01
1.2985059629e+01   -3.0551470977e-01
1.3000699902e+01   -3.4958066508e-01
1.3000799902e+01   -3.4988234122e-01
1.3001799902e+01   -3.5291360282e-01
1.3011799902e+01   -3.8471387098e-01
1.3011899902e+01   -3.8504587544e-01
1.3012899902e+01   -3.8838153778e-01
1.3022899902e+01   -4.2333553586e-01
1.3022999902e+01   -4.2370006163e-01
1.3023999902e+01   -4.2736197690e-01
1.3033999902e+01   -4.6567807795e-01
1.3034099902e+01   -4.6607709158e-01
1.3035099902e+01   -4.7008476921e-01
1.3045099902e+01   -5.1193911609e-01
1.3045199902e+01   -5.1237417188e-01
1.3046199902e+01   -5.1674289006e-01
1.3056199902e+01   -5.6225726981e-01
1.3056299902e+01   -5.6272925644e-01
1.3057299902e+01   -5.6746749100e-01
1.3067299902e+01   -6.1667960006e-01
1.3067399902e+01   -6.1718840386e-01
1.3068399902e+01   -6.2229441542e-01
1.3078399902e+01   -6.7511893183e-01
1.3078499902e+01   -6.7566300128e-01
1.3079499902e+01   -6.8112042791e-01
1.3089499902e+01   -7.3729953124e-01
1.3089599902e+01   -7.3787533143e-01
1.3090599902e+01   -7.4364767705e-01
1.3100599902e+01   -8.0269037341e-01
1.3100699902e+01   -8.0329172933e-01
1.3101699902e+01   -8.0931574444e-01
1.3111699902e+01   -8.7042686908e-01
1.3111799902e+01   -8.7104421660e-01
1.3112799902e+01   -8.7722237270e-01
1.3122799902e+01   -9.3922483471e-01
1.3122899902e+01   -9.3984443150e-01
1.3123899902e+01   -9.4603703257e-01
1.3133899902e+01   -1.0072951058e+00
1.3133999902e+01   -1.0078983047e+00
1.3134999902e+01   -1.0139162899e+00
1.3144999902e+01   -1.0722737079e+00
1.3145099902e+01   -1.0728364619e+00
1.3146099902e+01   -1.0784366292e+00
1.3156099902e+01   -1.1311905179e+00
1.3156199902e+01   -1.1316833615e+00
1.3157199902e+01   -1.1365684957e+00
1.3167199902e+01   -1.1805073015e+00
1.3167299902e+01   -1.1808961166e+00
1.3168299902e+01   -1.1847231189e+00
1.3178299902e+01   -1.2162605782e+00
1.3178399902e+01   -1.2165084615e+00
1.3179399902e+01   -1.2189076474e+00
1.3189399902e+01   -1.2343406767e+00
1.3189499902e+01   -1.2344111338e+00
1.3190499902e+01   -1.2350188475e+00
1.3200499902e+01   -1.2309195156e+00
1.3200599902e+01   -1.2307809511e+00
1.3201599902e+01   -1.2292850369e+00
1.3211599902e+01   -1.2030022243e+00
1.3211699902e+01   -1.2026332822e+00
1.3212699902e+01   -1.1988266932e+00
1.3222699902e+01   -1.1490252238e+00
1.3222799902e+01   -1.1484200238e+00
1.3223799902e+01   -1.1422528028e+00
1.3233799902e+01   -1.0693711574e+00
1.3233899902e+01   -1.0685430816e+00
1.3234899902e+01   -1.0601591303e+00
1.3234999902e+01   -1.0593104781e+00
1.3235999902e+01   -1.0507225022e+00
1.3236099902e+01   -1.0498536250e+00
1.3237099902e+01   -1.0410652340e+00
1.3237199902e+01   -1.0401765021e+00
1.3238199902e+01   -1.0311914925e+00
1.3238299902e+01   -1.0302832949e+00
1.3239299902e+01   -1.0211056470e+00
1.3239399902e+01   -1.0201783907e+00
1.3240399902e+01   -1.0108122643e+00
1.3240499902e+01   -1.0098663742e+00
1.3241499902e+01   -1.0003161046e+00
1.3241599902e+01   -9.9935202271e-01
1.3242599902e+01   -9.8962211583e-01
1.3242699902e+01   -9.8864030125e-01
1.3243699902e+01   -9.7873542885e-01
1.3243799902e+01   -9.7773635682e-01
1.3244799902e+01   -9.6766135110e-01
1.3244899902e+01   -9.6664551267e-01
1.3245899902e+01   -9.5640536057e-01
1.3245999902e+01   -9.5537326197e-01
1.3246999902e+01   -9.4497309926e-01
1.3247099902e+01   -9.4392526130e-01
1.3248099902e+01   -9.3337036628e-01
1.3248199902e+01   -9.3230732369e-01
1.3249199902e+01   -9.2160311062e-01
1.3249299902e+01   -9.2052541139e-01
1.3250299902e+01   -9.0967742366e-01
1.3250399902e+01   -9.0858562836e-01
1.3251399902e+01   -8.9759953141e-01
1.3251499902e+01   -8.9649421242e-01
1.3252499902e+01   -8.8537578637e-01
1.3252599902e+01   -8.8425752719e-01
1.3253599902e+01   -8.7301265928e-01
1.3253699902e+01   -8.7188205374e-01
1.3254699902e+01   -8.6051673059e-01
1.3254799902e+01   -8.5937438204e-01
1.3255799902e+01   -8.4789468168e-01
1.3255899902e+01   -8.4674120220e-01
1.3256899902e+01   -8.3515328592e-01
1.3256999902e+01   -8.3398929555e-01
1.3257999902e+01   -8.2229939966e-01
1.3258099902e+01   -8.2112552548e-01
1.3259099902e+01   -8.0933995291e-01
1.3259199902e+01   -8.0815682825e-01
1.3260199902e+01   -7.9628194005e-01
1.3260299902e+01   -7.9509020363e-01
1.3261299902e+01   -7.8313241035e-01
1.3261399902e+01   -7.8193270543e-01
1.3262399902e+01   -7.6989845853e-01
1.3262499902e+01   -7.6869143198e-01
1.3263499902e+01   -7.5658721511e-01
1.3263599902e+01   -7.5537351661e-01
1.3264599902e+01   -7.4320583693e-01
1.3264699902e+01   -7.4198611809e-01
1.3265699902e+01   -7.2976149753e-01
1.3265799902e+01   -7.2853641098e-01
1.3266799902e+01   -7.1626137763e-01
1.3266899902e+01   -7.1503157617e-01
1.3267899902e+01   -7.0271265559e-01
1.3267999902e+01   -7.0147879139e-01
1.3268999902e+01   -6.8912249809e-01
1.3269099902e+01   -6.8788522173e-01
1.3270099902e+01   -6.7549805070e-01
1.3270199902e+01   -6.7425801044e-01
1.3271199902e+01   -6.6184642875e-01
1.3271299902e+01   -6.6060426962e-01
1.3272299902e+01   -6.4817470827e-01
1.3272399902e+01   -6.4693107127e-01
1.3273399902e+01   -6.3448991704e-01
1.3273499902e+01   -6.3324543838e-01
1.3274499902e+01   -6.2079902592e-01
1.3274599902e+01   -6.1955433619e-01
1.3275599902e+01   -6.0710894033e-01
1.3275699902e+01   -6.0586466376e-01
1.3276699902e+01   -5.9342649194e-01
1.3276799902e+01   -5.9218324565e-01
1.3277799902e+01   -5.7975843062e-01
1.3277899902e+01   -5.7851682393e-01
1.3278899902e+01   -5.6611141668e-01
1.3278999902e+01   -5.6487205034e-01
1.3279999902e+01   -5.5249201325e-01
1.3280099902e+01   -5.5125547886e-01
1.3281099902e+01   -5.3890667912e-01
1.3281199902e+01   -5.3767355841e-01
1.3282199902e+01   -5.2536176176e-01
1.3282299902e+01   -5.2413262603e-01
1.3283299902e+01   -5.1186349066e-01
1.3283399902e+01   -5.1063890015e-01
1.3284399902e+01   -4.9841797104e-01
1.3284499902e+01   -4.9719847440e-01
1.3285499902e+01   -4.8503117785e-01
1.3285599902e+01   -4.8381731160e-01
1.3286599902e+01   -4.7170895013e-01
1.3286699902e+01   -4.7050123817e-01
1.3287699902e+01   -4.5845698570e-01
1.3287799902e+01   -4.5725593882e-01
1.3288799902e+01   -4.4528083619e-01
1.3288899902e+01   -4.4408695169e-01
1.3289899902e+01   -4.3218590248e-01
1.3289999902e+01   -4.3099966373e-01
1.3290999902e+01   -4.1917743044e-01
1.3291099902e+01   -4.1799930650e-01
1.3292099902e+01   -4.0626050707e-01
1.3292199902e+01   -4.0509095240e-01
1.3293199902e+01   -3.9344005697e-01
1.3293299902e+01   -3.9227951110e-01
1.3294299902e+01   -3.8072083923e-01
1.3294399902e+01   -3.7956972649e-01
1.3295399902e+01   -3.6810744461e-01
1.3295499902e+01   -3.6696617390e-01
1.3296499902e+01   -3.5560429311e-01
1.3296599902e+01   -3.5447325773e-01
1.3297599902e+01   -3.4321563196e-01
1.3297699902e+01   -3.4209520938e-01
1.3298699902e+01   -3.3094553384e-01
1.3298799902e+01   -3.2983608560e-01
1.3299799902e+01   -3.1879789555e-01
1.3299899902e+01   -3.1769976714e-01
1.3300899902e+01   -3.0677643696e-01
1.3300999902e+01   -3.0568995776e-01
1.3301999902e+01   -2.9488470034e-01
1.3302099902e+01   -2.9381018354e-01
1.3303099902e+01   -2.8312604996e-01
1.3303199902e+01   -2.8206379257e-01
1.3304199902e+01   -2.7150367207e-01
1.3304299902e+01   -2.7045395494e-01
1.3305299902e+01   -2.6002057515e-01
1.3305399902e+01   -2.5898366298e-01
1.3306399902e+01   -2.4867959046e-01
1.3306499902e+01   -2.4765573188e-01
1.3307499902e+01   -2.3748337291e-01
1.3307599902e+01   -2.3647280055e-01
1.3308599902e+01   -2.2643440212e-01
1.3308699902e+01   -2.2543733277e-01
1.3309699902e+01   -2.1553498390e-01
1.3309799902e+01   -2.1455161861e-01
1.3310799902e+01   -2.0478725182e-01
1.3310899902e+01   -2.0381777607e-01
1.3311899902e+01   -1.9419316912e-01
1.3311999902e+01   -1.9323775301e-01
1.3312999902e+01   -1.8375453083e-01
1.3313099902e+01   -1.8281332929e-01
1.3314099902e+01   -1.7347296610e-01
1.3314199902e+01   -1.7254611909e-01
1.3315199902e+01   -1.6334994073e-01
1.3315299902e+01   -1.6243757351e-01
1.3316299902e+01   -1.5338675992e-01
1.3316399902e+01   -1.5248898327e-01
1.3317399902e+01   -1.4358457115e-01
1.3317499902e+01   -1.4270148167e-01
1.3318499902e+01   -1.3394436728e-01
1.3318599902e+01   -1.3307604767e-01
1.3319599902e+01   -1.2446698974e-01
1.3319699902e+01   -1.2361350911e-01
1.3320699902e+01   -1.1515313197e-01
1.3320799902e+01   -1.1431454614e-01
1.3321799902e+01   -1.0600334285e-01
1.3321899902e+01   -1.0517969466e-01
1.3322899902e+01   -9.7018030323e-02
1.3322999902e+01   -9.6209350011e-02
1.3323999902e+01   -8.8197465156e-02
1.3324099902e+01   -8.7403770662e-02
1.3325099902e+01   -7.9541784702e-02
1.3325199902e+01   -7.8763082031e-02
1.3326199902e+01   -7.1050996806e-02
1.3326299902e+01   -7.0287280387e-02
1.3327299902e+01   -6.2724983763e-02
1.3327399902e+01   -6.1976236807e-02
1.3328399902e+01   -5.4563506327e-02
1.3328499902e+01   -5.3829701197e-02
1.3329499902e+01   -4.6566207771e-02
1.3339499902e+01   1.8721155646e-02
1.3339599902e+01   1.9307901295e-02
1.3340599902e+01   2.5105156076e-02
1.3350599902e+01   7.6291206785e-02
1.3350699902e+01   7.6743100185e-02
1.3351699902e+01   8.1199479471e-02
1.3361699902e+01   1.1980882882e-01
1.3361799902e+01   1.2014309568e-01
1.3362799902e+01   1.2343249106e-01
1.3372799902e+01   1.5132172426e-01
1.3372899902e+01   1.5155762359e-01
1.3373899902e+01   1.5387299710e-01
1.3383899902e+01   1.7297736967e-01
1.3383999902e+01   1.7313404755e-01
1.3384999902e+01   1.7466638956e-01
1.3394999902e+01   1.8682994994e-01
1.3395099902e+01   1.8692509489e-01
1.3396099902e+01   1.8785033926e-01
1.3406099902e+01   1.9472830555e-01
1.3406199902e+01   1.9477744937e-01
1.3407199902e+01   1.9524975194e-01
1.3417199902e+01   1.9826523370e-01
1.3417299902e+01   1.9828151072e-01
1.3418299902e+01   1.9843102237e-01
1.3428299902e+01   1.9876813891e-01
1.3443940176e+01   1.9636084263e-01
1.3444040176e+01   1.9633817103e-01
1.3445040176e+01   1.9610802433e-01
1.3455040176e+01   1.9355745766e-01
1.3470680450e+01   1.8936294645e-01
1.3470780450e+01   1.8933757834e-01
1.3471780450e+01   1.8908577058e-01
1.3481780450e+01   1.8680262375e-01
1.3497420723e+01   1.8443686286e-01
1.3513060997e+01   1.8403467914e-01
1.3528701271e+01   1.8596868472e-01
1.3528801271e+01   1.8598913035e-01
1.3529801271e+01   1.8619939972e-01
1.3539801271e+01   1.8889271850e-01
1.3555441544e+01   1.9532978409e-01
1.3571081818e+01   2.0459758333e-01
1.3586722092e+01   2.1682065322e-01
1.3602362366e+01   2.3213483530e-01
1.3602462366e+01   2.3224302584e-01
1.3603462366e+01   2.3333224784e-01
1.3613462366e+01   2.4496587765e-01
1.3629102639e+01   2.6595638218e-01
1.3644742913e+01   2.9055185859e-01
1.3644842913e+01   2.9072123711e-01
1.3645842913e+01   2.9242370008e-01
1.3655842913e+01   3.1033034994e-01
1.3671483187e+01   3.4167998988e-01
1.3671583187e+01   3.4189404388e-01
1.3672583187e+01   3.4404431957e-01
1.3682583187e+01   3.6653514437e-01
1.3698223460e+01   4.0543427139e-01
1.3698323460e+01   4.0569801920e-01
1.3699323460e+01   4.0834617727e-01
1.3709323460e+01   4.3590520652e-01
1.3724963734e+01   4.8299498204e-01
1.3725063734e+01   4.8331182292e-01
1.3726063734e+01   4.8649123708e-01
1.3736063734e+01   5.1938037342e-01
1.3736163734e+01   5.1971924576e-01
1.3737163734e+01   5.2311873202e-01
1.3747163734e+01   5.5817367405e-01
1.3747263734e+01   5.5853377851e-01
1.3748263734e+01   5.6214499827e-01
1.3758263734e+01   5.9924443364e-01
1.3758363734e+01   5.9962417630e-01
1.3759363734e+01   6.0343073868e-01
1.3769363734e+01   6.4236164269e-01
1.3769463734e+01   6.4275840494e-01
1.3770463734e+01   6.4673355000e-01
1.3780463734e+01   6.8716654563e-01
1.3780563734e+01   6.8757642541e-01
1.3781563734e+01   6.9168042450e-01
1.3791563734e+01   7.3314281816e-01
1.3791663734e+01   7.3356035382e-01
1.3792663734e+01   7.3773774451e-01
1.3802663734e+01   7.7958588130e-01
1.3802763734e+01   7.8000377941e-01
1.3803763734e+01   7.8418065311e-01
1.3813763734e+01   8.2557440333e-01
1.3813863734e+01   8.2598330473e-01
1.3814863734e+01   8.3006499811e-01
1.3824863734e+01   8.6994865295e-01
1.3824963734e+01   8.7033698719e-01
1.3825963734e+01   8.7420668655e-01
1.3835963734e+01   9.1130216969e-01
1.3836063734e+01   9.1165616420e-01
1.3837063734e+01   9.1517509405e-01
1.3847063734e+01   9.4799487037e-01
1.3847163734e+01   9.4829879335e-01
1.3848163734e+01   9.5130878260e-01
1.3858163734e+01   9.7819661028e-01
1.3858263734e+01   9.7843332839e-01
1.3859263734e+01   9.8076256292e-01
1.3869263734e+01   9.9996950125e-01
1.3884904008e+01   1.0126729850e+00
1.3885004008e+01   1.0126775480e+00
1.3886004008e+01   1.0126661227e+00
1.3896004008e+01   1.0066564236e+00
1.3911644282e+01   9.7458409474e-01
1.3911744282e+01   9.7428765786e-01
1.3912744282e+01   9.7125941370e-01
1.3922744282e+01   9.3466601211e-01
1.3922844282e+01   9.3424314722e-01
1.3923844282e+01   9.2995396903e-01
1.3933844282e+01   8.8122082397e-01
1.3933944282e+01   8.8068210681e-01
1.3934944282e+01   8.7524177026e-01
1.3944944282e+01   8.1585930993e-01
1.3945044282e+01   8.1522312360e-01
1.3946044282e+01   8.0881906081e-01
1.3956044282e+01   7.4099463786e-01
1.3956144282e+01   7.4028582732e-01
1.3957144282e+01   7.3316915308e-01
1.3967144282e+01   6.5963904944e-01
1.3967244282e+01   6.5888664113e-01
1.3968244282e+01   6.5134896986e-01
1.3978244282e+01   5.7511578893e-01
1.3978344282e+01   5.7435015359e-01
1.3979344282e+01   5.6669508021e-01
1.3989344282e+01   4.9073661586e-01
1.3989444282e+01   4.8998658299e-01
1.3990444282e+01   4.8250094186e-01
1.4000444282e+01   4.0950202267e-01
1.4000544282e+01   4.0879244247e-01
1.4001544282e+01   4.0172225682e-01
1.4011544282e+01   3.3387220553e-01
1.4011644282e+01   3.3322230885e-01
1.4012644282e+01   3.2675683997e-01
1.4022644282e+01   2.6563609593e-01
1.4022744282e+01   2.6505878645e-01
1.4023744282e+01   2.5932391236e-01
1.4033744282e+01   2.0588140697e-01
1.4033844282e+01   2.0538340980e-01
1.4034844282e+01   2.0044348617e-01
1.4044844282e+01   1.5504860469e-01
1.4044944282e+01   1.5463125208e-01
1.4045944282e+01   1.5049721361e-01
1.4055944282e+01   1.1304060606e-01
1.4056044282e+01   1.1270098556e-01
1.4057044282e+01   1.0934193571e-01
1.4067044282e+01   7.9358265870e-02
1.4067144282e+01   7.9090476587e-02
1.4068144282e+01   7.6446247813e-02
1.4078144282e+01   5.3236758676e-02
1.4078244282e+01   5.3033086610e-02
1.4079244282e+01   5.1025918085e-02
1.4089244282e+01   3.3766153970e-02
1.4089344282e+01   3.3618055151e-02
1.4090344282e+01   3.2162312611e-02
1.4100344282e+01   1.9987739352e-02
1.4115984555e+01   8.4390490231e-03
1.4116084555e+01   8.3903135202e-03
1.4117084555e+01   7.9186653297e-03
1.4127084555e+01   4.6601428959e-03
1.4142724829e+01   3.9768085522e-03
1.4142824829e+01   3.9866619429e-03
1.4143824829e+01   4.0938716386e-03
1.4153824829e+01   5.9591159673e-03
1.4169465103e+01   1.1193477426e-02
1.4185105376e+01   1.8379751765e-02
1.4185205376e+01   1.8430297368e-02
1.4186205376e+01   1.8938459666e-02
1.4196205376e+01   2.4262858198e-02
1.4211845650e+01   3.3276106148e-02
1.4227485924e+01   4.2864563143e-02
1.4243126197e+01   5.2875870918e-02
1.4258766471e+01   6.3279775712e-02
1.4274406745e+01   7.4136902162e-02
1.4274506745e+01   7.4208024095e-02
1.4275506745e+01   7.4920550907e-02
1.4285506745e+01   8.2185465939e-02
1.4301147019e+01   9.4143975678e-02
1.4316787292e+01   1.0701805519e-01
1.4332427566e+01   1.2105509324e-01
1.4348067840e+01   1.3653599612e-01
1.4363708113e+01   1.5377458184e-01
1.4363808113e+01   1.5389118591e-01
1.4364808113e+01   1.5506197535e-01
1.4374808113e+01   1.6726456516e-01
1.4390448387e+01   1.8833425926e-01
1.4406088661e+01   2.1219043854e-01
1.4421728934e+01   2.3928503595e-01
1.4421828934e+01   2.3946972886e-01
1.4422828934e+01   2.4132506768e-01
1.4432828934e+01   2.6074702347e-01
1.4448469208e+01   2.9453790798e-01
1.4448569208e+01   2.9476832237e-01
1.4449569208e+01   2.9708294998e-01
1.4459569208e+01   3.2130748605e-01
1.4475209482e+01   3.6338809217e-01
1.4475309482e+01   3.6367458730e-01
1.4476309482e+01   3.6655216763e-01
1.4486309482e+01   3.9661899138e-01
1.4501949756e+01   4.4858106725e-01
1.4502049756e+01   4.4893347011e-01
1.4503049756e+01   4.5247190866e-01
1.4513049756e+01   4.8931393654e-01
1.4513149756e+01   4.8969587398e-01
1.4514149756e+01   4.9353009010e-01
1.4524149756e+01   5.3336332013e-01
1.4524249756e+01   5.3377537787e-01
1.4525249756e+01   5.3791090516e-01
1.4535249756e+01   5.8075402863e-01
1.4535349756e+01   5.8119601538e-01
1.4536349756e+01   5.8563048060e-01
1.4546349756e+01   6.3140834270e-01
1.4546449756e+01   6.3187898257e-01
1.4547449756e+01   6.3659899560e-01
1.4557449756e+01   6.8510799939e-01
1.4557549756e+01   6.8560455331e-01
1.4558549756e+01   6.9058188567e-01
1.4568549756e+01   7.4144824621e-01
1.4568649756e+01   7.4196606289e-01
1.4569649756e+01   7.4715312456e-01
1.4579649756e+01   7.9978461973e-01
1.4579749756e+01   8.0031662868e-01
1.4580749756e+01   8.0564137578e-01
1.4590749756e+01   8.5917482070e-01
1.4590849756e+01   8.5971099906e-01
1.4591849756e+01   8.6507160246e-01
1.4601849756e+01   9.1832068955e-01
1.4601949756e+01   9.1884756298e-01
1.4602949756e+01   9.2410745599e-01
1.4612949756e+01   9.7551893675e-01
1.4613049756e+01   9.7601921168e-01
1.4614049756e+01   9.8100351174e-01
1.4624049756e+01   1.0286337719e+00
1.4624149756e+01   1.0290862395e+00
1.4625149756e+01   1.0335809655e+00
1.4635149756e+01   1.0751091904e+00
1.4635249756e+01   1.0754890800e+00
1.4636249756e+01   1.0792449632e+00
1.4646249756e+01   1.1120418895e+00
1.4646349756e+01   1.1123218663e+00
1.4647349756e+01   1.1150646922e+00
1.4657349756e+01   1.1363351296e+00
1.4657449756e+01   1.1364870972e+00
1.4658449756e+01   1.1379361558e+00
1.4668449756e+01   1.1449462373e+00
1.4668549756e+01   1.1449439970e+00
1.4669549756e+01   1.1448390832e+00
1.4679549756e+01   1.1352232913e+00
1.4679649756e+01   1.1350459093e+00
1.4680649756e+01   1.1331812582e+00
1.4690649756e+01   1.1052998343e+00
1.4690749756e+01   1.1049352942e+00
1.4691749756e+01   1.1011960834e+00
1.4701749756e+01   1.0544851920e+00
1.4701849756e+01   1.0539336371e+00
1.4702849756e+01   1.0483279865e+00
1.4712849756e+01   9.8356312895e-01
1.4712949756e+01   9.8283884777e-01
1.4713949756e+01   9.7551683490e-01
1.4723949756e+01   8.9490757010e-01
1.4724049756e+01   8.9403897772e-01
1.4725049756e+01   8.8529132204e-01
1.4725149756e+01   8.8441045657e-01
1.4726149756e+01   8.7554210028e-01
1.4726249756e+01   8.7464936945e-01
1.4727249756e+01   8.6566443524e-01
1.4727349756e+01   8.6476025578e-01
1.4728349756e+01   8.5566295417e-01
1.4728449756e+01   8.5474775138e-01
1.4729449756e+01   8.4554237592e-01
1.4729549756e+01   8.4461658312e-01
1.4730549756e+01   8.3530750542e-01
1.4730649756e+01   8.3437156350e-01
1.4731649756e+01   8.2496322806e-01
1.4731749756e+01   8.2401758494e-01
1.4732749756e+01   8.1451450397e-01
1.4732849756e+01   8.1355961407e-01
1.4733849756e+01   8.0396636209e-01
1.4733949756e+01   8.0300268580e-01
1.4734949756e+01   7.9332389423e-01
1.4735049756e+01   7.9235189735e-01
1.4736049756e+01   7.8259224898e-01
1.4736149756e+01   7.8161240217e-01
1.4737149756e+01   7.7177662553e-01
1.4737249756e+01   7.7078940373e-01
1.4738249756e+01   7.6088226744e-01
1.4738349756e+01   7.5988814932e-01
1.4739349756e+01   7.4991445636e-01
1.4739449756e+01   7.4891392375e-01
1.4740449756e+01   7.3887850572e-01
1.4740549756e+01   7.3787204301e-01
1.4741549756e+01   7.2777975435e-01
1.4741649756e+01   7.2676784792e-01
1.4742649756e+01   7.1662356013e-01
1.4742749756e+01   7.1560669779e-01
1.4743749756e+01   7.0541529362e-01
1.4743849756e+01   7.0439396401e-01
1.4744849756e+01   6.9416033172e-01
1.4744949756e+01   6.9313502375e-01
1.4745949756e+01   6.8286405137e-01
1.4746049756e+01   6.8183525364e-01
1.4747049756e+01   6.7153182326e-01
1.4747149756e+01   6.7050002349e-01
1.4748149756e+01   6.6016900563e-01
1.4748249756e+01   6.5913469008e-01
1.4749249756e+01   6.4878093809e-01
1.4749349756e+01   6.4774459107e-01
1.4750349756e+01   6.3737293562e-01
1.4750449756e+01   6.3633503888e-01
1.4751449756e+01   6.2595028259e-01
1.4751549756e+01   6.2491131480e-01
1.4752549756e+01   6.1451822688e-01
1.4752649756e+01   6.1347866311e-01
1.4753649756e+01   6.0308197416e-01
1.4753749756e+01   6.0204228536e-01
1.4754749756e+01   5.9164668230e-01
1.4754849756e+01   5.9060733482e-01
1.4755849756e+01   5.8021745592e-01
1.4755949756e+01   5.7917891098e-01
1.4756949756e+01   5.6879934103e-01
1.4757049756e+01   5.6776205428e-01
1.4758049756e+01   5.5739731995e-01
1.4758149756e+01   5.5636174100e-01
1.4759149756e+01   5.4601630629e-01
1.4759249756e+01   5.4498287826e-01
1.4760249756e+01   5.3466114018e-01
1.4760349756e+01   5.3363029926e-01
1.4761349756e+01   5.2333658363e-01
1.4761449756e+01   5.2230875872e-01
1.4762449756e+01   5.1204731615e-01
1.4762549756e+01   5.1102292841e-01
1.4763549756e+01   5.0079793052e-01
1.4763649756e+01   4.9977739303e-01
1.4764649756e+01   4.8959292876e-01
1.4764749756e+01   4.8857664618e-01
1.4765749756e+01   4.7843671837e-01
1.4765849756e+01   4.7742508655e-01
1.4766849756e+01   4.6733360871e-01
1.4766949756e+01   4.6632701444e-01
1.4767949756e+01   4.5628780767e-01
1.4768049756e+01   4.5528662833e-01
1.4769049756e+01   4.4530341849e-01
1.4769149756e+01   4.4430802182e-01
1.4770149756e+01   4.3438443688e-01
1.4770249756e+01   4.3339518070e-01
1.4771249756e+01   4.2353474829e-01
1.4771349756e+01   4.2255198026e-01
1.4772349756e+01   4.1275812547e-01
1.4772449756e+01   4.1178218291e-01
1.4773449756e+01   4.0205822622e-01
1.4773549756e+01   4.0108943588e-01
1.4774549756e+01   3.9143859139e-01
1.4774649756e+01   3.9047726930e-01
1.4775649756e+01   3.8090264306e-01
1.4775749756e+01   3.7994909438e-01
1.4776749756e+01   3.7045368301e-01
1.4776849756e+01   3.6950820189e-01
1.4777849756e+01   3.6009489138e-01
1.4777949756e+01   3.5915776085e-01
1.4778949756e+01   3.4982932552e-01
1.4779049756e+01   3.4890081739e-01
1.4780049756e+01   3.3965991910e-01
1.4780149756e+01   3.3874029392e-01
1.4781149756e+01   3.2958948144e-01
1.4781249756e+01   3.2867898840e-01
1.4782249756e+01   3.1962069697e-01
1.4782349756e+01   3.1871957393e-01
1.4783349756e+01   3.0975612502e-01
1.4783449756e+01   3.0886459842e-01
1.4784449756e+01   2.9999819969e-01
1.4784549756e+01   2.9911648461e-01
1.4785549756e+01   2.9034922997e-01
1.4785649756e+01   2.8947753012e-01
1.4786649756e+01   2.8081140004e-01
1.4786749756e+01   2.7994990782e-01
1.4787749756e+01   2.7138676979e-01
1.4787849756e+01   2.7053566631e-01
1.4788849756e+01   2.6207727541e-01
1.4788949756e+01   2.6123673058e-01
1.4789949756e+01   2.5288473027e-01
1.4790049756e+01   2.5205490289e-01
1.4791049756e+01   2.4381082588e-01
1.4791149756e+01   2.4299186373e-01
1.4792149756e+01   2.3485713308e-01
1.4792249756e+01   2.3404917300e-01
1.4793249756e+01   2.2602510325e-01
1.4793349756e+01   2.2522827133e-01
1.4794349756e+01   2.1731606983e-01
1.4804349756e+01   1.4395259309e-01
1.4804449756e+01   1.4327279222e-01
1.4805449756e+01   1.3653402649e-01
1.4815449756e+01   7.5063196808e-02
1.4815549756e+01   7.4502448109e-02
1.4816549756e+01   6.8953002808e-02
1.4826549756e+01   1.9141208487e-02
1.4826649756e+01   1.8693950840e-02
1.4827649756e+01   1.4275120648e-02
1.4837649756e+01   -2.4732769279e-02
1.4837749756e+01   -2.5077177370e-02
1.4838749756e+01   -2.8473692435e-02
1.4848749756e+01   -5.7913127800e-02
1.4848849756e+01   -5.8168127587e-02
1.4849849756e+01   -6.0677604966e-02
1.4859849756e+01   -8.1960127999e-02
1.4859949756e+01   -8.2140140648e-02
1.4860949756e+01   -8.3906894371e-02
1.4870949756e+01   -9.8466900837e-02
1.4871049756e+01   -9.8586034700e-02
1.4872049756e+01   -9.9750743833e-02
1.4882049756e+01   -1.0894321666e-01
1.4882149756e+01   -1.0901445664e-01
1.4883149756e+01   -1.0970627442e-01
1.4893149756e+01   -1.1474765822e-01
1.4908790029e+01   -1.1722841721e-01
1.4908890029e+01   -1.1722795960e-01
1.4909890029e+01   -1.1721395461e-01
1.4919890029e+01   -1.1624641037e-01
1.4935530303e+01   -1.1260153663e-01
1.4935630303e+01   -1.1257278155e-01
1.4936630303e+01   -1.1228256180e-01
1.4946630303e+01   -1.0917811871e-01
1.4962270577e+01   -1.0406821292e-01
1.4977910850e+01   -9.9348811792e-02
1.4978010850e+01   -9.9321180134e-02
1.4979010850e+01   -9.9047016664e-02
1.4989010850e+01   -9.6540972478e-02
1.5004651124e+01   -9.3624778153e-02
1.5020291398e+01   -9.2126774832e-02
1.5035931672e+01   -9.2181659273e-02
1.5051571945e+01   -9.3867958413e-02
1.5067212219e+01   -9.7239120974e-02
1.5067312219e+01   -9.7266201337e-02
1.5068312219e+01   -9.7540908345e-02
1.5078312219e+01   -1.0068139122e-01
1.5093952493e+01   -1.0705847910e-01
1.5109592766e+01   -1.1529760911e-01
1.5125233040e+01   -1.2551332470e-01
1.5140873314e+01   -1.3785964007e-01
1.5156513587e+01   -1.5253569615e-01
1.5156613587e+01   -1.5263753435e-01
1.5157613587e+01   -1.5366171995e-01
1.5167613587e+01   -1.6449912356e-01
1.5183253861e+01   -1.8376414115e-01
1.5198894135e+01   -2.0615909948e-01
1.5214534409e+01   -2.3208403757e-01
1.5214634409e+01   -2.3226210676e-01
1.5215634409e+01   -2.3405178206e-01
1.5225634409e+01   -2.5287329133e-01
1.5241274682e+01   -2.8592318491e-01
1.5241374682e+01   -2.8614962736e-01
1.5242374682e+01   -2.8842507160e-01
1.5252374682e+01   -3.1231186248e-01
1.5268014956e+01   -3.5406951732e-01
1.5268114956e+01   -3.5435479909e-01
1.5269114956e+01   -3.5722086883e-01
1.5279114956e+01   -3.8723719875e-01
1.5294755230e+01   -4.3938056528e-01
1.5294855230e+01   -4.3973525947e-01
1.5295855230e+01   -4.4329746061e-01
1.5305855230e+01   -4.8046642595e-01
1.5305955230e+01   -4.8085249500e-01
1.5306955230e+01   -4.8472901470e-01
1.5316955230e+01   -5.2508925043e-01
1.5317055230e+01   -5.2550758278e-01
1.5318055230e+01   -5.2970700677e-01
1.5328055230e+01   -5.7331015993e-01
1.5328155230e+01   -5.7376091523e-01
1.5329155230e+01   -5.7828440168e-01
1.5339155230e+01   -6.2509263761e-01
1.5339255230e+01   -6.2557492951e-01
1.5340255230e+01   -6.3041299886e-01
1.5350255230e+01   -6.8026298229e-01
1.5350355230e+01   -6.8077448121e-01
1.5351355230e+01   -6.8590300274e-01
1.5361355230e+01   -7.3846162000e-01
1.5361455230e+01   -7.3899807250e-01
1.5362455230e+01   -7.4437341758e-01
1.5372455230e+01   -7.9908545546e-01
1.5372555230e+01   -7.9964012815e-01
1.5373555230e+01   -8.0519357704e-01
1.5383555230e+01   -8.6122313172e-01
1.5383655230e+01   -8.6178620715e-01
1.5384655230e+01   -8.6741789637e-01
1.5394655230e+01   -9.2358778926e-01
1.5394755230e+01   -9.2414577123e-01
1.5395755230e+01   -9.2971877360e-01
1.5405755230e+01   -9.8445587536e-01
1.5405855230e+01   -9.8499110255e-01
1.5406855230e+01   -9.9032665183e-01
1.5416855230e+01   -1.0416256897e+00
1.5416955230e+01   -1.0421161067e+00
1.5417955230e+01   -1.0469914844e+00
1.5427955230e+01   -1.0924150436e+00
1.5428055230e+01   -1.0928344285e+00
1.5429055230e+01   -1.0969855254e+00
1.5439055230e+01   -1.1337221113e+00
1.5439155230e+01   -1.1340409895e+00
1.5440155230e+01   -1.1371718433e+00
1.5450155230e+01   -1.1621745256e+00
1.5450255230e+01   -1.1623619798e+00
1.5451255230e+01   -1.1641633626e+00
1.5461255230e+01   -1.1743852547e+00
1.5461355230e+01   -1.1744117377e+00
1.5462355230e+01   -1.1745897695e+00
1.5472355230e+01   -1.1673161733e+00
1.5472455230e+01   -1.1671572117e+00
1.5473455230e+01   -1.1654707602e+00
1.5483455230e+01   -1.1387203696e+00
1.5483555230e+01   -1.1383607328e+00
1.5484555230e+01   -1.1346631558e+00
1.5494555230e+01   -1.0875966710e+00
1.5494655230e+01   -1.0870342364e+00
1.5495655230e+01   -1.0813116286e+00
1.5505655230e+01   -1.0145568586e+00
1.5505755230e+01   -1.0138051797e+00
1.5506755230e+01   -1.0062011479e+00
1.5516755230e+01   -9.2199539433e-01
1.5516855230e+01   -9.2108403973e-01
1.5517855230e+01   -9.1190180307e-01
1.5517955230e+01   -9.1097678923e-01
1.5518955230e+01   -9.0166014746e-01
1.5519055230e+01   -9.0072191382e-01
1.5520055230e+01   -8.9127531486e-01
1.5520155230e+01   -8.9032431148e-01
1.5521155230e+01   -8.8075230715e-01
1.5521255230e+01   -8.7978899423e-01
1.5522255230e+01   -8.7009623483e-01
1.5522355230e+01   -8.6912108212e-01
1.5523355230e+01   -8.5931231087e-01
1.5523455230e+01   -8.5832579716e-01
1.5524455230e+01   -8.4840584447e-01
1.5524555230e+01   -8.4740845696e-01
1.5525555230e+01   -8.3738223457e-01
1.5525655230e+01   -8.3637446829e-01
1.5526655230e+01   -8.2624696322e-01
1.5526755230e+01   -8.2522932043e-01
1.5527755230e+01   -8.1500558883e-01
1.5527855230e+01   -8.1397857838e-01
1.5528855230e+01   -8.0366373926e-01
1.5528955230e+01   -8.0262787600e-01
1.5529955230e+01   -7.9222710487e-01
1.5530055230e+01   -7.9118290893e-01
1.5531055230e+01   -7.8070143135e-01
1.5531155230e+01   -7.7964942759e-01
1.5532155230e+01   -7.6909251264e-01
1.5532255230e+01   -7.6803322990e-01
1.5533255230e+01   -7.5740618362e-01
1.5533355230e+01   -7.5634015414e-01
1.5534355230e+01   -7.4564831290e-01
1.5534455230e+01   -7.4457607160e-01
1.5535455230e+01   -7.3382479548e-01
1.5535555230e+01   -7.3274687933e-01
1.5536555230e+01   -7.2194154546e-01
1.5536655230e+01   -7.2085849281e-01
1.5537655230e+01   -7.1000448875e-01
1.5537755230e+01   -7.0891683863e-01
1.5538755230e+01   -6.9801955576e-01
1.5538855230e+01   -6.9692784729e-01
1.5539855230e+01   -6.8599267420e-01
1.5539955230e+01   -6.8489744587e-01
1.5540955230e+01   -6.7392976189e-01
1.5541055230e+01   -6.7283155095e-01
1.5542055230e+01   -6.6183671965e-01
1.5542155230e+01   -6.6073606145e-01
1.5543155230e+01   -6.4971942430e-01
1.5543255230e+01   -6.4861685167e-01
1.5544255230e+01   -6.3758372172e-01
1.5544355230e+01   -6.3647976434e-01
1.5545355230e+01   -6.2543542012e-01
1.5545455230e+01   -6.2433060390e-01
1.5546455230e+01   -6.1328028329e-01
1.5546555230e+01   -6.1217512979e-01
1.5547555230e+01   -6.0112402418e-01
1.5547655230e+01   -6.0001905001e-01
1.5548655230e+01   -5.8897229849e-01
1.5548755230e+01   -5.8786801475e-01
1.5549755230e+01   -5.7683069851e-01
1.5549855230e+01   -5.7572761025e-01
1.5550855230e+01   -5.6470474716e-01
1.5550955230e+01   -5.6360335280e-01
1.5551955230e+01   -5.5259989212e-01
1.5552055230e+01   -5.5150068299e-01
1.5553055230e+01   -5.4052150031e-01
1.5553155230e+01   -5.3942496012e-01
1.5554155230e+01   -5.2847485247e-01
1.5554255230e+01   -5.2738145683e-01
1.5555255230e+01   -5.1646513802e-01
1.5555355230e+01   -5.1537535401e-01
1.5556355230e+01   -5.0449745016e-01
1.5556455230e+01   -5.0341173585e-01
1.5557455230e+01   -4.9257678116e-01
1.5557555230e+01   -4.9149558523e-01
1.5558555230e+01   -4.8070801792e-01
1.5558655230e+01   -4.7963177927e-01
1.5559655230e+01   -4.6889593783e-01
1.5559755230e+01   -4.6782508520e-01
1.5560755230e+01   -4.5714520479e-01
1.5560855230e+01   -4.5608015641e-01
1.5561855230e+01   -4.4546036558e-01
1.5561955230e+01   -4.4440152886e-01
1.5562955230e+01   -4.3384584641e-01
1.5563055230e+01   -4.3279361766e-01
1.5564055230e+01   -4.2230594983e-01
1.5564155230e+01   -4.2126071395e-01
1.5565155230e+01   -4.1084485182e-01
1.5565255230e+01   -4.0980698207e-01
1.5566255230e+01   -3.9946659916e-01
1.5566355230e+01   -3.9843645694e-01
1.5567355230e+01   -3.8817510713e-01
1.5567455230e+01   -3.8715304179e-01
1.5568455230e+01   -3.7697415740e-01
1.5568555230e+01   -3.7596050603e-01
1.5569555230e+01   -3.6586739623e-01
1.5569655230e+01   -3.6486248354e-01
1.5570655230e+01   -3.5485833288e-01
1.5570755230e+01   -3.5386247106e-01
1.5571755230e+01   -3.4395033837e-01
1.5571855230e+01   -3.4296382697e-01
1.5572855230e+01   -3.3314664436e-01
1.5572955230e+01   -3.3216977023e-01
1.5573955230e+01   -3.2245034242e-01
1.5574055230e+01   -3.2148337965e-01
1.5575055230e+01   -3.1186438344e-01
1.5575155230e+01   -3.1090759330e-01
1.5576155230e+01   -3.0139157733e-01
1.5576255230e+01   -3.0044520828e-01
1.5577255230e+01   -2.9103459296e-01
1.5577355230e+01   -2.9009888062e-01
1.5578355230e+01   -2.8079595825e-01
1.5578455230e+01   -2.7987112547e-01
1.5579455230e+01   -2.7067806063e-01
1.5579555230e+01   -2.6976431748e-01
1.5580555230e+01   -2.6068314752e-01
1.5580655230e+01   -2.5978069141e-01
1.5581655230e+01   -2.5081332718e-01
1.5581755230e+01   -2.4992234290e-01
1.5582755230e+01   -2.4107056970e-01
1.5582855230e+01   -2.4019122953e-01
1.5583855230e+01   -2.3145670810e-01
1.5583955230e+01   -2.3058917194e-01
1.5584955230e+01   -2.2197343978e-01
1.5585055230e+01   -2.2111785525e-01
1.5586055230e+01   -2.1262232796e-01
1.5586155230e+01   -2.1177883059e-01
1.5587155230e+01   -2.0340480343e-01
1.5587255230e+01   -2.0257351677e-01
1.5588255230e+01   -1.9432216636e-01
1.5588355230e+01   -1.9350320220e-01
1.5589355230e+01   -1.8537558827e-01
1.5589455230e+01   -1.8456904681e-01
1.5590455230e+01   -1.7656611421e-01
1.5590555230e+01   -1.7577208427e-01
1.5591555230e+01   -1.6789466499e-01
1.5591655230e+01   -1.6711322418e-01
1.5592655230e+01   -1.5936203951e-01
1.5602655230e+01   -8.8236775278e-02
1.5602755230e+01   -8.7584367579e-02
1.5603755230e+01   -8.1124177414e-02
1.5613755230e+01   -2.2825646739e-02
1.5613855230e+01   -2.2299479978e-02
1.5614855230e+01   -1.7098248605e-02
1.5624855230e+01   2.9057214129e-02
1.5624955230e+01   2.9466872584e-02
1.5625955230e+01   3.3509153482e-02
1.5635955230e+01   6.8745188622e-02
1.5636055230e+01   6.9052235526e-02
1.5637055230e+01   7.2075937358e-02
1.5647055230e+01   9.7900763886e-02
1.5647155230e+01   9.8120935380e-02
1.5648155230e+01   1.0028382723e-01
1.5658155230e+01   1.1829038470e-01
1.5658255230e+01   1.1843953938e-01
1.5659255230e+01   1.1989992707e-01
1.5669255230e+01   1.3162732041e-01
1.5669355230e+01   1.3172031881e-01
1.5670355230e+01   1.3262611339e-01
1.5680355230e+01   1.3947568917e-01
1.5680455230e+01   1.3952576873e-01
1.5681455230e+01   1.4000844732e-01
1.5691455230e+01   1.4320237726e-01
1.5707095503e+01   1.4364528901e-01
1.5707195503e+01   1.4363495960e-01
1.5708195503e+01   1.4352434649e-01
1.5718195503e+01   1.4179488424e-01
1.5733835777e+01   1.3764278669e-01
1.5733935777e+01   1.3761325295e-01
1.5734935777e+01   1.3731687222e-01
1.5744935777e+01   1.3430741146e-01
1.5760576051e+01   1.2986923935e-01
1.5776216325e+01   1.2638446263e-01
1.5776316325e+01   1.2636638806e-01
1.5777316325e+01   1.2618891337e-01
1.5787316325e+01   1.2475916685e-01
1.5802956598e+01   1.2390912255e-01
1.5818596872e+01   1.2492723755e-01
1.5834237146e+01   1.2794760653e-01
1.5849877419e+01   1.3306653225e-01
1.5865517693e+01   1.4037149797e-01
1.5865617693e+01   1.4042543969e-01
1.5866617693e+01   1.4096999706e-01
1.5876617693e+01   1.4693573434e-01
1.5892257967e+01   1.5822307711e-01
1.5907898240e+01   1.7203450625e-01
1.5923538514e+01   1.8856508544e-01
1.5939178788e+01   2.0805809214e-01
1.5939278788e+01   2.0819286237e-01
1.5940278788e+01   2.0954789617e-01
1.5950278788e+01   2.2384896479e-01
1.5965919062e+01   2.4911712926e-01
1.5981559335e+01   2.7826327196e-01
1.5981659335e+01   2.7846299489e-01
1.5982659335e+01   2.8046991713e-01
1.5992659335e+01   3.0153236235e-01
1.6000000000e+01   3.1818945644e-01
