X    Y
0.0000000000e+00   5.0000000000e-01
1.1173137255e-01   5.2910911996e-01
3.6932549020e-01   6.0585262639e-01
4.6105686275e-01   6.3672145963e-01
4.6655686275e-01   6.3863530864e-01
4.7205686275e-01   6.4055642060e-01
4.7755686275e-01   6.4248481696e-01
4.8305686275e-01   6.4442051920e-01
4.8855686275e-01   6.4636354880e-01
4.9405686275e-01   6.4831392729e-01
4.9955686275e-01   6.5027167622e-01
5.0505686275e-01   6.5223681714e-01
5.1055686275e-01   6.5420937164e-01
5.1605686275e-01   6.5618936133e-01
5.2155686275e-01   6.5817680783e-01
5.2705686275e-01   6.6017173279e-01
5.3255686275e-01   6.6217415786e-01
5.3805686275e-01   6.6418410473e-01
5.4355686275e-01   6.6620159510e-01
5.4905686275e-01   6.6822665068e-01
5.5455686275e-01   6.7025929319e-01
5.6005686275e-01   6.7229954439e-01
5.6555686275e-01   6.7434742603e-01
5.7105686275e-01   6.7640295989e-01
5.7655686275e-01   6.7846616775e-01
5.8205686275e-01   6.8053707140e-01
5.8755686275e-01   6.8261569266e-01
5.9305686275e-01   6.8470205334e-01
5.9855686275e-01   6.8679617527e-01
6.0405686275e-01   6.8889808030e-01
6.0955686275e-01   6.9100779026e-01
6.1505686275e-01   6.9312532701e-01
6.2055686275e-01   6.9525071241e-01
6.2605686275e-01   6.9738396832e-01
6.3155686275e-01   6.9952511662e-01
6.3705686275e-01   7.0167417917e-01
6.4255686275e-01   7.0383117786e-01
6.4805686275e-01   7.0599613457e-01
6.5355686275e-01   7.0816907117e-01
6.5905686275e-01   7.1035000955e-01
6.6455686275e-01   7.1253897158e-01
6.7005686275e-01   7.1473597916e-01
6.7555686275e-01   7.1694105415e-01
6.8105686275e-01   7.1915421842e-01
6.8655686275e-01   7.2137549386e-01
6.9205686275e-01   7.2360490231e-01
6.9755686275e-01   7.2584246565e-01
7.0305686275e-01   7.2808820572e-01
7.0855686275e-01   7.3034214436e-01
7.1405686275e-01   7.3260430341e-01
7.1955686275e-01   7.3487470470e-01
7.2505686275e-01   7.3715337002e-01
7.3055686275e-01   7.3944032119e-01
7.3605686275e-01   7.4173557999e-01
7.4155686275e-01   7.4403916820e-01
7.4705686275e-01   7.4635110756e-01
7.5255686275e-01   7.4867141981e-01
7.5805686275e-01   7.5100012669e-01
7.6355686275e-01   7.5333724989e-01
7.6905686275e-01   7.5568281110e-01
7.7455686275e-01   7.5803683197e-01
7.8005686275e-01   7.6039933415e-01
7.8555686275e-01   7.6277033925e-01
7.9105686275e-01   7.6514986886e-01
7.9655686275e-01   7.6753794454e-01
8.0205686275e-01   7.6993458783e-01
8.0755686275e-01   7.7233982025e-01
8.1305686275e-01   7.7475366326e-01
8.1855686275e-01   7.7717613832e-01
8.2405686275e-01   7.7960726683e-01
8.2955686275e-01   7.8204707019e-01
8.3505686275e-01   7.8449556973e-01
8.4055686275e-01   7.8695278677e-01
8.4605686275e-01   7.8941874257e-01
8.5155686275e-01   7.9189345838e-01
8.5705686275e-01   7.9437695537e-01
8.6255686275e-01   7.9686925470e-01
8.6805686275e-01   7.9937037747e-01
8.7355686275e-01   8.0188034475e-01
8.7905686275e-01   8.0439917755e-01
8.8455686275e-01   8.0692689684e-01
8.9005686275e-01   8.0946352353e-01
8.9555686275e-01   8.1200907849e-01
9.0105686275e-01   8.1456358253e-01
9.0655686275e-01   8.1712705642e-01
9.1205686275e-01   8.1969952086e-01
9.1755686275e-01   8.2228099649e-01
9.2305686275e-01   8.2487150391e-01
9.2855686275e-01   8.2747106364e-01
9.3405686275e-01   8.3007969614e-01
9.3955686275e-01   8.3269742183e-01
9.4505686275e-01   8.3532426104e-01
9.5055686275e-01   8.3796023403e-01
9.5605686275e-01   8.4060536102e-01
9.6155686275e-01   8.4325966212e-01
9.6705686275e-01   8.4592315740e-01
9.7255686275e-01   8.4859586685e-01
9.7805686275e-01   8.5127781036e-01
9.8355686275e-01   8.5396900778e-01
9.8905686275e-01   8.5666947885e-01
9.9455686275e-01   8.5937924324e-01
1.0000568627e+00   8.6209832055e-01
1.0055568627e+00   8.6482673027e-01
1.0110568627e+00   8.6756449181e-01
1.0165568627e+00   8.7031162450e-01
1.0220568627e+00   8.7306814758e-01
1.0275568627e+00   8.7583408019e-01
1.0330568627e+00   8.7860944138e-01
1.0385568627e+00   8.8139425008e-01
1.0440568627e+00   8.8418852516e-01
1.0495568627e+00   8.8699228537e-01
1.0550568627e+00   8.8980554934e-01
1.0605568627e+00   8.9262833563e-01
1.0660568627e+00   8.9546066266e-01
1.0715568627e+00   8.9830254876e-01
1.0770568627e+00   9.0115401213e-01
1.0825568627e+00   9.0401507088e-01
1.0880568627e+00   9.0688574299e-01
1.0935568627e+00   9.0976604633e-01
1.0990568627e+00   9.1265599862e-01
1.1045568627e+00   9.1555561750e-01
1.1100568627e+00   9.1846492045e-01
1.1155568627e+00   9.2138392484e-01
1.1210568627e+00   9.2431264790e-01
1.1265568627e+00   9.2725110675e-01
1.1320568627e+00   9.3019931834e-01
1.1375568627e+00   9.3315729950e-01
1.1430568627e+00   9.3612506693e-01
1.1485568627e+00   9.3910263717e-01
1.1540568627e+00   9.4209002663e-01
1.1595568627e+00   9.4508725155e-01
1.1650568627e+00   9.4809432805e-01
1.1705568627e+00   9.5111127207e-01
1.1760568627e+00   9.5413809941e-01
1.1815568627e+00   9.5717482570e-01
1.1870568627e+00   9.6022146643e-01
1.1925568627e+00   9.6327803691e-01
1.1980568627e+00   9.6634455228e-01
1.2035568627e+00   9.6942102752e-01
1.2090568627e+00   9.7250747743e-01
1.2145568627e+00   9.7560391666e-01
1.2200568627e+00   9.7871035964e-01
1.2255568627e+00   9.8182682065e-01
1.2310568627e+00   9.8495331378e-01
1.2365568627e+00   9.8808985293e-01
1.2420568627e+00   9.9123645182e-01
1.2475568627e+00   9.9439312396e-01
1.2530568627e+00   9.9755988268e-01
1.2585568627e+00   1.0007367411e+00
1.2640568627e+00   1.0039237122e+00
1.2695568627e+00   1.0071208086e+00
1.2750568627e+00   1.0103280428e+00
1.2805568627e+00   1.0135454272e+00
1.2860568627e+00   1.0167729739e+00
1.2915568627e+00   1.0200106946e+00
1.2970568627e+00   1.0232586011e+00
1.3025568627e+00   1.0265167048e+00
1.3080568627e+00   1.0297850169e+00
1.3135568627e+00   1.0330635483e+00
1.3190568627e+00   1.0363523097e+00
1.3245568627e+00   1.0396513117e+00
1.3300568627e+00   1.0429605645e+00
1.3355568627e+00   1.0462800781e+00
1.3410568627e+00   1.0496098622e+00
1.3465568627e+00   1.0529499264e+00
1.3520568627e+00   1.0563002798e+00
1.3575568627e+00   1.0596609316e+00
1.3630568627e+00   1.0630318903e+00
1.3685568627e+00   1.0664131645e+00
1.3740568627e+00   1.0698047624e+00
1.3795568627e+00   1.0732066917e+00
1.3850568627e+00   1.0766189603e+00
1.3905568627e+00   1.0800415754e+00
1.3960568627e+00   1.0834745440e+00
1.4015568627e+00   1.0869178731e+00
1.4070568627e+00   1.0903715689e+00
1.4125568627e+00   1.0938356377e+00
1.4180568627e+00   1.0973100855e+00
1.4235568627e+00   1.1007949176e+00
1.4290568627e+00   1.1042901395e+00
1.4345568627e+00   1.1077957560e+00
1.4400568627e+00   1.1113117718e+00
1.4455568627e+00   1.1148381911e+00
1.4510568627e+00   1.1183750180e+00
1.4565568627e+00   1.1219222560e+00
1.4620568627e+00   1.1254799085e+00
1.4675568627e+00   1.1290479785e+00
1.4730568627e+00   1.1326264685e+00
1.4785568627e+00   1.1362153807e+00
1.4840568627e+00   1.1398147172e+00
1.4895568627e+00   1.1434244795e+00
1.4950568627e+00   1.1470446687e+00
1.5005568627e+00   1.1506752857e+00
1.5060568627e+00   1.1543163310e+00
1.5115568627e+00   1.1579678044e+00
1.5170568627e+00   1.1616297059e+00
1.5225568627e+00   1.1653020346e+00
1.5280568627e+00   1.1689847895e+00
1.5335568627e+00   1.1726779690e+00
1.5390568627e+00   1.1763815713e+00
1.5445568627e+00   1.1800955940e+00
1.5500568627e+00   1.1838200345e+00
1.5555568627e+00   1.1875548896e+00
1.5610568627e+00   1.1913001557e+00
1.5665568627e+00   1.1950558289e+00
1.5720568627e+00   1.1988219047e+00
1.5775568627e+00   1.2025983783e+00
1.5830568627e+00   1.2063852444e+00
1.5885568627e+00   1.2101824972e+00
1.5940568627e+00   1.2139901305e+00
1.5995568627e+00   1.2178081376e+00
1.6050568627e+00   1.2216365114e+00
1.6105568627e+00   1.2254752443e+00
1.6160568627e+00   1.2293243282e+00
1.6215568627e+00   1.2331837546e+00
1.6270568627e+00   1.2370535144e+00
1.6325568627e+00   1.2409335980e+00
1.6380568627e+00   1.2448239953e+00
1.6435568627e+00   1.2487246960e+00
1.6490568627e+00   1.2526356887e+00
1.6545568627e+00   1.2565569621e+00
1.6600568627e+00   1.2604885040e+00
1.6655568627e+00   1.2644303016e+00
1.6710568627e+00   1.2683823420e+00
1.6765568627e+00   1.2723446113e+00
1.6820568627e+00   1.2763170952e+00
1.6875568627e+00   1.2802997790e+00
1.6930568627e+00   1.2842926473e+00
1.6985568627e+00   1.2882956842e+00
1.7040568627e+00   1.2923088730e+00
1.7095568627e+00   1.2963321967e+00
1.7150568627e+00   1.3003656377e+00
1.7205568627e+00   1.3044091776e+00
1.7260568627e+00   1.3084627976e+00
1.7315568627e+00   1.3125264782e+00
1.7370568627e+00   1.3166001992e+00
1.7425568627e+00   1.3206839400e+00
1.7480568627e+00   1.3247776793e+00
1.7535568627e+00   1.3288813949e+00
1.7590568627e+00   1.3329950644e+00
1.7645568627e+00   1.3371186645e+00
1.7700568627e+00   1.3412521712e+00
1.7755568627e+00   1.3453955599e+00
1.7810568627e+00   1.3495488055e+00
1.7865568627e+00   1.3537118820e+00
1.7920568627e+00   1.3578847627e+00
1.7975568627e+00   1.3620674204e+00
1.8030568627e+00   1.3662598271e+00
1.8085568627e+00   1.3704619542e+00
1.8140568627e+00   1.3746737721e+00
1.8195568627e+00   1.3788952507e+00
1.8250568627e+00   1.3831263593e+00
1.8305568627e+00   1.3873670662e+00
1.8360568627e+00   1.3916173391e+00
1.8415568627e+00   1.3958771449e+00
1.8470568627e+00   1.4001464497e+00
1.8525568627e+00   1.4044252190e+00
1.8580568627e+00   1.4087134174e+00
1.8635568627e+00   1.4130110088e+00
1.8690568627e+00   1.4173179561e+00
1.8745568627e+00   1.4216342217e+00
1.8800568627e+00   1.4259597670e+00
1.8855568627e+00   1.4302945526e+00
1.8910568627e+00   1.4346385384e+00
1.8965568627e+00   1.4389916834e+00
1.9020568627e+00   1.4433539457e+00
1.9075568627e+00   1.4477252826e+00
1.9130568627e+00   1.4521056506e+00
1.9185568627e+00   1.4564950052e+00
1.9240568627e+00   1.4608933013e+00
1.9295568627e+00   1.4653004926e+00
1.9350568627e+00   1.4697165321e+00
1.9405568627e+00   1.4741413718e+00
1.9460568627e+00   1.4785749630e+00
1.9515568627e+00   1.4830172559e+00
1.9570568627e+00   1.4874681997e+00
1.9625568627e+00   1.4919277429e+00
1.9680568627e+00   1.4963958330e+00
1.9735568627e+00   1.5008724164e+00
1.9790568627e+00   1.5053574386e+00
1.9845568627e+00   1.5098508444e+00
1.9900568627e+00   1.5143525772e+00
1.9955568627e+00   1.5188625797e+00
2.0010568627e+00   1.5233807935e+00
2.0065568627e+00   1.5279071593e+00
2.0120568627e+00   1.5324416167e+00
2.0175568627e+00   1.5369841042e+00
2.0230568627e+00   1.5415345595e+00
2.0285568627e+00   1.5460929190e+00
2.0340568627e+00   1.5506591182e+00
2.0395568627e+00   1.5552330917e+00
2.0450568627e+00   1.5598147726e+00
2.0505568627e+00   1.5644040933e+00
2.0560568627e+00   1.5690009850e+00
2.0615568627e+00   1.5736053778e+00
2.0670568627e+00   1.5782172007e+00
2.0725568627e+00   1.5828363815e+00
2.0780568627e+00   1.5874628471e+00
2.0835568627e+00   1.5920965229e+00
2.0890568627e+00   1.5967373336e+00
2.0945568627e+00   1.6013852024e+00
2.1000568627e+00   1.6060400514e+00
2.1055568627e+00   1.6107018018e+00
2.1110568627e+00   1.6153703732e+00
2.1165568627e+00   1.6200456843e+00
2.1220568627e+00   1.6247276526e+00
2.1275568627e+00   1.6294161941e+00
2.1330568627e+00   1.6341112239e+00
2.1385568627e+00   1.6388126557e+00
2.1440568627e+00   1.6435204021e+00
2.1495568627e+00   1.6482343742e+00
2.1550568627e+00   1.6529544821e+00
2.1605568627e+00   1.6576806345e+00
2.1660568627e+00   1.6624127389e+00
2.1715568627e+00   1.6671507013e+00
2.1770568627e+00   1.6718944266e+00
2.1825568627e+00   1.6766438183e+00
2.1880568627e+00   1.6813987787e+00
2.1935568627e+00   1.6861592086e+00
2.1990568627e+00   1.6909250076e+00
2.2045568627e+00   1.6956960738e+00
2.2100568627e+00   1.7004723040e+00
2.2155568627e+00   1.7052535938e+00
2.2210568627e+00   1.7100398371e+00
2.2265568627e+00   1.7148309266e+00
2.2320568627e+00   1.7196267536e+00
2.2375568627e+00   1.7244272080e+00
2.2430568627e+00   1.7292321782e+00
2.2485568627e+00   1.7340415511e+00
2.2540568627e+00   1.7388552123e+00
2.2595568627e+00   1.7436730460e+00
2.2650568627e+00   1.7484949347e+00
2.2705568627e+00   1.7533207596e+00
2.2760568627e+00   1.7581504004e+00
2.2815568627e+00   1.7629837353e+00
2.2870568627e+00   1.7678206409e+00
2.2925568627e+00   1.7726609923e+00
2.2980568627e+00   1.7775046634e+00
2.3035568627e+00   1.7823515260e+00
2.3090568627e+00   1.7872014509e+00
2.3145568627e+00   1.7920543069e+00
2.3200568627e+00   1.7969099616e+00
2.3255568627e+00   1.8017682808e+00
2.3310568627e+00   1.8066291288e+00
2.3365568627e+00   1.8114923683e+00
2.3420568627e+00   1.8163578603e+00
2.3475568627e+00   1.8212254644e+00
2.3530568627e+00   1.8260950383e+00
2.3585568627e+00   1.8309664383e+00
2.3640568627e+00   1.8358395191e+00
2.3695568627e+00   1.8407141334e+00
2.3750568627e+00   1.8455901326e+00
2.3805568627e+00   1.8504673662e+00
2.3860568627e+00   1.8553456823e+00
2.3915568627e+00   1.8602249270e+00
2.3970568627e+00   1.8651049448e+00
2.4025568627e+00   1.8699855785e+00
2.4080568627e+00   1.8748666694e+00
2.4135568627e+00   1.8797480567e+00
2.4190568627e+00   1.8846295782e+00
2.4245568627e+00   1.8895110697e+00
2.4300568627e+00   1.8943923654e+00
2.4355568627e+00   1.8992732977e+00
2.4410568627e+00   1.9041536972e+00
2.4465568627e+00   1.9090333929e+00
2.4520568627e+00   1.9139122117e+00
2.4575568627e+00   1.9187899791e+00
2.4630568627e+00   1.9236665183e+00
2.4685568627e+00   1.9285416513e+00
2.4740568627e+00   1.9334151977e+00
2.4795568627e+00   1.9382869758e+00
2.4850568627e+00   1.9431568016e+00
2.4905568627e+00   1.9480244895e+00
2.4960568627e+00   1.9528898522e+00
2.5015568627e+00   1.9577527003e+00
2.5070568627e+00   1.9626128426e+00
2.5125568627e+00   1.9674700861e+00
2.5180568627e+00   1.9723242358e+00
2.5235568627e+00   1.9771750951e+00
2.5290568627e+00   1.9820224652e+00
2.5345568627e+00   1.9868661456e+00
2.5400568627e+00   1.9917059339e+00
2.5455568627e+00   1.9965416256e+00
2.5510568627e+00   2.0013730146e+00
2.5565568627e+00   2.0061998927e+00
2.5620568627e+00   2.0110220498e+00
2.5675568627e+00   2.0158392739e+00
2.5730568627e+00   2.0206513511e+00
2.5785568627e+00   2.0254580655e+00
2.5840568627e+00   2.0302591994e+00
2.5895568627e+00   2.0350545331e+00
2.5950568627e+00   2.0398438448e+00
2.6005568627e+00   2.0446269111e+00
2.6060568627e+00   2.0494035062e+00
2.6115568627e+00   2.0541734028e+00
2.6170568627e+00   2.0589363714e+00
2.6225568627e+00   2.0636921806e+00
2.6280568627e+00   2.0684405970e+00
2.6335568627e+00   2.0731813854e+00
2.6390568627e+00   2.0779143084e+00
2.6445568627e+00   2.0826391268e+00
2.6500568627e+00   2.0873555994e+00
2.6555568627e+00   2.0920634831e+00
2.6610568627e+00   2.0967625327e+00
2.6665568627e+00   2.1014525012e+00
2.6720568627e+00   2.1061331395e+00
2.6775568627e+00   2.1108041966e+00
2.6830568627e+00   2.1154654196e+00
2.6885568627e+00   2.1201165535e+00
2.6940568627e+00   2.1247573415e+00
2.6995568627e+00   2.1293875248e+00
2.7050568627e+00   2.1340068426e+00
2.7105568627e+00   2.1386150322e+00
2.7160568627e+00   2.1432118288e+00
2.7215568627e+00   2.1477969660e+00
2.7270568627e+00   2.1523701751e+00
2.7325568627e+00   2.1569311857e+00
2.7380568627e+00   2.1614797255e+00
2.7435568627e+00   2.1660155200e+00
2.7490568627e+00   2.1705382931e+00
2.7545568627e+00   2.1750477666e+00
2.7600568627e+00   2.1795436605e+00
2.7655568627e+00   2.1840256928e+00
2.7710568627e+00   2.1884935798e+00
2.7765568627e+00   2.1929470357e+00
2.7820568627e+00   2.1973857730e+00
2.7875568627e+00   2.2018095023e+00
2.7930568627e+00   2.2062179322e+00
2.7985568627e+00   2.2106107697e+00
2.8040568627e+00   2.2149877199e+00
2.8095568627e+00   2.2193484859e+00
2.8150568627e+00   2.2236927692e+00
2.8205568627e+00   2.2280202695e+00
2.8260568627e+00   2.2323306846e+00
2.8315568627e+00   2.2366237106e+00
2.8370568627e+00   2.2408990418e+00
2.8425568627e+00   2.2451563709e+00
2.8480568627e+00   2.2493953887e+00
2.8535568627e+00   2.2536157844e+00
2.8590568627e+00   2.2578172455e+00
2.8645568627e+00   2.2619994578e+00
2.8700568627e+00   2.2661621055e+00
2.8755568627e+00   2.2703048710e+00
2.8810568627e+00   2.2744274353e+00
2.8865568627e+00   2.2785294776e+00
2.8920568627e+00   2.2826106758e+00
2.8975568627e+00   2.2866707058e+00
2.9030568627e+00   2.2907092424e+00
2.9085568627e+00   2.2947259586e+00
2.9140568627e+00   2.2987205261e+00
2.9195568627e+00   2.3026926151e+00
2.9250568627e+00   2.3066418941e+00
2.9305568627e+00   2.3105680305e+00
2.9360568627e+00   2.3144706902e+00
2.9415568627e+00   2.3183495377e+00
2.9470568627e+00   2.3222042362e+00
2.9525568627e+00   2.3260344475e+00
2.9580568627e+00   2.3298398323e+00
2.9635568627e+00   2.3336200498e+00
2.9690568627e+00   2.3373747581e+00
2.9745568627e+00   2.3411036142e+00
2.9800568627e+00   2.3448062738e+00
2.9855568627e+00   2.3484823916e+00
2.9910568627e+00   2.3521316209e+00
2.9965568627e+00   2.3557536144e+00
3.0020568627e+00   2.3593480233e+00
3.0075568627e+00   2.3629144982e+00
3.0130568627e+00   2.3664526885e+00
3.0185568627e+00   2.3699622427e+00
3.0240568627e+00   2.3734428086e+00
3.0295568627e+00   2.3768940330e+00
3.0350568627e+00   2.3803155619e+00
3.0405568627e+00   2.3837070405e+00
3.0460568627e+00   2.3870681134e+00
3.0515568627e+00   2.3903984244e+00
3.0570568627e+00   2.3936976168e+00
3.0625568627e+00   2.3969653333e+00
3.0680568627e+00   2.4002012157e+00
3.0735568627e+00   2.4034049059e+00
3.0790568627e+00   2.4065760448e+00
3.0845568627e+00   2.4097142731e+00
3.0900568627e+00   2.4128192313e+00
3.0955568627e+00   2.4158905593e+00
3.1010568627e+00   2.4189278969e+00
3.1065568627e+00   2.4219308837e+00
3.1120568627e+00   2.4248991589e+00
3.1175568627e+00   2.4278323620e+00
3.1230568627e+00   2.4307301322e+00
3.1285568627e+00   2.4335921085e+00
3.1340568627e+00   2.4364179304e+00
3.1395568627e+00   2.4392072372e+00
3.1450568627e+00   2.4419596684e+00
3.1505568627e+00   2.4446748638e+00
3.1560568627e+00   2.4473524634e+00
3.1615568627e+00   2.4499921076e+00
3.1670568627e+00   2.4525934372e+00
3.1725568627e+00   2.4551560934e+00
3.1780568627e+00   2.4576797179e+00
3.1835568627e+00   2.4601639532e+00
3.1890568627e+00   2.4626084421e+00
3.1945568627e+00   2.4650128284e+00
3.2000568627e+00   2.4673767566e+00
3.2055568627e+00   2.4696998719e+00
3.2110568627e+00   2.4719818206e+00
3.2165568627e+00   2.4742222499e+00
3.2220568627e+00   2.4764208079e+00
3.2275568627e+00   2.4785771441e+00
3.2330568627e+00   2.4806909090e+00
3.2385568627e+00   2.4827617543e+00
3.2440568627e+00   2.4847893332e+00
3.2495568627e+00   2.4867733002e+00
3.2550568627e+00   2.4887133111e+00
3.2605568627e+00   2.4906090236e+00
3.2660568627e+00   2.4924600967e+00
3.2715568627e+00   2.4942661913e+00
3.2770568627e+00   2.4960269699e+00
3.2825568627e+00   2.4977420969e+00
3.2880568627e+00   2.4994112388e+00
3.2935568627e+00   2.5010340637e+00
3.2990568627e+00   2.5026102421e+00
3.3045568627e+00   2.5041394466e+00
3.3100568627e+00   2.5056213520e+00
3.3155568627e+00   2.5070556353e+00
3.3210568627e+00   2.5084419760e+00
3.3265568627e+00   2.5097800562e+00
3.3320568627e+00   2.5110695602e+00
3.3375568627e+00   2.5123101753e+00
3.3430568627e+00   2.5135015913e+00
3.3485568627e+00   2.5146435009e+00
3.3540568627e+00   2.5157355996e+00
3.3595568627e+00   2.5167775860e+00
3.3650568627e+00   2.5177691616e+00
3.3705568627e+00   2.5187100310e+00
3.3760568627e+00   2.5195999023e+00
3.3815568627e+00   2.5204384867e+00
3.3870568627e+00   2.5212254987e+00
3.3925568627e+00   2.5219606564e+00
3.3980568627e+00   2.5226436815e+00
3.4035568627e+00   2.5232742994e+00
3.4090568627e+00   2.5238522389e+00
3.4145568627e+00   2.5243772329e+00
3.4200568627e+00   2.5248490183e+00
3.4255568627e+00   2.5252673357e+00
3.4310568627e+00   2.5256319299e+00
3.4365568627e+00   2.5259425500e+00
3.4420568627e+00   2.5261989490e+00
3.4475568627e+00   2.5264008847e+00
3.4530568627e+00   2.5265481190e+00
3.4585568627e+00   2.5266404183e+00
3.4640568627e+00   2.5266775538e+00
3.4695568627e+00   2.5266593012e+00
3.4750568627e+00   2.5265854410e+00
3.4805568627e+00   2.5264557586e+00
3.4860568627e+00   2.5262700443e+00
3.4915568627e+00   2.5260280935e+00
3.4970568627e+00   2.5257297064e+00
3.5025568627e+00   2.5253746889e+00
3.5080568627e+00   2.5249628516e+00
3.5135568627e+00   2.5244940109e+00
3.5190568627e+00   2.5239679885e+00
3.5245568627e+00   2.5233846114e+00
3.5300568627e+00   2.5227437124e+00
3.5355568627e+00   2.5220451301e+00
3.5410568627e+00   2.5212887085e+00
3.5465568627e+00   2.5204742978e+00
3.5520568627e+00   2.5196017538e+00
3.5575568627e+00   2.5186709385e+00
3.5630568627e+00   2.5176817199e+00
3.5685568627e+00   2.5166339721e+00
3.5740568627e+00   2.5155275754e+00
3.5795568627e+00   2.5143624165e+00
3.5850568627e+00   2.5131383883e+00
3.5905568627e+00   2.5118553903e+00
3.5960568627e+00   2.5105133284e+00
3.6015568627e+00   2.5091121151e+00
3.6070568627e+00   2.5076516694e+00
3.6125568627e+00   2.5061319173e+00
3.6180568627e+00   2.5045527912e+00
3.6235568627e+00   2.5029142306e+00
3.6290568627e+00   2.5012161818e+00
3.6345568627e+00   2.4994585981e+00
3.6400568627e+00   2.4976414397e+00
3.6455568627e+00   2.4957646740e+00
3.6510568627e+00   2.4938282754e+00
3.6565568627e+00   2.4918322256e+00
3.6620568627e+00   2.4897765134e+00
3.6675568627e+00   2.4876611350e+00
3.6730568627e+00   2.4854860939e+00
3.6785568627e+00   2.4832514010e+00
3.6840568627e+00   2.4809570746e+00
3.6895568627e+00   2.4786031404e+00
3.6950568627e+00   2.4761896317e+00
3.7005568627e+00   2.4737165894e+00
3.7060568627e+00   2.4711840619e+00
3.7115568627e+00   2.4685921052e+00
3.7170568627e+00   2.4659407831e+00
3.7225568627e+00   2.4632301669e+00
3.7280568627e+00   2.4604603357e+00
3.7335568627e+00   2.4576313765e+00
3.7390568627e+00   2.4547433840e+00
3.7445568627e+00   2.4517964604e+00
3.7500568627e+00   2.4487907162e+00
3.7555568627e+00   2.4457262695e+00
3.7610568627e+00   2.4426032461e+00
3.7665568627e+00   2.4394217800e+00
3.7720568627e+00   2.4361820128e+00
3.7775568627e+00   2.4328840941e+00
3.7830568627e+00   2.4295281816e+00
3.7885568627e+00   2.4261144404e+00
3.7940568627e+00   2.4226430441e+00
3.7995568627e+00   2.4191141737e+00
3.8050568627e+00   2.4155280185e+00
3.8105568627e+00   2.4118847753e+00
3.8160568627e+00   2.4081846492e+00
3.8215568627e+00   2.4044278528e+00
3.8270568627e+00   2.4006146069e+00
3.8325568627e+00   2.3967451399e+00
3.8380568627e+00   2.3928196881e+00
3.8435568627e+00   2.3888384956e+00
3.8490568627e+00   2.3848018144e+00
3.8545568627e+00   2.3807099042e+00
3.8600568627e+00   2.3765630323e+00
3.8655568627e+00   2.3723614738e+00
3.8710568627e+00   2.3681055116e+00
3.8765568627e+00   2.3637954360e+00
3.8820568627e+00   2.3594315450e+00
3.8875568627e+00   2.3550141441e+00
3.8930568627e+00   2.3505435465e+00
3.8985568627e+00   2.3460200725e+00
3.9040568627e+00   2.3414440501e+00
3.9095568627e+00   2.3368158145e+00
3.9150568627e+00   2.3321357084e+00
3.9205568627e+00   2.3274040815e+00
3.9260568627e+00   2.3226212908e+00
3.9315568627e+00   2.3177877004e+00
3.9370568627e+00   2.3129036815e+00
3.9425568627e+00   2.3079696121e+00
3.9480568627e+00   2.3029858775e+00
3.9535568627e+00   2.2979528695e+00
3.9590568627e+00   2.2928709867e+00
3.9645568627e+00   2.2877406345e+00
3.9700568627e+00   2.2825622250e+00
3.9755568627e+00   2.2773361766e+00
3.9810568627e+00   2.2720629142e+00
3.9865568627e+00   2.2667428693e+00
3.9920568627e+00   2.2613764793e+00
3.9975568627e+00   2.2559641880e+00
4.0030568627e+00   2.2505064453e+00
4.0085568627e+00   2.2450037069e+00
4.0140568627e+00   2.2394564347e+00
4.0195568627e+00   2.2338650960e+00
4.0250568627e+00   2.2282301642e+00
4.0305568627e+00   2.2225521179e+00
4.0360568627e+00   2.2168314414e+00
4.0415568627e+00   2.2110686243e+00
4.0470568627e+00   2.2052641615e+00
4.0525568627e+00   2.1994185531e+00
4.0580568627e+00   2.1935323040e+00
4.0635568627e+00   2.1876059242e+00
4.0690568627e+00   2.1816399285e+00
4.0745568627e+00   2.1756348364e+00
4.0800568627e+00   2.1695911719e+00
4.0855568627e+00   2.1635094633e+00
4.0910568627e+00   2.1573902436e+00
4.0965568627e+00   2.1512340496e+00
4.1020568627e+00   2.1450414224e+00
4.1075568627e+00   2.1388129069e+00
4.1130568627e+00   2.1325490519e+00
4.1185568627e+00   2.1262504099e+00
4.1240568627e+00   2.1199175368e+00
4.1295568627e+00   2.1135509922e+00
4.1350568627e+00   2.1071513387e+00
4.1405568627e+00   2.1007191421e+00
4.1460568627e+00   2.0942549715e+00
4.1515568627e+00   2.0877593984e+00
4.1570568627e+00   2.0812329975e+00
4.1625568627e+00   2.0746763459e+00
4.1680568627e+00   2.0680900231e+00
4.1735568627e+00   2.0614746111e+00
4.1790568627e+00   2.0548306940e+00
4.1845568627e+00   2.0481588581e+00
4.1900568627e+00   2.0414596914e+00
4.1955568627e+00   2.0347337838e+00
4.2010568627e+00   2.0279817269e+00
4.2065568627e+00   2.0212041136e+00
4.2120568627e+00   2.0144015385e+00
4.2175568627e+00   2.0075745971e+00
4.2230568627e+00   2.0007238861e+00
4.2285568627e+00   1.9938500032e+00
4.2340568627e+00   1.9869535469e+00
4.2395568627e+00   1.9800351163e+00
4.2450568627e+00   1.9730953110e+00
4.2505568627e+00   1.9661347311e+00
4.2560568627e+00   1.9591539769e+00
4.2615568627e+00   1.9521536488e+00
4.2670568627e+00   1.9451343473e+00
4.2725568627e+00   1.9380966725e+00
4.2780568627e+00   1.9310412245e+00
4.2835568627e+00   1.9239686028e+00
4.2890568627e+00   1.9168794064e+00
4.2945568627e+00   1.9097742335e+00
4.3000568627e+00   1.9026536816e+00
4.3055568627e+00   1.8955183472e+00
4.3110568627e+00   1.8883688258e+00
4.3165568627e+00   1.8812057116e+00
4.3220568627e+00   1.8740295975e+00
4.3275568627e+00   1.8668410749e+00
4.3330568627e+00   1.8596407336e+00
4.3385568627e+00   1.8524291617e+00
4.3440568627e+00   1.8452069456e+00
4.3495568627e+00   1.8379746695e+00
4.3550568627e+00   1.8307329158e+00
4.3605568627e+00   1.8234822645e+00
4.3660568627e+00   1.8162232933e+00
4.3715568627e+00   1.8089565776e+00
4.3770568627e+00   1.8016826903e+00
4.3825568627e+00   1.7944022013e+00
4.3880568627e+00   1.7871156783e+00
4.3935568627e+00   1.7798236856e+00
4.3990568627e+00   1.7725267849e+00
4.4045568627e+00   1.7652255347e+00
4.4100568627e+00   1.7579204902e+00
4.4155568627e+00   1.7506122036e+00
4.4210568627e+00   1.7433012234e+00
4.4265568627e+00   1.7359880949e+00
4.4320568627e+00   1.7286733597e+00
4.4375568627e+00   1.7213575558e+00
4.4430568627e+00   1.7140412174e+00
4.4485568627e+00   1.7067248749e+00
4.4540568627e+00   1.6994090546e+00
4.4595568627e+00   1.6920942792e+00
4.4650568627e+00   1.6847810669e+00
4.4705568627e+00   1.6774699319e+00
4.4760568627e+00   1.6701613841e+00
4.4815568627e+00   1.6628559292e+00
4.4870568627e+00   1.6555540684e+00
4.4925568627e+00   1.6482562984e+00
4.4980568627e+00   1.6409631113e+00
4.5035568627e+00   1.6336749949e+00
4.5090568627e+00   1.6263924320e+00
4.5145568627e+00   1.6191159007e+00
4.5200568627e+00   1.6118458745e+00
4.5255568627e+00   1.6045828219e+00
4.5310568627e+00   1.5973272065e+00
4.5365568627e+00   1.5900794869e+00
4.5420568627e+00   1.5828401169e+00
4.5475568627e+00   1.5756095449e+00
4.5530568627e+00   1.5683882144e+00
4.5585568627e+00   1.5611765637e+00
4.5640568627e+00   1.5539750260e+00
4.5695568627e+00   1.5467840289e+00
4.5750568627e+00   1.5396039952e+00
4.5805568627e+00   1.5324353421e+00
4.5860568627e+00   1.5252784814e+00
4.5915568627e+00   1.5181338196e+00
4.5970568627e+00   1.5110017579e+00
4.6025568627e+00   1.5038826918e+00
4.6080568627e+00   1.4967770117e+00
4.6135568627e+00   1.4896851020e+00
4.6190568627e+00   1.4826073421e+00
4.6245568627e+00   1.4755441055e+00
4.6300568627e+00   1.4684957603e+00
4.6355568627e+00   1.4614626690e+00
4.6410568627e+00   1.4544451886e+00
4.6465568627e+00   1.4474436703e+00
4.6520568627e+00   1.4404584599e+00
4.6575568627e+00   1.4334898974e+00
4.6630568627e+00   1.4265383174e+00
4.6685568627e+00   1.4196040487e+00
4.6740568627e+00   1.4126874146e+00
4.6795568627e+00   1.4057887326e+00
4.6850568627e+00   1.3989083147e+00
4.6905568627e+00   1.3920464672e+00
4.6960568627e+00   1.3852034910e+00
4.7015568627e+00   1.3783796810e+00
4.7070568627e+00   1.3715753269e+00
4.7125568627e+00   1.3647907125e+00
4.7180568627e+00   1.3580261161e+00
4.7235568627e+00   1.3512818106e+00
4.7290568627e+00   1.3445580630e+00
4.7345568627e+00   1.3378551350e+00
4.7400568627e+00   1.3311732828e+00
4.7455568627e+00   1.3245127569e+00
4.7510568627e+00   1.3178738026e+00
4.7565568627e+00   1.3112566593e+00
4.7620568627e+00   1.3046615614e+00
4.7675568627e+00   1.2980887377e+00
4.7730568627e+00   1.2915384115e+00
4.7785568627e+00   1.2850108008e+00
4.7840568627e+00   1.2785061183e+00
4.7895568627e+00   1.2720245715e+00
4.7950568627e+00   1.2655663624e+00
4.8005568627e+00   1.2591316878e+00
4.8060568627e+00   1.2527207394e+00
4.8115568627e+00   1.2463337035e+00
4.8170568627e+00   1.2399707616e+00
4.8225568627e+00   1.2336320896e+00
4.8280568627e+00   1.2273178588e+00
4.8335568627e+00   1.2210282352e+00
4.8390568627e+00   1.2147633798e+00
4.8445568627e+00   1.2085234487e+00
4.8500568627e+00   1.2023085931e+00
4.8555568627e+00   1.1961189592e+00
4.8610568627e+00   1.1899546884e+00
4.8665568627e+00   1.1838159173e+00
4.8720568627e+00   1.1777027779e+00
4.8775568627e+00   1.1716153973e+00
4.8830568627e+00   1.1655538979e+00
4.8885568627e+00   1.1595183976e+00
4.8940568627e+00   1.1535090097e+00
4.8995568627e+00   1.1475258430e+00
4.9050568627e+00   1.1415690015e+00
4.9105568627e+00   1.1356385853e+00
4.9160568627e+00   1.1297346896e+00
4.9215568627e+00   1.1238574056e+00
4.9270568627e+00   1.1180068200e+00
4.9325568627e+00   1.1121830154e+00
4.9380568627e+00   1.1063860699e+00
4.9435568627e+00   1.1006160580e+00
4.9490568627e+00   1.0948730495e+00
4.9545568627e+00   1.0891571105e+00
4.9600568627e+00   1.0834683030e+00
4.9655568627e+00   1.0778066851e+00
4.9710568627e+00   1.0721723110e+00
4.9765568627e+00   1.0665652309e+00
4.9820568627e+00   1.0609854914e+00
4.9875568627e+00   1.0554331352e+00
4.9930568627e+00   1.0499082014e+00
4.9985568627e+00   1.0444107255e+00
5.0040568627e+00   1.0389407392e+00
5.0095568627e+00   1.0334982708e+00
5.0150568627e+00   1.0280833452e+00
5.0205568627e+00   1.0226959837e+00
5.0260568627e+00   1.0173362043e+00
5.0315568627e+00   1.0120040216e+00
5.0370568627e+00   1.0066994469e+00
5.0425568627e+00   1.0014224884e+00
5.0480568627e+00   9.9617315094e-01
5.0535568627e+00   9.9095143642e-01
5.0590568627e+00   9.8575734350e-01
5.0645568627e+00   9.8059086790e-01
5.0700568627e+00   9.7545200230e-01
5.0755568627e+00   9.7034073650e-01
5.0810568627e+00   9.6525705739e-01
5.0865568627e+00   9.6020094906e-01
5.0920568627e+00   9.5517239280e-01
5.0975568627e+00   9.5017136717e-01
5.1030568627e+00   9.4519784807e-01
5.1085568627e+00   9.4025180876e-01
5.1140568627e+00   9.3533321991e-01
5.1195568627e+00   9.3044204969e-01
5.1250568627e+00   9.2557826374e-01
5.1305568627e+00   9.2074182529e-01
5.1360568627e+00   9.1593269520e-01
5.1415568627e+00   9.1115083196e-01
5.1470568627e+00   9.0639619177e-01
5.1525568627e+00   9.0166872861e-01
5.1580568627e+00   8.9696839423e-01
5.1635568627e+00   8.9229513825e-01
5.1690568627e+00   8.8764890816e-01
5.1745568627e+00   8.8302964940e-01
5.1800568627e+00   8.7843730540e-01
5.1855568627e+00   8.7387181760e-01
5.1910568627e+00   8.6933312553e-01
5.1965568627e+00   8.6482116683e-01
5.2020568627e+00   8.6033587728e-01
5.2075568627e+00   8.5587719090e-01
5.2130568627e+00   8.5144503991e-01
5.2185568627e+00   8.4703935484e-01
5.2240568627e+00   8.4266006457e-01
5.2295568627e+00   8.3830709630e-01
5.2350568627e+00   8.3398037568e-01
5.2405568627e+00   8.2967982681e-01
5.2460568627e+00   8.2540537225e-01
5.2515568627e+00   8.2115693312e-01
5.2570568627e+00   8.1693442910e-01
5.2625568627e+00   8.1273777848e-01
5.2680568627e+00   8.0856689820e-01
5.2735568627e+00   8.0442170387e-01
5.2790568627e+00   8.0030210985e-01
5.2845568627e+00   7.9620802922e-01
5.2900568627e+00   7.9213937389e-01
5.2955568627e+00   7.8809605458e-01
5.3010568627e+00   7.8407798089e-01
5.3065568627e+00   7.8008506131e-01
5.3120568627e+00   7.7611720327e-01
5.3175568627e+00   7.7217431317e-01
5.3230568627e+00   7.6825629643e-01
5.3285568627e+00   7.6436305747e-01
5.3340568627e+00   7.6049449980e-01
5.3395568627e+00   7.5665052605e-01
5.3450568627e+00   7.5283103796e-01
5.3505568627e+00   7.4903593643e-01
5.3560568627e+00   7.4526512157e-01
5.3615568627e+00   7.4151849271e-01
5.3670568627e+00   7.3779594844e-01
5.3725568627e+00   7.3409738663e-01
5.3780568627e+00   7.3042270446e-01
5.3835568627e+00   7.2677179847e-01
5.3890568627e+00   7.2314456455e-01
5.3945568627e+00   7.1954089800e-01
5.4000568627e+00   7.1596069355e-01
5.4055568627e+00   7.1240384536e-01
5.4110568627e+00   7.0887024710e-01
5.4165568627e+00   7.0535979191e-01
5.4220568627e+00   7.0187237250e-01
5.4275568627e+00   6.9840788109e-01
5.4330568627e+00   6.9496620951e-01
5.4385568627e+00   6.9154724920e-01
5.4440568627e+00   6.8815089119e-01
5.4495568627e+00   6.8477702620e-01
5.4550568627e+00   6.8142554459e-01
5.4605568627e+00   6.7809633645e-01
5.4660568627e+00   6.7478929156e-01
5.4715568627e+00   6.7150429945e-01
5.4770568627e+00   6.6824124941e-01
5.4825568627e+00   6.6500003051e-01
5.4880568627e+00   6.6178053162e-01
5.4935568627e+00   6.5858264144e-01
5.4990568627e+00   6.5540624851e-01
5.5045568627e+00   6.5225124121e-01
5.5100568627e+00   6.4911750784e-01
5.5155568627e+00   6.4600493656e-01
5.5210568627e+00   6.4291341546e-01
5.5265568627e+00   6.3984283256e-01
5.5320568627e+00   6.3679307585e-01
5.5375568627e+00   6.3376403326e-01
5.5430568627e+00   6.3075559273e-01
5.5485568627e+00   6.2776764219e-01
5.5540568627e+00   6.2480006957e-01
5.5595568627e+00   6.2185276287e-01
5.5650568627e+00   6.1892561010e-01
5.5705568627e+00   6.1601849936e-01
5.5760568627e+00   6.1313131882e-01
5.5815568627e+00   6.1026395674e-01
5.5870568627e+00   6.0741630147e-01
5.5925568627e+00   6.0458824151e-01
5.5980568627e+00   6.0177966547e-01
5.6035568627e+00   5.9899046211e-01
5.6090568627e+00   5.9622052035e-01
5.6145568627e+00   5.9346972929e-01
5.6200568627e+00   5.9073797819e-01
5.6255568627e+00   5.8802515652e-01
5.6310568627e+00   5.8533115396e-01
5.6365568627e+00   5.8265586039e-01
5.6420568627e+00   5.7999916594e-01
5.6475568627e+00   5.7736096094e-01
5.6530568627e+00   5.7474113602e-01
5.6585568627e+00   5.7213958204e-01
5.6640568627e+00   5.6955619011e-01
5.6695568627e+00   5.6699085167e-01
5.6750568627e+00   5.6444345839e-01
5.6805568627e+00   5.6191390227e-01
5.6860568627e+00   5.5940207562e-01
5.6915568627e+00   5.5690787103e-01
5.6970568627e+00   5.5443118146e-01
5.7025568627e+00   5.5197190015e-01
5.7080568627e+00   5.4952992071e-01
5.7135568627e+00   5.4710513708e-01
5.7190568627e+00   5.4469744357e-01
5.7245568627e+00   5.4230673484e-01
5.7300568627e+00   5.3993290589e-01
5.7355568627e+00   5.3757585215e-01
5.7410568627e+00   5.3523546937e-01
5.7465568627e+00   5.3291165373e-01
5.7520568627e+00   5.3060430178e-01
5.7575568627e+00   5.2831331048e-01
5.7630568627e+00   5.2603857717e-01
5.7685568627e+00   5.2377999963e-01
5.7740568627e+00   5.2153747603e-01
5.7795568627e+00   5.1931090498e-01
5.7850568627e+00   5.1710018549e-01
5.7905568627e+00   5.1490521702e-01
5.7960568627e+00   5.1272589945e-01
5.8015568627e+00   5.1056213310e-01
5.8070568627e+00   5.0841381874e-01
5.8125568627e+00   5.0628085757e-01
5.8180568627e+00   5.0416315125e-01
5.8235568627e+00   5.0206060191e-01
5.8290568627e+00   4.9997311210e-01
5.8345568627e+00   4.9790058485e-01
5.8400568627e+00   4.9584292366e-01
5.8455568627e+00   4.9380003249e-01
5.8510568627e+00   4.9177181576e-01
5.8565568627e+00   4.8975817837e-01
5.8620568627e+00   4.8775902570e-01
5.8675568627e+00   4.8577426360e-01
5.8730568627e+00   4.8380379840e-01
5.8785568627e+00   4.8184753692e-01
5.8840568627e+00   4.7990538644e-01
5.8895568627e+00   4.7797725476e-01
5.8950568627e+00   4.7606305014e-01
5.9005568627e+00   4.7416268135e-01
5.9060568627e+00   4.7227605763e-01
5.9115568627e+00   4.7040308873e-01
5.9170568627e+00   4.6854368488e-01
5.9225568627e+00   4.6669775681e-01
5.9280568627e+00   4.6486521576e-01
5.9335568627e+00   4.6304597345e-01
5.9390568627e+00   4.6123994210e-01
5.9445568627e+00   4.5944703444e-01
5.9500568627e+00   4.5766716368e-01
5.9555568627e+00   4.5590024355e-01
5.9610568627e+00   4.5414618828e-01
5.9665568627e+00   4.5240491258e-01
5.9720568627e+00   4.5067633169e-01
5.9775568627e+00   4.4896036134e-01
5.9830568627e+00   4.4725691775e-01
5.9885568627e+00   4.4556591766e-01
5.9940568627e+00   4.4388727830e-01
5.9995568627e+00   4.4222091743e-01
6.0050568627e+00   4.4056675326e-01
6.0105568627e+00   4.3892470456e-01
6.0160568627e+00   4.3729469056e-01
6.0215568627e+00   4.3567663100e-01
6.0270568627e+00   4.3407044614e-01
6.0325568627e+00   4.3247605673e-01
6.0380568627e+00   4.3089338400e-01
6.0435568627e+00   4.2932234972e-01
6.0490568627e+00   4.2776287611e-01
6.0545568627e+00   4.2621488593e-01
6.0600568627e+00   4.2467830242e-01
6.0655568627e+00   4.2315304931e-01
6.0710568627e+00   4.2163905084e-01
6.0765568627e+00   4.2013623173e-01
6.0820568627e+00   4.1864451720e-01
6.0875568627e+00   4.1716383297e-01
6.0930568627e+00   4.1569410523e-01
6.0985568627e+00   4.1423526069e-01
6.1040568627e+00   4.1278722651e-01
6.1095568627e+00   4.1134993038e-01
6.1150568627e+00   4.0992330045e-01
6.1205568627e+00   4.0850726535e-01
6.1260568627e+00   4.0710175422e-01
6.1315568627e+00   4.0570669665e-01
6.1370568627e+00   4.0432202274e-01
6.1425568627e+00   4.0294766305e-01
6.1480568627e+00   4.0158354863e-01
6.1535568627e+00   4.0022961098e-01
6.1590568627e+00   3.9888578212e-01
6.1645568627e+00   3.9755199449e-01
6.1700568627e+00   3.9622818104e-01
6.1755568627e+00   3.9491427517e-01
6.1810568627e+00   3.9361021077e-01
6.1865568627e+00   3.9231592216e-01
6.1920568627e+00   3.9103134415e-01
6.1975568627e+00   3.8975641200e-01
6.2030568627e+00   3.8849106145e-01
6.2085568627e+00   3.8723522867e-01
6.2140568627e+00   3.8598885030e-01
6.2195568627e+00   3.8475186344e-01
6.2250568627e+00   3.8352420564e-01
6.2305568627e+00   3.8230581490e-01
6.2360568627e+00   3.8109662966e-01
6.2415568627e+00   3.7989658881e-01
6.2470568627e+00   3.7870563170e-01
6.2525568627e+00   3.7752369810e-01
6.2580568627e+00   3.7635072824e-01
6.2635568627e+00   3.7518666277e-01
6.2690568627e+00   3.7403144280e-01
6.2745568627e+00   3.7288500984e-01
6.2800568627e+00   3.7174730587e-01
6.2855568627e+00   3.7061827328e-01
6.2910568627e+00   3.6949785489e-01
6.2965568627e+00   3.6838599395e-01
6.3020568627e+00   3.6728263411e-01
6.3075568627e+00   3.6618771949e-01
6.3130568627e+00   3.6510119458e-01
6.3185568627e+00   3.6402300432e-01
6.3240568627e+00   3.6295309405e-01
6.3295568627e+00   3.6189140952e-01
6.3350568627e+00   3.6083789690e-01
6.3405568627e+00   3.5979250277e-01
6.3460568627e+00   3.5875517411e-01
6.3515568627e+00   3.5772585829e-01
6.3570568627e+00   3.5670450311e-01
6.3625568627e+00   3.5569105676e-01
6.3680568627e+00   3.5468546781e-01
6.3735568627e+00   3.5368768524e-01
6.3790568627e+00   3.5269765842e-01
6.3845568627e+00   3.5171533712e-01
6.3900568627e+00   3.5074067148e-01
6.3955568627e+00   3.4977361203e-01
6.4010568627e+00   3.4881410971e-01
6.4065568627e+00   3.4786211579e-01
6.4120568627e+00   3.4691758198e-01
6.4175568627e+00   3.4598046031e-01
6.4230568627e+00   3.4505070323e-01
6.4285568627e+00   3.4412826353e-01
6.4340568627e+00   3.4321309439e-01
6.4395568627e+00   3.4230514935e-01
6.4450568627e+00   3.4140438232e-01
6.4505568627e+00   3.4051074757e-01
6.4560568627e+00   3.3962419972e-01
6.4615568627e+00   3.3874469378e-01
6.4670568627e+00   3.3787218509e-01
6.4725568627e+00   3.3700662936e-01
6.4780568627e+00   3.3614798263e-01
6.4835568627e+00   3.3529620131e-01
6.4890568627e+00   3.3445124215e-01
6.4945568627e+00   3.3361306226e-01
6.5000568627e+00   3.3278161908e-01
6.5055568627e+00   3.3195687039e-01
6.5110568627e+00   3.3113877431e-01
6.5165568627e+00   3.3032728930e-01
6.5220568627e+00   3.2952237416e-01
6.5275568627e+00   3.2872398801e-01
6.5330568627e+00   3.2793209031e-01
6.5385568627e+00   3.2714664086e-01
6.5440568627e+00   3.2636759975e-01
6.5495568627e+00   3.2559492743e-01
6.5550568627e+00   3.2482858465e-01
6.5605568627e+00   3.2406853249e-01
6.5660568627e+00   3.2331473235e-01
6.5715568627e+00   3.2256714594e-01
6.5770568627e+00   3.2182573529e-01
6.5825568627e+00   3.2109046272e-01
6.5880568627e+00   3.2036129088e-01
6.5935568627e+00   3.1963818273e-01
6.5990568627e+00   3.1892110152e-01
6.6045568627e+00   3.1821001082e-01
6.6100568627e+00   3.1750487448e-01
6.6155568627e+00   3.1680565666e-01
6.6210568627e+00   3.1611232183e-01
6.6265568627e+00   3.1542483472e-01
6.6320568627e+00   3.1474316040e-01
6.6375568627e+00   3.1406726419e-01
6.6430568627e+00   3.1339711172e-01
6.6485568627e+00   3.1273266890e-01
6.6540568627e+00   3.1207390192e-01
6.6595568627e+00   3.1142077728e-01
6.6650568627e+00   3.1077326171e-01
6.6705568627e+00   3.1013132227e-01
6.6760568627e+00   3.0949492628e-01
6.6815568627e+00   3.0886404131e-01
6.6870568627e+00   3.0823863525e-01
6.6925568627e+00   3.0761867622e-01
6.6980568627e+00   3.0700413263e-01
6.7035568627e+00   3.0639497315e-01
6.7090568627e+00   3.0579116673e-01
6.7145568627e+00   3.0519268256e-01
6.7200568627e+00   3.0459949010e-01
6.7255568627e+00   3.0401155910e-01
6.7310568627e+00   3.0342885952e-01
6.7365568627e+00   3.0285136161e-01
6.7420568627e+00   3.0227903586e-01
6.7475568627e+00   3.0171185303e-01
6.7530568627e+00   3.0114978410e-01
6.7585568627e+00   3.0059280032e-01
6.7640568627e+00   3.0004087320e-01
6.7695568627e+00   2.9949397447e-01
6.7750568627e+00   2.9895207611e-01
6.7805568627e+00   2.9841515036e-01
6.7860568627e+00   2.9788316969e-01
6.7915568627e+00   2.9735610679e-01
6.7970568627e+00   2.9683393461e-01
6.8025568627e+00   2.9631662634e-01
6.8080568627e+00   2.9580415539e-01
6.8135568627e+00   2.9529649540e-01
6.8190568627e+00   2.9479362024e-01
6.8245568627e+00   2.9429550403e-01
6.8300568627e+00   2.9380212110e-01
6.8355568627e+00   2.9331344599e-01
6.8410568627e+00   2.9282945351e-01
6.8465568627e+00   2.9235011864e-01
6.8520568627e+00   2.9187541661e-01
6.8575568627e+00   2.9140532287e-01
6.8630568627e+00   2.9093981308e-01
6.8685568627e+00   2.9047886311e-01
6.8740568627e+00   2.9002244906e-01
6.8795568627e+00   2.8957054724e-01
6.8850568627e+00   2.8912313415e-01
6.8905568627e+00   2.8868018653e-01
6.8960568627e+00   2.8824168131e-01
6.9015568627e+00   2.8780759564e-01
6.9070568627e+00   2.8737790685e-01
6.9125568627e+00   2.8695259250e-01
6.9180568627e+00   2.8653163035e-01
6.9235568627e+00   2.8611499835e-01
6.9290568627e+00   2.8570267465e-01
6.9345568627e+00   2.8529463761e-01
6.9400568627e+00   2.8489086577e-01
6.9455568627e+00   2.8449133788e-01
6.9510568627e+00   2.8409603288e-01
6.9565568627e+00   2.8370492990e-01
6.9620568627e+00   2.8331800826e-01
6.9675568627e+00   2.8293524747e-01
6.9730568627e+00   2.8255662724e-01
6.9785568627e+00   2.8218212745e-01
6.9840568627e+00   2.8181172817e-01
6.9895568627e+00   2.8144540967e-01
6.9950568627e+00   2.8108315238e-01
7.0005568627e+00   2.8072493693e-01
7.0060568627e+00   2.8037074411e-01
7.0115568627e+00   2.8002055492e-01
7.0170568627e+00   2.7967435051e-01
7.0225568627e+00   2.7933211222e-01
7.0280568627e+00   2.7899382156e-01
7.0335568627e+00   2.7865946022e-01
7.0390568627e+00   2.7832901006e-01
7.0445568627e+00   2.7800245311e-01
7.0500568627e+00   2.7767977157e-01
7.0555568627e+00   2.7736094781e-01
7.0610568627e+00   2.7704596437e-01
7.0665568627e+00   2.7673480396e-01
7.0720568627e+00   2.7642744945e-01
7.0775568627e+00   2.7612388388e-01
7.0830568627e+00   2.7582409044e-01
7.0885568627e+00   2.7552805249e-01
7.0940568627e+00   2.7523575357e-01
7.0995568627e+00   2.7494717735e-01
7.1050568627e+00   2.7466230767e-01
7.1105568627e+00   2.7438112853e-01
7.1160568627e+00   2.7410362410e-01
7.1215568627e+00   2.7382977868e-01
7.1270568627e+00   2.7355957673e-01
7.1325568627e+00   2.7329300288e-01
7.1380568627e+00   2.7303004190e-01
7.1435568627e+00   2.7277067871e-01
7.1490568627e+00   2.7251489838e-01
7.1545568627e+00   2.7226268613e-01
7.1600568627e+00   2.7201402735e-01
7.1655568627e+00   2.7176890753e-01
7.1710568627e+00   2.7152731235e-01
7.1765568627e+00   2.7128922762e-01
7.1820568627e+00   2.7105463928e-01
7.1875568627e+00   2.7082353343e-01
7.1930568627e+00   2.7059589631e-01
7.1985568627e+00   2.7037171430e-01
7.2040568627e+00   2.7015097391e-01
7.2095568627e+00   2.6993366180e-01
7.2150568627e+00   2.6971976477e-01
7.2205568627e+00   2.6950926976e-01
7.2260568627e+00   2.6930216382e-01
7.2315568627e+00   2.6909843417e-01
7.2370568627e+00   2.6889806814e-01
7.2425568627e+00   2.6870105321e-01
7.2480568627e+00   2.6850737699e-01
7.2535568627e+00   2.6831702720e-01
7.2590568627e+00   2.6812999172e-01
7.2645568627e+00   2.6794625855e-01
7.2700568627e+00   2.6776581580e-01
7.2755568627e+00   2.6758865175e-01
7.2810568627e+00   2.6741475477e-01
7.2865568627e+00   2.6724411336e-01
7.2920568627e+00   2.6707671618e-01
7.2975568627e+00   2.6691255196e-01
7.3030568627e+00   2.6675160961e-01
7.3085568627e+00   2.6659387812e-01
7.3140568627e+00   2.6643934663e-01
7.3195568627e+00   2.6628800438e-01
7.3250568627e+00   2.6613984076e-01
7.3305568627e+00   2.6599484524e-01
7.3360568627e+00   2.6585300745e-01
7.3415568627e+00   2.6571431711e-01
7.3470568627e+00   2.6557876407e-01
7.3525568627e+00   2.6544633829e-01
7.3580568627e+00   2.6531702986e-01
7.3635568627e+00   2.6519082897e-01
7.3690568627e+00   2.6506772593e-01
7.3745568627e+00   2.6494771117e-01
7.3800568627e+00   2.6483077522e-01
7.3855568627e+00   2.6471690874e-01
7.3910568627e+00   2.6460610248e-01
7.3965568627e+00   2.6449834732e-01
7.4020568627e+00   2.6439363425e-01
7.4075568627e+00   2.6429195435e-01
7.4130568627e+00   2.6419329884e-01
7.4185568627e+00   2.6409765901e-01
7.4240568627e+00   2.6400502630e-01
7.4295568627e+00   2.6391539221e-01
7.4350568627e+00   2.6382874839e-01
7.4405568627e+00   2.6374508658e-01
7.4460568627e+00   2.6366439861e-01
7.4515568627e+00   2.6358667643e-01
7.4570568627e+00   2.6351191209e-01
7.4625568627e+00   2.6344009775e-01
7.4680568627e+00   2.6337122566e-01
7.4735568627e+00   2.6330528817e-01
7.4790568627e+00   2.6324227776e-01
7.4845568627e+00   2.6318218697e-01
7.4900568627e+00   2.6312500847e-01
7.4955568627e+00   2.6307073501e-01
7.5010568627e+00   2.6301935945e-01
7.5065568627e+00   2.6297087476e-01
7.5120568627e+00   2.6292527397e-01
7.5175568627e+00   2.6288255025e-01
7.5230568627e+00   2.6284269684e-01
7.5285568627e+00   2.6280570708e-01
7.5340568627e+00   2.6277157441e-01
7.5395568627e+00   2.6274029236e-01
7.5450568627e+00   2.6271185457e-01
7.5505568627e+00   2.6268625475e-01
7.5560568627e+00   2.6266348671e-01
7.5615568627e+00   2.6264354437e-01
7.5670568627e+00   2.6262642173e-01
7.5725568627e+00   2.6261211286e-01
7.5780568627e+00   2.6260061196e-01
7.5835568627e+00   2.6259191330e-01
7.5890568627e+00   2.6258601124e-01
7.5945568627e+00   2.6258290023e-01
7.6000568627e+00   2.6258257481e-01
7.6055568627e+00   2.6258502962e-01
7.6110568627e+00   2.6259025936e-01
7.6165568627e+00   2.6259825886e-01
7.6220568627e+00   2.6260902299e-01
7.6275568627e+00   2.6262254673e-01
7.6330568627e+00   2.6263882516e-01
7.6385568627e+00   2.6265785342e-01
7.6440568627e+00   2.6267962675e-01
7.6495568627e+00   2.6270414047e-01
7.6550568627e+00   2.6273138999e-01
7.6605568627e+00   2.6276137079e-01
7.6660568627e+00   2.6279407845e-01
7.6715568627e+00   2.6282950862e-01
7.6770568627e+00   2.6286765704e-01
7.6825568627e+00   2.6290851954e-01
7.6880568627e+00   2.6295209201e-01
7.6935568627e+00   2.6299837044e-01
7.6990568627e+00   2.6304735090e-01
7.7045568627e+00   2.6309902952e-01
7.7100568627e+00   2.6315340253e-01
7.7155568627e+00   2.6321046624e-01
7.7210568627e+00   2.6327021704e-01
7.7265568627e+00   2.6333265138e-01
7.7320568627e+00   2.6339776581e-01
7.7375568627e+00   2.6346555694e-01
7.7430568627e+00   2.6353602148e-01
7.7485568627e+00   2.6360915620e-01
7.7540568627e+00   2.6368495795e-01
7.7595568627e+00   2.6376342366e-01
7.7650568627e+00   2.6384455034e-01
7.7705568627e+00   2.6392833506e-01
7.7760568627e+00   2.6401477499e-01
7.7815568627e+00   2.6410386735e-01
7.7870568627e+00   2.6419560945e-01
7.7925568627e+00   2.6428999867e-01
7.7980568627e+00   2.6438703247e-01
7.8035568627e+00   2.6448670837e-01
7.8090568627e+00   2.6458902399e-01
7.8145568627e+00   2.6469397698e-01
7.8200568627e+00   2.6480156511e-01
7.8255568627e+00   2.6491178620e-01
7.8310568627e+00   2.6502463813e-01
7.8365568627e+00   2.6514011887e-01
7.8420568627e+00   2.6525822646e-01
7.8475568627e+00   2.6537895901e-01
7.8530568627e+00   2.6550231469e-01
7.8585568627e+00   2.6562829176e-01
7.8640568627e+00   2.6575688853e-01
7.8695568627e+00   2.6588810340e-01
7.8750568627e+00   2.6602193482e-01
7.8805568627e+00   2.6615838133e-01
7.8860568627e+00   2.6629744152e-01
7.8915568627e+00   2.6643911406e-01
7.8970568627e+00   2.6658339769e-01
7.9025568627e+00   2.6673029121e-01
7.9080568627e+00   2.6687979349e-01
7.9135568627e+00   2.6703190348e-01
7.9190568627e+00   2.6718662017e-01
7.9245568627e+00   2.6734394266e-01
7.9300568627e+00   2.6750387007e-01
7.9355568627e+00   2.6766640162e-01
7.9410568627e+00   2.6783153658e-01
7.9465568627e+00   2.6799927430e-01
7.9520568627e+00   2.6816961418e-01
7.9575568627e+00   2.6834255570e-01
7.9630568627e+00   2.6851809840e-01
7.9685568627e+00   2.6869624187e-01
7.9740568627e+00   2.6887698579e-01
7.9795568627e+00   2.6906032990e-01
7.9850568627e+00   2.6924627399e-01
7.9905568627e+00   2.6943481793e-01
7.9960568627e+00   2.6962596164e-01
8.0015568627e+00   2.6981970511e-01
8.0070568627e+00   2.7001604841e-01
8.0125568627e+00   2.7021499164e-01
8.0180568627e+00   2.7041653499e-01
8.0235568627e+00   2.7062067871e-01
8.0290568627e+00   2.7082742310e-01
8.0345568627e+00   2.7103676854e-01
8.0400568627e+00   2.7124871545e-01
8.0455568627e+00   2.7146326434e-01
8.0510568627e+00   2.7168041575e-01
8.0565568627e+00   2.7190017031e-01
8.0620568627e+00   2.7212252870e-01
8.0675568627e+00   2.7234749166e-01
8.0730568627e+00   2.7257505999e-01
8.0785568627e+00   2.7280523456e-01
8.0840568627e+00   2.7303801630e-01
8.0895568627e+00   2.7327340619e-01
8.0950568627e+00   2.7351140527e-01
8.1005568627e+00   2.7375201466e-01
8.1060568627e+00   2.7399523553e-01
8.1115568627e+00   2.7424106909e-01
8.1170568627e+00   2.7448951664e-01
8.1225568627e+00   2.7474057953e-01
8.1280568627e+00   2.7499425915e-01
8.1335568627e+00   2.7525055699e-01
8.1390568627e+00   2.7550947456e-01
8.1445568627e+00   2.7577101344e-01
8.1500568627e+00   2.7603517529e-01
8.1555568627e+00   2.7630196179e-01
8.1610568627e+00   2.7657137473e-01
8.1665568627e+00   2.7684341590e-01
8.1720568627e+00   2.7711808720e-01
8.1775568627e+00   2.7739539055e-01
8.1830568627e+00   2.7767532795e-01
8.1885568627e+00   2.7795790146e-01
8.1940568627e+00   2.7824311317e-01
8.1995568627e+00   2.7853096527e-01
8.2050568627e+00   2.7882145996e-01
8.2105568627e+00   2.7911459955e-01
8.2160568627e+00   2.7941038636e-01
8.2215568627e+00   2.7970882279e-01
8.2270568627e+00   2.8000991129e-01
8.2325568627e+00   2.8031365439e-01
8.2380568627e+00   2.8062005463e-01
8.2435568627e+00   2.8092911465e-01
8.2490568627e+00   2.8124083713e-01
8.2545568627e+00   2.8155522480e-01
8.2600568627e+00   2.8187228046e-01
8.2655568627e+00   2.8219200695e-01
8.2710568627e+00   2.8251440719e-01
8.2765568627e+00   2.8283948413e-01
8.2820568627e+00   2.8316724079e-01
8.2875568627e+00   2.8349768024e-01
8.2930568627e+00   2.8383080561e-01
8.2985568627e+00   2.8416662009e-01
8.3040568627e+00   2.8450512691e-01
8.3095568627e+00   2.8484632938e-01
8.3150568627e+00   2.8519023084e-01
8.3205568627e+00   2.8553683469e-01
8.3260568627e+00   2.8588614440e-01
8.3315568627e+00   2.8623816349e-01
8.3370568627e+00   2.8659289552e-01
8.3425568627e+00   2.8695034411e-01
8.3480568627e+00   2.8731051296e-01
8.3535568627e+00   2.8767340579e-01
8.3590568627e+00   2.8803902640e-01
8.3645568627e+00   2.8840737863e-01
8.3700568627e+00   2.8877846637e-01
8.3755568627e+00   2.8915229358e-01
8.3810568627e+00   2.8952886427e-01
8.3865568627e+00   2.8990818250e-01
8.3920568627e+00   2.9029025238e-01
8.3975568627e+00   2.9067507809e-01
8.4030568627e+00   2.9106266384e-01
8.4085568627e+00   2.9145301392e-01
8.4140568627e+00   2.9184613265e-01
8.4195568627e+00   2.9224202443e-01
8.4250568627e+00   2.9264069368e-01
8.4305568627e+00   2.9304214492e-01
8.4360568627e+00   2.9344638267e-01
8.4415568627e+00   2.9385341154e-01
8.4470568627e+00   2.9426323619e-01
8.4525568627e+00   2.9467586131e-01
8.4580568627e+00   2.9509129168e-01
8.4635568627e+00   2.9550953211e-01
8.4690568627e+00   2.9593058746e-01
8.4745568627e+00   2.9635446265e-01
8.4800568627e+00   2.9678116266e-01
8.4855568627e+00   2.9721069251e-01
8.4910568627e+00   2.9764305729e-01
8.4965568627e+00   2.9807826212e-01
8.5020568627e+00   2.9851631220e-01
8.5075568627e+00   2.9895721276e-01
8.5130568627e+00   2.9940096910e-01
8.5185568627e+00   2.9984758655e-01
8.5240568627e+00   3.0029707053e-01
8.5295568627e+00   3.0074942647e-01
8.5350568627e+00   3.0120465989e-01
8.5405568627e+00   3.0166277633e-01
8.5460568627e+00   3.0212378142e-01
8.5515568627e+00   3.0258768080e-01
8.5570568627e+00   3.0305448021e-01
8.5625568627e+00   3.0352418539e-01
8.5680568627e+00   3.0399680218e-01
8.5735568627e+00   3.0447233645e-01
8.5790568627e+00   3.0495079411e-01
8.5845568627e+00   3.0543218116e-01
8.5900568627e+00   3.0591650362e-01
8.5955568627e+00   3.0640376757e-01
8.6010568627e+00   3.0689397915e-01
8.6065568627e+00   3.0738714454e-01
8.6120568627e+00   3.0788327000e-01
8.6175568627e+00   3.0838236180e-01
8.6230568627e+00   3.0888442630e-01
8.6285568627e+00   3.0938946989e-01
8.6340568627e+00   3.0989749903e-01
8.6395568627e+00   3.1040852022e-01
8.6450568627e+00   3.1092254000e-01
8.6505568627e+00   3.1143956500e-01
8.6560568627e+00   3.1195960187e-01
8.6615568627e+00   3.1248265731e-01
8.6670568627e+00   3.1300873811e-01
8.6725568627e+00   3.1353785107e-01
8.6780568627e+00   3.1407000306e-01
8.6835568627e+00   3.1460520100e-01
8.6890568627e+00   3.1514345187e-01
8.6945568627e+00   3.1568476270e-01
8.7000568627e+00   3.1622914056e-01
8.7055568627e+00   3.1677659259e-01
8.7110568627e+00   3.1732712596e-01
8.7165568627e+00   3.1788074791e-01
8.7220568627e+00   3.1843746574e-01
8.7275568627e+00   3.1899728678e-01
8.7330568627e+00   3.1956021842e-01
8.7385568627e+00   3.2012626811e-01
8.7440568627e+00   3.2069544335e-01
8.7495568627e+00   3.2126775168e-01
8.7550568627e+00   3.2184320071e-01
8.7605568627e+00   3.2242179810e-01
8.7660568627e+00   3.2300355154e-01
8.7715568627e+00   3.2358846880e-01
8.7770568627e+00   3.2417655769e-01
8.7825568627e+00   3.2476782608e-01
8.7880568627e+00   3.2536228187e-01
8.7935568627e+00   3.2595993304e-01
8.7990568627e+00   3.2656078762e-01
8.8045568627e+00   3.2716485366e-01
8.8100568627e+00   3.2777213931e-01
8.8155568627e+00   3.2838265274e-01
8.8210568627e+00   3.2899640217e-01
8.8265568627e+00   3.2961339590e-01
8.8320568627e+00   3.3023364225e-01
8.8375568627e+00   3.3085714962e-01
8.8430568627e+00   3.3148392645e-01
8.8485568627e+00   3.3211398124e-01
8.8540568627e+00   3.3274732252e-01
8.8595568627e+00   3.3338395890e-01
8.8650568627e+00   3.3402389902e-01
8.8705568627e+00   3.3466715160e-01
8.8760568627e+00   3.3531372539e-01
8.8815568627e+00   3.3596362919e-01
8.8870568627e+00   3.3661687188e-01
8.8925568627e+00   3.3727346237e-01
8.8980568627e+00   3.3793340961e-01
8.9035568627e+00   3.3859672264e-01
8.9090568627e+00   3.3926341053e-01
8.9145568627e+00   3.3993348240e-01
8.9200568627e+00   3.4060694744e-01
8.9255568627e+00   3.4128381486e-01
8.9310568627e+00   3.4196409397e-01
8.9365568627e+00   3.4264779409e-01
8.9420568627e+00   3.4333492462e-01
8.9475568627e+00   3.4402549499e-01
8.9530568627e+00   3.4471951471e-01
8.9585568627e+00   3.4541699333e-01
8.9640568627e+00   3.4611794045e-01
8.9695568627e+00   3.4682236572e-01
8.9750568627e+00   3.4753027885e-01
8.9805568627e+00   3.4824168961e-01
8.9860568627e+00   3.4895660780e-01
8.9915568627e+00   3.4967504330e-01
8.9970568627e+00   3.5039700603e-01
9.0025568627e+00   3.5112250597e-01
9.0080568627e+00   3.5185155313e-01
9.0135568627e+00   3.5258415761e-01
9.0190568627e+00   3.5332032954e-01
9.0245568627e+00   3.5406007910e-01
9.0300568627e+00   3.5480341653e-01
9.0355568627e+00   3.5555035214e-01
9.0410568627e+00   3.5630089626e-01
9.0465568627e+00   3.5705505931e-01
9.0520568627e+00   3.5781285173e-01
9.0575568627e+00   3.5857428404e-01
9.0630568627e+00   3.5933936680e-01
9.0685568627e+00   3.6010811062e-01
9.0740568627e+00   3.6088052617e-01
9.0795568627e+00   3.6165662418e-01
9.0850568627e+00   3.6243641542e-01
9.0905568627e+00   3.6321991072e-01
9.0960568627e+00   3.6400712098e-01
9.1015568627e+00   3.6479805712e-01
9.1070568627e+00   3.6559273014e-01
9.1125568627e+00   3.6639115109e-01
9.1180568627e+00   3.6719333106e-01
9.1235568627e+00   3.6799928121e-01
9.1290568627e+00   3.6880901274e-01
9.1345568627e+00   3.6962253693e-01
9.1400568627e+00   3.7043986508e-01
9.1455568627e+00   3.7126100857e-01
9.1510568627e+00   3.7208597881e-01
9.1565568627e+00   3.7291478729e-01
9.1620568627e+00   3.7374744555e-01
9.1675568627e+00   3.7458396515e-01
9.1730568627e+00   3.7542435776e-01
9.1785568627e+00   3.7626863505e-01
9.1840568627e+00   3.7711680879e-01
9.1895568627e+00   3.7796889077e-01
9.1950568627e+00   3.7882489286e-01
9.2005568627e+00   3.7968482696e-01
9.2060568627e+00   3.8054870504e-01
9.2115568627e+00   3.8141653912e-01
9.2170568627e+00   3.8228834128e-01
9.2225568627e+00   3.8316412365e-01
9.2280568627e+00   3.8404389841e-01
9.2335568627e+00   3.8492767781e-01
9.2390568627e+00   3.8581547413e-01
9.2445568627e+00   3.8670729972e-01
9.2500568627e+00   3.8760316700e-01
9.2555568627e+00   3.8850308840e-01
9.2610568627e+00   3.8940707645e-01
9.2665568627e+00   3.9031514372e-01
9.2720568627e+00   3.9122730282e-01
9.2775568627e+00   3.9214356644e-01
9.2830568627e+00   3.9306394729e-01
9.2885568627e+00   3.9398845818e-01
9.2940568627e+00   3.9491711193e-01
9.2995568627e+00   3.9584992146e-01
9.3050568627e+00   3.9678689969e-01
9.3105568627e+00   3.9772805965e-01
9.3160568627e+00   3.9867341439e-01
9.3215568627e+00   3.9962297703e-01
9.3270568627e+00   4.0057676074e-01
9.3325568627e+00   4.0153477874e-01
9.3380568627e+00   4.0249704431e-01
9.3435568627e+00   4.0346357079e-01
9.3490568627e+00   4.0443437157e-01
9.3545568627e+00   4.0540946010e-01
9.3600568627e+00   4.0638884987e-01
9.3655568627e+00   4.0737255444e-01
9.3710568627e+00   4.0836058741e-01
9.3765568627e+00   4.0935296247e-01
9.3820568627e+00   4.1034969332e-01
9.3875568627e+00   4.1135079375e-01
9.3930568627e+00   4.1235627758e-01
9.3985568627e+00   4.1336615870e-01
9.4040568627e+00   4.1438045105e-01
9.4095568627e+00   4.1539916863e-01
9.4150568627e+00   4.1642232549e-01
9.4205568627e+00   4.1744993573e-01
9.4260568627e+00   4.1848201353e-01
9.4315568627e+00   4.1951857309e-01
9.4370568627e+00   4.2055962869e-01
9.4425568627e+00   4.2160519465e-01
9.4480568627e+00   4.2265528537e-01
9.4535568627e+00   4.2370991527e-01
9.4590568627e+00   4.2476909886e-01
9.4645568627e+00   4.2583285067e-01
9.4700568627e+00   4.2690118531e-01
9.4755568627e+00   4.2797411745e-01
9.4810568627e+00   4.2905166180e-01
9.4865568627e+00   4.3013383312e-01
9.4920568627e+00   4.3122064623e-01
9.4975568627e+00   4.3231211603e-01
9.5030568627e+00   4.3340825744e-01
9.5085568627e+00   4.3450908546e-01
9.5140568627e+00   4.3561461513e-01
9.5195568627e+00   4.3672486154e-01
9.5250568627e+00   4.3783983986e-01
9.5305568627e+00   4.3895956529e-01
9.5360568627e+00   4.4008405311e-01
9.5415568627e+00   4.4121331862e-01
9.5470568627e+00   4.4234737721e-01
9.5525568627e+00   4.4348624431e-01
9.5580568627e+00   4.4462993540e-01
9.5635568627e+00   4.4577846602e-01
9.5690568627e+00   4.4693185178e-01
9.5745568627e+00   4.4809010830e-01
9.5800568627e+00   4.4925325132e-01
9.5855568627e+00   4.5042129657e-01
9.5910568627e+00   4.5159425989e-01
9.5965568627e+00   4.5277215713e-01
9.6020568627e+00   4.5395500422e-01
9.6075568627e+00   4.5514281715e-01
9.6130568627e+00   4.5633561194e-01
9.6185568627e+00   4.5753340468e-01
9.6240568627e+00   4.5873621151e-01
9.6295568627e+00   4.5994404864e-01
9.6350568627e+00   4.6115693232e-01
9.6405568627e+00   4.6237487884e-01
9.6460568627e+00   4.6359790457e-01
9.6515568627e+00   4.6482602593e-01
9.6570568627e+00   4.6605925939e-01
9.6625568627e+00   4.6729762146e-01
9.6680568627e+00   4.6854112873e-01
9.6735568627e+00   4.6978979782e-01
9.6790568627e+00   4.7104364542e-01
9.6845568627e+00   4.7230268828e-01
9.6900568627e+00   4.7356694318e-01
9.6955568627e+00   4.7483642697e-01
9.7010568627e+00   4.7611115656e-01
9.7065568627e+00   4.7739114889e-01
9.7120568627e+00   4.7867642097e-01
9.7175568627e+00   4.7996698987e-01
9.7230568627e+00   4.8126287270e-01
9.7285568627e+00   4.8256408663e-01
9.7340568627e+00   4.8387064888e-01
9.7395568627e+00   4.8518257673e-01
9.7450568627e+00   4.8649988749e-01
9.7505568627e+00   4.8782259856e-01
9.7560568627e+00   4.8915072736e-01
9.7615568627e+00   4.9048429139e-01
9.7670568627e+00   4.9182330817e-01
9.7725568627e+00   4.9316779530e-01
9.7780568627e+00   4.9451777043e-01
9.7835568627e+00   4.9587325125e-01
9.7890568627e+00   4.9723425551e-01
9.7945568627e+00   4.9860080101e-01
9.8000568627e+00   4.9997290560e-01
9.8055568627e+00   5.0135058718e-01
9.8110568627e+00   5.0273386372e-01
9.8165568627e+00   5.0412275321e-01
9.8220568627e+00   5.0551727371e-01
9.8275568627e+00   5.0691744335e-01
9.8330568627e+00   5.0832328027e-01
9.8385568627e+00   5.0973480269e-01
9.8440568627e+00   5.1115202887e-01
9.8495568627e+00   5.1257497712e-01
9.8550568627e+00   5.1400366582e-01
9.8605568627e+00   5.1543811337e-01
9.8660568627e+00   5.1687833824e-01
9.8715568627e+00   5.1832435895e-01
9.8770568627e+00   5.1977619405e-01
9.8825568627e+00   5.2123386217e-01
9.8880568627e+00   5.2269738197e-01
9.8935568627e+00   5.2416677216e-01
9.8990568627e+00   5.2564205150e-01
9.9045568627e+00   5.2712323881e-01
9.9100568627e+00   5.2861035294e-01
9.9155568627e+00   5.3010341281e-01
9.9210568627e+00   5.3160243738e-01
9.9265568627e+00   5.3310744564e-01
9.9320568627e+00   5.3461845666e-01
9.9375568627e+00   5.3613548954e-01
9.9430568627e+00   5.3765856342e-01
9.9485568627e+00   5.3918769750e-01
9.9540568627e+00   5.4072291103e-01
9.9595568627e+00   5.4226422330e-01
9.9650568627e+00   5.4381165364e-01
9.9705568627e+00   5.4536522144e-01
9.9760568627e+00   5.4692494613e-01
9.9815568627e+00   5.4849084719e-01
9.9870568627e+00   5.5006294414e-01
9.9925568627e+00   5.5164125654e-01
9.9980568627e+00   5.5322580401e-01
1.0003556863e+01   5.5481660621e-01
1.0009056863e+01   5.5641368284e-01
1.0014556863e+01   5.5801705364e-01
1.0020056863e+01   5.5962673842e-01
1.0025556863e+01   5.6124275700e-01
1.0031056863e+01   5.6286512926e-01
1.0036556863e+01   5.6449387513e-01
1.0042056863e+01   5.6612901457e-01
1.0047556863e+01   5.6777056758e-01
1.0053056863e+01   5.6941855423e-01
1.0058556863e+01   5.7107299460e-01
1.0064056863e+01   5.7273390882e-01
1.0069556863e+01   5.7440131707e-01
1.0075056863e+01   5.7607523958e-01
1.0080556863e+01   5.7775569658e-01
1.0086056863e+01   5.7944270840e-01
1.0091556863e+01   5.8113629535e-01
1.0097056863e+01   5.8283647783e-01
1.0102556863e+01   5.8454327624e-01
1.0108056863e+01   5.8625671105e-01
1.0113556863e+01   5.8797680275e-01
1.0119056863e+01   5.8970357187e-01
1.0124556863e+01   5.9143703898e-01
1.0130056863e+01   5.9317722470e-01
1.0135556863e+01   5.9492414967e-01
1.0141056863e+01   5.9667783458e-01
1.0146556863e+01   5.9843830014e-01
1.0152056863e+01   6.0020556710e-01
1.0157556863e+01   6.0197965626e-01
1.0163056863e+01   6.0376058845e-01
1.0168556863e+01   6.0554838452e-01
1.0174056863e+01   6.0734306538e-01
1.0179556863e+01   6.0914465194e-01
1.0185056863e+01   6.1095316517e-01
1.0190556863e+01   6.1276862607e-01
1.0196056863e+01   6.1459105566e-01
1.0201556863e+01   6.1642047501e-01
1.0207056863e+01   6.1825690519e-01
1.0212556863e+01   6.2010036734e-01
1.0218056863e+01   6.2195088261e-01
1.0223556863e+01   6.2380847218e-01
1.0229056863e+01   6.2567315726e-01
1.0234556863e+01   6.2754495910e-01
1.0240056863e+01   6.2942389895e-01
1.0245556863e+01   6.3130999812e-01
1.0251056863e+01   6.3320327794e-01
1.0256556863e+01   6.3510375975e-01
1.0262056863e+01   6.3701146493e-01
1.0267556863e+01   6.3892641488e-01
1.0273056863e+01   6.4084863104e-01
1.0278556863e+01   6.4277813486e-01
1.0284056863e+01   6.4471494781e-01
1.0289556863e+01   6.4665909140e-01
1.0295056863e+01   6.4861058714e-01
1.0300556863e+01   6.5056945659e-01
1.0306056863e+01   6.5253572131e-01
1.0311556863e+01   6.5450940289e-01
1.0317056863e+01   6.5649052293e-01
1.0322556863e+01   6.5847910307e-01
1.0328056863e+01   6.6047516495e-01
1.0333556863e+01   6.6247873024e-01
1.0339056863e+01   6.6448982062e-01
1.0344556863e+01   6.6650845779e-01
1.0350056863e+01   6.6853466346e-01
1.0355556863e+01   6.7056845938e-01
1.0361056863e+01   6.7260986728e-01
1.0366556863e+01   6.7465890892e-01
1.0372056863e+01   6.7671560609e-01
1.0377556863e+01   6.7877998056e-01
1.0383056863e+01   6.8085205414e-01
1.0388556863e+01   6.8293184863e-01
1.0394056863e+01   6.8501938586e-01
1.0399556863e+01   6.8711468766e-01
1.0405056863e+01   6.8921777586e-01
1.0410556863e+01   6.9132867231e-01
1.0416056863e+01   6.9344739888e-01
1.0421556863e+01   6.9557397740e-01
1.0427056863e+01   6.9770842977e-01
1.0432556863e+01   6.9985077783e-01
1.0438056863e+01   7.0200104347e-01
1.0443556863e+01   7.0415924857e-01
1.0449056863e+01   7.0632541501e-01
1.0454556863e+01   7.0849956466e-01
1.0460056863e+01   7.1068171941e-01
1.0465556863e+01   7.1287190114e-01
1.0471056863e+01   7.1507013173e-01
1.0476556863e+01   7.1727643305e-01
1.0482056863e+01   7.1949082698e-01
1.0487556863e+01   7.2171333538e-01
1.0493056863e+01   7.2394398013e-01
1.0498556863e+01   7.2618278307e-01
1.0504056863e+01   7.2842976606e-01
1.0509556863e+01   7.3068495094e-01
1.0515056863e+01   7.3294835954e-01
1.0520556863e+01   7.3522001369e-01
1.0526056863e+01   7.3749993519e-01
1.0531556863e+01   7.3978814583e-01
1.0537056863e+01   7.4208466742e-01
1.0542556863e+01   7.4438952171e-01
1.0548056863e+01   7.4670273045e-01
1.0553556863e+01   7.4902431540e-01
1.0559056863e+01   7.5135429826e-01
1.0564556863e+01   7.5369270073e-01
1.0570056863e+01   7.5603954450e-01
1.0575556863e+01   7.5839485121e-01
1.0581056863e+01   7.6075864252e-01
1.0586556863e+01   7.6313094003e-01
1.0592056863e+01   7.6551176532e-01
1.0597556863e+01   7.6790113995e-01
1.0603056863e+01   7.7029908547e-01
1.0608556863e+01   7.7270562336e-01
1.0614056863e+01   7.7512077511e-01
1.0619556863e+01   7.7754456216e-01
1.0625056863e+01   7.7997700591e-01
1.0630556863e+01   7.8241812775e-01
1.0636056863e+01   7.8486794901e-01
1.0641556863e+01   7.8732649099e-01
1.0647056863e+01   7.8979377497e-01
1.0652556863e+01   7.9226982216e-01
1.0658056863e+01   7.9475465375e-01
1.0663556863e+01   7.9724829089e-01
1.0669056863e+01   7.9975075467e-01
1.0674556863e+01   8.0226206615e-01
1.0680056863e+01   8.0478224634e-01
1.0685556863e+01   8.0731131619e-01
1.0691056863e+01   8.0984929662e-01
1.0696556863e+01   8.1239620847e-01
1.0702056863e+01   8.1495207257e-01
1.0707556863e+01   8.1751690966e-01
1.0713056863e+01   8.2009074043e-01
1.0718556863e+01   8.2267358552e-01
1.0724056863e+01   8.2526546552e-01
1.0729556863e+01   8.2786640095e-01
1.0735056863e+01   8.3047641225e-01
1.0740556863e+01   8.3309551982e-01
1.0746056863e+01   8.3572374399e-01
1.0751556863e+01   8.3836110502e-01
1.0757056863e+01   8.4100762310e-01
1.0762556863e+01   8.4366331835e-01
1.0768056863e+01   8.4632821082e-01
1.0773556863e+01   8.4900232047e-01
1.0779056863e+01   8.5168566721e-01
1.0784556863e+01   8.5437827086e-01
1.0790056863e+01   8.5708015115e-01
1.0795556863e+01   8.5979132774e-01
1.0801056863e+01   8.6251182020e-01
1.0806556863e+01   8.6524164803e-01
1.0812056863e+01   8.6798083063e-01
1.0817556863e+01   8.7072938730e-01
1.0823056863e+01   8.7348733727e-01
1.0828556863e+01   8.7625469967e-01
1.0834056863e+01   8.7903149352e-01
1.0839556863e+01   8.8181773776e-01
1.0845056863e+01   8.8461345123e-01
1.0850556863e+01   8.8741865266e-01
1.0856056863e+01   8.9023336068e-01
1.0861556863e+01   8.9305759382e-01
1.0867056863e+01   8.9589137048e-01
1.0872556863e+01   8.9873470899e-01
1.0878056863e+01   9.0158762753e-01
1.0883556863e+01   9.0445014418e-01
1.0889056863e+01   9.0732227691e-01
1.0894556863e+01   9.1020404356e-01
1.0900056863e+01   9.1309546186e-01
1.0905556863e+01   9.1599654940e-01
1.0911056863e+01   9.1890732366e-01
1.0916556863e+01   9.2182780198e-01
1.0922056863e+01   9.2475800159e-01
1.0927556863e+01   9.2769793955e-01
1.0933056863e+01   9.3064763283e-01
1.0938556863e+01   9.3360709822e-01
1.0944056863e+01   9.3657635240e-01
1.0949556863e+01   9.3955541188e-01
1.0955056863e+01   9.4254429306e-01
1.0960556863e+01   9.4554301216e-01
1.0966056863e+01   9.4855158526e-01
1.0971556863e+01   9.5157002830e-01
1.0977056863e+01   9.5459835704e-01
1.0982556863e+01   9.5763658709e-01
1.0988056863e+01   9.6068473391e-01
1.0993556863e+01   9.6374281279e-01
1.0999056863e+01   9.6681083885e-01
1.1004556863e+01   9.6988882704e-01
1.1010056863e+01   9.7297679213e-01
1.1015556863e+01   9.7607474873e-01
1.1021056863e+01   9.7918271127e-01
1.1026556863e+01   9.8230069399e-01
1.1032056863e+01   9.8542871096e-01
1.1037556863e+01   9.8856677604e-01
1.1043056863e+01   9.9171490291e-01
1.1048556863e+01   9.9487310508e-01
1.1054056863e+01   9.9804139583e-01
1.1059556863e+01   1.0012197883e+00
1.1065056863e+01   1.0044082953e+00
1.1070556863e+01   1.0076069295e+00
1.1076056863e+01   1.0108157035e+00
1.1081556863e+01   1.0140346295e+00
1.1087056863e+01   1.0172637196e+00
1.1092556863e+01   1.0205029855e+00
1.1098056863e+01   1.0237524389e+00
1.1103556863e+01   1.0270120913e+00
1.1109056863e+01   1.0302819537e+00
1.1114556863e+01   1.0335620370e+00
1.1120056863e+01   1.0368523520e+00
1.1125556863e+01   1.0401529092e+00
1.1131056863e+01   1.0434637186e+00
1.1136556863e+01   1.0467847904e+00
1.1142056863e+01   1.0501161342e+00
1.1147556863e+01   1.0534577594e+00
1.1153056863e+01   1.0568096753e+00
1.1158556863e+01   1.0601718908e+00
1.1164056863e+01   1.0635444146e+00
1.1169556863e+01   1.0669272552e+00
1.1175056863e+01   1.0703204206e+00
1.1180556863e+01   1.0737239187e+00
1.1186056863e+01   1.0771377571e+00
1.1191556863e+01   1.0805619431e+00
1.1197056863e+01   1.0839964838e+00
1.1202556863e+01   1.0874413858e+00
1.1208056863e+01   1.0908966556e+00
1.1213556863e+01   1.0943622993e+00
1.1219056863e+01   1.0978383228e+00
1.1224556863e+01   1.1013247315e+00
1.1230056863e+01   1.1048215307e+00
1.1235556863e+01   1.1083287253e+00
1.1241056863e+01   1.1118463197e+00
1.1246556863e+01   1.1153743184e+00
1.1252056863e+01   1.1189127252e+00
1.1257556863e+01   1.1224615437e+00
1.1263056863e+01   1.1260207771e+00
1.1268556863e+01   1.1295904284e+00
1.1274056863e+01   1.1331705000e+00
1.1279556863e+01   1.1367609943e+00
1.1285056863e+01   1.1403619131e+00
1.1290556863e+01   1.1439732579e+00
1.1296056863e+01   1.1475950297e+00
1.1301556863e+01   1.1512272294e+00
1.1307056863e+01   1.1548698574e+00
1.1312556863e+01   1.1585229136e+00
1.1318056863e+01   1.1621863977e+00
1.1323556863e+01   1.1658603089e+00
1.1329056863e+01   1.1695446460e+00
1.1334556863e+01   1.1732394076e+00
1.1340056863e+01   1.1769445916e+00
1.1345556863e+01   1.1806601957e+00
1.1351056863e+01   1.1843862170e+00
1.1356556863e+01   1.1881226525e+00
1.1362056863e+01   1.1918694984e+00
1.1367556863e+01   1.1956267507e+00
1.1373056863e+01   1.1993944050e+00
1.1378556863e+01   1.2031724562e+00
1.1384056863e+01   1.2069608991e+00
1.1389556863e+01   1.2107597278e+00
1.1395056863e+01   1.2145689360e+00
1.1400556863e+01   1.2183885169e+00
1.1406056863e+01   1.2222184635e+00
1.1411556863e+01   1.2260587680e+00
1.1417056863e+01   1.2299094222e+00
1.1422556863e+01   1.2337704175e+00
1.1428056863e+01   1.2376417447e+00
1.1433556863e+01   1.2415233944e+00
1.1439056863e+01   1.2454153562e+00
1.1444556863e+01   1.2493176196e+00
1.1450056863e+01   1.2532301735e+00
1.1455556863e+01   1.2571530061e+00
1.1461056863e+01   1.2610861054e+00
1.1466556863e+01   1.2650294585e+00
1.1472056863e+01   1.2689830522e+00
1.1477556863e+01   1.2729468727e+00
1.1483056863e+01   1.2769209057e+00
1.1488556863e+01   1.2809051363e+00
1.1494056863e+01   1.2848995489e+00
1.1499556863e+01   1.2889041276e+00
1.1505056863e+01   1.2929188558e+00
1.1510556863e+01   1.2969437162e+00
1.1516056863e+01   1.3009786912e+00
1.1521556863e+01   1.3050237622e+00
1.1527056863e+01   1.3090789104e+00
1.1532556863e+01   1.3131441161e+00
1.1538056863e+01   1.3172193593e+00
1.1543556863e+01   1.3213046190e+00
1.1549056863e+01   1.3253998738e+00
1.1554556863e+01   1.3295051017e+00
1.1560056863e+01   1.3336202799e+00
1.1565556863e+01   1.3377453850e+00
1.1571056863e+01   1.3418803932e+00
1.1576556863e+01   1.3460252796e+00
1.1582056863e+01   1.3501800189e+00
1.1587556863e+01   1.3543445851e+00
1.1593056863e+01   1.3585189515e+00
1.1598556863e+01   1.3627030907e+00
1.1604056863e+01   1.3668969746e+00
1.1609556863e+01   1.3711005743e+00
1.1615056863e+01   1.3753138604e+00
1.1620556863e+01   1.3795368027e+00
1.1626056863e+01   1.3837693701e+00
1.1631556863e+01   1.3880115309e+00
1.1637056863e+01   1.3922632528e+00
1.1642556863e+01   1.3965245025e+00
1.1648056863e+01   1.4007952460e+00
1.1653556863e+01   1.4050754487e+00
1.1659056863e+01   1.4093650751e+00
1.1664556863e+01   1.4136640888e+00
1.1670056863e+01   1.4179724529e+00
1.1675556863e+01   1.4222901294e+00
1.1681056863e+01   1.4266170797e+00
1.1686556863e+01   1.4309532643e+00
1.1692056863e+01   1.4352986428e+00
1.1697556863e+01   1.4396531743e+00
1.1703056863e+01   1.4440168166e+00
1.1708556863e+01   1.4483895270e+00
1.1714056863e+01   1.4527712618e+00
1.1719556863e+01   1.4571619765e+00
1.1725056863e+01   1.4615616256e+00
1.1730556863e+01   1.4659701629e+00
1.1736056863e+01   1.4703875411e+00
1.1741556863e+01   1.4748137123e+00
1.1747056863e+01   1.4792486274e+00
1.1752556863e+01   1.4836922365e+00
1.1758056863e+01   1.4881444888e+00
1.1763556863e+01   1.4926053327e+00
1.1769056863e+01   1.4970747152e+00
1.1774556863e+01   1.5015525830e+00
1.1780056863e+01   1.5060388812e+00
1.1785556863e+01   1.5105335544e+00
1.1791056863e+01   1.5150365461e+00
1.1796556863e+01   1.5195477986e+00
1.1802056863e+01   1.5240672536e+00
1.1807556863e+01   1.5285948514e+00
1.1813056863e+01   1.5331305315e+00
1.1818556863e+01   1.5376742323e+00
1.1824056863e+01   1.5422258914e+00
1.1829556863e+01   1.5467854449e+00
1.1835056863e+01   1.5513528284e+00
1.1840556863e+01   1.5559279759e+00
1.1846056863e+01   1.5605108207e+00
1.1851556863e+01   1.5651012950e+00
1.1857056863e+01   1.5696993297e+00
1.1862556863e+01   1.5743048548e+00
1.1868056863e+01   1.5789177991e+00
1.1873556863e+01   1.5835380903e+00
1.1879056863e+01   1.5881656549e+00
1.1884556863e+01   1.5928004186e+00
1.1890056863e+01   1.5974423054e+00
1.1895556863e+01   1.6020912387e+00
1.1901056863e+01   1.6067471403e+00
1.1906556863e+01   1.6114099311e+00
1.1912056863e+01   1.6160795307e+00
1.1917556863e+01   1.6207558575e+00
1.1923056863e+01   1.6254388288e+00
1.1928556863e+01   1.6301283606e+00
1.1934056863e+01   1.6348243677e+00
1.1939556863e+01   1.6395267636e+00
1.1945056863e+01   1.6442354606e+00
1.1950556863e+01   1.6489503698e+00
1.1956056863e+01   1.6536714010e+00
1.1961556863e+01   1.6583984627e+00
1.1967056863e+01   1.6631314622e+00
1.1972556863e+01   1.6678703054e+00
1.1978056863e+01   1.6726148970e+00
1.1983556863e+01   1.6773651402e+00
1.1989056863e+01   1.6821209372e+00
1.1994556863e+01   1.6868821885e+00
1.2000056863e+01   1.6916487934e+00
1.2005556863e+01   1.6964206501e+00
1.2011056863e+01   1.7011976550e+00
1.2016556863e+01   1.7059797034e+00
1.2022056863e+01   1.7107666892e+00
1.2027556863e+01   1.7155585048e+00
1.2033056863e+01   1.7203550413e+00
1.2038556863e+01   1.7251561883e+00
1.2044056863e+01   1.7299618339e+00
1.2049556863e+01   1.7347718651e+00
1.2055056863e+01   1.7395861671e+00
1.2060556863e+01   1.7444046238e+00
1.2066056863e+01   1.7492271176e+00
1.2071556863e+01   1.7540535295e+00
1.2077056863e+01   1.7588837388e+00
1.2082556863e+01   1.7637176236e+00
1.2088056863e+01   1.7685550602e+00
1.2093556863e+01   1.7733959237e+00
1.2099056863e+01   1.7782400874e+00
1.2104556863e+01   1.7830874232e+00
1.2110056863e+01   1.7879378014e+00
1.2115556863e+01   1.7927910908e+00
1.2121056863e+01   1.7976471586e+00
1.2126556863e+01   1.8025058703e+00
1.2132056863e+01   1.8073670902e+00
1.2137556863e+01   1.8122306805e+00
1.2143056863e+01   1.8170965021e+00
1.2148556863e+01   1.8219644144e+00
1.2154056863e+01   1.8268342748e+00
1.2159556863e+01   1.8317059393e+00
1.2165056863e+01   1.8365792623e+00
1.2170556863e+01   1.8414540964e+00
1.2176056863e+01   1.8463302927e+00
1.2181556863e+01   1.8512077005e+00
1.2187056863e+01   1.8560861674e+00
1.2192556863e+01   1.8609655394e+00
1.2198056863e+01   1.8658456609e+00
1.2203556863e+01   1.8707263743e+00
1.2209056863e+01   1.8756075206e+00
1.2214556863e+01   1.8804889387e+00
1.2220056863e+01   1.8853704663e+00
1.2225556863e+01   1.8902519388e+00
1.2231056863e+01   1.8951331901e+00
1.2236556863e+01   1.9000140525e+00
1.2242056863e+01   1.9048943563e+00
1.2247556863e+01   1.9097739300e+00
1.2253056863e+01   1.9146526006e+00
1.2258556863e+01   1.9195301929e+00
1.2264056863e+01   1.9244065303e+00
1.2269556863e+01   1.9292814341e+00
1.2275056863e+01   1.9341547239e+00
1.2280556863e+01   1.9390262175e+00
1.2286056863e+01   1.9438957308e+00
1.2291556863e+01   1.9487630780e+00
1.2297056863e+01   1.9536280713e+00
1.2302556863e+01   1.9584905210e+00
1.2308056863e+01   1.9633502358e+00
1.2313556863e+01   1.9682070223e+00
1.2319056863e+01   1.9730606854e+00
1.2324556863e+01   1.9779110280e+00
1.2330056863e+01   1.9827578510e+00
1.2335556863e+01   1.9876009538e+00
1.2341056863e+01   1.9924401335e+00
1.2346556863e+01   1.9972751855e+00
1.2352056863e+01   2.0021059033e+00
1.2357556863e+01   2.0069320784e+00
1.2363056863e+01   2.0117535005e+00
1.2368556863e+01   2.0165699573e+00
1.2374056863e+01   2.0213812345e+00
1.2379556863e+01   2.0261871160e+00
1.2385056863e+01   2.0309873838e+00
1.2390556863e+01   2.0357818178e+00
1.2396056863e+01   2.0405701961e+00
1.2401556863e+01   2.0453522947e+00
1.2407056863e+01   2.0501278879e+00
1.2412556863e+01   2.0548967479e+00
1.2418056863e+01   2.0596586448e+00
1.2423556863e+01   2.0644133470e+00
1.2429056863e+01   2.0691606209e+00
1.2434556863e+01   2.0739002308e+00
1.2440056863e+01   2.0786319392e+00
1.2445556863e+01   2.0833555065e+00
1.2451056863e+01   2.0880706912e+00
1.2456556863e+01   2.0927772500e+00
1.2462056863e+01   2.0974749372e+00
1.2467556863e+01   2.1021635057e+00
1.2473056863e+01   2.1068427061e+00
1.2478556863e+01   2.1115122870e+00
1.2484056863e+01   2.1161719951e+00
1.2489556863e+01   2.1208215754e+00
1.2495056863e+01   2.1254607707e+00
1.2500556863e+01   2.1300893217e+00
1.2506056863e+01   2.1347069674e+00
1.2511556863e+01   2.1393134449e+00
1.2517056863e+01   2.1439084892e+00
1.2522556863e+01   2.1484918333e+00
1.2528056863e+01   2.1530632085e+00
1.2533556863e+01   2.1576223440e+00
1.2539056863e+01   2.1621689670e+00
1.2544556863e+01   2.1667028030e+00
1.2550056863e+01   2.1712235755e+00
1.2555556863e+01   2.1757310061e+00
1.2561056863e+01   2.1802248144e+00
1.2566556863e+01   2.1847047181e+00
1.2572056863e+01   2.1891704333e+00
1.2577556863e+01   2.1936216739e+00
1.2583056863e+01   2.1980581520e+00
1.2588556863e+01   2.2024795780e+00
1.2594056863e+01   2.2068856604e+00
1.2599556863e+01   2.2112761056e+00
1.2605056863e+01   2.2156506186e+00
1.2610556863e+01   2.2200089022e+00
1.2616056863e+01   2.2243506577e+00
1.2621556863e+01   2.2286755844e+00
1.2627056863e+01   2.2329833799e+00
1.2632556863e+01   2.2372737400e+00
1.2638056863e+01   2.2415463588e+00
1.2643556863e+01   2.2458009287e+00
1.2649056863e+01   2.2500371402e+00
1.2654556863e+01   2.2542546823e+00
1.2660056863e+01   2.2584532422e+00
1.2665556863e+01   2.2626325055e+00
1.2671056863e+01   2.2667921560e+00
1.2676556863e+01   2.2709318761e+00
1.2682056863e+01   2.2750513464e+00
1.2687556863e+01   2.2791502459e+00
1.2693056863e+01   2.2832282521e+00
1.2698556863e+01   2.2872850410e+00
1.2704056863e+01   2.2913202869e+00
1.2709556863e+01   2.2953336628e+00
1.2715056863e+01   2.2993248399e+00
1.2720556863e+01   2.3032934882e+00
1.2726056863e+01   2.3072392763e+00
1.2731556863e+01   2.3111618711e+00
1.2737056863e+01   2.3150609384e+00
1.2742556863e+01   2.3189361424e+00
1.2748056863e+01   2.3227871462e+00
1.2753556863e+01   2.3266136114e+00
1.2759056863e+01   2.3304151983e+00
1.2764556863e+01   2.3341915663e+00
1.2770056863e+01   2.3379423730e+00
1.2775556863e+01   2.3416672754e+00
1.2781056863e+01   2.3453659289e+00
1.2786556863e+01   2.3490379880e+00
1.2792056863e+01   2.3526831060e+00
1.2797556863e+01   2.3563009353e+00
1.2803056863e+01   2.3598911271e+00
1.2808556863e+01   2.3634533318e+00
1.2814056863e+01   2.3669871985e+00
1.2819556863e+01   2.3704923758e+00
1.2825056863e+01   2.3739685112e+00
1.2830556863e+01   2.3774152513e+00
1.2836056863e+01   2.3808322422e+00
1.2841556863e+01   2.3842191289e+00
1.2847056863e+01   2.3875755559e+00
1.2852556863e+01   2.3909011670e+00
1.2858056863e+01   2.3941956052e+00
1.2863556863e+01   2.3974585131e+00
1.2869056863e+01   2.4006895327e+00
1.2874556863e+01   2.4038883056e+00
1.2880056863e+01   2.4070544726e+00
1.2885556863e+01   2.4101876746e+00
1.2891056863e+01   2.4132875518e+00
1.2896556863e+01   2.4163537441e+00
1.2902056863e+01   2.4193858914e+00
1.2907556863e+01   2.4223836331e+00
1.2913056863e+01   2.4253466085e+00
1.2918556863e+01   2.4282744571e+00
1.2924056863e+01   2.4311668179e+00
1.2929556863e+01   2.4340233301e+00
1.2935056863e+01   2.4368436332e+00
1.2940556863e+01   2.4396273664e+00
1.2946056863e+01   2.4423741694e+00
1.2951556863e+01   2.4450836819e+00
1.2957056863e+01   2.4477555440e+00
1.2962556863e+01   2.4503893962e+00
1.2968056863e+01   2.4529848792e+00
1.2973556863e+01   2.4555416345e+00
1.2979056863e+01   2.4580593038e+00
1.2984556863e+01   2.4605375296e+00
1.2990056863e+01   2.4629759549e+00
1.2995556863e+01   2.4653742236e+00
1.3001056863e+01   2.4677319803e+00
1.3006556863e+01   2.4700488703e+00
1.3012056863e+01   2.4723245401e+00
1.3017556863e+01   2.4745586371e+00
1.3023056863e+01   2.4767508095e+00
1.3028556863e+01   2.4789007070e+00
1.3034056863e+01   2.4810079802e+00
1.3039556863e+01   2.4830722811e+00
1.3045056863e+01   2.4850932630e+00
1.3050556863e+01   2.4870705807e+00
1.3056056863e+01   2.4890038903e+00
1.3061556863e+01   2.4908928496e+00
1.3067056863e+01   2.4927371180e+00
1.3072556863e+01   2.4945363564e+00
1.3078056863e+01   2.4962902279e+00
1.3083556863e+01   2.4979983970e+00
1.3089056863e+01   2.4996605305e+00
1.3094556863e+01   2.5012762968e+00
1.3100056863e+01   2.5028453669e+00
1.3105556863e+01   2.5043674135e+00
1.3111056863e+01   2.5058421118e+00
1.3116556863e+01   2.5072691393e+00
1.3122056863e+01   2.5086481757e+00
1.3127556863e+01   2.5099789036e+00
1.3133056863e+01   2.5112610076e+00
1.3138556863e+01   2.5124941755e+00
1.3144056863e+01   2.5136780974e+00
1.3149556863e+01   2.5148124665e+00
1.3155056863e+01   2.5158969789e+00
1.3160556863e+01   2.5169313333e+00
1.3166056863e+01   2.5179152320e+00
1.3171556863e+01   2.5188483800e+00
1.3177056863e+01   2.5197304858e+00
1.3182556863e+01   2.5205612611e+00
1.3188056863e+01   2.5213404210e+00
1.3193556863e+01   2.5220676842e+00
1.3199056863e+01   2.5227427729e+00
1.3204556863e+01   2.5233654129e+00
1.3210056863e+01   2.5239353338e+00
1.3215556863e+01   2.5244522690e+00
1.3221056863e+01   2.5249159559e+00
1.3226556863e+01   2.5253261359e+00
1.3232056863e+01   2.5256825543e+00
1.3237556863e+01   2.5259849608e+00
1.3243056863e+01   2.5262331093e+00
1.3248556863e+01   2.5264267579e+00
1.3254056863e+01   2.5265656694e+00
1.3259556863e+01   2.5266496110e+00
1.3265056863e+01   2.5266783543e+00
1.3270556863e+01   2.5266516759e+00
1.3276056863e+01   2.5265693571e+00
1.3281556863e+01   2.5264311839e+00
1.3287056863e+01   2.5262369474e+00
1.3292556863e+01   2.5259864438e+00
1.3298056863e+01   2.5256794741e+00
1.3303556863e+01   2.5253158448e+00
1.3309056863e+01   2.5248953677e+00
1.3314556863e+01   2.5244178596e+00
1.3320056863e+01   2.5238831432e+00
1.3325556863e+01   2.5232910465e+00
1.3331056863e+01   2.5226414030e+00
1.3336556863e+01   2.5219340520e+00
1.3342056863e+01   2.5211688387e+00
1.3347556863e+01   2.5203456140e+00
1.3353056863e+01   2.5194642347e+00
1.3358556863e+01   2.5185245637e+00
1.3364056863e+01   2.5175264698e+00
1.3369556863e+01   2.5164698282e+00
1.3375056863e+01   2.5153545201e+00
1.3380556863e+01   2.5141804331e+00
1.3386056863e+01   2.5129474612e+00
1.3391556863e+01   2.5116555048e+00
1.3397056863e+01   2.5103044707e+00
1.3402556863e+01   2.5088942725e+00
1.3408056863e+01   2.5074248303e+00
1.3413556863e+01   2.5058960709e+00
1.3419056863e+01   2.5043079279e+00
1.3424556863e+01   2.5026603419e+00
1.3430056863e+01   2.5009532601e+00
1.3435556863e+01   2.4991866369e+00
1.3441056863e+01   2.4973604336e+00
1.3446556863e+01   2.4954746187e+00
1.3452056863e+01   2.4935291676e+00
1.3457556863e+01   2.4915240631e+00
1.3463056863e+01   2.4894592952e+00
1.3468556863e+01   2.4873348612e+00
1.3474056863e+01   2.4851507657e+00
1.3479556863e+01   2.4829070206e+00
1.3485056863e+01   2.4806036455e+00
1.3490556863e+01   2.4782406671e+00
1.3496056863e+01   2.4758181200e+00
1.3501556863e+01   2.4733360461e+00
1.3507056863e+01   2.4707944950e+00
1.3512556863e+01   2.4681935239e+00
1.3518056863e+01   2.4655331976e+00
1.3523556863e+01   2.4628135889e+00
1.3529056863e+01   2.4600347779e+00
1.3534556863e+01   2.4571968527e+00
1.3540056863e+01   2.4542999092e+00
1.3545556863e+01   2.4513440509e+00
1.3551056863e+01   2.4483293894e+00
1.3556556863e+01   2.4452560440e+00
1.3562056863e+01   2.4421241417e+00
1.3567556863e+01   2.4389338177e+00
1.3573056863e+01   2.4356852148e+00
1.3578556863e+01   2.4323784839e+00
1.3584056863e+01   2.4290137836e+00
1.3589556863e+01   2.4255912806e+00
1.3595056863e+01   2.4221111493e+00
1.3600556863e+01   2.4185735723e+00
1.3606056863e+01   2.4149787397e+00
1.3611556863e+01   2.4113268498e+00
1.3617056863e+01   2.4076181087e+00
1.3622556863e+01   2.4038527304e+00
1.3628056863e+01   2.4000309367e+00
1.3633556863e+01   2.3961529572e+00
1.3639056863e+01   2.3922190296e+00
1.3644556863e+01   2.3882293990e+00
1.3650056863e+01   2.3841843186e+00
1.3655556863e+01   2.3800840492e+00
1.3661056863e+01   2.3759288594e+00
1.3666556863e+01   2.3717190255e+00
1.3672056863e+01   2.3674548314e+00
1.3677556863e+01   2.3631365687e+00
1.3683056863e+01   2.3587645364e+00
1.3688556863e+01   2.3543390414e+00
1.3694056863e+01   2.3498603976e+00
1.3699556863e+01   2.3453289269e+00
1.3705056863e+01   2.3407449582e+00
1.3710556863e+01   2.3361088278e+00
1.3716056863e+01   2.3314208795e+00
1.3721556863e+01   2.3266814641e+00
1.3727056863e+01   2.3218909397e+00
1.3732556863e+01   2.3170496715e+00
1.3738056863e+01   2.3121580317e+00
1.3743556863e+01   2.3072163996e+00
1.3749056863e+01   2.3022251611e+00
1.3754556863e+01   2.2971847094e+00
1.3760056863e+01   2.2920954440e+00
1.3765556863e+01   2.2869577713e+00
1.3771056863e+01   2.2817721043e+00
1.3776556863e+01   2.2765388625e+00
1.3782056863e+01   2.2712584719e+00
1.3787556863e+01   2.2659313647e+00
1.3793056863e+01   2.2605579793e+00
1.3798556863e+01   2.2551387606e+00
1.3804056863e+01   2.2496741593e+00
1.3809556863e+01   2.2441646320e+00
1.3815056863e+01   2.2386106414e+00
1.3820556863e+01   2.2330126558e+00
1.3826056863e+01   2.2273711494e+00
1.3831556863e+01   2.2216866016e+00
1.3837056863e+01   2.2159594977e+00
1.3842556863e+01   2.2101903279e+00
1.3848056863e+01   2.2043795880e+00
1.3853556863e+01   2.1985277787e+00
1.3859056863e+01   2.1926354059e+00
1.3864556863e+01   2.1867029802e+00
1.3870056863e+01   2.1807310172e+00
1.3875556863e+01   2.1747200369e+00
1.3881056863e+01   2.1686705642e+00
1.3886556863e+01   2.1625831280e+00
1.3892056863e+01   2.1564582619e+00
1.3897556863e+01   2.1502965034e+00
1.3903056863e+01   2.1440983941e+00
1.3908556863e+01   2.1378644796e+00
1.3914056863e+01   2.1315953092e+00
1.3919556863e+01   2.1252914359e+00
1.3925056863e+01   2.1189534163e+00
1.3930556863e+01   2.1125818103e+00
1.3936056863e+01   2.1061771811e+00
1.3941556863e+01   2.0997400951e+00
1.3947056863e+01   2.0932711215e+00
1.3952556863e+01   2.0867708325e+00
1.3958056863e+01   2.0802398031e+00
1.3963556863e+01   2.0736786108e+00
1.3969056863e+01   2.0670878355e+00
1.3974556863e+01   2.0604680596e+00
1.3980056863e+01   2.0538198674e+00
1.3985556863e+01   2.0471438454e+00
1.3991056863e+01   2.0404405822e+00
1.3996556863e+01   2.0337106677e+00
1.4002056863e+01   2.0269546938e+00
1.4007556863e+01   2.0201732537e+00
1.4013056863e+01   2.0133669420e+00
1.4018556863e+01   2.0065363546e+00
1.4024056863e+01   1.9996820882e+00
1.4029556863e+01   1.9928047407e+00
1.4035056863e+01   1.9859049107e+00
1.4040556863e+01   1.9789831973e+00
1.4046056863e+01   1.9720402004e+00
1.4051556863e+01   1.9650765199e+00
1.4057056863e+01   1.9580927563e+00
1.4062556863e+01   1.9510895099e+00
1.4068056863e+01   1.9440673812e+00
1.4073556863e+01   1.9370269703e+00
1.4079056863e+01   1.9299688772e+00
1.4084556863e+01   1.9228937013e+00
1.4090056863e+01   1.9158020416e+00
1.4095556863e+01   1.9086944961e+00
1.4101056863e+01   1.9015716623e+00
1.4106556863e+01   1.8944341364e+00
1.4112056863e+01   1.8872825138e+00
1.4117556863e+01   1.8801173884e+00
1.4123056863e+01   1.8729393529e+00
1.4128556863e+01   1.8657489986e+00
1.4134056863e+01   1.8585469150e+00
1.4139556863e+01   1.8513336899e+00
1.4145056863e+01   1.8441099094e+00
1.4150556863e+01   1.8368761574e+00
1.4156056863e+01   1.8296330160e+00
1.4161556863e+01   1.8223810648e+00
1.4167056863e+01   1.8151208813e+00
1.4172556863e+01   1.8078530403e+00
1.4178056863e+01   1.8005781144e+00
1.4183556863e+01   1.7932966732e+00
1.4189056863e+01   1.7860092837e+00
1.4194556863e+01   1.7787165101e+00
1.4200056863e+01   1.7714189133e+00
1.4205556863e+01   1.7641170516e+00
1.4211056863e+01   1.7568114796e+00
1.4216556863e+01   1.7495027489e+00
1.4222056863e+01   1.7421914077e+00
1.4227556863e+01   1.7348780005e+00
1.4233056863e+01   1.7275630686e+00
1.4238556863e+01   1.7202471493e+00
1.4244056863e+01   1.7129307762e+00
1.4249556863e+01   1.7056144791e+00
1.4255056863e+01   1.6982987840e+00
1.4260556863e+01   1.6909842125e+00
1.4266056863e+01   1.6836712825e+00
1.4271556863e+01   1.6763605074e+00
1.4277056863e+01   1.6690523967e+00
1.4282556863e+01   1.6617474551e+00
1.4288056863e+01   1.6544461833e+00
1.4293556863e+01   1.6471490773e+00
1.4299056863e+01   1.6398566285e+00
1.4304556863e+01   1.6325693240e+00
1.4310056863e+01   1.6252876458e+00
1.4315556863e+01   1.6180120715e+00
1.4321056863e+01   1.6107430737e+00
1.4326556863e+01   1.6034811201e+00
1.4332056863e+01   1.5962266737e+00
1.4337556863e+01   1.5889801923e+00
1.4343056863e+01   1.5817421288e+00
1.4348556863e+01   1.5745129310e+00
1.4354056863e+01   1.5672930416e+00
1.4359556863e+01   1.5600828981e+00
1.4365056863e+01   1.5528829327e+00
1.4370556863e+01   1.5456935726e+00
1.4376056863e+01   1.5385152394e+00
1.4381556863e+01   1.5313483496e+00
1.4387056863e+01   1.5241933144e+00
1.4392556863e+01   1.5170505393e+00
1.4398056863e+01   1.5099204246e+00
1.4403556863e+01   1.5028033652e+00
1.4409056863e+01   1.4956997504e+00
1.4414556863e+01   1.4886099641e+00
1.4420056863e+01   1.4815343845e+00
1.4425556863e+01   1.4744733845e+00
1.4431056863e+01   1.4674273312e+00
1.4436556863e+01   1.4603965864e+00
1.4442056863e+01   1.4533815062e+00
1.4447556863e+01   1.4463824408e+00
1.4453056863e+01   1.4393997354e+00
1.4458556863e+01   1.4324337290e+00
1.4464056863e+01   1.4254847554e+00
1.4469556863e+01   1.4185531425e+00
1.4475056863e+01   1.4116392127e+00
1.4480556863e+01   1.4047432828e+00
1.4486056863e+01   1.3978656638e+00
1.4491556863e+01   1.3910066613e+00
1.4497056863e+01   1.3841665751e+00
1.4502556863e+01   1.3773456996e+00
1.4508056863e+01   1.3705443233e+00
1.4513556863e+01   1.3637627293e+00
1.4519056863e+01   1.3570011951e+00
1.4524556863e+01   1.3502599926e+00
1.4530056863e+01   1.3435393882e+00
1.4535556863e+01   1.3368396427e+00
1.4541056863e+01   1.3301610112e+00
1.4546556863e+01   1.3235037437e+00
1.4552056863e+01   1.3168680844e+00
1.4557556863e+01   1.3102542721e+00
1.4563056863e+01   1.3036625403e+00
1.4568556863e+01   1.2970931168e+00
1.4574056863e+01   1.2905462243e+00
1.4579556863e+01   1.2840220800e+00
1.4585056863e+01   1.2775208957e+00
1.4590556863e+01   1.2710428780e+00
1.4596056863e+01   1.2645882283e+00
1.4601556863e+01   1.2581571425e+00
1.4607056863e+01   1.2517498115e+00
1.4612556863e+01   1.2453664209e+00
1.4618056863e+01   1.2390071513e+00
1.4623556863e+01   1.2326721780e+00
1.4629056863e+01   1.2263616714e+00
1.4634556863e+01   1.2200757967e+00
1.4640056863e+01   1.2138147142e+00
1.4645556863e+01   1.2075785793e+00
1.4651056863e+01   1.2013675424e+00
1.4656556863e+01   1.1951817489e+00
1.4662056863e+01   1.1890213396e+00
1.4667556863e+01   1.1828864504e+00
1.4673056863e+01   1.1767772125e+00
1.4678556863e+01   1.1706937522e+00
1.4684056863e+01   1.1646361913e+00
1.4689556863e+01   1.1586046470e+00
1.4695056863e+01   1.1525992319e+00
1.4700556863e+01   1.1466200540e+00
1.4706056863e+01   1.1406672169e+00
1.4711556863e+01   1.1347408198e+00
1.4717056863e+01   1.1288409573e+00
1.4722556863e+01   1.1229677199e+00
1.4728056863e+01   1.1171211938e+00
1.4733556863e+01   1.1113014607e+00
1.4739056863e+01   1.1055085984e+00
1.4744556863e+01   1.0997426804e+00
1.4750056863e+01   1.0940037762e+00
1.4755556863e+01   1.0882919512e+00
1.4761056863e+01   1.0826072668e+00
1.4766556863e+01   1.0769497804e+00
1.4772056863e+01   1.0713195456e+00
1.4777556863e+01   1.0657166122e+00
1.4783056863e+01   1.0601410261e+00
1.4788556863e+01   1.0545928295e+00
1.4794056863e+01   1.0490720609e+00
1.4799556863e+01   1.0435787552e+00
1.4805056863e+01   1.0381129436e+00
1.4810556863e+01   1.0326746540e+00
1.4816056863e+01   1.0272639107e+00
1.4821556863e+01   1.0218807343e+00
1.4827056863e+01   1.0165251425e+00
1.4832556863e+01   1.0111971493e+00
1.4838056863e+01   1.0058967655e+00
1.4843556863e+01   1.0006239989e+00
1.4849056863e+01   9.9537885392e-01
1.4854556863e+01   9.9016133178e-01
1.4860056863e+01   9.8497143081e-01
1.4865556863e+01   9.7980914621e-01
1.4871056863e+01   9.7467447027e-01
1.4876556863e+01   9.6956739232e-01
1.4882056863e+01   9.6448789882e-01
1.4887556863e+01   9.5943597344e-01
1.4893056863e+01   9.5441159705e-01
1.4898556863e+01   9.4941474781e-01
1.4904056863e+01   9.4444540121e-01
1.4909556863e+01   9.3950353010e-01
1.4915056863e+01   9.3458910480e-01
1.4920556863e+01   9.2970209305e-01
1.4926056863e+01   9.2484246016e-01
1.4931556863e+01   9.2001016899e-01
1.4937056863e+01   9.1520518001e-01
1.4942556863e+01   9.1042745139e-01
1.4948056863e+01   9.0567693898e-01
1.4953556863e+01   9.0095359641e-01
1.4959056863e+01   8.9625737512e-01
1.4964556863e+01   8.9158822438e-01
1.4970056863e+01   8.8694609139e-01
1.4975556863e+01   8.8233092128e-01
1.4981056863e+01   8.7774265716e-01
1.4986556863e+01   8.7318124019e-01
1.4992056863e+01   8.6864660961e-01
1.4997556863e+01   8.6413870276e-01
1.5003056863e+01   8.5965745517e-01
1.5008556863e+01   8.5520280056e-01
1.5014056863e+01   8.5077467091e-01
1.5019556863e+01   8.4637299650e-01
1.5025056863e+01   8.4199770594e-01
1.5030556863e+01   8.3764872620e-01
1.5036056863e+01   8.3332598269e-01
1.5041556863e+01   8.2902939927e-01
1.5047056863e+01   8.2475889828e-01
1.5052556863e+01   8.2051440062e-01
1.5058056863e+01   8.1629582576e-01
1.5063556863e+01   8.1210309178e-01
1.5069056863e+01   8.0793611542e-01
1.5074556863e+01   8.0379481209e-01
1.5080056863e+01   7.9967909595e-01
1.5085556863e+01   7.9558887991e-01
1.5091056863e+01   7.9152407570e-01
1.5096556863e+01   7.8748459386e-01
1.5102056863e+01   7.8347034382e-01
1.5107556863e+01   7.7948123390e-01
1.5113056863e+01   7.7551717139e-01
1.5118556863e+01   7.7157806253e-01
1.5124056863e+01   7.6766381257e-01
1.5129556863e+01   7.6377432582e-01
1.5135056863e+01   7.5990950564e-01
1.5140556863e+01   7.5606925451e-01
1.5146056863e+01   7.5225347406e-01
1.5151556863e+01   7.4846206505e-01
1.5157056863e+01   7.4469492749e-01
1.5162556863e+01   7.4095196058e-01
1.5168056863e+01   7.3723306281e-01
1.5173556863e+01   7.3353813194e-01
1.5179056863e+01   7.2986706505e-01
1.5184556863e+01   7.2621975857e-01
1.5190056863e+01   7.2259610831e-01
1.5195556863e+01   7.1899600948e-01
1.5201056863e+01   7.1541935672e-01
1.5206556863e+01   7.1186604412e-01
1.5212056863e+01   7.0833596525e-01
1.5217556863e+01   7.0482901321e-01
1.5223056863e+01   7.0134508061e-01
1.5228556863e+01   6.9788405963e-01
1.5234056863e+01   6.9444584202e-01
1.5239556863e+01   6.9103031917e-01
1.5245056863e+01   6.8763738205e-01
1.5250556863e+01   6.8426692133e-01
1.5256056863e+01   6.8091882734e-01
1.5261556863e+01   6.7759299009e-01
1.5267056863e+01   6.7428929935e-01
1.5272556863e+01   6.7100764460e-01
1.5278056863e+01   6.6774791510e-01
1.5283556863e+01   6.6450999988e-01
1.5289056863e+01   6.6129378780e-01
1.5294556863e+01   6.5809916751e-01
1.5300056863e+01   6.5492602755e-01
1.5305556863e+01   6.5177425627e-01
1.5311056863e+01   6.4864374194e-01
1.5316556863e+01   6.4553437273e-01
1.5322056863e+01   6.4244603671e-01
1.5327556863e+01   6.3937862189e-01
1.5333056863e+01   6.3633201625e-01
1.5338556863e+01   6.3330610773e-01
1.5344056863e+01   6.3030078426e-01
1.5349556863e+01   6.2731593376e-01
1.5355056863e+01   6.2435144418e-01
1.5360556863e+01   6.2140720352e-01
1.5366056863e+01   6.1848309981e-01
1.5371556863e+01   6.1557902115e-01
1.5377056863e+01   6.1269485572e-01
1.5382556863e+01   6.0983049179e-01
1.5388056863e+01   6.0698581775e-01
1.5393556863e+01   6.0416072211e-01
1.5399056863e+01   6.0135509348e-01
1.5404556863e+01   5.9856882068e-01
1.5410056863e+01   5.9580179263e-01
1.5415556863e+01   5.9305389845e-01
1.5421056863e+01   5.9032502745e-01
1.5426556863e+01   5.8761506913e-01
1.5432056863e+01   5.8492391318e-01
1.5437556863e+01   5.8225144954e-01
1.5443056863e+01   5.7959756835e-01
1.5448556863e+01   5.7696216000e-01
1.5454056863e+01   5.7434511515e-01
1.5459556863e+01   5.7174632468e-01
1.5465056863e+01   5.6916567979e-01
1.5470556863e+01   5.6660307191e-01
1.5476056863e+01   5.6405839279e-01
1.5481556863e+01   5.6153153446e-01
1.5487056863e+01   5.5902238928e-01
1.5492556863e+01   5.5653084990e-01
1.5498056863e+01   5.5405680930e-01
1.5503556863e+01   5.5160016080e-01
1.5509056863e+01   5.4916079805e-01
1.5514556863e+01   5.4673861505e-01
1.5520056863e+01   5.4433350615e-01
1.5525556863e+01   5.4194536607e-01
1.5531056863e+01   5.3957408989e-01
1.5536556863e+01   5.3721957306e-01
1.5542056863e+01   5.3488171141e-01
1.5547556863e+01   5.3256040118e-01
1.5553056863e+01   5.3025553897e-01
1.5558556863e+01   5.2796702179e-01
1.5564056863e+01   5.2569474708e-01
1.5569556863e+01   5.2343861265e-01
1.5575056863e+01   5.2119851674e-01
1.5580556863e+01   5.1897435803e-01
1.5586056863e+01   5.1676603559e-01
1.5591556863e+01   5.1457344895e-01
1.5597056863e+01   5.1239649805e-01
1.5602556863e+01   5.1023508328e-01
1.5608056863e+01   5.0808910548e-01
1.5613556863e+01   5.0595846592e-01
1.5619056863e+01   5.0384306632e-01
1.5624556863e+01   5.0174280888e-01
1.5630056863e+01   4.9965759622e-01
1.5635556863e+01   4.9758733145e-01
1.5641056863e+01   4.9553191813e-01
1.5646556863e+01   4.9349126029e-01
1.5652056863e+01   4.9146526243e-01
1.5657556863e+01   4.8945382953e-01
1.5663056863e+01   4.8745686701e-01
1.5668556863e+01   4.8547428082e-01
1.5674056863e+01   4.8350597736e-01
1.5679556863e+01   4.8155186351e-01
1.5685056863e+01   4.7961184665e-01
1.5690556863e+01   4.7768583462e-01
1.5696056863e+01   4.7577373578e-01
1.5701556863e+01   4.7387545896e-01
1.5707056863e+01   4.7199091348e-01
1.5712556863e+01   4.7012000916e-01
1.5718056863e+01   4.6826265631e-01
1.5723556863e+01   4.6641876575e-01
1.5729056863e+01   4.6458824876e-01
1.5734556863e+01   4.6277101717e-01
1.5740056863e+01   4.6096698325e-01
1.5745556863e+01   4.5917605982e-01
1.5751056863e+01   4.5739816017e-01
1.5756556863e+01   4.5563319810e-01
1.5762056863e+01   4.5388108790e-01
1.5767556863e+01   4.5214174439e-01
1.5773056863e+01   4.5041508286e-01
1.5778556863e+01   4.4870101912e-01
1.5784056863e+01   4.4699946947e-01
1.5789556863e+01   4.4531035073e-01
1.5795056863e+01   4.4363358021e-01
1.5800556863e+01   4.4196907572e-01
1.5806056863e+01   4.4031675559e-01
1.5811556863e+01   4.3867653862e-01
1.5817056863e+01   4.3704834414e-01
1.5822556863e+01   4.3543209197e-01
1.5828056863e+01   4.3382770244e-01
1.5833556863e+01   4.3223509637e-01
1.5839056863e+01   4.3065419508e-01
1.5844556863e+01   4.2908492039e-01
1.5850056863e+01   4.2752719463e-01
1.5855556863e+01   4.2598094061e-01
1.5861056863e+01   4.2444608166e-01
1.5866556863e+01   4.2292254157e-01
1.5872056863e+01   4.2141024467e-01
1.5877556863e+01   4.1990911574e-01
1.5883056863e+01   4.1841908009e-01
1.5888556863e+01   4.1694006350e-01
1.5894056863e+01   4.1547199226e-01
1.5899556863e+01   4.1401479311e-01
1.5905056863e+01   4.1256839334e-01
1.5910556863e+01   4.1113272067e-01
1.5916056863e+01   4.0970770333e-01
1.5921556863e+01   4.0829327005e-01
1.5927056863e+01   4.0688935001e-01
1.5932556863e+01   4.0549587290e-01
1.5938056863e+01   4.0411276887e-01
1.5943556863e+01   4.0273996857e-01
1.5949056863e+01   4.0137740311e-01
1.5954556863e+01   4.0002500408e-01
1.5960056863e+01   3.9868270354e-01
1.5965556863e+01   3.9735043404e-01
1.5971056863e+01   3.9602812858e-01
1.5976556863e+01   3.9471572063e-01
1.5982056863e+01   3.9341314415e-01
1.5987556863e+01   3.9212033354e-01
1.5993056863e+01   3.9083722367e-01
1.5998556863e+01   3.8956374988e-01
1.6004056863e+01   3.8829984797e-01
1.6009556863e+01   3.8704545419e-01
1.6015056863e+01   3.8580050525e-01
1.6020556863e+01   3.8456493830e-01
1.6026056863e+01   3.8333869098e-01
1.6031556863e+01   3.8212170134e-01
1.6037056863e+01   3.8091390790e-01
1.6042556863e+01   3.7971524962e-01
1.6048056863e+01   3.7852566590e-01
1.6053556863e+01   3.7734509660e-01
1.6059056863e+01   3.7617348200e-01
1.6064556863e+01   3.7501076283e-01
1.6070056863e+01   3.7385688025e-01
1.6075556863e+01   3.7271177585e-01
1.6081056863e+01   3.7157539166e-01
1.6086556863e+01   3.7044767015e-01
1.6092056863e+01   3.6932855420e-01
1.6097556863e+01   3.6821798711e-01
1.6103056863e+01   3.6711591263e-01
1.6108556863e+01   3.6602227490e-01
1.6114056863e+01   3.6493701851e-01
1.6119556863e+01   3.6386008844e-01
1.6125056863e+01   3.6279143011e-01
1.6130556863e+01   3.6173098931e-01
1.6136056863e+01   3.6067871230e-01
1.6141556863e+01   3.5963454570e-01
1.6147056863e+01   3.5859843655e-01
1.6152556863e+01   3.5757033230e-01
1.6158056863e+01   3.5655018080e-01
1.6163556863e+01   3.5553793029e-01
1.6169056863e+01   3.5453352942e-01
1.6174556863e+01   3.5353692722e-01
1.6180056863e+01   3.5254807312e-01
1.6185556863e+01   3.5156691694e-01
1.6191056863e+01   3.5059340890e-01
1.6196556863e+01   3.4962749957e-01
1.6202056863e+01   3.4866913995e-01
1.6207556863e+01   3.4771828139e-01
1.6213056863e+01   3.4677487562e-01
1.6218556863e+01   3.4583887475e-01
1.6224056863e+01   3.4491023128e-01
1.6229556863e+01   3.4398889807e-01
1.6235056863e+01   3.4307482834e-01
1.6240556863e+01   3.4216797569e-01
1.6246056863e+01   3.4126829409e-01
1.6251556863e+01   3.4037573785e-01
1.6257056863e+01   3.3949026168e-01
1.6262556863e+01   3.3861182060e-01
1.6268056863e+01   3.3774037003e-01
1.6273556863e+01   3.3687586571e-01
1.6279056863e+01   3.3601826377e-01
1.6284556863e+01   3.3516752065e-01
1.6290056863e+01   3.3432359317e-01
1.6295556863e+01   3.3348643846e-01
1.6301056863e+01   3.3265601404e-01
1.6306556863e+01   3.3183227772e-01
1.6312056863e+01   3.3101518769e-01
1.6317556863e+01   3.3020470246e-01
1.6323056863e+01   3.2940078087e-01
1.6328556863e+01   3.2860338210e-01
1.6334056863e+01   3.2781246566e-01
1.6339556863e+01   3.2702799138e-01
1.6345056863e+01   3.2624991943e-01
1.6350556863e+01   3.2547821028e-01
1.6356056863e+01   3.2471282475e-01
1.6361556863e+01   3.2395372397e-01
1.6367056863e+01   3.2320086936e-01
1.6372556863e+01   3.2245422271e-01
1.6378056863e+01   3.2171374607e-01
1.6383556863e+01   3.2097940183e-01
1.6389056863e+01   3.2025115267e-01
1.6394556863e+01   3.1952896161e-01
1.6400056863e+01   3.1881279194e-01
1.6405556863e+01   3.1810260727e-01
1.6411056863e+01   3.1739837151e-01
1.6416556863e+01   3.1670004886e-01
1.6422056863e+01   3.1600760381e-01
1.6427556863e+01   3.1532100118e-01
1.6433056863e+01   3.1464020605e-01
1.6438556863e+01   3.1396518379e-01
1.6444056863e+01   3.1329590008e-01
1.6449556863e+01   3.1263232088e-01
1.6455056863e+01   3.1197441241e-01
1.6460556863e+01   3.1132214120e-01
1.6466056863e+01   3.1067547407e-01
1.6471556863e+01   3.1003437807e-01
1.6477056863e+01   3.0939882059e-01
1.6482556863e+01   3.0876876924e-01
1.6488056863e+01   3.0814419193e-01
1.6493556863e+01   3.0752505685e-01
1.6499056863e+01   3.0691133244e-01
1.6504556863e+01   3.0630298740e-01
1.6510056863e+01   3.0569999073e-01
1.6515556863e+01   3.0510231167e-01
1.6521056863e+01   3.0450991971e-01
1.6526556863e+01   3.0392278462e-01
1.6532056863e+01   3.0334087643e-01
1.6537556863e+01   3.0276416541e-01
1.6543056863e+01   3.0219262210e-01
1.6548556863e+01   3.0162621728e-01
1.6554056863e+01   3.0106492199e-01
1.6559556863e+01   3.0050870751e-01
1.6565056863e+01   2.9995754537e-01
1.6570556863e+01   2.9941140736e-01
1.6576056863e+01   2.9887026550e-01
1.6581556863e+01   2.9833409205e-01
1.6587056863e+01   2.9780285951e-01
1.6592556863e+01   2.9727654064e-01
1.6598056863e+01   2.9675510840e-01
1.6603556863e+01   2.9623853601e-01
1.6609056863e+01   2.9572679692e-01
1.6614556863e+01   2.9521986482e-01
1.6620056863e+01   2.9471771361e-01
1.6625556863e+01   2.9422031743e-01
1.6631056863e+01   2.9372765065e-01
1.6636556863e+01   2.9323968787e-01
1.6642056863e+01   2.9275640388e-01
1.6647556863e+01   2.9227777375e-01
1.6653056863e+01   2.9180377271e-01
1.6658556863e+01   2.9133437626e-01
1.6664056863e+01   2.9086956007e-01
1.6669556863e+01   2.9040930007e-01
1.6675056863e+01   2.8995357238e-01
1.6680556863e+01   2.8950235334e-01
1.6686056863e+01   2.8905561948e-01
1.6691556863e+01   2.8861334758e-01
1.6697056863e+01   2.8817551460e-01
1.6702556863e+01   2.8774209771e-01
1.6708056863e+01   2.8731307429e-01
1.6713556863e+01   2.8688842192e-01
1.6719056863e+01   2.8646811838e-01
1.6724556863e+01   2.8605214167e-01
1.6730056863e+01   2.8564046996e-01
1.6735556863e+01   2.8523308164e-01
1.6741056863e+01   2.8482995528e-01
1.6746556863e+01   2.8443106967e-01
1.6752056863e+01   2.8403640376e-01
1.6757556863e+01   2.8364593673e-01
1.6763056863e+01   2.8325964791e-01
1.6768556863e+01   2.8287751685e-01
1.6774056863e+01   2.8249952328e-01
1.6779556863e+01   2.8212564712e-01
1.6785056863e+01   2.8175586847e-01
1.6790556863e+01   2.8139016760e-01
1.6796056863e+01   2.8102852500e-01
1.6801556863e+01   2.8067092131e-01
1.6807056863e+01   2.8031733736e-01
1.6812556863e+01   2.7996775416e-01
1.6818056863e+01   2.7962215290e-01
1.6823556863e+01   2.7928051494e-01
1.6829056863e+01   2.7894282183e-01
1.6834556863e+01   2.7860905527e-01
1.6840056863e+01   2.7827919714e-01
1.6845556863e+01   2.7795322952e-01
1.6851056863e+01   2.7763113462e-01
1.6856556863e+01   2.7731289484e-01
1.6862056863e+01   2.7699849275e-01
1.6867556863e+01   2.7668791107e-01
1.6873056863e+01   2.7638113271e-01
1.6878556863e+01   2.7607814072e-01
1.6884056863e+01   2.7577891833e-01
1.6889556863e+01   2.7548344893e-01
1.6895056863e+01   2.7519171606e-01
1.6900556863e+01   2.7490370343e-01
1.6906056863e+01   2.7461939490e-01
1.6911556863e+01   2.7433877451e-01
1.6917056863e+01   2.7406182642e-01
1.6922556863e+01   2.7378853498e-01
1.6928056863e+01   2.7351888467e-01
1.6933556863e+01   2.7325286013e-01
1.6939056863e+01   2.7299044617e-01
1.6944556863e+01   2.7273162772e-01
1.6950056863e+01   2.7247638988e-01
1.6955556863e+01   2.7222471790e-01
1.6961056863e+01   2.7197659716e-01
1.6966556863e+01   2.7173201321e-01
1.6972056863e+01   2.7149095174e-01
1.6977556863e+01   2.7125339856e-01
1.6983056863e+01   2.7101933966e-01
1.6988556863e+01   2.7078876116e-01
1.6994056863e+01   2.7056164931e-01
1.6999556863e+01   2.7033799051e-01
1.7005056863e+01   2.7011777130e-01
1.7010556863e+01   2.6990097835e-01
1.7016056863e+01   2.6968759850e-01
1.7021556863e+01   2.6947761869e-01
1.7027056863e+01   2.6927102600e-01
1.7032556863e+01   2.6906780767e-01
1.7038056863e+01   2.6886795106e-01
1.7043556863e+01   2.6867144365e-01
1.7049056863e+01   2.6847827308e-01
1.7054556863e+01   2.6828842709e-01
1.7060056863e+01   2.6810189358e-01
1.7065556863e+01   2.6791866057e-01
1.7071056863e+01   2.6773871620e-01
1.7076556863e+01   2.6756204875e-01
1.7082056863e+01   2.6738864661e-01
1.7087556863e+01   2.6721849832e-01
1.7093056863e+01   2.6705159254e-01
1.7098556863e+01   2.6688791803e-01
1.7104056863e+01   2.6672746371e-01
1.7109556863e+01   2.6657021859e-01
1.7115056863e+01   2.6641617183e-01
1.7120556863e+01   2.6626531270e-01
1.7126056863e+01   2.6611763058e-01
1.7131556863e+01   2.6597311499e-01
1.7137056863e+01   2.6583175556e-01
1.7142556863e+01   2.6569354203e-01
1.7148056863e+01   2.6555846427e-01
1.7153556863e+01   2.6542651226e-01
1.7159056863e+01   2.6529767610e-01
1.7164556863e+01   2.6517194600e-01
1.7170056863e+01   2.6504931229e-01
1.7175556863e+01   2.6492976542e-01
1.7181056863e+01   2.6481329593e-01
1.7186556863e+01   2.6469989450e-01
1.7192056863e+01   2.6458955191e-01
1.7197556863e+01   2.6448225904e-01
1.7203056863e+01   2.6437800689e-01
1.7208556863e+01   2.6427678658e-01
1.7214056863e+01   2.6417858932e-01
1.7219556863e+01   2.6408340645e-01
1.7225056863e+01   2.6399122939e-01
1.7230556863e+01   2.6390204968e-01
1.7236056863e+01   2.6381585898e-01
1.7241556863e+01   2.6373264904e-01
1.7247056863e+01   2.6365241172e-01
1.7252556863e+01   2.6357513897e-01
1.7258056863e+01   2.6350082287e-01
1.7263556863e+01   2.6342945558e-01
1.7269056863e+01   2.6336102937e-01
1.7274556863e+01   2.6329553662e-01
1.7280056863e+01   2.6323296981e-01
1.7285556863e+01   2.6317332149e-01
1.7291056863e+01   2.6311658437e-01
1.7296556863e+01   2.6306275119e-01
1.7302056863e+01   2.6301181484e-01
1.7307556863e+01   2.6296376829e-01
1.7313056863e+01   2.6291860461e-01
1.7318556863e+01   2.6287631696e-01
1.7324056863e+01   2.6283689860e-01
1.7329556863e+01   2.6280034289e-01
1.7335056863e+01   2.6276664328e-01
1.7340556863e+01   2.6273579333e-01
1.7346056863e+01   2.6270778667e-01
1.7351556863e+01   2.6268261703e-01
1.7357056863e+01   2.6266027825e-01
1.7362556863e+01   2.6264076425e-01
1.7368056863e+01   2.6262406904e-01
1.7373556863e+01   2.6261018672e-01
1.7379056863e+01   2.6259911150e-01
1.7384556863e+01   2.6259083765e-01
1.7390056863e+01   2.6258535955e-01
1.7395556863e+01   2.6258267167e-01
1.7401056863e+01   2.6258276856e-01
1.7406556863e+01   2.6258564487e-01
1.7412056863e+01   2.6259129532e-01
1.7417556863e+01   2.6259971474e-01
1.7423056863e+01   2.6261089802e-01
1.7428556863e+01   2.6262484017e-01
1.7434056863e+01   2.6264153626e-01
1.7439556863e+01   2.6266098146e-01
1.7445056863e+01   2.6268317101e-01
1.7450556863e+01   2.6270810024e-01
1.7456056863e+01   2.6273576458e-01
1.7461556863e+01   2.6276615953e-01
1.7467056863e+01   2.6279928068e-01
1.7472556863e+01   2.6283512368e-01
1.7478056863e+01   2.6287368430e-01
1.7483556863e+01   2.6291495836e-01
1.7489056863e+01   2.6295894178e-01
1.7494556863e+01   2.6300563056e-01
1.7500056863e+01   2.6305502077e-01
1.7505556863e+01   2.6310710857e-01
1.7511056863e+01   2.6316189019e-01
1.7516556863e+01   2.6321936197e-01
1.7522056863e+01   2.6327952028e-01
1.7527556863e+01   2.6334236161e-01
1.7533056863e+01   2.6340788250e-01
1.7538556863e+01   2.6347607960e-01
1.7544056863e+01   2.6354694961e-01
1.7549556863e+01   2.6362048932e-01
1.7555056863e+01   2.6369669558e-01
1.7560556863e+01   2.6377556535e-01
1.7566056863e+01   2.6385709563e-01
1.7571556863e+01   2.6394128353e-01
1.7577056863e+01   2.6402812620e-01
1.7582556863e+01   2.6411762089e-01
1.7588056863e+01   2.6420976492e-01
1.7593556863e+01   2.6430455568e-01
1.7599056863e+01   2.6440199064e-01
1.7604556863e+01   2.6450206734e-01
1.7610056863e+01   2.6460478338e-01
1.7615556863e+01   2.6471013647e-01
1.7621056863e+01   2.6481812435e-01
1.7626556863e+01   2.6492874486e-01
1.7632056863e+01   2.6504199590e-01
1.7637556863e+01   2.6515787545e-01
1.7643056863e+01   2.6527638156e-01
1.7648556863e+01   2.6539751235e-01
1.7654056863e+01   2.6552126600e-01
1.7659556863e+01   2.6564764078e-01
1.7665056863e+01   2.6577663501e-01
1.7670556863e+01   2.6590824710e-01
1.7676056863e+01   2.6604247552e-01
1.7681556863e+01   2.6617931880e-01
1.7687056863e+01   2.6631877556e-01
1.7692556863e+01   2.6646084448e-01
1.7698056863e+01   2.6660552430e-01
1.7703556863e+01   2.6675281383e-01
1.7709056863e+01   2.6690271196e-01
1.7714556863e+01   2.6705521763e-01
1.7720056863e+01   2.6721032988e-01
1.7725556863e+01   2.6736804778e-01
1.7731056863e+01   2.6752837048e-01
1.7736556863e+01   2.6769129720e-01
1.7742056863e+01   2.6785682724e-01
1.7747556863e+01   2.6802495993e-01
1.7753056863e+01   2.6819569471e-01
1.7758556863e+01   2.6836903104e-01
1.7764056863e+01   2.6854496849e-01
1.7769556863e+01   2.6872350666e-01
1.7775056863e+01   2.6890464524e-01
1.7780556863e+01   2.6908838397e-01
1.7786056863e+01   2.6927472266e-01
1.7791556863e+01   2.6946366117e-01
1.7797056863e+01   2.6965519946e-01
1.7802556863e+01   2.6984933751e-01
1.7808056863e+01   2.7004607540e-01
1.7813556863e+01   2.7024541325e-01
1.7819056863e+01   2.7044735125e-01
1.7824556863e+01   2.7065188966e-01
1.7830056863e+01   2.7085902880e-01
1.7835556863e+01   2.7106876904e-01
1.7841056863e+01   2.7128111083e-01
1.7846556863e+01   2.7149605467e-01
1.7852056863e+01   2.7171360113e-01
1.7857556863e+01   2.7193375084e-01
1.7863056863e+01   2.7215650448e-01
1.7868556863e+01   2.7238186282e-01
1.7874056863e+01   2.7260982665e-01
1.7879556863e+01   2.7284039686e-01
1.7885056863e+01   2.7307357438e-01
1.7890556863e+01   2.7330936021e-01
1.7896056863e+01   2.7354775540e-01
1.7901556863e+01   2.7378876107e-01
1.7907056863e+01   2.7403237839e-01
1.7912556863e+01   2.7427860860e-01
1.7918056863e+01   2.7452745300e-01
1.7923556863e+01   2.7477891295e-01
1.7929056863e+01   2.7503298986e-01
1.7934556863e+01   2.7528968520e-01
1.7940056863e+01   2.7554900051e-01
1.7945556863e+01   2.7581093738e-01
1.7951056863e+01   2.7607549747e-01
1.7956556863e+01   2.7634268249e-01
1.7962056863e+01   2.7661249420e-01
1.7967556863e+01   2.7688493444e-01
1.7973056863e+01   2.7716000508e-01
1.7978556863e+01   2.7743770808e-01
1.7984056863e+01   2.7771804544e-01
1.7989556863e+01   2.7800101922e-01
1.7995056863e+01   2.7828663154e-01
1.8000556863e+01   2.7857488456e-01
1.8006056863e+01   2.7886578054e-01
1.8011556863e+01   2.7915932175e-01
1.8017056863e+01   2.7945551055e-01
1.8022556863e+01   2.7975434933e-01
1.8028056863e+01   2.8005584057e-01
1.8033556863e+01   2.8035998678e-01
1.8039056863e+01   2.8066679054e-01
1.8044556863e+01   2.8097625448e-01
1.8050056863e+01   2.8128838129e-01
1.8055556863e+01   2.8160317371e-01
1.8061056863e+01   2.8192063454e-01
1.8066556863e+01   2.8224076665e-01
1.8072056863e+01   2.8256357295e-01
1.8077556863e+01   2.8288905640e-01
1.8083056863e+01   2.8321722004e-01
1.8088556863e+01   2.8354806694e-01
1.8094056863e+01   2.8388160024e-01
1.8099556863e+01   2.8421782314e-01
1.8105056863e+01   2.8455673888e-01
1.8110556863e+01   2.8489835076e-01
1.8116056863e+01   2.8524266215e-01
1.8121556863e+01   2.8558967646e-01
1.8127056863e+01   2.8593939715e-01
1.8132556863e+01   2.8629182776e-01
1.8138056863e+01   2.8664697186e-01
1.8143556863e+01   2.8700483308e-01
1.8149056863e+01   2.8736541512e-01
1.8154556863e+01   2.8772872171e-01
1.8160056863e+01   2.8809475666e-01
1.8165556863e+01   2.8846352381e-01
1.8171056863e+01   2.8883502707e-01
1.8176556863e+01   2.8920927041e-01
1.8182056863e+01   2.8958625785e-01
1.8187556863e+01   2.8996599344e-01
1.8193056863e+01   2.9034848131e-01
1.8198556863e+01   2.9073372564e-01
1.8204056863e+01   2.9112173067e-01
1.8209556863e+01   2.9151250068e-01
1.8215056863e+01   2.9190604000e-01
1.8220556863e+01   2.9230235304e-01
1.8226056863e+01   2.9270144424e-01
1.8231556863e+01   2.9310331810e-01
1.8237056863e+01   2.9350797917e-01
1.8242556863e+01   2.9391543207e-01
1.8248056863e+01   2.9432568145e-01
1.8253556863e+01   2.9473873203e-01
1.8259056863e+01   2.9515458858e-01
1.8264556863e+01   2.9557325592e-01
1.8270056863e+01   2.9599473893e-01
1.8275556863e+01   2.9641904253e-01
1.8281056863e+01   2.9684617171e-01
1.8286556863e+01   2.9727613151e-01
1.8292056863e+01   2.9770892700e-01
1.8297556863e+01   2.9814456333e-01
1.8303056863e+01   2.9858304570e-01
1.8308556863e+01   2.9902437935e-01
1.8314056863e+01   2.9946856958e-01
1.8319556863e+01   2.9991562175e-01
1.8325056863e+01   3.0036554126e-01
1.8330556863e+01   3.0081833357e-01
1.8336056863e+01   3.0127400420e-01
1.8341556863e+01   3.0173255870e-01
1.8347056863e+01   3.0219400270e-01
1.8352556863e+01   3.0265834186e-01
1.8358056863e+01   3.0312558192e-01
1.8363556863e+01   3.0359572863e-01
1.8369056863e+01   3.0406878784e-01
1.8374556863e+01   3.0454476541e-01
1.8380056863e+01   3.0502366730e-01
1.8385556863e+01   3.0550549947e-01
1.8391056863e+01   3.0599026798e-01
1.8396556863e+01   3.0647797891e-01
1.8402056863e+01   3.0696863840e-01
1.8407556863e+01   3.0746225265e-01
1.8413056863e+01   3.0795882791e-01
1.8418556863e+01   3.0845837048e-01
1.8424056863e+01   3.0896088672e-01
1.8429556863e+01   3.0946638302e-01
1.8435056863e+01   3.0997486585e-01
1.8440556863e+01   3.1048634172e-01
1.8446056863e+01   3.1100081720e-01
1.8451556863e+01   3.1151829889e-01
1.8457056863e+01   3.1203879346e-01
1.8462556863e+01   3.1256230764e-01
1.8468056863e+01   3.1308884820e-01
1.8473556863e+01   3.1361842195e-01
1.8479056863e+01   3.1415103579e-01
1.8484556863e+01   3.1468669664e-01
1.8490056863e+01   3.1522541148e-01
1.8495556863e+01   3.1576718735e-01
1.8501056863e+01   3.1631203132e-01
1.8506556863e+01   3.1685995055e-01
1.8512056863e+01   3.1741095222e-01
1.8517556863e+01   3.1796504358e-01
1.8523056863e+01   3.1852223192e-01
1.8528556863e+01   3.1908252459e-01
1.8534056863e+01   3.1964592899e-01
1.8539556863e+01   3.2021245257e-01
1.8545056863e+01   3.2078210284e-01
1.8550556863e+01   3.2135488736e-01
1.8556056863e+01   3.2193081373e-01
1.8561556863e+01   3.2250988963e-01
1.8567056863e+01   3.2309212275e-01
1.8572556863e+01   3.2367752088e-01
1.8578056863e+01   3.2426609183e-01
1.8583556863e+01   3.2485784347e-01
1.8589056863e+01   3.2545278372e-01
1.8594556863e+01   3.2605092057e-01
1.8600056863e+01   3.2665226204e-01
1.8605556863e+01   3.2725681621e-01
1.8611056863e+01   3.2786459122e-01
1.8616556863e+01   3.2847559526e-01
1.8622056863e+01   3.2908983656e-01
1.8627556863e+01   3.2970732341e-01
1.8633056863e+01   3.3032806416e-01
1.8638556863e+01   3.3095206720e-01
1.8644056863e+01   3.3157934099e-01
1.8649556863e+01   3.3220989403e-01
1.8655056863e+01   3.3284373486e-01
1.8660556863e+01   3.3348087210e-01
1.8666056863e+01   3.3412131441e-01
1.8671556863e+01   3.3476507050e-01
1.8677056863e+01   3.3541214913e-01
1.8682556863e+01   3.3606255912e-01
1.8688056863e+01   3.3671630934e-01
1.8693556863e+01   3.3737340871e-01
1.8699056863e+01   3.3803386621e-01
1.8704556863e+01   3.3869769087e-01
1.8710056863e+01   3.3936489177e-01
1.8715556863e+01   3.4003547804e-01
1.8721056863e+01   3.4070945887e-01
1.8726556863e+01   3.4138684351e-01
1.8732056863e+01   3.4206764123e-01
1.8737556863e+01   3.4275186139e-01
1.8743056863e+01   3.4343951338e-01
1.8748556863e+01   3.4413060667e-01
1.8754056863e+01   3.4482515074e-01
1.8759556863e+01   3.4552315517e-01
1.8765056863e+01   3.4622462956e-01
1.8770556863e+01   3.4692958356e-01
1.8776056863e+01   3.4763802691e-01
1.8781556863e+01   3.4834996937e-01
1.8787056863e+01   3.4906542077e-01
1.8792556863e+01   3.4978439097e-01
1.8798056863e+01   3.5050688991e-01
1.8803556863e+01   3.5123292758e-01
1.8809056863e+01   3.5196251400e-01
1.8814556863e+01   3.5269565927e-01
1.8820056863e+01   3.5343237352e-01
1.8825556863e+01   3.5417266697e-01
1.8831056863e+01   3.5491654985e-01
1.8836556863e+01   3.5566403247e-01
1.8842056863e+01   3.5641512518e-01
1.8847556863e+01   3.5716983840e-01
1.8853056863e+01   3.5792818258e-01
1.8858556863e+01   3.5869016825e-01
1.8864056863e+01   3.5945580597e-01
1.8869556863e+01   3.6022510638e-01
1.8875056863e+01   3.6099808014e-01
1.8880556863e+01   3.6177473798e-01
1.8886056863e+01   3.6255509071e-01
1.8891556863e+01   3.6333914914e-01
1.8897056863e+01   3.6412692418e-01
1.8902556863e+01   3.6491842677e-01
1.8908056863e+01   3.6571366792e-01
1.8913556863e+01   3.6651265867e-01
1.8919056863e+01   3.6731541014e-01
1.8924556863e+01   3.6812193348e-01
1.8930056863e+01   3.6893223991e-01
1.8935556863e+01   3.6974634071e-01
1.8941056863e+01   3.7056424720e-01
1.8946556863e+01   3.7138597075e-01
1.8952056863e+01   3.7221152280e-01
1.8957556863e+01   3.7304091483e-01
1.8963056863e+01   3.7387415839e-01
1.8968556863e+01   3.7471126506e-01
1.8974056863e+01   3.7555224651e-01
1.8979556863e+01   3.7639711442e-01
1.8985056863e+01   3.7724588057e-01
1.8990556863e+01   3.7809855675e-01
1.8996056863e+01   3.7895515485e-01
1.9001556863e+01   3.7981568677e-01
1.9007056863e+01   3.8068016449e-01
1.9012556863e+01   3.8154860004e-01
1.9018056863e+01   3.8242100551e-01
1.9023556863e+01   3.8329739304e-01
1.9029056863e+01   3.8417777481e-01
1.9034556863e+01   3.8506216307e-01
1.9040056863e+01   3.8595057014e-01
1.9045556863e+01   3.8684300835e-01
1.9051056863e+01   3.8773949013e-01
1.9056556863e+01   3.8864002794e-01
1.9062056863e+01   3.8954463430e-01
1.9067556863e+01   3.9045332179e-01
1.9073056863e+01   3.9136610303e-01
1.9078556863e+01   3.9228299071e-01
1.9084056863e+01   3.9320399757e-01
1.9089556863e+01   3.9412913641e-01
1.9095056863e+01   3.9505842007e-01
1.9100556863e+01   3.9599186146e-01
1.9106056863e+01   3.9692947353e-01
1.9111556863e+01   3.9787126931e-01
1.9117056863e+01   3.9881726185e-01
1.9122556863e+01   3.9976746429e-01
1.9128056863e+01   4.0072188980e-01
1.9133556863e+01   4.0168055161e-01
1.9139056863e+01   4.0264346302e-01
1.9144556863e+01   4.0361063736e-01
1.9150056863e+01   4.0458208804e-01
1.9155556863e+01   4.0555782851e-01
1.9161056863e+01   4.0653787228e-01
1.9166556863e+01   4.0752223291e-01
1.9172056863e+01   4.0851092402e-01
1.9177556863e+01   4.0950395928e-01
1.9183056863e+01   4.1050135243e-01
1.9188556863e+01   4.1150311725e-01
1.9194056863e+01   4.1250926758e-01
1.9199556863e+01   4.1351981731e-01
1.9205056863e+01   4.1453478039e-01
1.9210556863e+01   4.1555417083e-01
1.9216056863e+01   4.1657800269e-01
1.9221556863e+01   4.1760629008e-01
1.9227056863e+01   4.1863904717e-01
1.9232556863e+01   4.1967628819e-01
1.9238056863e+01   4.2071802742e-01
1.9243556863e+01   4.2176427920e-01
1.9249056863e+01   4.2281505791e-01
1.9254556863e+01   4.2387037801e-01
1.9260056863e+01   4.2493025400e-01
1.9265556863e+01   4.2599470042e-01
1.9271056863e+01   4.2706373190e-01
1.9276556863e+01   4.2813736310e-01
1.9282056863e+01   4.2921560875e-01
1.9287556863e+01   4.3029848361e-01
1.9293056863e+01   4.3138600253e-01
1.9298556863e+01   4.3247818040e-01
1.9304056863e+01   4.3357503215e-01
1.9309556863e+01   4.3467657278e-01
1.9315056863e+01   4.3578281735e-01
1.9320556863e+01   4.3689378097e-01
1.9326056863e+01   4.3800947879e-01
1.9331556863e+01   4.3912992605e-01
1.9337056863e+01   4.4025513800e-01
1.9342556863e+01   4.4138512999e-01
1.9348056863e+01   4.4251991739e-01
1.9353556863e+01   4.4365951564e-01
1.9359056863e+01   4.4480394025e-01
1.9364556863e+01   4.4595320675e-01
1.9370056863e+01   4.4710733074e-01
1.9375556863e+01   4.4826632790e-01
1.9381056863e+01   4.4943021393e-01
1.9386556863e+01   4.5059900460e-01
1.9392056863e+01   4.5177271573e-01
1.9397556863e+01   4.5295136320e-01
1.9403056863e+01   4.5413496295e-01
1.9408556863e+01   4.5532353095e-01
1.9414056863e+01   4.5651708326e-01
1.9419556863e+01   4.5771563597e-01
1.9425056863e+01   4.5891920523e-01
1.9430556863e+01   4.6012780725e-01
1.9436056863e+01   4.6134145828e-01
1.9441556863e+01   4.6256017463e-01
1.9447056863e+01   4.6378397269e-01
1.9452556863e+01   4.6501286887e-01
1.9458056863e+01   4.6624687965e-01
1.9463556863e+01   4.6748602156e-01
1.9469056863e+01   4.6873031118e-01
1.9474556863e+01   4.6997976516e-01
1.9480056863e+01   4.7123440019e-01
1.9485556863e+01   4.7249423302e-01
1.9491056863e+01   4.7375928044e-01
1.9496556863e+01   4.7502955932e-01
1.9502056863e+01   4.7630508656e-01
1.9507556863e+01   4.7758587912e-01
1.9513056863e+01   4.7887195402e-01
1.9518556863e+01   4.8016332833e-01
1.9524056863e+01   4.8146001918e-01
1.9529556863e+01   4.8276204373e-01
1.9535056863e+01   4.8406941922e-01
1.9540556863e+01   4.8538216294e-01
1.9546056863e+01   4.8670029221e-01
1.9551556863e+01   4.8802382442e-01
1.9557056863e+01   4.8935277702e-01
1.9562556863e+01   4.9068716750e-01
1.9568056863e+01   4.9202701340e-01
1.9573556863e+01   4.9337233234e-01
1.9579056863e+01   4.9472314194e-01
1.9584556863e+01   4.9607945993e-01
1.9590056863e+01   4.9744130406e-01
1.9595556863e+01   4.9880869213e-01
1.9601056863e+01   5.0018164201e-01
1.9606556863e+01   5.0156017160e-01
1.9612056863e+01   5.0294429887e-01
1.9617556863e+01   5.0433404184e-01
1.9623056863e+01   5.0572941857e-01
1.9628556863e+01   5.0713044717e-01
1.9634056863e+01   5.0853714583e-01
1.9639556863e+01   5.0994953275e-01
1.9645056863e+01   5.1136762622e-01
1.9650556863e+01   5.1279144454e-01
1.9656056863e+01   5.1422100609e-01
1.9661556863e+01   5.1565632930e-01
1.9667056863e+01   5.1709743263e-01
1.9672556863e+01   5.1854433461e-01
1.9678056863e+01   5.1999705382e-01
1.9683556863e+01   5.2145560886e-01
1.9689056863e+01   5.2292001842e-01
1.9694556863e+01   5.2439030122e-01
1.9700056863e+01   5.2586647603e-01
1.9705556863e+01   5.2734856166e-01
1.9711056863e+01   5.2883657698e-01
1.9716556863e+01   5.3033054091e-01
1.9722056863e+01   5.3183047242e-01
1.9727556863e+01   5.3333639052e-01
1.9733056863e+01   5.3484831427e-01
1.9738556863e+01   5.3636626278e-01
1.9744056863e+01   5.3789025520e-01
1.9749556863e+01   5.3942031074e-01
1.9755056863e+01   5.4095644866e-01
1.9760556863e+01   5.4249868824e-01
1.9766056863e+01   5.4404704884e-01
1.9771556863e+01   5.4560154984e-01
1.9777056863e+01   5.4716221069e-01
1.9782556863e+01   5.4872905086e-01
1.9788056863e+01   5.5030208989e-01
1.9793556863e+01   5.5188134735e-01
1.9799056863e+01   5.5346684285e-01
1.9804556863e+01   5.5505859608e-01
1.9810056863e+01   5.5665662672e-01
1.9815556863e+01   5.5826095455e-01
1.9821056863e+01   5.5987159935e-01
1.9826556863e+01   5.6148858097e-01
1.9832056863e+01   5.6311191930e-01
1.9837556863e+01   5.6474163426e-01
1.9843056863e+01   5.6637774582e-01
1.9848556863e+01   5.6802027400e-01
1.9854056863e+01   5.6966923886e-01
1.9859556863e+01   5.7132466049e-01
1.9865056863e+01   5.7298655903e-01
1.9870556863e+01   5.7465495468e-01
1.9876056863e+01   5.7632986764e-01
1.9881556863e+01   5.7801131819e-01
1.9887056863e+01   5.7969932662e-01
1.9892556863e+01   5.8139391329e-01
1.9898056863e+01   5.8309509858e-01
1.9903556863e+01   5.8480290290e-01
1.9909056863e+01   5.8651734673e-01
1.9914556863e+01   5.8823845056e-01
1.9920056863e+01   5.8996623494e-01
1.9925556863e+01   5.9170072044e-01
1.9931056863e+01   5.9344192767e-01
1.9936556863e+01   5.9518987729e-01
1.9942056863e+01   5.9694458998e-01
1.9947556863e+01   5.9870608647e-01
1.9953056863e+01   6.0047438753e-01
2.0000000000e+01   6.1584691181e-01
