X    Y    Z
2.0000000000e-01   2.0000000000e-01   2.0000000000e-01
2.0000005400e-01   2.0010804068e-01   1.9995734190e-01
2.0000652812e-01   2.0119292767e-01   1.9953170473e-01
2.0065959061e-01   2.1249540412e-01   1.9537088889e-01
2.0378776868e-01   2.3188795763e-01   1.8922299621e-01
2.0943500212e-01   2.5352215152e-01   1.8353927570e-01
2.1757630161e-01   2.7760869500e-01   1.7835551421e-01
2.2822338369e-01   3.0439074788e-01   1.7371703927e-01
2.4142296824e-01   3.3412897162e-01   1.6968089383e-01
2.5725296334e-01   3.6708363800e-01   1.6631824611e-01
2.7581626081e-01   4.0349162408e-01   1.6371696587e-01
2.9723156168e-01   4.4353571870e-01   1.6198418717e-01
3.2162033547e-01   4.8730333687e-01   1.6124850856e-01
3.4908871652e-01   5.3473165932e-01   1.6166123204e-01
3.7970290892e-01   5.8553671291e-01   1.6339569348e-01
4.1345662149e-01   6.3912552359e-01   1.6664328809e-01
4.5022937581e-01   6.9449401263e-01   1.7160428526e-01
4.5047369668e-01   6.9485078978e-01   1.7164194491e-01
4.5292307106e-01   6.9841915148e-01   1.7202284408e-01
4.7801062835e-01   7.3405898865e-01   1.7627149446e-01
5.1916344112e-01   7.8861167273e-01   1.8459159139e-01
5.1943292448e-01   7.8895139402e-01   1.8465158906e-01
5.2213157797e-01   7.9234003023e-01   1.8525639435e-01
5.2240182031e-01   7.9267801912e-01   1.8531735814e-01
5.2510792536e-01   7.9604885986e-01   1.8593183522e-01
5.6811822327e-01   8.4602692208e-01   1.9669339372e-01
6.1162051468e-01   8.8846016422e-01   2.0959012467e-01
6.1189733546e-01   8.8869917587e-01   2.0967918119e-01
6.1466338142e-01   8.9106357543e-01   2.1057417853e-01
6.5708491161e-01   9.2120017891e-01   2.2555721766e-01
6.5734896826e-01   9.2134690723e-01   2.2565851600e-01
6.5998298125e-01   9.2277892246e-01   2.2667496938e-01
6.9923704072e-01   9.3613103854e-01   2.4328073215e-01
6.9947382970e-01   9.3615769626e-01   2.4339042872e-01
7.0183005047e-01   9.3638064736e-01   2.4448927030e-01
7.2410633549e-01   9.3410205556e-01   2.5562107126e-01
7.5321670292e-01   9.1314206652e-01   2.7312751177e-01
7.5337644616e-01   9.1293748615e-01   2.7323807364e-01
7.5495373741e-01   9.1084202073e-01   2.7434189590e-01
7.7448799271e-01   8.6646051205e-01   2.9097658590e-01
7.8321746467e-01   8.0163079668e-01   3.0570115763e-01
7.8323563226e-01   8.0115744917e-01   3.0578700540e-01
7.8339023776e-01   7.9638638417e-01   3.0663895756e-01
7.7931000334e-01   7.1389692125e-01   3.1827503761e-01
7.6301384879e-01   6.2082451373e-01   3.2633656534e-01
7.3522911448e-01   5.2383711429e-01   3.3053901046e-01
7.3501751907e-01   5.2321879028e-01   3.3055349349e-01
7.3287929489e-01   5.1704189284e-01   3.3068983486e-01
7.0938135005e-01   4.5621836012e-01   3.3122296876e-01
6.6598860608e-01   3.6695147672e-01   3.2924581870e-01
6.6568944854e-01   3.6641161240e-01   3.2922312974e-01
6.6268476601e-01   3.6103750819e-01   3.2898972530e-01
6.3146696408e-01   3.0990328128e-01   3.2604026276e-01
6.3114531808e-01   3.0941711387e-01   3.2600545410e-01
6.2791994067e-01   3.0458401740e-01   3.2565195098e-01
5.9491180188e-01   2.5919463786e-01   3.2161258380e-01
5.4169308709e-01   1.9933701142e-01   3.1377575247e-01
5.4135073285e-01   1.9899841891e-01   3.1372084723e-01
5.3792750337e-01   1.9564306675e-01   3.1316894087e-01
5.3758522379e-01   1.9531058515e-01   3.1311346825e-01
5.3416307136e-01   1.9201623738e-01   3.1255598164e-01
4.8116335197e-01   1.4752183158e-01   3.0328913481e-01
4.3032708714e-01   1.1533389669e-01   2.9333004769e-01
4.3001216655e-01   1.1516423558e-01   2.9326505545e-01
4.2687100530e-01   1.1349143848e-01   2.9261449994e-01
3.7983158857e-01   9.2605839315e-02   2.8234612265e-01
3.7954445448e-01   9.2502048352e-02   2.8228021023e-01
3.7668322960e-01   9.1483412974e-02   2.8162109577e-01
3.3442862542e-01   7.9763758481e-02   2.7135063591e-01
3.3417406207e-01   7.9712247086e-02   2.7128539284e-01
3.3163960983e-01   7.9212111144e-02   2.7063337524e-01
3.0742460547e-01   7.5621752171e-02   2.6416072741e-01
2.7371682085e-01   7.4444966942e-02   2.5425410329e-01
2.4504942549e-01   7.7521256341e-02   2.4466799730e-01
2.4488199650e-01   7.7552185333e-02   2.4460782555e-01
2.4321860304e-01   7.7868561022e-02   2.4400691237e-01
2.2765936899e-01   8.1695289508e-02   2.3807924503e-01
2.0709684727e-01   8.9750192661e-02   2.2911145314e-01
1.9083305296e-01   9.9816887429e-02   2.2051968132e-01
1.7850548800e-01   1.1150443949e-01   2.1230595573e-01
1.6976106195e-01   1.2459804939e-01   2.0447068974e-01
1.6427760517e-01   1.3902443089e-01   1.9701526321e-01
1.6177763909e-01   1.5482255913e-01   1.8994368124e-01
1.6203634368e-01   1.7212013285e-01   1.8326379193e-01
1.6488536176e-01   1.9111527700e-01   1.7698838453e-01
1.7021373655e-01   2.1206255501e-01   1.7113638153e-01
1.7796693491e-01   2.3526209086e-01   1.6573427034e-01
1.8814458228e-01   2.6105040251e-01   1.6081787992e-01
2.0079722683e-01   2.8979133768e-01   1.5643458233e-01
2.1602215163e-01   3.2186521788e-01   1.5264597608e-01
2.3395794836e-01   3.5765389246e-01   1.4953107274e-01
2.5477723558e-01   3.9751885498e-01   1.4718994281e-01
2.7867653266e-01   4.4176889162e-01   1.4574765763e-01
3.0586187505e-01   4.9061298528e-01   1.4535815799e-01
3.0604669738e-01   4.9094026963e-01   1.4535943704e-01
3.0790276536e-01   4.9422358184e-01   1.4537501793e-01
3.2725721652e-01   5.2809756992e-01   1.4582099582e-01
3.6049208927e-01   5.8475792999e-01   1.4768024966e-01
3.9742756540e-01   6.4546697273e-01   1.5117132559e-01
4.3805049447e-01   7.0927906400e-01   1.5655972398e-01
4.3832179488e-01   7.0969403433e-01   1.5660087249e-01
4.4104268540e-01   7.1384719348e-01   1.5701725767e-01
4.6902137339e-01   7.5561232447e-01   1.6168533824e-01
5.1536224972e-01   8.2063069574e-01   1.7094092285e-01
5.1566757025e-01   8.2104014274e-01   1.7100817042e-01
5.1872645818e-01   8.2512760248e-01   1.7168643972e-01
5.4983276137e-01   8.6510439585e-01   1.7905628139e-01
5.5014807019e-01   8.6549402827e-01   1.7913543084e-01
5.5330518605e-01   8.6937715387e-01   1.7993291260e-01
5.8521098792e-01   9.0665578730e-01   1.8850851964e-01
6.3563683566e-01   9.5709721883e-01   2.0408845790e-01
6.3595827674e-01   9.5737996126e-01   2.0419631593e-01
6.3917045493e-01   9.6017534868e-01   2.0528044691e-01
6.3949143753e-01   9.6045165267e-01   2.0538941311e-01
6.4269870021e-01   9.6318180057e-01   2.0648457077e-01
6.9182927756e-01   9.9706763613e-01   2.2482913448e-01
6.9213444196e-01   9.9722476829e-01   2.2495316541e-01
6.9517781268e-01   9.9875021187e-01   2.2619767698e-01
6.9548130735e-01   9.9889813853e-01   2.2632254416e-01
6.9850756492e-01   1.0003307073e+00   2.2757530155e-01
7.4326405242e-01   1.0107581804e+00   2.4797503129e-01
7.4353140743e-01   1.0107471639e+00   2.4810925774e-01
7.4618949954e-01   1.0105793829e+00   2.4945334023e-01
7.8354656675e-01   9.9373158928e-01   2.7067649684e-01
8.1099186027e-01   9.4894394226e-01   2.9136274721e-01
8.1112955523e-01   9.4856729917e-01   2.9149023308e-01
8.1126673555e-01   9.4818952951e-01   2.9161763814e-01
8.2602483452e-01   8.7579402616e-01   3.1030766942e-01
8.2637691851e-01   7.8027637980e-01   3.2566531354e-01
8.2633050567e-01   7.7960535738e-01   3.2575032668e-01
8.2583201838e-01   7.7285935317e-01   3.2659050760e-01
8.0995437932e-01   6.6056842900e-01   3.3725430079e-01
7.7953124769e-01   5.4189820046e-01   3.4302584205e-01
7.7929335386e-01   5.4113884172e-01   3.4304691667e-01
7.7688585805e-01   5.3355194091e-01   3.4324680303e-01
7.5009363626e-01   4.5878716784e-01   3.4418433131e-01
6.9964164153e-01   3.4924970579e-01   3.4207672582e-01
6.4161216479e-01   2.5357974603e-01   3.3633732447e-01
6.4122404680e-01   2.5302063242e-01   3.3629096638e-01
6.3733362961e-01   2.4746808135e-01   3.3582141234e-01
5.9767985852e-01   1.9586636498e-01   3.3057940748e-01
5.9727800609e-01   1.9538677340e-01   3.3052242929e-01
5.9325536028e-01   1.9063073720e-01   3.2994817282e-01
5.5277499106e-01   1.4704348145e-01   3.2380471930e-01
5.5236926251e-01   1.4664379706e-01   3.2374001778e-01
5.4831244425e-01   1.4268587739e-01   3.2308987814e-01
4.8545000269e-01   8.9705804657e-02   3.1232205726e-01
4.8505431287e-01   8.9418948796e-02   3.1225037035e-01
4.8110350044e-01   8.6584979393e-02   3.1153202048e-01
4.8070903913e-01   8.6305028165e-02   3.1146004072e-01
4.7677082169e-01   8.3539739589e-02   3.1073885253e-01
4.1702375984e-01   4.7919566796e-02   2.9922773421e-01
3.6173383391e-01   2.4845846826e-02   2.8757041260e-01
3.6139705785e-01   2.4732960498e-02   2.8749612719e-01
3.5804164549e-01   2.3626198631e-02   2.8675365277e-01
3.0858839954e-01   1.1069865056e-02   2.7526754185e-01
3.0829100254e-01   1.1015555537e-02   2.7519505510e-01
3.0533041269e-01   1.0488749008e-02   2.7447096267e-01
2.6221250077e-01   5.7009498959e-03   2.6334717676e-01
2.6195611140e-01   5.6889083113e-03   2.6327735817e-01
2.5940564997e-01   5.5799555233e-03   2.6258013084e-01
2.3523477311e-01   5.5459416285e-03   2.5570570630e-01
2.0216852901e-01   8.6289374063e-03   2.4532067872e-01
1.7455113991e-01   1.4426020636e-02   2.3538608323e-01
1.5191271561e-01   2.1995064158e-02   2.2589054337e-01
1.3373785370e-01   3.0691806575e-02   2.1681546254e-01
1.1951086851e-01   4.0110025937e-02   2.0814069440e-01
1.0874622169e-01   5.0028000898e-02   1.9984740758e-01
1.0100744326e-01   6.0363901569e-02   1.9191933116e-01
9.5917552542e-02   7.1140534823e-02   1.8434316811e-01
9.3163522284e-02   8.2458762790e-02   1.7710866175e-01
9.2496821567e-02   9.4478441062e-02   1.7020859597e-01
9.3731599028e-02   1.0740559509e-01   1.6363888346e-01
9.6741658203e-02   1.2148459733e-01   1.5739882716e-01
1.0145703897e-01   1.3699422231e-01   1.5149160835e-01
1.0786074806e-01   1.5424658143e-01   1.4592504706e-01
1.1598596595e-01   1.7358803342e-01   1.4071268747e-01
1.2591388275e-01   1.9540119997e-01   1.3587527653e-01
1.3777216439e-01   2.2010715928e-01   1.3144272524e-01
1.5173390442e-01   2.4816670987e-01   1.2745666407e-01
1.6801675390e-01   2.8007924884e-01   1.2397372439e-01
1.8688171603e-01   3.1637723856e-01   1.2106968674e-01
2.0863081340e-01   3.5761337473e-01   1.1884462157e-01
2.3360244637e-01   4.0433634900e-01   1.1742908261e-01
2.3377325362e-01   4.0465386227e-01   1.1742297583e-01
2.3548941392e-01   4.0784251009e-01   1.1736410869e-01
2.5347997949e-01   4.4110414793e-01   1.1700604093e-01
2.8481700389e-01   4.9831632962e-01   1.1738866916e-01
3.2038453489e-01   5.6206722986e-01   1.1914555612e-01
3.2062631106e-01   5.6249597129e-01   1.1916183894e-01
3.2305437111e-01   5.6679803574e-01   1.1932845464e-01
3.4838001974e-01   6.1126491689e-01   1.2139182877e-01
3.9190871046e-01   6.8580072588e-01   1.2623998677e-01
4.4032365981e-01   7.6544134180e-01   1.3342201726e-01
4.9352164304e-01   8.4819210392e-01   1.4337178007e-01
4.9387640257e-01   8.4872496842e-01   1.4344523998e-01
4.9743375869e-01   8.5405335188e-01   1.4418705507e-01
5.3394140898e-01   9.0708346295e-01   1.5234745228e-01
5.9395971561e-01   9.8677793360e-01   1.6797112942e-01
5.9435258080e-01   9.8726465907e-01   1.6808270753e-01
5.9828630358e-01   9.9211080299e-01   1.6920678568e-01
6.3802642744e-01   1.0380819144e+00   1.8127941373e-01
6.3842649956e-01   1.0385151453e+00   1.8140776735e-01
6.4242892352e-01   1.0428145304e+00   1.8269956090e-01
6.8248744986e-01   1.0820852469e+00   1.9643078378e-01
7.4390263768e-01   1.1260016015e+00   2.2066494078e-01
7.4428464416e-01   1.1261984823e+00   2.2082952125e-01
7.4809433432e-01   1.1281017806e+00   2.2248131563e-01
7.8494366761e-01   1.1401494321e+00   2.3953481146e-01
8.3608277383e-01   1.1301333411e+00   2.6747989931e-01
8.7546044818e-01   1.0804274525e+00   2.9535760386e-01
8.7566508785e-01   1.0799772634e+00   2.9553102808e-01
8.7586907219e-01   1.0795253997e+00   2.9570435959e-01
8.9909047372e-01   9.8885648733e-01   3.2128320532e-01
8.9917984416e-01   9.8815460843e-01   3.2143452302e-01
8.9926842303e-01   9.8745127147e-01   3.2158565537e-01
9.0302370126e-01   8.6116035683e-01   3.4261484276e-01
9.0298140930e-01   8.6026080115e-01   3.4273072308e-01
9.0251131411e-01   8.5121080527e-01   3.4387531260e-01
8.9308592915e-01   7.5600900616e-01   3.5383871465e-01
8.6149829325e-01   5.9684879578e-01   3.6368631912e-01
8.6123326057e-01   5.9581751731e-01   3.6372630704e-01
8.5854094498e-01   5.8550711448e-01   3.6411027479e-01
8.2759837385e-01   4.8338413090e-01   3.6639017754e-01
7.6640397493e-01   3.3303631870e-01   3.6470101270e-01
7.6597037114e-01   3.3213066968e-01   3.6467171532e-01
7.6160862112e-01   3.2312002218e-01   3.6436695504e-01
7.1568708160e-01   2.3794604661e-01   3.6022314623e-01
6.3780328546e-01   1.2479239832e-01   3.5048361983e-01
5.5673114147e-01   3.7449591131e-02   3.3810983063e-01
5.5621188079e-01   3.6972240848e-02   3.3802520110e-01
5.5102176235e-01   3.2253496272e-02   3.3717602421e-01
4.9955327897e-01   -9.6317075563e-03   3.2845232725e-01
4.9904416253e-01   -1.0003604691e-02   3.2836344462e-01
4.9396069048e-01   -1.3673458471e-02   3.2747331515e-01
4.4403874522e-01   -4.5680126073e-02   3.1848413646e-01
4.4354913158e-01   -4.5959190961e-02   3.1839379687e-01
4.3866468289e-01   -4.8707501186e-02   3.1749026958e-01
4.3817741898e-01   -4.8978123765e-02   3.1739990723e-01
4.3331679912e-01   -5.1642710787e-02   3.1649624784e-01
3.6048132034e-01   -8.4309073607e-02   3.0245209509e-01
3.6003667253e-01   -8.4468516651e-02   3.0236334588e-01
3.5560593446e-01   -8.6031895946e-02   3.0147687870e-01
2.9019512000e-01   -1.0391741302e-01   2.8790265551e-01
2.8980116485e-01   -1.0399659508e-01   2.8781785348e-01
2.8587894081e-01   -1.0476686048e-01   2.8697134676e-01
2.2866169497e-01   -1.1236063979e-01   2.7410591954e-01
1.7913053544e-01   -1.1366425184e-01   2.6196798004e-01
1.7883789009e-01   -1.1365804902e-01   2.6189270700e-01
1.7592784501e-01   -1.1358769441e-01   2.6114158271e-01
1.4843629298e-01   -1.1215818744e-01   2.5378852130e-01
1.1098844708e-01   -1.0809142633e-01   2.4283969692e-01
7.9640390976e-02   -1.0301990650e-01   2.3251070244e-01
5.3575589549e-02   -9.7942312276e-02   2.2274104817e-01
5.3424162834e-02   -9.7911401869e-02   2.2268026158e-01
5.1919883816e-02   -9.7603849505e-02   2.2207352640e-01
3.7833654030e-02   -9.4708835271e-02   2.1611666683e-01
1.8931273306e-02   -9.1021022070e-02   2.0718196869e-01
3.2078192140e-03   -8.8605525183e-02   1.9867904595e-01
-9.9951869386e-03   -8.7635152193e-02   1.9057606745e-01
-2.1259802437e-02   -8.8207254802e-02   1.8284781537e-01
-3.1094590137e-02   -9.0379491518e-02   1.7547446140e-01
-3.9941559063e-02   -9.4196032479e-02   1.6844059325e-01
-4.8185332315e-02   -9.9706547978e-02   1.6173455501e-01
-5.6163324346e-02   -1.0697992735e-01   1.5534810309e-01
-6.4176138906e-02   -1.1611428847e-01   1.4927636012e-01
-7.2497712362e-02   -1.2724448609e-01   1.4351805346e-01
-8.1384946950e-02   -1.4054800971e-01   1.3807604162e-01
-9.1086722786e-02   -1.5624987423e-01   1.3295815376e-01
-1.0185226037e-01   -1.7462683023e-01   1.2817839323e-01
-1.1393883568e-01   -1.9601093287e-01   1.2375858383e-01
-1.2761883127e-01   -2.2079217516e-01   1.1973056739e-01
-1.4318603669e-01   -2.4941946690e-01   1.1613909183e-01
-1.6096097913e-01   -2.8239866338e-01   1.1304555604e-01
-1.8129485272e-01   -3.2028553677e-01   1.1053279470e-01
-2.0457129195e-01   -3.6367044067e-01   1.0871107378e-01
-2.3120476195e-01   -4.1314983798e-01   1.0772539677e-01
-2.3138678461e-01   -4.1348704090e-01   1.0772216344e-01
-2.3321556863e-01   -4.1687406985e-01   1.0769213566e-01
-2.5238305975e-01   -4.5227053810e-01   1.0763425651e-01
-2.8577741708e-01   -5.1339131559e-01   1.0854251927e-01
-2.8600512410e-01   -5.1380529687e-01   1.0855272878e-01
-2.8829246087e-01   -5.1796149097e-01   1.0865814115e-01
-3.1221462961e-01   -5.6116540099e-01   1.1006147796e-01
-3.5363273180e-01   -6.3466730943e-01   1.1369611859e-01
-4.0020933675e-01   -7.1494847017e-01   1.1944300709e-01
-4.0052418493e-01   -7.1548141248e-01   1.1948750923e-01
-4.0368466389e-01   -7.2082337760e-01   1.1993833471e-01
-4.3648847066e-01   -7.7539339434e-01   1.2505333793e-01
-4.9209029622e-01   -8.6376595935e-01   1.3549979518e-01
-5.5253017235e-01   -9.5270725058e-01   1.4936482924e-01
-5.5293042953e-01   -9.5326766493e-01   1.4946545055e-01
-5.5694174355e-01   -9.5886149566e-01   1.5048034295e-01
-5.9785145943e-01   -1.0134218391e+00   1.6151352471e-01
-5.9826708683e-01   -1.0139514312e+00   1.6163210389e-01
-6.0242953301e-01   -1.0192260495e+00   1.6282698925e-01
-6.4456127587e-01   -1.0694208512e+00   1.7569045598e-01
-6.4498616031e-01   -1.0698953443e+00   1.7582750358e-01
-6.4923760367e-01   -1.0746058052e+00   1.7720711644e-01
-6.9186573871e-01   -1.1177783514e+00   1.9190598018e-01
-6.9229163397e-01   -1.1181694030e+00   1.9206111150e-01
-6.9271749396e-01   -1.1185595642e+00   1.9221640052e-01
-7.5829058086e-01   -1.1669454890e+00   2.1833476624e-01
-8.1914059714e-01   -1.1836957365e+00   2.4742400023e-01
-8.1950496296e-01   -1.1836812419e+00   2.4761661431e-01
-8.2312753748e-01   -1.1834448065e+00   2.4954598463e-01
-8.2348765837e-01   -1.1834119722e+00   2.4973923347e-01
-8.2706700724e-01   -1.1829910041e+00   2.5167464224e-01
-8.7693364754e-01   -1.1533768335e+00   2.8222882496e-01
-8.7720978586e-01   -1.1530430152e+00   2.8242325748e-01
-8.7748531358e-01   -1.1527073196e+00   2.8261764467e-01
-9.1227018449e-01   -1.0771357029e+00   3.1202098900e-01
-9.1243465363e-01   -1.0765072571e+00   3.1219974380e-01
-9.1259832936e-01   -1.0758770197e+00   3.1237834492e-01
-9.2785462954e-01   -9.5655111008e-01   3.3799635544e-01
-9.2788286926e-01   -9.5566574225e-01   3.3814277510e-01
-9.2811492580e-01   -9.4673556020e-01   3.3959307086e-01
-9.2532620437e-01   -8.5052019308e-01   3.5260851317e-01
-9.0217367005e-01   -6.8212261399e-01   3.6690519596e-01
-9.0195317059e-01   -6.8100541788e-01   3.6697129617e-01
-8.9969897922e-01   -6.6981916463e-01   3.6761434277e-01
-8.7238716039e-01   -5.5744132172e-01   3.7225945023e-01
-8.1399507488e-01   -3.8724152576e-01   3.7332413422e-01
-8.1356801420e-01   -3.8620042407e-01   3.7330850490e-01
-8.0926390179e-01   -3.7583216950e-01   3.7313767228e-01
-7.6316102805e-01   -2.7695010044e-01   3.7006387354e-01
-6.8753004344e-01   -1.5041359435e-01   3.6175903284e-01
-6.0147746420e-01   -4.3585418671e-02   3.4949267067e-01
-6.0091955605e-01   -4.2995489064e-02   3.4940642442e-01
-5.9533894232e-01   -3.7160004531e-02   3.4853974416e-01
-5.3961111732e-01   1.4967962704e-02   3.3952459732e-01
-5.3905658255e-01   1.5433702640e-02   3.3943188356e-01
-5.3351630591e-01   2.0032620360e-02   3.3850260297e-01
-4.7880708535e-01   6.0405381740e-02   3.2905231194e-01
-4.7826796518e-01   6.0759781643e-02   3.2895684644e-01
-4.7288706649e-01   6.4252608603e-02   3.2800162545e-01
-4.2024865224e-01   9.4331253138e-02   3.1843369636e-01
-4.1973420014e-01   9.4590000313e-02   3.1833821406e-01
-4.1460384436e-01   9.7134419358e-02   3.1738393898e-01
-4.1409223678e-01   9.7384585590e-02   3.1728856950e-01
-4.0899063768e-01   9.9844008843e-02   3.1633551038e-01
-3.3293922934e-01   1.2927917096e-01   3.0166723448e-01
-3.3247717231e-01   1.2941845336e-01   3.0157532603e-01
-3.2787439867e-01   1.3078095537e-01   3.0065779874e-01
-2.6022147585e-01   1.4576306866e-01   2.8671212557e-01
-2.5981566301e-01   1.4582546087e-01   2.8662557142e-01
-2.5577642728e-01   1.4642925493e-01   2.8576193228e-01
-1.9706028052e-01   1.5178534040e-01   2.7271052705e-01
-1.4651640132e-01   1.5159890423e-01   2.6050864692e-01
-1.4621844163e-01   1.5158566043e-01   2.6043327116e-01
-1.4325592428e-01   1.5144663337e-01   2.5968130629e-01
-1.1529810877e-01   1.4950304889e-01   2.5233696911e-01
-7.7264160067e-02   1.4524630538e-01   2.4145279654e-01
-4.5389009332e-02   1.4069552640e-01   2.3123439092e-01
-4.5203031702e-02   1.4066773307e-01   2.3117103758e-01
-4.3354966258e-02   1.4039138552e-01   2.3053883218e-01
-2.5996497737e-02   1.3782376153e-01   2.2434613042e-01
-2.5196149373e-03   1.3479409842e-01   2.1510449253e-01
1.7232980694e-02   1.3334992500e-01   2.0635959167e-01
3.4052854873e-02   1.3377615971e-01   1.9807112580e-01
4.8649672685e-02   1.3625166349e-01   1.9020904902e-01
6.1651437403e-02   1.4089720271e-01   1.8275197041e-01
7.3610651503e-02   1.4781065660e-01   1.7568587648e-01
8.5013928506e-02   1.5709244779e-01   1.6900332940e-01
9.6293317936e-02   1.6886366734e-01   1.6270317507e-01
1.0783819740e-01   1.8327872530e-01   1.5679076027e-01
1.2000695331e-01   2.0053391258e-01   1.5127865230e-01
1.3313796138e-01   2.2087269731e-01   1.4618787740e-01
1.4755952494e-01   2.4458808010e-01   1.4154971903e-01
1.6359848596e-01   2.7202177270e-01   1.3740814264e-01
1.8158718397e-01   3.0355931848e-01   1.3382293064e-01
2.0186830102e-01   3.3961948349e-01   1.3087360980e-01
2.2479688480e-01   3.8063525385e-01   1.2866421837e-01
2.5073846964e-01   4.2702253638e-01   1.2732886358e-01
2.5091482286e-01   4.2733721559e-01   1.2732348275e-01
2.5268598149e-01   4.3049691420e-01   1.2727202561e-01
2.7117962149e-01   4.6339907620e-01   1.2700311491e-01
3.0312078848e-01   5.1970778410e-01   1.2757943858e-01
3.0333745675e-01   5.2008701612e-01   1.2758745580e-01
3.0551309607e-01   5.2389274868e-01   1.2767086275e-01
3.2818100588e-01   5.6328300232e-01   1.2884325256e-01
3.6707879124e-01   6.2959284778e-01   1.3204987160e-01
4.1033753396e-01   7.0102731980e-01   1.3722233529e-01
4.1062831376e-01   7.0149812050e-01   1.3726249901e-01
4.1354600844e-01   7.0621473226e-01   1.3766939130e-01
4.4370534313e-01   7.5413922154e-01   1.4228398102e-01
4.9433068014e-01   8.3075503604e-01   1.5166583416e-01
5.4870652622e-01   9.0660046244e-01   1.6399774537e-01
5.4906447809e-01   9.0707422174e-01   1.6408673408e-01
5.5265030355e-01   9.1180018316e-01   1.6498390081e-01
5.8906719233e-01   9.5761109023e-01   1.7469226993e-01
5.8943577301e-01   9.5805315363e-01   1.7479617921e-01
5.9312553555e-01   9.6245318307e-01   1.7584274838e-01
6.3032150136e-01   1.0040568910e+00   1.8705544717e-01
6.8859031816e-01   1.0572319589e+00   2.0724380758e-01
6.8895891591e-01   1.0575126358e+00   2.0738273505e-01
6.8932742535e-01   1.0577924569e+00   2.0752178088e-01
7.4534849850e-01   1.0897658917e+00   2.3060146589e-01
7.9588034980e-01   1.0936296748e+00   2.5566575677e-01
7.9617791085e-01   1.0935505048e+00   2.5582969863e-01
7.9913260591e-01   1.0926821228e+00   2.5747047900e-01
7.9942596157e-01   1.0925875917e+00   2.5763468378e-01
8.0233798902e-01   1.0915649305e+00   2.5927783266e-01
8.4205637587e-01   1.0566777990e+00   2.8490314492e-01
8.6828645861e-01   9.8568942377e-01   3.0908389092e-01
8.6840351986e-01   9.8512293795e-01   3.0922962850e-01
8.6851989721e-01   9.8455507967e-01   3.0937522654e-01
8.7791557182e-01   8.8000132091e-01   3.3012320726e-01
8.7791727654e-01   8.7924090340e-01   3.3024108773e-01
8.7791821899e-01   8.7847944427e-01   3.3035875897e-01
8.6857885844e-01   7.4844113048e-01   3.4597962973e-01
8.4060305386e-01   6.0481913165e-01   3.5552373235e-01
7.9566688857e-01   4.6029411584e-01   3.5881476384e-01
7.9533123288e-01   4.5939280312e-01   3.5881662766e-01
7.9194375832e-01   4.5040409536e-01   3.5882250676e-01
7.5518954502e-01   3.6344549275e-01   3.5766052333e-01
6.8918229800e-01   2.4158174752e-01   3.5194752852e-01
6.8873456442e-01   2.4086813882e-01   3.5189800083e-01
6.8424282737e-01   2.3378103850e-01   3.5139472387e-01
6.3811710917e-01   1.6793108516e-01   3.4563368335e-01
5.6350570534e-01   8.3644295317e-02   3.3456887318e-01
5.6302585067e-01   8.3178058629e-02   3.3449219374e-01
5.5822822343e-01   7.8565262742e-02   3.3372213723e-01
5.1051598411e-01   3.7268541329e-02   3.2574754877e-01
5.1004278825e-01   3.6898640240e-02   3.2566573979e-01
5.0531664953e-01   3.3244980644e-02   3.2484586540e-01
4.5877514748e-01   1.0686757362e-03   3.1650950668e-01
3.8963305799e-01   -3.5017974021e-02   3.0326983250e-01
3.8920852849e-01   -3.5199382691e-02   3.0318532593e-01
3.8497666840e-01   -3.6982024929e-02   3.0234070053e-01
3.8455483303e-01   -3.7157166231e-02   3.0225628410e-01
3.8035010798e-01   -3.8877725959e-02   3.0141261653e-01
3.1800245176e-01   -5.9180893383e-02   2.8839158969e-01
2.6252921218e-01   -6.9424507041e-02   2.7584369441e-01
2.6219740439e-01   -6.9464443911e-02   2.7576528796e-01
2.5889537787e-01   -6.9848249264e-02   2.7498256058e-01
2.1102295312e-01   -7.2652185140e-02   2.6306389784e-01
2.1073941910e-01   -7.2653500470e-02   2.6298967173e-01
2.0791958116e-01   -7.2656817959e-02   2.6224879698e-01
1.6739794343e-01   -7.0744357141e-02   2.5098607919e-01
1.3322885818e-01   -6.6265860489e-02   2.4031313102e-01
1.0476396414e-01   -6.0497681622e-02   2.3018896726e-01
8.1294328480e-02   -5.4323273214e-02   2.2056832821e-01
6.2109175227e-02   -4.8324586779e-02   2.1140846132e-01
4.6533769637e-02   -4.2861115033e-02   2.0267182154e-01
3.3951445635e-02   -3.8134334722e-02   1.9432656113e-01
2.3814170868e-02   -3.4238145650e-02   1.8634598946e-01
1.5645210404e-02   -3.1197112058e-02   1.7870767348e-01
9.0366402305e-03   -2.8994658955e-02   1.7139252056e-01
3.6437531526e-03   -2.7593314855e-02   1.6438399101e-01
-8.2218272154e-04   -2.6948858123e-02   1.5766748259e-01
-4.6018116443e-03   -2.7019933543e-02   1.5122987897e-01
-7.8955728409e-03   -2.7774415527e-02   1.4505923530e-01
-1.0871185931e-02   -2.9193530391e-02   1.3914457097e-01
-1.3670533060e-02   -3.1274523212e-02   1.3347574378e-01
-1.6415860822e-02   -3.4032467624e-02   1.2804338634e-01
-1.9215311328e-02   -3.7501667887e-02   1.2283889250e-01
-2.2167846575e-02   -4.1736987923e-02   1.1785444780e-01
-2.5367662772e-02   -4.6815356758e-02   1.1308310386e-01
-2.8908208610e-02   -5.2837638732e-02   1.0851890199e-01
-3.2885928926e-02   -5.9931014625e-02   1.0415705698e-01
-3.7403856473e-02   -6.8251991274e-02   9.9994218663e-02
-4.2575172263e-02   -7.7990137067e-02   9.6028836629e-02
-4.8526850263e-02   -8.9372623105e-02   9.2261664137e-02
-5.5403495487e-02   -1.0266962765e-01   8.8696450742e-02
-6.3371474635e-02   -1.1820062509e-01   8.5340891669e-02
-7.2623422778e-02   -1.3634151610e-01   8.2207926424e-02
-8.3383183483e-02   -1.5753244059e-01   7.9317511485e-02
-9.5911195098e-02   -1.8228591739e-01   7.6699033975e-02
-1.1051025970e-01   -2.1119461966e-01   7.4394586232e-02
-1.2753150276e-01   -2.4493754499e-01   7.2463384912e-02
-1.4738011861e-01   -2.8428244969e-01   7.0987688392e-02
-1.7052015014e-01   -3.3008101187e-01   7.0080629806e-02
-1.9747699815e-01   -3.8325102058e-01   6.9896409789e-02
-1.9766286208e-01   -3.8361672948e-01   6.9897971872e-02
-1.9953142378e-01   -3.8729257737e-01   6.9915686828e-02
-2.1924242154e-01   -4.2597659590e-01   7.0315701199e-02
-2.5410752236e-01   -4.9391441857e-01   7.1887086817e-02
-2.5434744180e-01   -4.9437944386e-01   7.1901415210e-02
-2.5675905057e-01   -4.9905171128e-01   7.2047981154e-02
-2.8215204740e-01   -5.4800867618e-01   7.3863346721e-02
-3.2682763218e-01   -6.3292533141e-01   7.8187485375e-02
-3.7809063753e-01   -7.2804062641e-01   8.4789467383e-02
-3.7844073237e-01   -7.2868044257e-01   8.4840320423e-02
-3.8195763412e-01   -7.3509986461e-01   8.5355429895e-02
-4.1873883805e-01   -8.0133071946e-01   9.1202827246e-02
-4.8221583650e-01   -9.1121386468e-01   1.0324150516e-01
-5.5278822439e-01   -1.0253742429e+00   1.1951372471e-01
-6.2961493821e-01   -1.1374956814e+00   1.4079131921e-01
-6.3012291081e-01   -1.1381872631e+00   1.4094487200e-01
-6.3521260946e-01   -1.1450769759e+00   1.4249303344e-01
-6.8696029454e-01   -1.2107245492e+00   1.5925365370e-01
-6.8748410720e-01   -1.2113450215e+00   1.5943309549e-01
-6.8800801606e-01   -1.2119646633e+00   1.5961277229e-01
-7.7046094345e-01   -1.2962056764e+00   1.9056512666e-01
-8.5072703912e-01   -1.3449736278e+00   2.2668449553e-01
-8.5122112069e-01   -1.3451373766e+00   2.2692924239e-01
-8.5171487105e-01   -1.3452990309e+00   2.2717413806e-01
-9.2366861586e-01   -1.3424592842e+00   2.6686773587e-01
-9.2408709173e-01   -1.3422478376e+00   2.6712724881e-01
-9.2450493669e-01   -1.3420337866e+00   2.6738678978e-01
-9.8081267029e-01   -1.2754115019e+00   3.0768514921e-01
-9.8110680127e-01   -1.2747696189e+00   3.0793661639e-01
-9.8139999532e-01   -1.2741249821e+00   3.0818794806e-01
-1.0146201651e+00   -1.1403637541e+00   3.4511349478e-01
-1.0147453182e+00   -1.1393077446e+00   3.4532985485e-01
-1.0148692896e+00   -1.1382493557e+00   3.4554590903e-01
-1.0190810053e+00   -9.4659783612e-01   3.7498320959e-01
-1.0190078742e+00   -9.4522875938e-01   3.7514024056e-01
-1.0189334470e+00   -9.4385818617e-01   3.7529683890e-01
-9.9138955446e-01   -7.1570323447e-01   3.9418957041e-01
-9.3382185654e-01   -4.7890821052e-01   4.0162360819e-01
-9.3336642881e-01   -4.7742489954e-01   4.0163555057e-01
-9.3290997407e-01   -4.7594231972e-01   4.0164706267e-01
-8.5011221902e-01   -2.5653045306e-01   3.9854896471e-01
-7.4997984677e-01   -7.2069321021e-02   3.8757454440e-01
-7.4930175228e-01   -7.1023670563e-02   3.8748550549e-01
-7.4250100160e-01   -6.0664345382e-02   3.8658436325e-01
-6.7293594230e-01   3.3167552561e-02   3.7665064213e-01
-6.7222976725e-01   3.4016525531e-02   3.7654419122e-01
-6.6516052645e-01   4.2409989913e-02   3.7547334435e-01
-5.9408760093e-01   1.1693169095e-01   3.6425891062e-01
-5.0208440374e-01   1.9036680373e-01   3.4886955105e-01
-3.9718493977e-01   2.4815604841e-01   3.3057243669e-01
-3.9653978102e-01   2.4843662997e-01   3.3045802210e-01
-3.9010836900e-01   2.5118703943e-01   3.2931630250e-01
-3.2792741298e-01   2.7358140935e-01   3.1817062253e-01
-3.2732611433e-01   2.7376229994e-01   3.1806188161e-01
-3.2133631932e-01   2.7552840295e-01   3.1697762673e-01
-2.6381804819e-01   2.8929336868e-01   3.0646318925e-01
-2.6326516056e-01   2.8939864302e-01   3.0636114475e-01
-2.5776092814e-01   2.9041966987e-01   3.0534413961e-01
-2.5721297203e-01   2.9051863760e-01   3.0524278348e-01
-2.5175812654e-01   2.9147760188e-01   3.0423267235e-01
-1.7232186173e-01   3.0032472989e-01   2.8925089963e-01
-1.7184943855e-01   3.0035035189e-01   2.8915999584e-01
-1.6714975667e-01   3.0058896859e-01   2.8825430153e-01
-9.9333359449e-02   3.0096378381e-01   2.7485341107e-01
-4.1606514881e-02   2.9749130640e-01   2.6277538470e-01
-4.1267600640e-02   2.9746311582e-01   2.6270203396e-01
-3.7898586422e-02   2.9717896933e-01   2.6197108929e-01
1.0273320582e-02   2.9257847114e-01   2.5111284325e-01
1.0555470461e-02   2.9255013472e-01   2.5104670115e-01
1.3359959055e-02   2.9226877667e-01   2.5038744911e-01
5.3449027575e-02   2.8857919786e-01   2.4056323659e-01
5.3684031204e-02   2.8856117422e-01   2.4050321645e-01
5.6020215821e-02   2.8838560375e-01   2.3990487017e-01
5.6252456517e-02   2.8836851817e-01   2.3984522041e-01
5.8561215126e-02   2.8820246115e-01   2.3925056032e-01
9.1681177077e-02   2.8687922347e-01   2.3036544449e-01
9.1876277537e-02   2.8687920238e-01   2.3031104214e-01
9.3816610029e-02   2.8688533337e-01   2.2976863355e-01
1.1221465488e-01   2.8760435124e-01   2.2450228141e-01
1.3784331697e-01   2.9129168765e-01   2.1681320843e-01
1.6054124081e-01   2.9832268719e-01   2.0975551163e-01
1.6067898141e-01   2.9837875822e-01   2.0971236075e-01
1.6205193864e-01   2.9894733411e-01   2.0928221913e-01
1.7538114407e-01   3.0542462075e-01   2.0511712223e-01
1.9513567757e-01   3.1847547294e-01   1.9909986565e-01
2.1418718529e-01   3.3513554202e-01   1.9369925146e-01
2.3316281726e-01   3.5544012867e-01   1.8894147480e-01
2.5260301253e-01   3.7941098441e-01   1.8486826763e-01
2.7297190972e-01   4.0705212276e-01   1.8153700295e-01
2.9466485419e-01   4.3833503752e-01   1.7902116506e-01
3.1801189770e-01   4.7317337884e-01   1.7741080852e-01
3.4327632087e-01   5.1138673656e-01   1.7681251568e-01
3.7064729598e-01   5.5265324120e-01   1.7734819789e-01
4.0022594041e-01   5.9645146104e-01   1.7915187321e-01
4.3200430861e-01   6.4199389489e-01   1.8236332244e-01
4.6583749228e-01   6.8815762688e-01   1.8711735087e-01
4.6605984830e-01   6.8845174261e-01   1.8715297207e-01
4.6828733451e-01   6.9139086172e-01   1.8751292118e-01
4.6851047332e-01   6.9168455977e-01   1.8754929036e-01
4.7074572069e-01   6.9461922388e-01   1.8791673428e-01
5.0652635307e-01   7.3961125524e-01   1.9456662915e-01
5.4343271838e-01   7.8144109423e-01   2.0294636236e-01
5.4367073389e-01   7.8169334079e-01   2.0300552137e-01
5.4605162490e-01   7.8420314343e-01   2.0360097977e-01
5.8327340050e-01   8.1994728158e-01   2.1381076561e-01
5.8351005814e-01   8.2015140858e-01   2.1388131601e-01
5.8587478427e-01   8.2217334734e-01   2.1459036792e-01
6.2217870589e-01   8.4867719890e-01   2.2647305817e-01
6.5623801599e-01   8.6361593202e-01   2.3962101792e-01
6.5644531656e-01   8.6366846405e-01   2.3970826585e-01
6.5850972805e-01   8.6416177746e-01   2.4058256996e-01
6.7820701619e-01   8.6577920808e-01   2.4947791542e-01
7.0479031699e-01   8.5540006006e-01   2.6365292917e-01
7.2479356110e-01   8.2841167899e-01   2.7752525162e-01
7.2489701444e-01   8.2818551993e-01   2.7761133698e-01
7.2591335362e-01   8.2588703919e-01   2.7846974133e-01
7.3727832425e-01   7.8150235986e-01   2.9117063467e-01
7.3732236002e-01   7.8116981844e-01   2.9124660022e-01
7.3774196591e-01   7.7781226873e-01   2.9200201537e-01
7.3927383900e-01   7.1829841139e-01   3.0269046051e-01
7.3113461663e-01   6.4823957066e-01   3.1088367896e-01
7.1352102597e-01   5.7209416868e-01   3.1621163244e-01
7.1337942183e-01   5.7159805672e-01   3.1623610174e-01
7.1194394128e-01   5.6663432616e-01   3.1647405837e-01
6.9571236655e-01   5.1698383101e-01   3.1818381592e-01
6.6416636225e-01   4.4131651499e-01   3.1849534852e-01
6.6394338939e-01   4.4084760222e-01   3.1848852472e-01
6.6170022756e-01   4.3617175710e-01   3.1841439631e-01
6.3802592471e-01   3.9090669942e-01   3.1710527770e-01
5.9737383042e-01   3.2675746620e-01   3.1319284960e-01
5.9710315913e-01   3.2637702989e-01   3.1316134598e-01
5.9439050698e-01   3.2259466651e-01   3.1284216782e-01
5.9411865901e-01   3.2221863714e-01   3.1280983865e-01
5.9139454670e-01   3.1848053139e-01   3.1248248313e-01
5.4781569162e-01   2.6542906526e-01   3.0649420660e-01
5.0363781964e-01   2.2279378833e-01   2.9919938234e-01
5.0335699633e-01   2.2255447123e-01   2.9914950004e-01
5.0055111793e-01   2.2018416038e-01   2.9864874418e-01
4.5747777819e-01   1.8837011010e-01   2.9043044652e-01
4.5720871870e-01   1.8819745218e-01   2.9037596842e-01
4.5452347958e-01   1.8649154409e-01   2.8983010071e-01
4.1397829919e-01   1.6448006716e-01   2.8108989843e-01
3.7672042277e-01   1.5039370123e-01   2.7213848889e-01
3.7649417551e-01   1.5032639763e-01   2.7208102674e-01
3.7424046634e-01   1.4966825026e-01   2.7150638531e-01
3.5260005911e-01   1.4450989370e-01   2.6576593762e-01
3.2215390672e-01   1.4108024895e-01   2.5686898764e-01
3.2197292070e-01   1.4107455329e-01   2.5681261299e-01
3.2017270460e-01   1.4102810259e-01   2.5624929606e-01
3.0313669895e-01   1.4156286808e-01   2.5066314363e-01
2.8000167633e-01   1.4563264400e-01   2.4212766534e-01
2.6105780887e-01   1.5299133873e-01   2.3388148028e-01
2.4612991956e-01   1.6306964237e-01   2.2595984641e-01
2.3499919457e-01   1.7547563792e-01   2.1838869149e-01
2.2743351962e-01   1.8997178058e-01   2.1118961859e-01
2.2320992058e-01   2.0645017548e-01   2.0438348192e-01
2.2213022493e-01   2.2490880825e-01   1.9799303353e-01
2.2403116281e-01   2.4542986670e-01   1.9204503993e-01
2.2879003367e-01   2.6816025768e-01   1.8657216287e-01
2.3632686020e-01   2.9329371299e-01   1.8161480694e-01
2.4660369077e-01   3.2105336448e-01   1.7722305918e-01
2.5962142187e-01   3.5167326033e-01   1.7345877604e-01
2.7541421037e-01   3.8537693267e-01   1.7039779881e-01
2.9404123626e-01   4.2235079355e-01   1.6813218507e-01
3.1557526786e-01   4.6270986383e-01   1.6677221337e-01
3.4008718998e-01   5.0645323537e-01   1.6644773230e-01
3.6762540620e-01   5.5340691763e-01   1.6730816623e-01
3.9818893124e-01   6.0315279108e-01   1.6952016027e-01
4.3169308630e-01   6.5494456683e-01   1.7326145160e-01
4.6792732401e-01   7.0761598774e-01   1.7870920264e-01
4.6816706096e-01   7.0795227979e-01   1.7874988180e-01
4.7056971631e-01   7.1131341018e-01   1.7916088105e-01
4.9509651171e-01   7.4463597856e-01   1.8369864654e-01
5.3498203321e-01   7.9462321596e-01   1.9240386124e-01
5.7599565737e-01   8.3963079180e-01   2.0311118808e-01
6.1702297186e-01   8.7648849203e-01   2.1575787051e-01
6.5662474102e-01   9.0170459332e-01   2.3011981103e-01
6.9306187862e-01   9.1182307379e-01   2.4577439643e-01
7.2438059288e-01   9.0393803061e-01   2.6208627708e-01
7.4856760484e-01   8.7629775843e-01   2.7823207037e-01
7.6376873766e-01   8.2885936192e-01   2.9327385786e-01
7.6854114605e-01   7.6361120703e-01   3.0627690565e-01
7.6208831111e-01   6.8450821987e-01   3.1644845885e-01
7.4441929333e-01   5.9697686126e-01   3.2326171608e-01
7.1638688255e-01   5.0709163792e-01   3.2653175783e-01
6.7958806555e-01   4.2060877010e-01   3.2642662103e-01
6.3613922099e-01   3.4202703360e-01   3.2341029206e-01
5.8835994882e-01   2.7384745604e-01   3.1811185124e-01
5.3843096110e-01   2.1639412085e-01   3.1111991466e-01
4.8815364475e-01   1.6877456521e-01   3.0277345631e-01
4.3933977030e-01   1.3595271139e-01   2.9327497542e-01
4.3903644749e-01   1.3577792814e-01   2.9321268918e-01
4.3601034558e-01   1.3405334677e-01   2.9258902657e-01
4.0651773311e-01   1.1904388502e-01   2.8628889590e-01
3.6359831189e-01   1.0292817341e-01   2.7632816878e-01
3.2513630847e-01   9.4308581579e-02   2.6641833789e-01
2.9145384193e-01   9.1629868316e-02   2.5669880909e-01
2.6261731374e-01   9.3563351371e-02   2.4725485296e-01
2.3851042738e-01   9.9042041795e-02   2.3813555090e-01
2.1889865230e-01   1.0725769205e-01   2.2936751475e-01
2.0348220871e-01   1.1763705974e-01   2.2096462022e-01
1.9193716844e-01   1.2980924129e-01   2.1293454995e-01
1.8394568826e-01   1.4357135974e-01   2.0528304755e-01
1.7921703816e-01   1.5885657999e-01   1.9801666399e-01
1.7750125090e-01   1.7570630112e-01   1.9114458317e-01
1.7859712563e-01   1.9424719723e-01   1.8467993189e-01
1.8235611769e-01   2.1467321986e-01   1.7864086155e-01
1.8868341752e-01   2.3723236272e-01   1.7305165116e-01
1.9753727510e-01   2.6221754851e-01   1.6794410699e-01
2.0892732364e-01   2.8996015562e-01   1.6335957875e-01
2.2291223969e-01   3.2082337446e-01   1.5935191130e-01
2.3959650012e-01   3.5519093118e-01   1.5599153963e-01
2.5912526359e-01   3.9344513186e-01   1.5337066730e-01
2.8167558666e-01   4.3592721785e-01   1.5160903330e-01
3.0744143013e-01   4.8287328519e-01   1.5085920094e-01
3.3660942902e-01   5.3432103986e-01   1.5130967312e-01
3.6932243219e-01   5.8998677211e-01   1.5318356721e-01
4.0562860137e-01   6.4911817962e-01   1.5673021434e-01
4.4540274878e-01   7.1027826807e-01   1.6214782850e-01
4.4566768990e-01   7.1067440028e-01   1.6218899486e-01
4.4832429889e-01   7.1463782859e-01   1.6260541594e-01
4.7558889200e-01   7.5436953428e-01   1.6725778270e-01
5.2053321256e-01   8.1571459739e-01   1.7641279765e-01
5.2082843840e-01   8.1609869541e-01   1.7647903259e-01
5.2378553907e-01   8.1993142804e-01   1.7714688291e-01
5.5378867384e-01   8.5724402022e-01   1.8438087017e-01
5.5409215847e-01   8.5760601017e-01   1.8445834825e-01
5.5713016190e-01   8.6121171455e-01   1.8523875137e-01
5.8775764163e-01   8.9562827418e-01   1.9360468156e-01
6.3587297064e-01   9.4140650394e-01   2.0869499607e-01
6.3617847787e-01   9.4165932325e-01   2.0879902066e-01
6.3923055179e-01   9.4415574378e-01   2.0984429972e-01
6.3953544779e-01   9.4440218019e-01   2.0994932882e-01
6.4258109038e-01   9.4683399089e-01   2.1100459378e-01
6.8902311463e-01   9.7623139214e-01   2.2859807471e-01
7.3160497080e-01   9.8614469133e-01   2.4780812157e-01
7.3185937906e-01   9.8613607312e-01   2.4793444675e-01
7.3438885983e-01   9.8599658445e-01   2.4919938126e-01
7.6998318361e-01   9.7067010239e-01   2.6917296630e-01
7.7018368032e-01   9.7049006274e-01   2.6930048390e-01
7.7216758653e-01   9.6863109277e-01   2.7057454643e-01
7.9773566577e-01   9.2567300566e-01   2.8999122716e-01
8.1148985299e-01   8.5760865251e-01   3.0754659289e-01
8.1153569419e-01   8.5709925689e-01   3.0765010100e-01
8.1158098000e-01   8.5658898178e-01   3.0775348161e-01
8.1166276507e-01   7.6697261375e-01   3.2217542789e-01
8.1161778315e-01   7.6634409188e-01   3.2225543734e-01
8.1113586559e-01   7.6002582406e-01   3.2304633415e-01
7.9605177988e-01   6.5490780089e-01   3.3312772570e-01
7.6737835145e-01   5.4370291253e-01   3.3868448885e-01
7.6715443164e-01   5.4299033597e-01   3.3870534131e-01
7.6488846959e-01   5.3586994189e-01   3.3890377291e-01
7.2357897579e-01   4.2716382192e-01   3.3970085280e-01
6.7313456360e-01   3.2776847820e-01   3.3657822266e-01
6.7278907290e-01   3.2717389031e-01   3.3654723942e-01
6.6932062381e-01   3.2125969350e-01   3.3623037680e-01
6.1246289082e-01   2.3674734258e-01   3.2977671935e-01
5.5277932782e-01   1.6823857879e-01   3.2109991365e-01
5.5239478645e-01   1.6785289443e-01   3.2103905775e-01
5.4854943635e-01   1.6403222130e-01   3.2042735449e-01
5.1023091378e-01   1.2938359957e-01   3.1403322395e-01
4.5180260278e-01   8.7441650620e-02   3.0331563454e-01
4.5143831222e-01   8.7218204180e-02   3.0324527708e-01
4.4780322910e-01   8.5013254193e-02   3.0254080989e-01
4.4744051168e-01   8.4795697516e-02   3.0247027643e-01
4.4382139525e-01   8.2649283228e-02   3.0176411801e-01
3.8937376968e-01   5.5529360552e-02   2.9059826280e-01
3.3969026619e-01   3.8894246328e-02   2.7941973066e-01
3.3938958166e-01   3.8816561851e-02   2.7934874632e-01
3.3639502228e-01   3.8057944952e-02   2.7863939391e-01
2.9252548746e-01   3.0104743434e-02   2.6768740123e-01
2.9226318311e-01   3.0075228534e-02   2.6761837330e-01
2.8965294507e-01   2.9793446339e-02   2.6692886810e-01
2.6483065399e-01   2.8218293069e-02   2.6011499698e-01
2.3062185942e-01   2.9537600367e-02   2.4977742936e-01
2.0182579035e-01   3.4279557624e-02   2.3985284873e-01
1.7807313906e-01   4.1404862237e-02   2.3034618181e-01
1.5892082337e-01   5.0178554229e-02   2.2124986620e-01
1.4390283948e-01   6.0117513448e-02   2.1255133707e-01
1.3256623012e-01   7.0939844768e-02   2.0423726950e-01
1.2449494908e-01   8.2520582877e-02   1.9629580375e-01
1.1932444088e-01   9.4855362889e-02   1.8871764031e-01
1.1674945122e-01   1.0803212067e-01   1.8149658898e-01
1.1652716301e-01   1.2221009134e-01   1.7462993589e-01
1.1847731361e-01   1.3760502795e-01   1.6811884738e-01
1.2248054344e-01   1.5447945533e-01   1.6196894355e-01
1.2847587274e-01   1.7313677648e-01   1.5619113072e-01
1.3645790468e-01   1.9391807710e-01   1.5080276587e-01
1.4647409937e-01   2.1720047122e-01   1.4582922696e-01
1.5862224147e-01   2.4339575067e-01   1.4130597250e-01
1.7304801380e-01   2.7294790087e-01   1.3728118521e-01
1.8994236921e-01   3.0632767940e-01   1.3381909962e-01
2.0953813585e-01   3.4402187246e-01   1.3100410126e-01
2.3210496858e-01   3.8651400084e-01   1.2894563676e-01
2.5794133925e-01   4.3425211393e-01   1.2778386070e-01
2.5811772330e-01   4.3457506338e-01   1.2777967664e-01
2.5988964093e-01   4.3781721321e-01   1.2774025332e-01
2.7843340899e-01   4.7151858009e-01   1.2759868048e-01
3.1058697673e-01   5.2897831644e-01   1.2840301473e-01
3.1080545191e-01   5.2936447382e-01   1.2841261572e-01
3.1299943964e-01   5.3323912607e-01   1.2851195412e-01
3.3587649068e-01   5.7328245115e-01   1.2985339303e-01
3.7517440675e-01   6.4045128304e-01   1.3336281816e-01
4.1888034049e-01   7.1246654448e-01   1.3888909087e-01
4.1917401654e-01   7.1293991220e-01   1.3893168598e-01
4.2212065256e-01   7.1768128255e-01   1.3936301017e-01
4.5256385646e-01   7.6575396077e-01   1.4423356267e-01
5.0357999651e-01   8.4215987541e-01   1.5405496951e-01
5.5820964649e-01   9.1708976371e-01   1.6686141765e-01
5.5856857977e-01   9.1755496849e-01   1.6695350176e-01
5.6216368960e-01   9.2219333752e-01   1.6788163942e-01
5.9861471333e-01   9.6691363182e-01   1.7789928030e-01
5.9898304268e-01   9.6734273037e-01   1.7800625698e-01
6.0266958695e-01   9.7161077983e-01   1.7908344729e-01
6.3975681401e-01   1.0116539951e+00   1.9059419705e-01
6.9752359609e-01   1.0614679798e+00   2.1118998384e-01
6.9788748635e-01   1.0617235009e+00   2.1133116270e-01
6.9825126785e-01   1.0619781203e+00   2.1147245438e-01
7.5326597963e-01   1.0894699620e+00   2.3482156510e-01
8.0221848684e-01   1.0879696476e+00   2.5993966437e-01
8.0250403762e-01   1.0878542522e+00   2.6010309828e-01
8.0533729963e-01   1.0866227228e+00   2.6173815380e-01
8.0561837913e-01   1.0864917913e+00   2.6190172126e-01
8.0840632001e-01   1.0851043343e+00   2.6353784325e-01
8.4588247795e-01   1.0444590355e+00   2.8889119296e-01
8.6938439830e-01   9.6815626424e-01   3.1248809889e-01
8.6948282238e-01   9.6755900351e-01   3.1262914674e-01
8.6958055045e-01   9.6696042226e-01   3.1277004368e-01
8.7595521616e-01   8.5836355144e-01   3.3265733999e-01
8.7593724315e-01   8.5758286367e-01   3.3276902674e-01
8.7591850733e-01   8.5680121303e-01   3.3288049708e-01
8.6354670480e-01   7.2463661703e-01   3.4746617258e-01
8.3282842279e-01   5.8102806051e-01   3.5594061947e-01
7.8569749539e-01   4.3845175672e-01   3.5826160851e-01
7.8534998147e-01   4.3756806967e-01   3.5825782383e-01
7.8184555146e-01   4.2875872058e-01   3.5820767037e-01
7.4408881428e-01   3.4386685463e-01   3.5653360848e-01
6.7713714178e-01   2.2590236810e-01   3.5021031373e-01
6.7668578896e-01   2.2521509386e-01   3.5015764687e-01
6.7215950281e-01   2.1839180371e-01   3.4962350155e-01
6.2584758201e-01   1.5519616784e-01   3.4360456913e-01
5.5146923245e-01   7.4895554374e-02   3.3230279777e-01
5.5099267593e-01   7.4453468258e-02   3.3222517081e-01
5.4622916911e-01   7.0081006002e-02   3.3144599287e-01
4.9896338635e-01   3.1059271143e-02   3.2341265758e-01
4.9849554189e-01   3.0710855725e-02   3.2333053269e-01
4.9382379638e-01   2.7270601182e-02   3.2250776648e-01
4.2278762678e-01   -1.6799908895e-02   3.0941164090e-01
4.2234814545e-01   -1.7026907061e-02   3.0932723650e-01
4.1796510141e-01   -1.9261560832e-02   3.0848315646e-01
4.1752798330e-01   -1.9481514903e-02   3.0839874757e-01
4.1316882590e-01   -2.1646318689e-02   3.0755469621e-01
3.4809526131e-01   -4.7991297465e-02   2.9443790183e-01
2.8953698416e-01   -6.2679188798e-02   2.8168282045e-01
2.8918491218e-01   -6.2742868622e-02   2.8160287672e-01
2.8568006371e-01   -6.3361044699e-02   2.8080467074e-01
2.3463188785e-01   -6.9158753263e-02   2.6862664076e-01
2.3432824069e-01   -6.9175462212e-02   2.6855069223e-01
2.3130753835e-01   -6.9330316254e-02   2.6779257233e-01
1.8773256333e-01   -6.9270207059e-02   2.5625921253e-01
1.5074658146e-01   -6.5840248883e-02   2.4532409152e-01
1.1976686908e-01   -6.0532128921e-02   2.3495403294e-01
1.1958667894e-01   -6.0494621136e-02   2.3488945593e-01
1.1779671529e-01   -6.0117806848e-02   2.3424485645e-01
1.0105296542e-01   -5.6218421115e-02   2.2791354163e-01
7.8747995472e-02   -4.9953110880e-02   2.1840899380e-01
6.0566978151e-02   -4.3923439453e-02   2.0935402136e-01
4.5853151653e-02   -3.8445375330e-02   2.0071288610e-01
3.4010550892e-02   -3.3689361877e-02   1.9245532846e-01
2.4512623874e-02   -2.9727418379e-02   1.8455593958e-01
1.6903669257e-02   -2.6568621690e-02   1.7699326516e-01
1.0795659465e-02   -2.4185089785e-02   1.6974892932e-01
5.8623404183e-03   -2.2530484152e-02   1.6280689674e-01
1.8319504719e-03   -2.1552801323e-02   1.5615290143e-01
-1.5205282307e-03   -2.1202935224e-02   1.4977402887e-01
-4.3809983056e-03   -2.1440209544e-02   1.4365842330e-01
-6.9034073223e-03   -2.2235825239e-02   1.3779509079e-01
-9.2162620625e-03   -2.3574951335e-02   1.3217377307e-01
-1.1428436715e-02   -2.5458009193e-02   1.2678487334e-01
-1.3634292338e-02   -2.7901559330e-02   1.2161942131e-01
-1.5918173250e-02   -3.0939091866e-02   1.1666907033e-01
-1.8358373847e-02   -3.4621941852e-02   1.1192612344e-01
-2.1030683406e-02   -3.9020494252e-02   1.0738358985e-01
-2.4011621691e-02   -4.4225805476e-02   1.0303527654e-01
-2.7381478338e-02   -5.0351744757e-02   9.8875924180e-02
-3.1227266487e-02   -5.7537745446e-02   9.4901401036e-02
-3.5645697633e-02   -6.5952249633e-02   9.1108974776e-02
-4.0746280969e-02   -7.5796925526e-02   8.7497689990e-02
-4.0781348097e-02   -7.5864965275e-02   8.7475184583e-02
-4.1133839661e-02   -7.6549124641e-02   8.7250540403e-02
-4.4848152481e-02   -8.3781231964e-02   8.5045261146e-02
-5.1416698913e-02   -9.6650908571e-02   8.1748404524e-02
-5.9055796842e-02   -1.1170723945e-01   7.8643848931e-02
-6.7954266151e-02   -1.2932659518e-01   7.5743605070e-02
-7.8332801796e-02   -1.4995030727e-01   7.3066311327e-02
-9.0449419125e-02   -1.7409353193e-01   7.0639561806e-02
-1.0460539749e-01   -2.0235402747e-01   6.8503083245e-02
-1.2115156270e-01   -2.3541973218e-01   6.6713049726e-02
-1.4049455302e-01   -2.7407318650e-01   6.5347902132e-02
-1.6310238882e-01   -3.1918949193e-01   6.4516116650e-02
-1.8950813943e-01   -3.7172238364e-01   6.4366417155e-02
-1.8969044346e-01   -3.7208426829e-01   6.4368055920e-02
-1.9152339233e-01   -3.7572209516e-01   6.4386432015e-02
-2.1087783255e-01   -4.1405172807e-01   6.4782151643e-02
-2.4519373075e-01   -4.8156729788e-01   6.6304153477e-02
-2.4543021756e-01   -4.8203030899e-01   6.6317988128e-02
-2.4780757984e-01   -4.8668300168e-01   6.6459487874e-02
-2.7286801397e-01   -5.3550766550e-01   6.8211069797e-02
-3.1707953011e-01   -6.2051640434e-01   7.2386148552e-02
-3.6799533180e-01   -7.1624540651e-01   7.8779296131e-02
-3.6834373060e-01   -7.1689128158e-01   7.8828633375e-02
-3.7184410286e-01   -7.2337297678e-01   7.9328467425e-02
-4.0850797769e-01   -7.9040881351e-01   8.5012261441e-02
-4.7202437266e-01   -9.0234428539e-01   9.6766976178e-02
-5.4301490119e-01   -1.0197790379e+00   1.1275630756e-01
-6.2078073352e-01   -1.1366563816e+00   1.3381897164e-01
-6.2129671480e-01   -1.1373835233e+00   1.3397156849e-01
-6.2646802304e-01   -1.1446324985e+00   1.3551055248e-01
-6.7919175046e-01   -1.2142365887e+00   1.5222429640e-01
-6.7972685948e-01   -1.2148999132e+00   1.5240374593e-01
-6.8026209627e-01   -1.2155624708e+00   1.5258344113e-01
-7.6489306435e-01   -1.3072337493e+00   1.8369420110e-01
-8.4818085393e-01   -1.3644211394e+00   2.2037629918e-01
-8.4869694566e-01   -1.3646398313e+00   2.2062622443e-01
-8.4921273910e-01   -1.3648564252e+00   2.2087632002e-01
-9.2498638207e-01   -1.3702979765e+00   2.6165784002e-01
-9.8589367519e-01   -1.3110098559e+00   3.0359720256e-01
-9.8621832688e-01   -1.3104052083e+00   3.0386085651e-01
-9.8654204829e-01   -1.3097976576e+00   3.0412439405e-01
-1.0245101564e+00   -1.1797222752e+00   3.4314824909e-01
-1.0246647676e+00   -1.1786748015e+00   3.4337889677e-01
-1.0248181760e+00   -1.1776247419e+00   3.4360924481e-01
-1.0332562443e+00   -9.8466591726e-01   3.7529191321e-01
-1.0332069816e+00   -9.8327176873e-01   3.7546292402e-01
-1.0331563738e+00   -9.8187591658e-01   3.7563349184e-01
-1.0086426277e+00   -7.4741169500e-01   3.9652160321e-01
-9.5246747545e-01   -5.0078586951e-01   4.0538450945e-01
-9.5201524337e-01   -4.9923298877e-01   4.0540337231e-01
-9.5156191153e-01   -4.9768078636e-01   4.0542177578e-01
-8.6838425091e-01   -2.6711253366e-01   4.0304972628e-01
-8.6778259258e-01   -2.6573802653e-01   4.0300392695e-01
-8.6718016253e-01   -2.6436502229e-01   4.0295777931e-01
-7.6495816481e-01   -7.0041709161e-02   3.9200463665e-01
-7.6426304434e-01   -6.8938948902e-02   3.9191428292e-01
-7.5728985387e-01   -5.8013387452e-02   3.9099915625e-01
-6.8580850119e-01   4.0968373039e-02   3.8085390402e-01
-5.7127705677e-01   1.5925785955e-01   3.6267075091e-01
-4.5922441170e-01   2.3805537326e-01   3.4364316346e-01
-4.5852728336e-01   2.3844944352e-01   3.4352238718e-01
-4.5783045856e-01   2.3884224213e-01   3.4340163931e-01
-3.5312840792e-01   2.8614831723e-01   3.2501540720e-01
-2.5849666803e-01   3.1110024439e-01   3.0801121151e-01
-2.5792730344e-01   3.1120493882e-01   3.0790766411e-01
-2.5225923926e-01   3.1221929343e-01   3.0687591357e-01
-2.5169499373e-01   3.1231750844e-01   3.0677311118e-01
-2.4607819105e-01   3.1326812190e-01   3.0574881822e-01
-1.6432700595e-01   3.2184180045e-01   2.9060794900e-01
-1.6384106848e-01   3.2186508724e-01   2.9051638282e-01
-1.5900711325e-01   3.2208010932e-01   2.8960429472e-01
-8.9287207506e-02   3.2205840913e-01   2.7615354146e-01
-2.9988917441e-02   3.1821811182e-01   2.6410512384e-01
-2.9640899585e-02   3.1818784017e-01   2.6403217562e-01
-2.6181461421e-02   3.1788311641e-01   2.6330539103e-01
2.3270854327e-02   3.1302266613e-01   2.5254122921e-01
2.3560446516e-02   3.1299307255e-01   2.5247584808e-01
2.6438882452e-02   3.1269944101e-01   2.5182430692e-01
6.7581822441e-02   3.0888993039e-01   2.4214263307e-01
6.7823000755e-02   3.0887157934e-01   2.4208364610e-01
7.0220576931e-02   3.0869304113e-01   2.4149570982e-01
7.0458921518e-02   3.0867568940e-01   2.4143710886e-01
7.2828370966e-02   3.0850727638e-01   2.4085301395e-01
1.0682343885e-01   3.0721806587e-01   2.3215020177e-01
1.0702373361e-01   3.0721867959e-01   2.3209706184e-01
1.0901576019e-01   3.0723144057e-01   2.3156734137e-01
1.2790774659e-01   3.0804414795e-01   2.2643406751e-01
1.5424010277e-01   3.1196984912e-01   2.1897451039e-01
1.7758160316e-01   3.1933327025e-01   2.1217127957e-01
1.7772331318e-01   3.1939171896e-01   2.1212983557e-01
1.7913587797e-01   3.1998422727e-01   2.1171681892e-01
1.9285332381e-01   3.2671491780e-01   2.0772865321e-01
2.1319247048e-01   3.4019934954e-01   2.0200950993e-01
2.3280829131e-01   3.5730801018e-01   1.9693482970e-01
2.5233005791e-01   3.7803452334e-01   1.9253321323e-01
2.7229328873e-01   4.0234915119e-01   1.8884891509e-01
2.9314957992e-01   4.3019217097e-01   1.8594146771e-01
3.1527325670e-01   4.6145660163e-01   1.8388552207e-01
3.3896379813e-01   4.9596070667e-01   1.8277045986e-01
3.6444318599e-01   5.3341054169e-01   1.8269922292e-01
3.9184751224e-01   5.7335322199e-01   1.8378566103e-01
4.2121245152e-01   6.1512278113e-01   1.8614953671e-01
4.5245268607e-01   6.5778274573e-01   1.8990819503e-01
4.8533620087e-01   7.0007307553e-01   1.9516390004e-01
4.8555096333e-01   7.0033899232e-01   1.9520249400e-01
4.8770137597e-01   7.0299365191e-01   1.9559196871e-01
5.2188733298e-01   7.4308395308e-01   2.0252567256e-01
5.2210854171e-01   7.4332933308e-01   2.0257511308e-01
5.2432192120e-01   7.4577379502e-01   2.0307308165e-01
5.5909385299e-01   7.8136689728e-01   2.1169467054e-01
5.9352374535e-01   8.1035940286e-01   2.2181055581e-01
5.9374055204e-01   8.1051822952e-01   2.2187969113e-01
5.9590536955e-01   8.1208593682e-01   2.2257397716e-01
6.1716277503e-01   8.2557530469e-01   2.2979503026e-01
6.4837444849e-01   8.3759003919e-01   2.4194332839e-01
6.4856358816e-01   8.3762726860e-01   2.4202364301e-01
6.5044655675e-01   8.3797026790e-01   2.4282826390e-01
6.6835577373e-01   8.3837757650e-01   2.5099432127e-01
6.9232989985e-01   8.2734853093e-01   2.6393836747e-01
7.1013632898e-01   8.0147802123e-01   2.7653793862e-01
7.1022751862e-01   8.0126505800e-01   2.7661595000e-01
7.1112263109e-01   7.9910280544e-01   2.7739373923e-01
7.1834010746e-01   7.7428962523e-01   2.8490361806e-01
7.2290750826e-01   7.2473752752e-01   2.9537528803e-01
7.2290916013e-01   7.2438286104e-01   2.9543619067e-01
7.2290606552e-01   7.2081212176e-01   2.9604055579e-01
7.1818633614e-01   6.5992714242e-01   3.0430430976e-01
7.0477903524e-01   5.9220696761e-01   3.1009433248e-01
7.0466629642e-01   5.9176075450e-01   3.1012288604e-01
7.0352061040e-01   5.8729274082e-01   3.1040240881e-01
6.9028450196e-01   5.4224528483e-01   3.1259506687e-01
6.6363048124e-01   4.7230911340e-01   3.1385822662e-01
6.6343903632e-01   4.7187063915e-01   3.1385806393e-01
6.6151107872e-01   4.6749474560e-01   3.1385086000e-01
6.4096558565e-01   4.2478594780e-01   3.1323652817e-01
6.0499600451e-01   3.6306980374e-01   3.1045624096e-01
6.0475401393e-01   3.6269914249e-01   3.1043198912e-01
6.0232711943e-01   3.5901071823e-01   3.1018527121e-01
6.0208374117e-01   3.5864370350e-01   3.1016018187e-01
5.9964324660e-01   3.5499198489e-01   3.0990515505e-01
5.6021356087e-01   3.0247096767e-01   3.0501898528e-01
5.1956171283e-01   2.5909696544e-01   2.9873583187e-01
5.1930125467e-01   2.5884973285e-01   2.9869204652e-01
5.1669747106e-01   2.5639836789e-01   2.9825198146e-01
4.7641527907e-01   2.2294195370e-01   2.9091463481e-01
4.7616183994e-01   2.2275696284e-01   2.9086536831e-01
4.7363126893e-01   2.2092673329e-01   2.9037132090e-01
4.3515115843e-01   1.9679686155e-01   2.8237265828e-01
3.9933944035e-01   1.8045558283e-01   2.7404063248e-01
3.9912062506e-01   1.8037392485e-01   2.7398676935e-01
3.9694004219e-01   1.7957243068e-01   2.7344787989e-01
3.7591679193e-01   1.7300868047e-01   2.6804211855e-01
3.4606679350e-01   1.6754266290e-01   2.5959428497e-01
3.4588834963e-01   1.6752475813e-01   2.5954052376e-01
3.4411274872e-01   1.6735684280e-01   2.5900317597e-01
3.2724750331e-01   1.6674242719e-01   2.5366114010e-01
3.0414878438e-01   1.6926956380e-01   2.4545863877e-01
2.8503642544e-01   1.7540596044e-01   2.3749944027e-01
2.6981060875e-01   1.8456990429e-01   2.2983194842e-01
2.5831386267e-01   1.9634079730e-01   2.2249292999e-01
2.5036163378e-01   2.1044329675e-01   2.1551291876e-01
2.4576576993e-01   2.2672714098e-01   2.0892023160e-01
2.4435156771e-01   2.4514581544e-01   2.0274400679e-01
2.4596928609e-01   2.6573569444e-01   1.9701662341e-01
2.5050104564e-01   2.8859616798e-01   1.9177578010e-01
2.5786391026e-01   3.1387045998e-01   1.8706642802e-01
2.6800974512e-01   3.4172625910e-01   1.8294267309e-01
2.8092219682e-01   3.7233483951e-01   1.7946968423e-01
2.9661087354e-01   4.0584700076e-01   1.7672555856e-01
3.1510252916e-01   4.4236390124e-01   1.7480298854e-01
3.3642879475e-01   4.8190074769e-01   1.7381043677e-01
3.6060977894e-01   5.2434146053e-01   1.7387233894e-01
3.8763272529e-01   5.6938308174e-01   1.7512761922e-01
4.1742495068e-01   6.1647016809e-01   1.7772552621e-01
4.4982062215e-01   6.6472215722e-01   1.8181752837e-01
4.8452173472e-01   7.1286115882e-01   1.8754384878e-01
4.8475011194e-01   7.1316511060e-01   1.8758597861e-01
4.8703801179e-01   7.1620045464e-01   1.8801121212e-01
5.1029700241e-01   7.4602650965e-01   1.9266105632e-01
5.4772584030e-01   7.8969534534e-01   2.0140290350e-01
5.8565324866e-01   8.2746969489e-01   2.1191997768e-01
6.2294323371e-01   8.5647583544e-01   2.2408300191e-01
6.5819580266e-01   8.7372031462e-01   2.3761145973e-01
6.8979261819e-01   8.7644322069e-01   2.5205229868e-01
7.1599526318e-01   8.6257187460e-01   2.6678282059e-01
7.3509793075e-01   8.3119758524e-01   2.8104811931e-01
7.4562126347e-01   7.8295224276e-01   2.9403607946e-01
7.4651665990e-01   7.2014943357e-01   3.0498056646e-01
7.3733783108e-01   6.4660002477e-01   3.1327061445e-01
7.1833639248e-01   5.6710933626e-01   3.1853730555e-01
6.9045361977e-01   4.8676767774e-01   3.2069533629e-01
6.5520570081e-01   4.1020211943e-01   3.1992996864e-01
6.1448469438e-01   3.4095285963e-01   3.1663292474e-01
5.7031656538e-01   2.8112430408e-01   3.1129866376e-01
5.2463409408e-01   2.3146952687e-01   3.0440597353e-01
4.7913273124e-01   1.9197270706e-01   2.9633957424e-01
4.3535351926e-01   1.6388603349e-01   2.8754236886e-01
4.3508211286e-01   1.6373684726e-01   2.8748471022e-01
4.3237481817e-01   1.6226519936e-01   2.8690737920e-01
4.0602536071e-01   1.4949808614e-01   2.8107367605e-01
3.6779216399e-01   1.3599313969e-01   2.7183671261e-01
3.3365172820e-01   1.2917081739e-01   2.6262247045e-01
3.0388329865e-01   1.2776710720e-01   2.5355965570e-01
2.7855550057e-01   1.3069880961e-01   2.4473285996e-01
2.5758574928e-01   1.3709426322e-01   2.3619647832e-01
2.4079309258e-01   1.4629395632e-01   2.2798564163e-01
2.2794208040e-01   1.5783392911e-01   2.2012425810e-01
2.1877719002e-01   1.7142107741e-01   2.1263069088e-01
2.1304846735e-01   1.8690614935e-01   2.0552170715e-01
2.1052959043e-01   2.0425771106e-01   1.9881527610e-01
2.1102972511e-01   2.2353864205e-01   1.9253267008e-01
2.1440048395e-01   2.4488565099e-01   1.8670020177e-01
2.2053912943e-01   2.6849165540e-01   1.8135084299e-01
2.2938893806e-01   2.9459038304e-01   1.7652592791e-01
2.4093737586e-01   3.2344197925e-01   1.7227712835e-01
2.5521240863e-01   3.5531758900e-01   1.6866886414e-01
2.7227685302e-01   3.9047983370e-01   1.6578122743e-01
2.9222016176e-01   4.2915504078e-01   1.6371330994e-01
3.1514646701e-01   4.7149242274e-01   1.6258650337e-01
3.4115718637e-01   5.1750566909e-01   1.6254690719e-01
3.7032619186e-01   5.6699413508e-01   1.6376548581e-01
4.0266566422e-01   6.1944435673e-01   1.6643417266e-01
4.3808151520e-01   6.7391807061e-01   1.7075586409e-01
4.7631849463e-01   7.2898631365e-01   1.7688955590e-01
4.7657121150e-01   7.2933712243e-01   1.7693502072e-01
4.7910374770e-01   7.3284266382e-01   1.7739416359e-01
4.7935753488e-01   7.3319295051e-01   1.7744052820e-01
4.8190068558e-01   7.3669291634e-01   1.7790869197e-01
5.2280348284e-01   7.9028453583e-01   1.8632372597e-01
5.6527681069e-01   8.3980832842e-01   1.9684910507e-01
5.6555135340e-01   8.4010521225e-01   1.9692324834e-01
5.6829794744e-01   8.4305750987e-01   1.9766943383e-01
5.6857271642e-01   8.4335106515e-01   1.9774452720e-01
5.7132137634e-01   8.4626951445e-01   1.9850020058e-01
6.1428399912e-01   8.8716886601e-01   2.1141490116e-01
6.5613634789e-01   9.1651421524e-01   2.2622714012e-01
6.5639666669e-01   9.1665632314e-01   2.2632720601e-01
6.5899325425e-01   9.1804252440e-01   2.2733123825e-01
6.9765720886e-01   9.3079115043e-01   2.4372085739e-01
6.9789023814e-01   9.3081475918e-01   2.4382904804e-01
7.0020890312e-01   9.3100787362e-01   2.4491275144e-01
7.2211610258e-01   9.2850172615e-01   2.5588595061e-01
7.5069490505e-01   9.0748697883e-01   2.7312554973e-01
7.5085151705e-01   9.0728336636e-01   2.7323436589e-01
7.5239772393e-01   9.0519854719e-01   2.7432072112e-01
7.7150936854e-01   8.6121757506e-01   2.9068455172e-01
7.7996798858e-01   7.9722251499e-01   3.0516022669e-01
7.7998500126e-01   7.9675580247e-01   3.0524460815e-01
7.8012848754e-01   7.9205192822e-01   3.0608200359e-01
7.7598041846e-01   7.1079026452e-01   3.1751944355e-01
7.5982333973e-01   6.1918118969e-01   3.2544749934e-01
7.3237694427e-01   5.2373163944e-01   3.2958857155e-01
7.3216809904e-01   5.2312303755e-01   3.2960289041e-01
7.3005775811e-01   5.1704316225e-01   3.2973774372e-01
7.0687450592e-01   4.5716272369e-01   3.3027075896e-01
6.6408240037e-01   3.6921876715e-01   3.2834064785e-01
6.6378741809e-01   3.6868660361e-01   3.2831841612e-01
6.6082467935e-01   3.6338892409e-01   3.2808967909e-01
6.3004258311e-01   3.1295837660e-01   3.2519542275e-01
6.2972541758e-01   3.1247867391e-01   3.2516123556e-01
6.2654495140e-01   3.0770958963e-01   3.2481401320e-01
5.9399389649e-01   2.6289652428e-01   3.2084312076e-01
5.4149738217e-01   2.0371328191e-01   3.1312653062e-01
5.4115959936e-01   2.0337815868e-01   3.1307242011e-01
5.3778202177e-01   2.0005694252e-01   3.1252846900e-01
5.3744430095e-01   1.9972781911e-01   3.1247379263e-01
5.3406766838e-01   1.9646650383e-01   3.1192427466e-01
4.8175814084e-01   1.5236846483e-01   3.0278161292e-01
4.3155489750e-01   1.2038925809e-01   2.9294058057e-01
4.3124380298e-01   1.2022045223e-01   2.9287631149e-01
4.2814073855e-01   1.1855591860e-01   2.9223296271e-01
3.8165722693e-01   9.7741495931e-02   2.8207100700e-01
3.8137340129e-01   9.7637868688e-02   2.8200573546e-01
3.7854508793e-01   9.6620706650e-02   2.8135300158e-01
3.3676476627e-01   8.4893750080e-02   2.7117573642e-01
3.3651299529e-01   8.4842056136e-02   2.7111105014e-01
3.3400630341e-01   8.4340030657e-02   2.7046457392e-01
3.1005298055e-01   8.0726179017e-02   2.6404477550e-01
2.7670066502e-01   7.9509722218e-02   2.5421228061e-01
2.4833256035e-01   8.2563495982e-02   2.4469165546e-01
2.4816688957e-01   8.2594375374e-02   2.4463187904e-01
2.4652097930e-01   8.2910332682e-02   2.4403490457e-01
2.3112734877e-01   8.6741279392e-02   2.3814526857e-01
2.1079584984e-01   9.4838022982e-02   2.2923292957e-01
1.9473928108e-01   1.0499587186e-01   2.2069331523e-01
1.8260609144e-01   1.1682836789e-01   2.1253013657e-01
1.7405304703e-01   1.3012328029e-01   2.0474535984e-01
1.6876669129e-01   1.4480880975e-01   1.9734185014e-01
1.6647716633e-01   1.6092486084e-01   1.9032510357e-01
1.6696628061e-01   1.7859977020e-01   1.8370454018e-01
1.7007142013e-01   1.9803204771e-01   1.7749467725e-01
1.7568656703e-01   2.1947621196e-01   1.7171639648e-01
1.8376135011e-01   2.4323151191e-01   1.6639845080e-01
1.9429872680e-01   2.6963210532e-01   1.6157931517e-01
2.0735158492e-01   2.9903703045e-01   1.5730945708e-01
2.2301824892e-01   3.3181799989e-01   1.5365407435e-01
2.4143656166e-01   3.6834262148e-01   1.5069630437e-01
2.6277587462e-01   4.0895009585e-01   1.4854083121e-01
2.8722589796e-01   4.5391576802e-01   1.4731768084e-01
2.8739265543e-01   4.5421771634e-01   1.4731318542e-01
2.8906767518e-01   4.5724739879e-01   1.4727068880e-01
3.0657238961e-01   4.8856681895e-01   1.4710108602e-01
3.3678236804e-01   5.4125758848e-01   1.4785718665e-01
3.7057203575e-01   5.9826050410e-01   1.5004908712e-01
4.0800969824e-01   6.5899745311e-01   1.5391860309e-01
4.4903439133e-01   7.2238551515e-01   1.5972732149e-01
4.9338999929e-01   7.8668072591e-01   1.6773748574e-01
4.9368334785e-01   7.8708970964e-01   1.6779630970e-01
4.9662315838e-01   7.9117584345e-01   1.6839004263e-01
5.2661324164e-01   8.3149779616e-01   1.7488662516e-01
5.2691817207e-01   8.3189442872e-01   1.7495680844e-01
5.2997247091e-01   8.3585170337e-01   1.7566440231e-01
5.6095899761e-01   8.7431484200e-01   1.8332202907e-01
6.1045937195e-01   9.2846063227e-01   1.9743574752e-01
6.1077737151e-01   9.2877515175e-01   1.9753429316e-01
6.1395708562e-01   9.3189428828e-01   1.9852544194e-01
6.1427501854e-01   9.3220356705e-01   1.9862512487e-01
6.1745377984e-01   9.3526949562e-01   1.9962761285e-01
6.6666397301e-01   9.7588353890e-01   2.1658949362e-01
7.1340046783e-01   9.9910673845e-01   2.3564880544e-01
7.1368607213e-01   9.9918828183e-01   2.3577606481e-01
7.1653075445e-01   9.9995309553e-01   2.3705178579e-01
7.4369401498e-01   1.0023112279e+00   2.5007108701e-01
7.8017859307e-01   9.8506983042e-01   2.7088294216e-01
8.0687016343e-01   9.4057405490e-01   2.9113295918e-01
8.0700361446e-01   9.4020169593e-01   2.9125766277e-01
8.0713655940e-01   9.3982824170e-01   2.9138228626e-01
8.2135145500e-01   8.6848864191e-01   3.0965405999e-01
8.2144486997e-01   7.7471900749e-01   3.2465721390e-01
8.2139783864e-01   7.7406103179e-01   3.2474025439e-01
8.2089391933e-01   7.6744661803e-01   3.2556094170e-01
8.0511210938e-01   6.5742728749e-01   3.3597958535e-01
7.7511809198e-01   5.4122547044e-01   3.4162707636e-01
7.7488394458e-01   5.4048187885e-01   3.4164774962e-01
7.7251457115e-01   5.3305240803e-01   3.4184388793e-01
7.2935036967e-01   4.1984877652e-01   3.4249642033e-01
7.2904067414e-01   4.1915134622e-01   3.4248666193e-01
7.2873059128e-01   4.1845434167e-01   3.4247673598e-01
6.7600863997e-01   3.1558300262e-01   3.3900110755e-01
6.1708981333e-01   2.2757162712e-01   3.3230129710e-01
6.1670023526e-01   2.2706242584e-01   3.3225008511e-01
6.1279803267e-01   2.2200891626e-01   3.3173285614e-01
5.5081943735e-01   1.5212939468e-01   3.2260175118e-01
4.8895589738e-01   9.9030252061e-02   3.1206753773e-01
4.8856602240e-01   9.8741794279e-02   3.1199721753e-01
4.8467295026e-01   9.5891332033e-02   3.1129244259e-01
4.8428422214e-01   9.5609684939e-02   3.1122181110e-01
4.8040292782e-01   9.2826985478e-02   3.1051401330e-01
4.2144986208e-01   5.6851618161e-02   2.9919050364e-01
3.6678040505e-01   3.3343143877e-02   2.8768170699e-01
3.6644707657e-01   3.3227424103e-02   2.8760825575e-01
3.6312579590e-01   3.2092352176e-02   2.8687404725e-01
3.1413009614e-01   1.9110715606e-02   2.7550056385e-01
3.1383519577e-01   1.9053854738e-02   2.7542870434e-01
3.1089929608e-01   1.8501689672e-02   2.7471082495e-01
2.6810794974e-01   1.3360577379e-02   2.6367143017e-01
2.6785332268e-01   1.3346572702e-02   2.6360208130e-01
2.6532028101e-01   1.3218215406e-02   2.6290950740e-01
2.4130483648e-01   1.3013740329e-02   2.5607754769e-01
2.0842658514e-01   1.5921897668e-02   2.4574659678e-01
1.8095333447e-01   2.1661452133e-02   2.3585508716e-01
1.5843862270e-01   2.9290847544e-02   2.2639533242e-01
1.4038691896e-01   3.8163506835e-02   2.1735158835e-01
1.2629913301e-01   4.7870338894e-02   2.0870594762e-01
1.1570355827e-01   5.8187669476e-02   2.0044141601e-01
1.0817539614e-01   6.9033503131e-02   1.9254333862e-01
1.0334778774e-01   8.0432746226e-02   1.8499996352e-01
1.0091684967e-01   9.2490853305e-02   1.7780263597e-01
1.0064272612e-01   1.0537483579e-01   1.7094591471e-01
1.0234820965e-01   1.1930040347e-01   1.6442777533e-01
1.0591607912e-01   1.3452401994e-01   1.5824999665e-01
1.1128596669e-01   1.5133873773e-01   1.5241879318e-01
1.1845129090e-01   1.7007277294e-01   1.4694574913e-01
1.2745656976e-01   1.9108983735e-01   1.4184911598e-01
1.3839524002e-01   2.1479023426e-01   1.3715555104e-01
1.5140793976e-01   2.4161160665e-01   1.3290239346e-01
1.6668103882e-01   2.7202796434e-01   1.2914059242e-01
1.8444500321e-01   3.0654515978e-01   1.2593841299e-01
2.0497192496e-01   3.4569027469e-01   1.2338603554e-01
2.2857120676e-01   3.8999135717e-01   1.2160111602e-01
2.5558192332e-01   4.3994257184e-01   1.2073525008e-01
2.5576636099e-01   4.4028106735e-01   1.2073306103e-01
2.5761922897e-01   4.4367968649e-01   1.2071367334e-01
2.7701611054e-01   4.7904854757e-01   1.2078202325e-01
3.1068184493e-01   5.3950432612e-01   1.2195958905e-01
3.1091075638e-01   5.3991119493e-01   1.2197179531e-01
3.1320967387e-01   5.4399405302e-01   1.2209736095e-01
3.3719459572e-01   5.8622797770e-01   1.2372011370e-01
3.7845334748e-01   6.5720269095e-01   1.2775414341e-01
4.2441771330e-01   7.3341502254e-01   1.3394077180e-01
4.7505535467e-01   8.1323757982e-01   1.4268516170e-01
4.7539362617e-01   8.1375437110e-01   1.4275019518e-01
4.7878613274e-01   8.1892433052e-01   1.4340723426e-01
5.1365745563e-01   8.7063514147e-01   1.5066871524e-01
5.7125580512e-01   9.4956123336e-01   1.6470733261e-01
5.7163416552e-01   9.5004947903e-01   1.6480813363e-01
5.7542373668e-01   9.5491597028e-01   1.6582403660e-01
6.1382843447e-01   1.0016493176e+00   1.7677881688e-01
6.1421628467e-01   1.0020957070e+00   1.7689570619e-01
6.1809790302e-01   1.0065331456e+00   1.7807260213e-01
6.5710905307e-01   1.0478732834e+00   1.9063638405e-01
7.1765182332e-01   1.0978622207e+00   2.1305369784e-01
7.1803196763e-01   1.0981100452e+00   2.1320704455e-01
7.1841197918e-01   1.0983568444e+00   2.1336050900e-01
7.7560256622e-01   1.1229794921e+00   2.3864656330e-01
7.7594979947e-01   1.1230391857e+00   2.3881522280e-01
7.7629674464e-01   1.1230975363e+00   2.3898395347e-01
8.2631369636e-01   1.1146454449e+00   2.6598401694e-01
8.6509300634e-01   1.0683286448e+00   2.9298290795e-01
8.6529592924e-01   1.0679059296e+00   2.9315119122e-01
8.6549822601e-01   1.0674816103e+00   2.9331938961e-01
8.8883831598e-01   9.8191273316e-01   3.1821185594e-01
8.8893101169e-01   9.8124792328e-01   3.1835964957e-01
8.8902294958e-01   9.8058170297e-01   3.1850727020e-01
8.9372246188e-01   8.6054258729e-01   3.3915151014e-01
8.9368886997e-01   8.5968490124e-01   3.3926603810e-01
8.9330759537e-01   8.5105418075e-01   3.4039790627e-01
8.8494660371e-01   7.6005173567e-01   3.5031432857e-01
8.5559039575e-01   6.0705243043e-01   3.6036568328e-01
8.0811846004e-01   4.5338800699e-01   3.6367826855e-01
8.0776342880e-01   4.5243157772e-01   3.6367886743e-01
8.0418025058e-01   4.4289481577e-01   3.6367121009e-01
7.6529352315e-01   3.5080783940e-01   3.6229259763e-01
6.9548752937e-01   2.2245755815e-01   3.5601462880e-01
6.9501436162e-01   2.2170904347e-01   3.5596087302e-01
6.9026778008e-01   2.1427754787e-01   3.5541500557e-01
6.4156183896e-01   1.4544510520e-01   3.4920450922e-01
5.6294472774e-01   5.8066050763e-02   3.3740794470e-01
5.6243986119e-01   5.7585599558e-02   3.3732665692e-01
5.5739271937e-01   5.2834196590e-02   3.3651063369e-01
5.0725566202e-01   1.0479928564e-02   3.2809148264e-01
5.0675894573e-01   1.0102231962e-02   3.2800539442e-01
5.0179847423e-01   6.3733844327e-03   3.2714293473e-01
4.5300694782e-01   -2.6304012006e-02   3.1840331263e-01
4.5252773324e-01   -2.6590359693e-02   3.1831522364e-01
4.4774630454e-01   -2.9411954660e-02   3.1743394184e-01
4.0111022848e-01   -5.3660966027e-02   3.0861269582e-01
4.0065558052e-01   -5.3869076421e-02   3.0852466324e-01
3.9612273628e-01   -5.5914966926e-02   3.0764478518e-01
3.9567082395e-01   -5.6116058667e-02   3.0755684460e-01
3.9116556848e-01   -5.8092422963e-02   3.0667795298e-01
3.2421466163e-01   -8.1605233809e-02   2.9312014841e-01
3.2380898947e-01   -8.1715409048e-02   2.9303493869e-01
3.1976855078e-01   -8.2792194255e-02   2.9218406319e-01
2.6051061061e-01   -9.4402806069e-02   2.7919420223e-01
2.0875366885e-01   -9.8397299264e-02   2.6686410630e-01
2.0844666778e-01   -9.8404505692e-02   2.6678747904e-01
2.0539312610e-01   -9.8465773719e-02   2.6602275065e-01
1.7648102541e-01   -9.8117481667e-02   2.5852880306e-01
1.3692600170e-01   -9.4985418202e-02   2.4735101585e-01
1.0369849225e-01   -9.0097558000e-02   2.3679340191e-01
7.6045252046e-02   -8.4614318154e-02   2.2680117101e-01
7.5884690331e-02   -8.4579203662e-02   2.2673898529e-01
7.4289796026e-02   -8.4228575672e-02   2.2611827591e-01
5.9371827386e-02   -8.0804521401e-02   2.2002336018e-01
3.9445007068e-02   -7.5969739727e-02   2.1087837323e-01
2.3036985032e-02   -7.2072398049e-02   2.0217049330e-01
9.4854546798e-03   -6.9323021333e-02   1.9386564035e-01
-1.7986195569e-03   -6.7833729697e-02   1.8593607307e-01
-1.1330449462e-02   -6.7657896276e-02   1.7835922887e-01
-1.9555889940e-02   -6.8819410092e-02   1.7111667202e-01
-2.6858872581e-02   -7.1333903594e-02   1.6419327018e-01
-3.3570368072e-02   -7.5223976195e-02   1.5757662594e-01
-3.9977915780e-02   -8.0530094130e-02   1.5125674872e-01
-4.6335116398e-02   -8.7318516054e-02   1.4522594266e-01
-5.2870744085e-02   -9.5687299969e-02   1.3947889185e-01
-5.9797317803e-02   -1.0577119377e-01   1.3401293791e-01
-6.7319094412e-02   -1.1774599453e-01   1.2882856166e-01
-7.5639521811e-02   -1.3183277104e-01   1.2393009993e-01
-8.4968228726e-02   -1.4830216596e-01   1.1932674985e-01
-9.5527634390e-02   -1.6747880796e-01   1.1503393749e-01
-1.0755923799e-01   -1.8974564422e-01   1.1107515597e-01
-1.2132959103e-01   -2.1554771123e-01   1.0748441064e-01
-1.3713585655e-01   -2.4539444566e-01   1.0430944505e-01
-1.5531070025e-01   -2.7985902424e-01   1.0161595676e-01
-1.7622601367e-01   -3.1957231376e-01   9.9493038046e-02
-2.0029459895e-01   -3.6520768389e-01   9.8060073822e-02
-2.0045958569e-01   -3.6552000141e-01   9.8053448164e-02
-2.0211757999e-01   -3.6865807989e-01   9.7989099829e-02
-2.1953557011e-01   -4.0156503196e-01   9.7546538436e-02
-2.5006009695e-01   -4.5889513766e-01   9.7686004531e-02
-2.8502740522e-01   -5.2386615297e-01   9.9063527447e-02
-2.8526634494e-01   -5.2430706019e-01   9.9076959824e-02
-2.8766687457e-01   -5.2873417761e-01   9.9214785022e-02
-3.1281050614e-01   -5.7481617107e-01   1.0096281121e-01
-3.5649037417e-01   -6.5344478155e-01   1.0523271593e-01
-3.5678744395e-01   -6.5397260906e-01   1.0526681944e-01
-3.5977084852e-01   -6.5926788913e-01   1.0561298837e-01
-3.9088965643e-01   -7.1386590019e-01   1.0961498927e-01
-4.4431894528e-01   -8.0455555029e-01   1.1809300962e-01
-5.0350221850e-01   -8.9958919918e-01   1.2977632071e-01
-5.6796566060e-01   -9.9503146984e-01   1.4523166207e-01
-5.6839281278e-01   -9.9563130452e-01   1.4534372579e-01
-5.7267375546e-01   -1.0016170869e+00   1.4647397318e-01
-6.1633556122e-01   -1.0598136371e+00   1.5875548803e-01
-6.1677909897e-01   -1.0603764248e+00   1.5888743149e-01
-6.2122092402e-01   -1.0659788995e+00   1.6021692424e-01
-6.6615638951e-01   -1.1189713474e+00   1.7452211927e-01
-6.6660922680e-01   -1.1194687249e+00   1.7467444748e-01
-6.6706210824e-01   -1.1199653691e+00   1.7482695858e-01
-7.3788254747e-01   -1.1867975790e+00   2.0087524525e-01
-8.0610603572e-01   -1.2246112365e+00   2.3082757504e-01
-8.0652439397e-01   -1.2247354797e+00   2.3102932023e-01
-8.1069154019e-01   -1.2258871240e+00   2.3305270955e-01
-8.5043772491e-01   -1.2278055620e+00   2.5377966025e-01
-9.0302189576e-01   -1.1920994924e+00   2.8694974860e-01
-9.0331063395e-01   -1.1917091767e+00   2.8716026406e-01
-9.0359869237e-01   -1.1913167598e+00   2.8737072077e-01
-9.3939862846e-01   -1.1042193586e+00   3.1905555445e-01
-9.3956300805e-01   -1.1035012844e+00   3.1924699566e-01
-9.3972650465e-01   -1.1027812342e+00   3.1943825392e-01
-9.5380525736e-01   -9.6747529960e-01   3.4662244132e-01
-9.5381842214e-01   -9.6647786820e-01   3.4677593857e-01
-9.5389439646e-01   -9.5642217730e-01   3.4829478444e-01
-9.4901716723e-01   -8.4861598957e-01   3.6176680969e-01
-9.2080714959e-01   -6.6222840181e-01   3.7593826822e-01
-9.2054808699e-01   -6.6100175426e-01   3.7600044553e-01
-9.1790439968e-01   -6.4872698044e-01   3.7660224067e-01
-8.8634982724e-01   -5.2618075738e-01   3.8064763886e-01
-8.2042488968e-01   -3.4346604135e-01   3.8024884986e-01
-8.1994761639e-01   -3.4236013948e-01   3.8022245437e-01
-8.1514061686e-01   -3.3135491575e-01   3.7994328150e-01
-7.6397524594e-01   -2.2720353106e-01   3.7573772824e-01
-7.6343825100e-01   -2.2622036419e-01   3.7568370975e-01
-7.5804408270e-01   -2.1645605773e-01   3.7513162719e-01
-7.0201759614e-01   -1.2580877804e-01   3.6853510656e-01
-6.1939548945e-01   -2.1083817063e-02   3.5676513151e-01
-5.2594891584e-01   6.5821938553e-02   3.4163017609e-01
-5.2535721038e-01   6.6282672600e-02   3.4152982926e-01
-5.1944755268e-01   7.0827476057e-02   3.4052491315e-01
-4.6128180374e-01   1.1031163846e-01   3.3038882982e-01
-4.6071032455e-01   1.1065447396e-01   3.3028715775e-01
-4.5500825145e-01   1.1402927041e-01   3.2927057777e-01
-3.9939829251e-01   1.4273684742e-01   3.1915851923e-01
-3.9885630648e-01   1.4298054563e-01   3.1905821865e-01
-3.9345294883e-01   1.4537343640e-01   3.1805641941e-01
-3.4116094141e-01   1.6520200659e-01   3.0818375552e-01
-2.6630514826e-01   1.8383509582e-01   2.9342677052e-01
-2.6585519315e-01   1.8391476319e-01   2.9333548876e-01
-2.6137601996e-01   1.8468767876e-01   2.9242491642e-01
-2.6093014173e-01   1.8476262035e-01   2.9233408414e-01
-2.5649177034e-01   1.8548898522e-01   2.9142801790e-01
-1.9190544831e-01   1.9218602595e-01   2.7779655774e-01
-1.9152153926e-01   1.9220510114e-01   2.7771266411e-01
-1.8770249259e-01   1.9238214513e-01   2.7687598434e-01
-1.5148910805e-01   1.9295074728e-01   2.6873157226e-01
-1.0174850687e-01   1.9075651648e-01   2.5676678562e-01
-5.9683671698e-02   1.8677090797e-01   2.4566055449e-01
-5.9437354022e-02   1.8674346283e-01   2.4559208791e-01
-5.6989182450e-02   1.8646880066e-01   2.4490912008e-01
-3.3952954295e-02   1.8376608442e-01   2.3824419855e-01
-2.7104379655e-03   1.8017960326e-01   2.2837962198e-01
-2.5276487864e-03   1.8016071194e-01   2.2831860305e-01
-7.1079886962e-04   1.7997519604e-01   2.2770978896e-01
1.6406374798e-02   1.7849120707e-01   2.2175563108e-01
3.9793725336e-02   1.7775180232e-01   2.1290407426e-01
5.9851394468e-02   1.7926240064e-01   2.0457230413e-01
5.9970754514e-02   1.7927987488e-01   2.0452062250e-01
6.1158790471e-02   1.7946024912e-01   2.0400489191e-01
7.2523292081e-02   1.8183664170e-01   1.9895478382e-01
8.8754337050e-02   1.8771329538e-01   1.9143731417e-01
1.0368912613e-01   1.9634183248e-01   1.8437264652e-01
1.1792290786e-01   2.0784537036e-01   1.7775617918e-01
1.3198311712e-01   2.2235736945e-01   1.7159286390e-01
1.4634189534e-01   2.4003669939e-01   1.6589738822e-01
1.6142847661e-01   2.6107610051e-01   1.6069504527e-01
1.7764057135e-01   2.8570487619e-01   1.5602327111e-01
1.9535407289e-01   3.1418589814e-01   1.5193384012e-01
2.1493046341e-01   3.4680621114e-01   1.4849570716e-01
2.3672121869e-01   3.8385964826e-01   1.4579845533e-01
2.6106831149e-01   4.2561889724e-01   1.4395622764e-01
2.8829959713e-01   4.7229342926e-01   1.4311186180e-01
2.8848365618e-01   4.7260794316e-01   1.4311003243e-01
2.9033143607e-01   4.7576436441e-01   1.4309438102e-01
3.0954287641e-01   5.0845482467e-01   1.4321269866e-01
3.4238177940e-01   5.6362105655e-01   1.4449957539e-01
3.7880157888e-01   6.2339079679e-01   1.4734004559e-01
4.1890008079e-01   6.8700686968e-01   1.5199967960e-01
4.6261019816e-01   7.5313066460e-01   1.5876257720e-01
5.0962658904e-01   8.1966597575e-01   1.6790711007e-01
5.0993668379e-01   8.2008675680e-01   1.6797378140e-01
5.1304367746e-01   8.2428870735e-01   1.6864640155e-01
5.4467021681e-01   8.6552493458e-01   1.7597252171e-01
5.4499111274e-01   8.6592820340e-01   1.7605136504e-01
5.4820454474e-01   8.6994881149e-01   1.7684594393e-01
5.8072036980e-01   9.0871124388e-01   1.8541001412e-01
6.3228810392e-01   9.6182911600e-01   2.0105071701e-01
6.3261763072e-01   9.6213014004e-01   2.0115933082e-01
6.3591122738e-01   9.6510902261e-01   2.0225130226e-01
6.3624040799e-01   9.6540374286e-01   2.0236108095e-01
6.3953021308e-01   9.6831870017e-01   2.0346465112e-01
6.9008415004e-01   1.0052029524e+00   2.2201435430e-01
6.9039919970e-01   1.0053796006e+00   2.2214017210e-01
6.9354195087e-01   1.0071002044e+00   2.2340290283e-01
6.9385543616e-01   1.0072676452e+00   2.2352962709e-01
6.9698212170e-01   1.0088953031e+00   2.2480130873e-01
7.4342283199e-01   1.0222931537e+00   2.4558306829e-01
7.4370156654e-01   1.0223001994e+00   2.4572026552e-01
7.4647381690e-01   1.0223120663e+00   2.4709442466e-01
7.8568206615e-01   1.0079628178e+00   2.6887243567e-01
8.1501242826e-01   9.6480277440e-01   2.9025068088e-01
8.1516195897e-01   9.6443291475e-01   2.9038292914e-01
8.1531096996e-01   9.6406187804e-01   2.9051510000e-01
8.3182698388e-01   8.9205853625e-01   3.0997964979e-01
8.3363669737e-01   7.9554475622e-01   3.2611373372e-01
8.3359828374e-01   7.9486293600e-01   3.2620353032e-01
8.3355922666e-01   7.9418040440e-01   3.2629314316e-01
8.1954649828e-01   6.8022217910e-01   3.3792112009e-01
7.9035938678e-01   5.5837120773e-01   3.4451535682e-01
7.9012712291e-01   5.5758767088e-01   3.4454106650e-01
7.8777428524e-01   5.4975676689e-01   3.4478682096e-01
7.6136326038e-01   4.7236261240e-01   3.4613284490e-01
7.1091288407e-01   3.5831053974e-01   3.4447360561e-01
6.5222555509e-01   2.5813449052e-01   3.3896058768e-01
6.5183136760e-01   2.5754761734e-01   3.3891503617e-01
6.4787907029e-01   2.5171851189e-01   3.3845313747e-01
6.0749642739e-01   1.9747121222e-01   3.3324941690e-01
5.4272189516e-01   1.2761071284e-01   3.2342786205e-01
5.4230679721e-01   1.2722219600e-01   3.2336005705e-01
5.3815741331e-01   1.2337675173e-01   3.2267917387e-01
4.7410749453e-01   7.2281872825e-02   3.1149777913e-01
4.7370573255e-01   7.2007480805e-02   3.1142384020e-01
4.6969521473e-01   6.9298213690e-02   3.1068323119e-01
4.6929488412e-01   6.9030737641e-02   3.1060905151e-01
4.6529897913e-01   6.6390225561e-02   3.0986612225e-01
4.0487346485e-01   3.2686154246e-02   2.9807202085e-01
3.4926894162e-01   1.1346385798e-02   2.8622328140e-01
3.4893113662e-01   1.1243736240e-02   2.8614801672e-01
3.4556605008e-01   1.0238682408e-02   2.8539590240e-01
2.9609048267e-01   -8.9239478188e-04   2.7379118336e-01
2.9579362510e-01   -9.3863302296e-04   2.7371810987e-01
2.9283883970e-01   -1.3854721994e-03   2.7298825484e-01
2.4989408170e-01   -5.0993621033e-03   2.6179601495e-01
2.4963921258e-01   -5.1056001077e-03   2.6172587218e-01
2.4710418585e-01   -5.1572493453e-03   2.6102547112e-01
2.2310743061e-01   -4.6903068927e-03   2.5412545787e-01
1.9035814429e-01   -1.0740236390e-03   2.4371785839e-01
1.6306803546e-01   4.9790734743e-03   2.3377456507e-01
1.4072805490e-01   1.2560078262e-02   2.2427819332e-01
1.2279394057e-01   2.1054940751e-02   2.1520603440e-01
1.0872930223e-01   3.0082024070e-02   2.0653505281e-01
9.8033964004e-02   3.9437508669e-02   1.9824424767e-01
9.0261019499e-02   4.9050620841e-02   1.9031553931e-01
8.5025672075e-02   5.8948679164e-02   1.8273392872e-01
8.2008407917e-02   6.9231014244e-02   1.7548737752e-01
8.0954512472e-02   8.0050459151e-02   1.6856665726e-01
8.1671454718e-02   9.1601056963e-02   1.6196529789e-01
8.4025253138e-02   1.0411072933e-01   1.5567970099e-01
8.7936605391e-02   1.1783780560e-01   1.4970945545e-01
9.3377303228e-02   1.3307047319e-01   1.4405788692e-01
1.0036725314e-01   1.5012834396e-01   1.3873287980e-01
1.0897226716e-01   1.6936541420e-01   1.3374802621e-01
1.1930266160e-01   1.9117370734e-01   1.2912417728e-01
1.3151258818e-01   2.1598680146e-01   1.2489149694e-01
1.4579990297e-01   2.4428222722e-01   1.2109214467e-01
1.6240623324e-01   2.7658132842e-01   1.1778373785e-01
1.8161670392e-01   3.1344454449e-01   1.1504375940e-01
2.0375850176e-01   3.5545912412e-01   1.1297506646e-01
2.2919704583e-01   4.0321492335e-01   1.1171259580e-01
2.2937113916e-01   4.0353995706e-01   1.1170746993e-01
2.3112039482e-01   4.0680448872e-01   1.1165841940e-01
2.4946703155e-01   4.4089557009e-01   1.1139972264e-01
2.8146773118e-01   4.9968590527e-01   1.1194692568e-01
2.8168603918e-01   5.0008388637e-01   1.1195460709e-01
2.8387902130e-01   5.0407933493e-01   1.1203456737e-01
3.0681990077e-01   5.4560391069e-01   1.1316499835e-01
3.4655678920e-01   6.1624882660e-01   1.1629367125e-01
3.9126659018e-01   6.9348926071e-01   1.2141273752e-01
3.9156891831e-01   6.9400252173e-01   1.2145276731e-01
3.9460380434e-01   6.9914767771e-01   1.2185852381e-01
4.2611422093e-01   7.5176396823e-01   1.2648664699e-01
4.7958022908e-01   8.3728213058e-01   1.3602628643e-01
5.3782008845e-01   9.2398398943e-01   1.4878816088e-01
5.3820633386e-01   9.2453319068e-01   1.4888107521e-01
5.4207769269e-01   9.3001754607e-01   1.4981844330e-01
5.8161402496e-01   9.8378415975e-01   1.6003188963e-01
5.8201625640e-01   9.8430891502e-01   1.6014187532e-01
5.8604522506e-01   9.8953892062e-01   1.6125041243e-01
6.2690323082e-01   1.0397024182e+00   1.7321177872e-01
6.9185378196e-01   1.1066907165e+00   1.9511146266e-01
6.9226859565e-01   1.1070589175e+00   1.9526368603e-01
6.9268336232e-01   1.1074262298e+00   1.9541605912e-01
7.5638816408e-01   1.1523423943e+00   2.2097585183e-01
8.1517422740e-01   1.1662074651e+00   2.4929714439e-01
8.1552507046e-01   1.1661777464e+00   2.4948420151e-01
8.1901233383e-01   1.1657918480e+00   2.5135758036e-01
8.1935891641e-01   1.1657443490e+00   2.5154518816e-01
8.2280283035e-01   1.1651796158e+00   2.5342377309e-01
8.7058092641e-01   1.1341170032e+00   2.8300479896e-01
8.7084416219e-01   1.1337794294e+00   2.8319259747e-01
8.7110679655e-01   1.1334400555e+00   2.8338034680e-01
9.0403315103e-01   1.0583059983e+00   3.1171949390e-01
9.0418703757e-01   1.0576871169e+00   3.1189142459e-01
9.0434015088e-01   1.0570665320e+00   3.1206320332e-01
9.1823493491e-01   9.4031993798e-01   3.3666062550e-01
9.1825657799e-01   9.3945765934e-01   3.3680097703e-01
9.1842431027e-01   9.3076269044e-01   3.3819102563e-01
9.1516543967e-01   8.3730126472e-01   3.5065420263e-01
8.9196075658e-01   6.7433272971e-01   3.6431787850e-01
8.4785690137e-01   5.0506998159e-01   3.7042585634e-01
8.4751375180e-01   5.0400172746e-01   3.7044112412e-01
8.4404258922e-01   4.9334072726e-01   3.7057780842e-01
8.0560309080e-01   3.8957477057e-01   3.7040653045e-01
7.3683430268e-01   2.4736169393e-01   3.6545481940e-01
6.5652254908e-01   1.2463588049e-01   3.5577866720e-01
6.5599058016e-01   1.2393962256e-01   3.5570555320e-01
6.5066210590e-01   1.1703987078e-01   3.5496789566e-01
5.9675638946e-01   5.4299250369e-02   3.4702276223e-01
5.9621391821e-01   5.3728743289e-02   3.4693882562e-01
5.9078788225e-01   4.8084702837e-02   3.4609533913e-01
5.3661618783e-01   -2.3969802081e-03   3.3731800123e-01
5.3607721826e-01   -2.8486151294e-03   3.3722768667e-01
5.3069250491e-01   -7.3089240357e-03   3.3632238850e-01
4.7752195430e-01   -4.6525445562e-02   3.2710826300e-01
4.7699799642e-01   -4.6870257146e-02   3.2701510334e-01
4.7176840807e-01   -5.0269197910e-02   3.2608285878e-01
4.2060618831e-01   -7.9593061320e-02   3.1673485227e-01
4.2010611269e-01   -7.9845807783e-02   3.1664146595e-01
4.1511905719e-01   -8.2331750167e-02   3.1570802651e-01
3.6671207609e-01   -1.0329636679e-01   3.0644237883e-01
3.6624221444e-01   -1.0347259524e-01   3.0635056962e-01
3.6155980981e-01   -1.0520100402e-01   3.0543360666e-01
3.1641419608e-01   -1.1934104397e-01   2.9639298077e-01
2.5226281602e-01   -1.3199672281e-01   2.8282298311e-01
2.5187872311e-01   -1.3204755493e-01   2.8273870051e-01
2.4805612269e-01   -1.3253778406e-01   2.8189766870e-01
2.4767569538e-01   -1.3258501754e-01   2.8181374519e-01
2.4388974540e-01   -1.3303980079e-01   2.8097631082e-01
1.8897773066e-01   -1.3660295371e-01   2.6830736320e-01
1.4188537491e-01   -1.3539772799e-01   2.5643030158e-01
1.4160823936e-01   -1.3537980212e-01   2.5635681239e-01
1.3885307489e-01   -1.3519501947e-01   2.5562358248e-01
1.1287964166e-01   -1.3288774747e-01   2.4845379786e-01
7.7628305450e-02   -1.2830682376e-01   2.3779910780e-01
4.8166981191e-02   -1.2358074731e-01   2.2776396769e-01
2.3612809838e-02   -1.1953704157e-01   2.1828375695e-01
3.1136588692e-03   -1.1671346337e-01   2.0930414787e-01
-1.4121241484e-02   -1.1544724350e-01   2.0078157090e-01
-2.8806533896e-02   -1.1594459102e-01   1.9268216811e-01
-4.1576883711e-02   -1.1833340207e-01   1.8498031324e-01
-5.2990274029e-02   -1.2270243816e-01   1.7765724174e-01
-6.3535681611e-02   -1.2912999526e-01   1.7070002677e-01
-7.3643174965e-02   -1.3770464054e-01   1.6410097751e-01
-8.3695096459e-02   -1.4854010624e-01   1.5785746735e-01
-9.4037451147e-02   -1.6178595553e-01   1.5197218218e-01
-1.0499095268e-01   -1.7763519988e-01   1.4645378771e-01
-1.1686139550e-01   -1.9632961520e-01   1.4131803894e-01
-1.2994914776e-01   -2.1816309542e-01   1.3658938122e-01
-1.4455760499e-01   -2.4348292297e-01   1.3230312234e-01
-1.6100041249e-01   -2.7268831022e-01   1.2850827975e-01
-1.7960715155e-01   -3.0622490505e-01   1.2527122402e-01
-2.0072697833e-01   -3.4457309218e-01   1.2268023504e-01
-2.2472938387e-01   -3.8822678698e-01   1.2085104475e-01
-2.5200078099e-01   -4.3765795296e-01   1.1993332336e-01
-2.5218651306e-01   -4.3799350423e-01   1.1993077430e-01
-2.5405209367e-01   -4.4136294119e-01   1.1990776521e-01
-2.7355472883e-01   -4.7646587928e-01   1.1993767571e-01
-3.0732246609e-01   -5.3660147710e-01   1.2104628732e-01
-3.0755183302e-01   -5.3700668868e-01   1.2105801569e-01
-3.0985519043e-01   -5.4107325760e-01   1.2117877563e-01
-3.3387449038e-01   -5.8317360292e-01   1.2275076459e-01
-3.7516310126e-01   -6.5405746756e-01   1.2669546781e-01
-4.2115221727e-01   -7.3035151044e-01   1.3278154051e-01
-4.7183825320e-01   -8.1047068451e-01   1.4141735948e-01
-4.7217697602e-01   -8.1099016809e-01   1.4148168519e-01
-4.7557412075e-01   -8.1618764731e-01   1.4213164335e-01
-5.1050608660e-01   -8.6823602255e-01   1.4932250875e-01
-5.6826720993e-01   -9.4793922072e-01   1.6325700472e-01
-5.6864693924e-01   -9.4843348471e-01   1.6335719036e-01
-5.7245045694e-01   -9.5336091811e-01   1.6436698843e-01
-6.1102220065e-01   -1.0007805201e+00   1.7526663063e-01
-6.1141199110e-01   -1.0012344827e+00   1.7538303279e-01
-6.1531332341e-01   -1.0057484276e+00   1.7655513862e-01
-6.5455440633e-01   -1.0479302571e+00   1.8908037850e-01
-6.5494778104e-01   -1.0483212326e+00   1.8921294247e-01
-6.5534115301e-01   -1.0487115285e+00   1.8934564926e-01
-7.1635636721e-01   -1.1000109040e+00   2.1178994451e-01
-7.7421640969e-01   -1.1264404156e+00   2.3713946890e-01
-7.7456849356e-01   -1.1265120573e+00   2.3730883174e-01
-7.7492029647e-01   -1.1265823582e+00   2.3747826980e-01
-8.2577972783e-01   -1.1199849520e+00   2.6464071679e-01
-8.6553574084e-01   -1.0753104947e+00   2.9190663178e-01
-8.6574520418e-01   -1.0748969705e+00   2.9207694156e-01
-8.6595404404e-01   -1.0744818216e+00   2.9224717023e-01
-8.9033366099e-01   -9.9004786414e-01   3.1749825737e-01
-8.9043299572e-01   -9.8938813509e-01   3.1764856541e-01
-8.9053157105e-01   -9.8872696504e-01   3.1779870268e-01
-8.9623075807e-01   -8.6907786717e-01   3.3885507930e-01
-8.9620319005e-01   -8.6822001536e-01   3.3897230179e-01
-8.9588180850e-01   -8.5958574200e-01   3.4013111162e-01
-8.8807961927e-01   -7.6836012514e-01   3.5031356765e-01
-8.5940841937e-01   -6.1438025561e-01   3.6074394890e-01
-8.1233391219e-01   -4.5915283867e-01   3.6435347924e-01
-7.5031099405e-01   -3.1526950854e-01   3.6181212018e-01
-7.4987573902e-01   -3.1440737864e-01   3.6177861693e-01
-7.4549995462e-01   -3.0583258087e-01   3.6143265581e-01
-6.9967794095e-01   -2.2503083496e-01   3.5696020798e-01
-6.2273321817e-01   -1.1837719668e-01   3.4697892574e-01
-6.2222881362e-01   -1.1777591271e-01   3.4690600785e-01
-6.1717965559e-01   -1.1181957994e-01   3.4617160344e-01
-5.6639735227e-01   -5.7844599664e-02   3.3837427257e-01
-5.6588880908e-01   -5.7355352341e-02   3.3829274624e-01
-5.6080462296e-01   -5.2516747028e-02   3.3747424360e-01
-5.1027308248e-01   -9.3669153771e-03   3.2902220341e-01
-5.0977223420e-01   -8.9819647031e-03   3.2893572346e-01
-5.0477027427e-01   -5.1813338039e-03   3.2806928985e-01
-4.5555031311e-01   2.8139744129e-02   3.1928533704e-01
-4.5506671874e-01   2.8431865973e-02   3.1919677175e-01
-4.5024141809e-01   3.1310504404e-02   3.1831070024e-01
-4.4975996503e-01   3.1594134232e-02   3.1822205492e-01
-4.4495642326e-01   3.4388513383e-02   3.1733528342e-01
-3.7278809502e-01   6.8979132686e-02   3.0349437920e-01
-3.7234646313e-01   6.9150039666e-02   3.0340659741e-01
-3.6794509313e-01   7.0827358513e-02   3.0252959743e-01
-3.0282602482e-01   9.0312338810e-02   2.8906003014e-01
-2.4510854592e-01   9.9682015586e-02   2.7618579686e-01
-2.4476391033e-01   9.9716715610e-02   2.7610564601e-01
-2.4133459443e-01   1.0004855169e-01   2.7530569391e-01
-1.9168652365e-01   1.0216198391e-01   2.6316502053e-01
-1.9139282311e-01   1.0215976943e-01   2.6308963515e-01
-1.8847206820e-01   1.0212849345e-01   2.6233733182e-01
-1.4653006165e-01   9.9856478915e-02   2.5093093260e-01
-1.1117066287e-01   9.5398217933e-02   2.4016811261e-01
-8.1654463673e-02   9.0063082542e-02   2.2999365117e-01
-5.7191358133e-02   8.4749929625e-02   2.2035200654e-01
-3.6999506826e-02   8.0049652785e-02   2.1119335691e-01
-2.0342113073e-02   7.6331528931e-02   2.0247555831e-01
-6.5476517371e-03   7.3812351705e-02   1.9416402184e-01
4.9816506054e-03   7.2609909608e-02   1.8623072685e-01
1.4769296324e-02   7.2783298219e-02   1.7865303198e-01
2.3269095119e-02   7.4362686014e-02   1.7141260336e-01
3.0872757374e-02   7.7370938729e-02   1.6449458512e-01
3.7919045023e-02   8.1839168586e-02   1.5788703931e-01
4.4703505792e-02   8.7817913662e-02   1.5158064147e-01
5.1488178955e-02   9.5385312793e-02   1.4556860885e-01
5.8510924090e-02   1.0465333889e-01   1.3984684527e-01
6.5994208645e-02   1.1577289034e-01   1.3441430145e-01
7.4153312317e-02   1.2893831088e-01   1.2927356852e-01
8.3203979299e-02   1.4439170079e-01   1.2443174316e-01
9.3369582564e-02   1.6242718020e-01   1.1990162703e-01
1.0488786232e-01   1.8339504419e-01   1.1570334927e-01
1.1801726360e-01   2.0770547639e-01   1.1186653187e-01
1.3304282027e-01   2.3583111901e-01   1.0843315080e-01
1.5028140166e-01   2.6830726784e-01   1.0546128007e-01
1.7008593258e-01   3.0572768841e-01   1.0302993425e-01
1.9284788517e-01   3.4873292201e-01   1.0124523158e-01
2.1899687570e-01   3.9798633821e-01   1.0024805809e-01
2.1917594384e-01   3.9832276853e-01   1.0024458714e-01
2.2097530412e-01   4.0170261784e-01   1.0021206583e-01
2.3986238517e-01   4.3708761574e-01   1.0011739421e-01
2.7288579083e-01   4.9846640356e-01   1.0092424636e-01
2.7311146707e-01   4.9888335483e-01   1.0093363533e-01
2.7537877368e-01   5.0307029113e-01   1.0103072338e-01
2.9913139511e-01   5.4669462037e-01   1.0233914172e-01
3.4042609947e-01   6.2135003548e-01   1.0578605814e-01
3.8711984958e-01   7.0356944835e-01   1.1130911630e-01
3.8743641507e-01   7.0411779089e-01   1.1135211700e-01
3.9061482499e-01   7.0961604920e-01   1.1178790214e-01
4.2367959043e-01   7.6599081851e-01   1.1675185726e-01
4.8004220263e-01   8.5817610685e-01   1.2698096948e-01
5.4178552133e-01   9.5231426751e-01   1.4070616733e-01
5.4219614399e-01   9.5291266372e-01   1.4080631441e-01
5.4631263812e-01   9.5888968792e-01   1.4181683273e-01
5.8843333442e-01   1.0176181519e+00   1.5284865938e-01
5.8886259181e-01   1.0181924777e+00   1.5296766731e-01
5.9316305398e-01   1.0239176915e+00   1.5416738214e-01
6.3685181876e-01   1.0789319570e+00   1.6713967581e-01
7.0655748614e-01   1.1526052602e+00   1.9100361950e-01
7.0700351353e-01   1.1530103556e+00   1.9116993827e-01
7.0744949951e-01   1.1534144679e+00   1.9133642608e-01
7.7603378117e-01   1.2026584896e+00   2.1932982031e-01
8.3934890578e-01   1.2169565130e+00   2.5044412731e-01
8.3972630346e-01   1.2169138141e+00   2.5064975826e-01
8.4347690420e-01   1.2163860748e+00   2.5270915185e-01
8.7835661097e-01   1.2006642334e+00   2.7348807929e-01
9.2081564859e-01   1.1359386674e+00   3.0545775977e-01
9.2103037732e-01   1.1353646315e+00   3.0565517083e-01
9.2124431669e-01   1.1347885827e+00   3.0585245292e-01
9.4425865126e-01   1.0209050911e+00   3.3463195821e-01
9.4433482388e-01   1.0200335074e+00   3.3479966760e-01
9.4441004838e-01   1.0191602399e+00   3.3496713319e-01
9.4413247044e-01   8.6420350976e-01   3.5777401823e-01
9.4405203597e-01   8.6311204577e-01   3.5789602829e-01
9.4397059045e-01   8.6201953489e-01   3.5801771233e-01
9.1888567751e-01   6.8144946617e-01   3.7285992474e-01
8.7058018011e-01   4.9443113036e-01   3.7915499076e-01
8.7020363098e-01   4.9325463446e-01   3.7916850412e-01
8.6982628254e-01   4.9207861888e-01   3.7918169138e-01
8.0186481665e-01   3.1651680171e-01   3.7748178044e-01
8.0137918383e-01   3.1546183229e-01   3.7744867077e-01
7.9649184705e-01   3.0496828161e-01   3.7710350413e-01
7.4484349719e-01   2.0608792275e-01   3.7235164394e-01
6.5680306590e-01   7.6066084888e-02   3.6113255239e-01
5.6502573879e-01   -2.2519979908e-02   3.4700638775e-01
5.6443822043e-01   -2.3052587709e-02   3.4691043400e-01
5.5856627527e-01   -2.8313152310e-02   3.4594815754e-01
5.0038883730e-01   -7.4608349623e-02   3.3611955571e-01
4.9981392381e-01   -7.5015729251e-02   3.3601996015e-01
4.9407417303e-01   -7.9031737480e-02   3.3502315887e-01
4.3778186726e-01   -1.1370542293e-01   3.2501996809e-01
4.3723050605e-01   -1.1400452508e-01   3.2492002615e-01
4.3173089051e-01   -1.1694669654e-01   3.2392110875e-01
3.7825199278e-01   -1.4178812799e-01   3.1401511136e-01
3.7773210800e-01   -1.4199726924e-01   3.1391708458e-01
3.7255043048e-01   -1.4404890792e-01   3.1293819849e-01
3.2252448875e-01   -1.6087861059e-01   3.0330732631e-01
2.5126013302e-01   -1.7615427119e-01   2.8894091746e-01
2.5083290086e-01   -1.7621700816e-01   2.8885208351e-01
2.4658062969e-01   -1.7682347200e-01   2.8796592223e-01
2.4615740791e-01   -1.7688205141e-01   2.8787752416e-01
2.4194524632e-01   -1.7744758515e-01   2.8699572786e-01
1.8078492462e-01   -1.8221827723e-01   2.7372216231e-01
1.2822630407e-01   -1.8159591483e-01   2.6139696206e-01
1.2791664432e-01   -1.8158066034e-01   2.6132106465e-01
1.2483787571e-01   -1.8142214939e-01   2.6056405244e-01
9.5787422666e-02   -1.7935009716e-01   2.5318511038e-01
5.6256031643e-02   -1.7516153191e-01   2.4229659434e-01
2.3063893103e-02   -1.7103977801e-01   2.3212232348e-01
2.2869898372e-02   -1.7101593632e-01   2.3205938512e-01
2.0941881750e-02   -1.7077996121e-01   2.3143141558e-01
2.8019933245e-03   -1.6870221810e-01   2.2528930906e-01
-2.1863221454e-02   -1.6675664810e-01   2.1615436456e-01
-2.2008039223e-02   -1.6675019124e-01   2.1609770637e-01
-2.3447941563e-02   -1.6669012466e-01   2.1553230523e-01
-3.7065931011e-02   -1.6655709503e-01   2.0999397088e-01
-5.5906891054e-02   -1.6818037421e-01   2.0173534940e-01
-7.2432256956e-02   -1.7221825646e-01   1.9394192910e-01
-8.7338436538e-02   -1.7881908270e-01   1.8659308525e-01
-1.0124010046e-01   -1.8810436529e-01   1.7967796050e-01
-1.1468030758e-01   -2.0019651262e-01   1.7319460607e-01
-1.2814250455e-01   -2.1523780416e-01   1.6714978754e-01
-1.4206301140e-01   -2.3340256988e-01   1.6155944642e-01
-1.5684304010e-01   -2.5490382837e-01   1.5644980346e-01
-1.7285956229e-01   -2.7999495438e-01   1.5185910294e-01
-1.9047447162e-01   -3.0896623656e-01   1.4784001175e-01
-2.1004148954e-01   -3.4213540912e-01   1.4446268711e-01
-2.3191014672e-01   -3.7983035735e-01   1.4181849758e-01
-2.5642593426e-01   -4.2236118481e-01   1.4002430225e-01
-2.8392536119e-01   -4.6997771486e-01   1.3922703028e-01
-2.8411148106e-01   -4.7029889010e-01   1.3922551073e-01
-2.8598012299e-01   -4.7352240480e-01   1.3921296879e-01
-3.0542643954e-01   -5.0693404533e-01   1.3936392524e-01
-3.2134697699e-01   -5.3406774682e-01   1.3984585324e-01
