X    Y
0.0000000000e+00   1.5000000000e-02
1.1173137255e-01   1.5000000000e-02
3.6932549020e-01   3.0000000000e-02
4.6105686275e-01   1.8750000000e-03
4.6655686275e-01   1.8750000000e-03
4.7205686275e-01   1.8750000000e-03
4.7755686275e-01   1.8750000000e-03
4.8305686275e-01   1.8750000000e-03
4.8855686275e-01   1.8750000000e-03
4.9405686275e-01   1.8750000000e-03
4.9955686275e-01   1.8750000000e-03
5.0505686275e-01   1.8750000000e-03
5.1055686275e-01   1.8750000000e-03
5.1605686275e-01   1.8750000000e-03
5.2155686275e-01   1.8750000000e-03
5.2705686275e-01   1.8750000000e-03
5.3255686275e-01   1.8750000000e-03
5.3805686275e-01   1.8750000000e-03
5.4355686275e-01   1.8750000000e-03
5.4905686275e-01   1.8750000000e-03
5.5455686275e-01   1.8750000000e-03
5.6005686275e-01   1.8750000000e-03
5.6555686275e-01   1.8750000000e-03
5.7105686275e-01   1.8750000000e-03
5.7655686275e-01   1.8750000000e-03
5.8205686275e-01   1.8750000000e-03
5.8755686275e-01   1.8750000000e-03
5.9305686275e-01   1.8750000000e-03
5.9855686275e-01   1.8750000000e-03
6.0405686275e-01   1.8750000000e-03
6.0955686275e-01   1.8750000000e-03
6.1505686275e-01   1.8750000000e-03
6.2055686275e-01   1.8750000000e-03
6.2605686275e-01   1.8750000000e-03
6.3155686275e-01   1.8750000000e-03
6.3705686275e-01   1.8750000000e-03
6.4255686275e-01   1.8750000000e-03
6.4805686275e-01   1.8750000000e-03
6.5355686275e-01   1.8750000000e-03
6.5905686275e-01   1.8750000000e-03
6.6455686275e-01   1.8750000000e-03
6.7005686275e-01   1.8750000000e-03
6.7555686275e-01   1.8750000000e-03
6.8105686275e-01   1.8750000000e-03
6.8655686275e-01   1.8750000000e-03
6.9205686275e-01   1.8750000000e-03
6.9755686275e-01   1.8750000000e-03
7.0305686275e-01   1.8750000000e-03
7.0855686275e-01   1.8750000000e-03
7.1405686275e-01   1.8750000000e-03
7.1955686275e-01   1.8750000000e-03
7.2505686275e-01   1.8750000000e-03
7.3055686275e-01   1.8750000000e-03
7.3605686275e-01   1.8750000000e-03
7.4155686275e-01   1.8750000000e-03
7.4705686275e-01   1.8750000000e-03
7.5255686275e-01   1.8750000000e-03
7.5805686275e-01   1.8750000000e-03
7.6355686275e-01   1.8750000000e-03
7.6905686275e-01   1.8750000000e-03
7.7455686275e-01   1.8750000000e-03
7.8005686275e-01   1.8750000000e-03
7.8555686275e-01   1.8750000000e-03
7.9105686275e-01   1.8750000000e-03
7.9655686275e-01   1.8750000000e-03
8.0205686275e-01   1.8750000000e-03
8.0755686275e-01   1.8750000000e-03
8.1305686275e-01   1.8750000000e-03
8.1855686275e-01   1.8750000000e-03
8.2405686275e-01   1.8750000000e-03
8.2955686275e-01   1.8750000000e-03
8.3505686275e-01   1.8750000000e-03
8.4055686275e-01   1.8750000000e-03
8.4605686275e-01   1.8750000000e-03
8.5155686275e-01   1.8750000000e-03
8.5705686275e-01   1.8750000000e-03
8.6255686275e-01   1.8750000000e-03
8.6805686275e-01   1.8750000000e-03
8.7355686275e-01   1.8750000000e-03
8.7905686275e-01   1.8750000000e-03
8.8455686275e-01   1.8750000000e-03
8.9005686275e-01   1.8750000000e-03
8.9555686275e-01   1.8750000000e-03
9.0105686275e-01   1.8750000000e-03
9.0655686275e-01   1.8750000000e-03
9.1205686275e-01   1.8750000000e-03
9.1755686275e-01   1.8750000000e-03
9.2305686275e-01   1.8750000000e-03
9.2855686275e-01   1.8750000000e-03
9.3405686275e-01   1.8750000000e-03
9.3955686275e-01   1.8750000000e-03
9.4505686275e-01   1.8750000000e-03
9.5055686275e-01   1.8750000000e-03
9.5605686275e-01   1.8750000000e-03
9.6155686275e-01   1.8750000000e-03
9.6705686275e-01   1.8750000000e-03
9.7255686275e-01   1.8750000000e-03
9.7805686275e-01   1.8750000000e-03
9.8355686275e-01   1.8750000000e-03
9.8905686275e-01   1.8750000000e-03
9.9455686275e-01   1.8750000000e-03
1.0000568627e+00   1.8750000000e-03
1.0055568627e+00   1.8750000000e-03
1.0110568627e+00   1.8750000000e-03
1.0165568627e+00   1.8750000000e-03
1.0220568627e+00   1.8750000000e-03
1.0275568627e+00   1.8750000000e-03
1.0330568627e+00   1.8750000000e-03
1.0385568627e+00   1.8750000000e-03
1.0440568627e+00   1.8750000000e-03
1.0495568627e+00   1.8750000000e-03
1.0550568627e+00   1.8750000000e-03
1.0605568627e+00   1.8750000000e-03
1.0660568627e+00   1.8750000000e-03
1.0715568627e+00   1.8750000000e-03
1.0770568627e+00   1.8750000000e-03
1.0825568627e+00   1.8750000000e-03
1.0880568627e+00   1.8750000000e-03
1.0935568627e+00   1.8750000000e-03
1.0990568627e+00   1.8750000000e-03
1.1045568627e+00   1.8750000000e-03
1.1100568627e+00   1.8750000000e-03
1.1155568627e+00   1.8750000000e-03
1.1210568627e+00   1.8750000000e-03
1.1265568627e+00   1.8750000000e-03
1.1320568627e+00   1.8750000000e-03
1.1375568627e+00   1.8750000000e-03
1.1430568627e+00   1.8750000000e-03
1.1485568627e+00   1.8750000000e-03
1.1540568627e+00   1.8750000000e-03
1.1595568627e+00   1.8750000000e-03
1.1650568627e+00   1.8750000000e-03
1.1705568627e+00   1.8750000000e-03
1.1760568627e+00   1.8750000000e-03
1.1815568627e+00   1.8750000000e-03
1.1870568627e+00   1.8750000000e-03
1.1925568627e+00   1.8750000000e-03
1.1980568627e+00   1.8750000000e-03
1.2035568627e+00   1.8750000000e-03
1.2090568627e+00   1.8750000000e-03
1.2145568627e+00   1.8750000000e-03
1.2200568627e+00   1.8750000000e-03
1.2255568627e+00   1.8750000000e-03
1.2310568627e+00   1.8750000000e-03
1.2365568627e+00   1.8750000000e-03
1.2420568627e+00   1.8750000000e-03
1.2475568627e+00   1.8750000000e-03
1.2530568627e+00   1.8750000000e-03
1.2585568627e+00   1.8750000000e-03
1.2640568627e+00   1.8750000000e-03
1.2695568627e+00   1.8750000000e-03
1.2750568627e+00   1.8750000000e-03
1.2805568627e+00   1.8750000000e-03
1.2860568627e+00   1.8750000000e-03
1.2915568627e+00   1.8750000000e-03
1.2970568627e+00   1.8750000000e-03
1.3025568627e+00   1.8750000000e-03
1.3080568627e+00   1.8750000000e-03
1.3135568627e+00   1.8750000000e-03
1.3190568627e+00   1.8750000000e-03
1.3245568627e+00   1.8750000000e-03
1.3300568627e+00   1.8750000000e-03
1.3355568627e+00   1.8750000000e-03
1.3410568627e+00   1.8750000000e-03
1.3465568627e+00   1.8750000000e-03
1.3520568627e+00   1.8750000000e-03
1.3575568627e+00   1.8750000000e-03
1.3630568627e+00   1.8750000000e-03
1.3685568627e+00   1.8750000000e-03
1.3740568627e+00   1.8750000000e-03
1.3795568627e+00   1.8750000000e-03
1.3850568627e+00   1.8750000000e-03
1.3905568627e+00   1.8750000000e-03
1.3960568627e+00   1.8750000000e-03
1.4015568627e+00   1.8750000000e-03
1.4070568627e+00   1.8750000000e-03
1.4125568627e+00   1.8750000000e-03
1.4180568627e+00   1.8750000000e-03
1.4235568627e+00   1.8750000000e-03
1.4290568627e+00   1.8750000000e-03
1.4345568627e+00   1.8750000000e-03
1.4400568627e+00   1.8750000000e-03
1.4455568627e+00   1.8750000000e-03
1.4510568627e+00   1.8750000000e-03
1.4565568627e+00   1.8750000000e-03
1.4620568627e+00   1.8750000000e-03
1.4675568627e+00   1.8750000000e-03
1.4730568627e+00   1.8750000000e-03
1.4785568627e+00   1.8750000000e-03
1.4840568627e+00   1.8750000000e-03
1.4895568627e+00   1.8750000000e-03
1.4950568627e+00   1.8750000000e-03
1.5005568627e+00   1.8750000000e-03
1.5060568627e+00   1.8750000000e-03
1.5115568627e+00   1.8750000000e-03
1.5170568627e+00   1.8750000000e-03
1.5225568627e+00   1.8750000000e-03
1.5280568627e+00   1.8750000000e-03
1.5335568627e+00   1.8750000000e-03
1.5390568627e+00   1.8750000000e-03
1.5445568627e+00   1.8750000000e-03
1.5500568627e+00   1.8750000000e-03
1.5555568627e+00   1.8750000000e-03
1.5610568627e+00   1.8750000000e-03
1.5665568627e+00   1.8750000000e-03
1.5720568627e+00   1.8750000000e-03
1.5775568627e+00   1.8750000000e-03
1.5830568627e+00   1.8750000000e-03
1.5885568627e+00   1.8750000000e-03
1.5940568627e+00   1.8750000000e-03
1.5995568627e+00   1.8750000000e-03
1.6050568627e+00   1.8750000000e-03
1.6105568627e+00   1.8750000000e-03
1.6160568627e+00   1.8750000000e-03
1.6215568627e+00   1.8750000000e-03
1.6270568627e+00   1.8750000000e-03
1.6325568627e+00   1.8750000000e-03
1.6380568627e+00   1.8750000000e-03
1.6435568627e+00   1.8750000000e-03
1.6490568627e+00   1.8750000000e-03
1.6545568627e+00   1.8750000000e-03
1.6600568627e+00   1.8750000000e-03
1.6655568627e+00   1.8750000000e-03
1.6710568627e+00   1.8750000000e-03
1.6765568627e+00   1.8750000000e-03
1.6820568627e+00   1.8750000000e-03
1.6875568627e+00   1.8750000000e-03
1.6930568627e+00   1.8750000000e-03
1.6985568627e+00   1.8750000000e-03
1.7040568627e+00   1.8750000000e-03
1.7095568627e+00   1.8750000000e-03
1.7150568627e+00   1.8750000000e-03
1.7205568627e+00   1.8750000000e-03
1.7260568627e+00   1.8750000000e-03
1.7315568627e+00   1.8750000000e-03
1.7370568627e+00   1.8750000000e-03
1.7425568627e+00   1.8750000000e-03
1.7480568627e+00   1.8750000000e-03
1.7535568627e+00   1.8750000000e-03
1.7590568627e+00   1.8750000000e-03
1.7645568627e+00   1.8750000000e-03
1.7700568627e+00   1.8750000000e-03
1.7755568627e+00   1.8750000000e-03
1.7810568627e+00   1.8750000000e-03
1.7865568627e+00   1.8750000000e-03
1.7920568627e+00   1.8750000000e-03
1.7975568627e+00   1.8750000000e-03
1.8030568627e+00   1.8750000000e-03
1.8085568627e+00   1.8750000000e-03
1.8140568627e+00   1.8750000000e-03
1.8195568627e+00   1.8750000000e-03
1.8250568627e+00   1.8750000000e-03
1.8305568627e+00   1.8750000000e-03
1.8360568627e+00   1.8750000000e-03
1.8415568627e+00   1.8750000000e-03
1.8470568627e+00   1.8750000000e-03
1.8525568627e+00   1.8750000000e-03
1.8580568627e+00   1.8750000000e-03
1.8635568627e+00   1.8750000000e-03
1.8690568627e+00   1.8750000000e-03
1.8745568627e+00   1.8750000000e-03
1.8800568627e+00   1.8750000000e-03
1.8855568627e+00   1.8750000000e-03
1.8910568627e+00   1.8750000000e-03
1.8965568627e+00   1.8750000000e-03
1.9020568627e+00   1.8750000000e-03
1.9075568627e+00   1.8750000000e-03
1.9130568627e+00   1.8750000000e-03
1.9185568627e+00   1.8750000000e-03
1.9240568627e+00   1.8750000000e-03
1.9295568627e+00   1.8750000000e-03
1.9350568627e+00   1.8750000000e-03
1.9405568627e+00   1.8750000000e-03
1.9460568627e+00   1.8750000000e-03
1.9515568627e+00   1.8750000000e-03
1.9570568627e+00   1.8750000000e-03
1.9625568627e+00   1.8750000000e-03
1.9680568627e+00   1.8750000000e-03
1.9735568627e+00   1.8750000000e-03
1.9790568627e+00   1.8750000000e-03
1.9845568627e+00   1.8750000000e-03
1.9900568627e+00   1.8750000000e-03
1.9955568627e+00   1.8750000000e-03
2.0010568627e+00   1.8750000000e-03
2.0065568627e+00   1.8750000000e-03
2.0120568627e+00   1.8750000000e-03
2.0175568627e+00   1.8750000000e-03
2.0230568627e+00   1.8750000000e-03
2.0285568627e+00   1.8750000000e-03
2.0340568627e+00   1.8750000000e-03
2.0395568627e+00   1.8750000000e-03
2.0450568627e+00   1.8750000000e-03
2.0505568627e+00   1.8750000000e-03
2.0560568627e+00   1.8750000000e-03
2.0615568627e+00   1.8750000000e-03
2.0670568627e+00   1.8750000000e-03
2.0725568627e+00   1.8750000000e-03
2.0780568627e+00   1.8750000000e-03
2.0835568627e+00   1.8750000000e-03
2.0890568627e+00   1.8750000000e-03
2.0945568627e+00   1.8750000000e-03
2.1000568627e+00   1.8750000000e-03
2.1055568627e+00   1.8750000000e-03
2.1110568627e+00   1.8750000000e-03
2.1165568627e+00   1.8750000000e-03
2.1220568627e+00   1.8750000000e-03
2.1275568627e+00   1.8750000000e-03
2.1330568627e+00   1.8750000000e-03
2.1385568627e+00   1.8750000000e-03
2.1440568627e+00   1.8750000000e-03
2.1495568627e+00   1.8750000000e-03
2.1550568627e+00   1.8750000000e-03
2.1605568627e+00   1.8750000000e-03
2.1660568627e+00   1.8750000000e-03
2.1715568627e+00   1.8750000000e-03
2.1770568627e+00   1.8750000000e-03
2.1825568627e+00   1.8750000000e-03
2.1880568627e+00   1.8750000000e-03
2.1935568627e+00   1.8750000000e-03
2.1990568627e+00   1.8750000000e-03
2.2045568627e+00   1.8750000000e-03
2.2100568627e+00   1.8750000000e-03
2.2155568627e+00   1.8750000000e-03
2.2210568627e+00   1.8750000000e-03
2.2265568627e+00   1.8750000000e-03
2.2320568627e+00   1.8750000000e-03
2.2375568627e+00   1.8750000000e-03
2.2430568627e+00   1.8750000000e-03
2.2485568627e+00   1.8750000000e-03
2.2540568627e+00   1.8750000000e-03
2.2595568627e+00   1.8750000000e-03
2.2650568627e+00   1.8750000000e-03
2.2705568627e+00   1.8750000000e-03
2.2760568627e+00   1.8750000000e-03
2.2815568627e+00   1.8750000000e-03
2.2870568627e+00   1.8750000000e-03
2.2925568627e+00   1.8750000000e-03
2.2980568627e+00   1.8750000000e-03
2.3035568627e+00   1.8750000000e-03
2.3090568627e+00   1.8750000000e-03
2.3145568627e+00   1.8750000000e-03
2.3200568627e+00   1.8750000000e-03
2.3255568627e+00   1.8750000000e-03
2.3310568627e+00   1.8750000000e-03
2.3365568627e+00   1.8750000000e-03
2.3420568627e+00   1.8750000000e-03
2.3475568627e+00   1.8750000000e-03
2.3530568627e+00   1.8750000000e-03
2.3585568627e+00   1.8750000000e-03
2.3640568627e+00   1.8750000000e-03
2.3695568627e+00   1.8750000000e-03
2.3750568627e+00   1.8750000000e-03
2.3805568627e+00   1.8750000000e-03
2.3860568627e+00   1.8750000000e-03
2.3915568627e+00   1.8750000000e-03
2.3970568627e+00   1.8750000000e-03
2.4025568627e+00   1.8750000000e-03
2.4080568627e+00   1.8750000000e-03
2.4135568627e+00   1.8750000000e-03
2.4190568627e+00   1.8750000000e-03
2.4245568627e+00   1.8750000000e-03
2.4300568627e+00   1.8750000000e-03
2.4355568627e+00   1.8750000000e-03
2.4410568627e+00   1.8750000000e-03
2.4465568627e+00   1.8750000000e-03
2.4520568627e+00   1.8750000000e-03
2.4575568627e+00   1.8750000000e-03
2.4630568627e+00   1.8750000000e-03
2.4685568627e+00   1.8750000000e-03
2.4740568627e+00   1.8750000000e-03
2.4795568627e+00   1.8750000000e-03
2.4850568627e+00   1.8750000000e-03
2.4905568627e+00   1.8750000000e-03
2.4960568627e+00   1.8750000000e-03
2.5015568627e+00   1.8750000000e-03
2.5070568627e+00   1.8750000000e-03
2.5125568627e+00   1.8750000000e-03
2.5180568627e+00   1.8750000000e-03
2.5235568627e+00   1.8750000000e-03
2.5290568627e+00   1.8750000000e-03
2.5345568627e+00   1.8750000000e-03
2.5400568627e+00   1.8750000000e-03
2.5455568627e+00   1.8750000000e-03
2.5510568627e+00   1.8750000000e-03
2.5565568627e+00   1.8750000000e-03
2.5620568627e+00   1.8750000000e-03
2.5675568627e+00   1.8750000000e-03
2.5730568627e+00   1.8750000000e-03
2.5785568627e+00   1.8750000000e-03
2.5840568627e+00   1.8750000000e-03
2.5895568627e+00   1.8750000000e-03
2.5950568627e+00   1.8750000000e-03
2.6005568627e+00   1.8750000000e-03
2.6060568627e+00   1.8750000000e-03
2.6115568627e+00   1.8750000000e-03
2.6170568627e+00   1.8750000000e-03
2.6225568627e+00   1.8750000000e-03
2.6280568627e+00   1.8750000000e-03
2.6335568627e+00   1.8750000000e-03
2.6390568627e+00   1.8750000000e-03
2.6445568627e+00   1.8750000000e-03
2.6500568627e+00   1.8750000000e-03
2.6555568627e+00   1.8750000000e-03
2.6610568627e+00   1.8750000000e-03
2.6665568627e+00   1.8750000000e-03
2.6720568627e+00   1.8750000000e-03
2.6775568627e+00   1.8750000000e-03
2.6830568627e+00   1.8750000000e-03
2.6885568627e+00   1.8750000000e-03
2.6940568627e+00   1.8750000000e-03
2.6995568627e+00   1.8750000000e-03
2.7050568627e+00   1.8750000000e-03
2.7105568627e+00   1.8750000000e-03
2.7160568627e+00   1.8750000000e-03
2.7215568627e+00   1.8750000000e-03
2.7270568627e+00   1.8750000000e-03
2.7325568627e+00   1.8750000000e-03
2.7380568627e+00   1.8750000000e-03
2.7435568627e+00   1.8750000000e-03
2.7490568627e+00   1.8750000000e-03
2.7545568627e+00   1.8750000000e-03
2.7600568627e+00   1.8750000000e-03
2.7655568627e+00   1.8750000000e-03
2.7710568627e+00   1.8750000000e-03
2.7765568627e+00   1.8750000000e-03
2.7820568627e+00   1.8750000000e-03
2.7875568627e+00   1.8750000000e-03
2.7930568627e+00   1.8750000000e-03
2.7985568627e+00   1.8750000000e-03
2.8040568627e+00   1.8750000000e-03
2.8095568627e+00   1.8750000000e-03
2.8150568627e+00   1.8750000000e-03
2.8205568627e+00   1.8750000000e-03
2.8260568627e+00   1.8750000000e-03
2.8315568627e+00   1.8750000000e-03
2.8370568627e+00   1.8750000000e-03
2.8425568627e+00   1.8750000000e-03
2.8480568627e+00   1.8750000000e-03
2.8535568627e+00   1.8750000000e-03
2.8590568627e+00   1.8750000000e-03
2.8645568627e+00   1.8750000000e-03
2.8700568627e+00   1.8750000000e-03
2.8755568627e+00   1.8750000000e-03
2.8810568627e+00   1.8750000000e-03
2.8865568627e+00   1.8750000000e-03
2.8920568627e+00   1.8750000000e-03
2.8975568627e+00   1.8750000000e-03
2.9030568627e+00   1.8750000000e-03
2.9085568627e+00   1.8750000000e-03
2.9140568627e+00   1.8750000000e-03
2.9195568627e+00   1.8750000000e-03
2.9250568627e+00   1.8750000000e-03
2.9305568627e+00   1.8750000000e-03
2.9360568627e+00   1.8750000000e-03
2.9415568627e+00   1.8750000000e-03
2.9470568627e+00   1.8750000000e-03
2.9525568627e+00   1.8750000000e-03
2.9580568627e+00   1.8750000000e-03
2.9635568627e+00   1.8750000000e-03
2.9690568627e+00   1.8750000000e-03
2.9745568627e+00   1.8750000000e-03
2.9800568627e+00   1.8750000000e-03
2.9855568627e+00   1.8750000000e-03
2.9910568627e+00   1.8750000000e-03
2.9965568627e+00   1.8750000000e-03
3.0020568627e+00   1.8750000000e-03
3.0075568627e+00   1.8750000000e-03
3.0130568627e+00   1.8750000000e-03
3.0185568627e+00   1.8750000000e-03
3.0240568627e+00   1.8750000000e-03
3.0295568627e+00   1.8750000000e-03
3.0350568627e+00   1.8750000000e-03
3.0405568627e+00   1.8750000000e-03
3.0460568627e+00   1.8750000000e-03
3.0515568627e+00   1.8750000000e-03
3.0570568627e+00   1.8750000000e-03
3.0625568627e+00   1.8750000000e-03
3.0680568627e+00   1.8750000000e-03
3.0735568627e+00   1.8750000000e-03
3.0790568627e+00   1.8750000000e-03
3.0845568627e+00   1.8750000000e-03
3.0900568627e+00   1.8750000000e-03
3.0955568627e+00   1.8750000000e-03
3.1010568627e+00   1.8750000000e-03
3.1065568627e+00   1.8750000000e-03
3.1120568627e+00   1.8750000000e-03
3.1175568627e+00   1.8750000000e-03
3.1230568627e+00   1.8750000000e-03
3.1285568627e+00   1.8750000000e-03
3.1340568627e+00   1.8750000000e-03
3.1395568627e+00   1.8750000000e-03
3.1450568627e+00   1.8750000000e-03
3.1505568627e+00   1.8750000000e-03
3.1560568627e+00   1.8750000000e-03
3.1615568627e+00   1.8750000000e-03
3.1670568627e+00   1.8750000000e-03
3.1725568627e+00   1.8750000000e-03
3.1780568627e+00   1.8750000000e-03
3.1835568627e+00   1.8750000000e-03
3.1890568627e+00   1.8750000000e-03
3.1945568627e+00   1.8750000000e-03
3.2000568627e+00   1.8750000000e-03
3.2055568627e+00   1.8750000000e-03
3.2110568627e+00   1.8750000000e-03
3.2165568627e+00   1.8750000000e-03
3.2220568627e+00   1.8750000000e-03
3.2275568627e+00   1.8750000000e-03
3.2330568627e+00   1.8750000000e-03
3.2385568627e+00   1.8750000000e-03
3.2440568627e+00   1.8750000000e-03
3.2495568627e+00   1.8750000000e-03
3.2550568627e+00   1.8750000000e-03
3.2605568627e+00   1.8750000000e-03
3.2660568627e+00   1.8750000000e-03
3.2715568627e+00   1.8750000000e-03
3.2770568627e+00   1.8750000000e-03
3.2825568627e+00   1.8750000000e-03
3.2880568627e+00   1.8750000000e-03
3.2935568627e+00   1.8750000000e-03
3.2990568627e+00   1.8750000000e-03
3.3045568627e+00   1.8750000000e-03
3.3100568627e+00   1.8750000000e-03
3.3155568627e+00   1.8750000000e-03
3.3210568627e+00   1.8750000000e-03
3.3265568627e+00   1.8750000000e-03
3.3320568627e+00   1.8750000000e-03
3.3375568627e+00   1.8750000000e-03
3.3430568627e+00   1.8750000000e-03
3.3485568627e+00   1.8750000000e-03
3.3540568627e+00   1.8750000000e-03
3.3595568627e+00   1.8750000000e-03
3.3650568627e+00   1.8750000000e-03
3.3705568627e+00   1.8750000000e-03
3.3760568627e+00   1.8750000000e-03
3.3815568627e+00   1.8750000000e-03
3.3870568627e+00   1.8750000000e-03
3.3925568627e+00   1.8750000000e-03
3.3980568627e+00   1.8750000000e-03
3.4035568627e+00   1.8750000000e-03
3.4090568627e+00   1.8750000000e-03
3.4145568627e+00   1.8750000000e-03
3.4200568627e+00   1.8750000000e-03
3.4255568627e+00   1.8750000000e-03
3.4310568627e+00   1.8750000000e-03
3.4365568627e+00   1.8750000000e-03
3.4420568627e+00   1.8750000000e-03
3.4475568627e+00   1.8750000000e-03
3.4530568627e+00   1.8750000000e-03
3.4585568627e+00   1.8750000000e-03
3.4640568627e+00   1.8750000000e-03
3.4695568627e+00   1.8750000000e-03
3.4750568627e+00   1.8750000000e-03
3.4805568627e+00   1.8750000000e-03
3.4860568627e+00   1.8750000000e-03
3.4915568627e+00   1.8750000000e-03
3.4970568627e+00   1.8750000000e-03
3.5025568627e+00   1.8750000000e-03
3.5080568627e+00   1.8750000000e-03
3.5135568627e+00   1.8750000000e-03
3.5190568627e+00   1.8750000000e-03
3.5245568627e+00   1.8750000000e-03
3.5300568627e+00   1.8750000000e-03
3.5355568627e+00   1.8750000000e-03
3.5410568627e+00   1.8750000000e-03
3.5465568627e+00   1.8750000000e-03
3.5520568627e+00   1.8750000000e-03
3.5575568627e+00   1.8750000000e-03
3.5630568627e+00   1.8750000000e-03
3.5685568627e+00   1.8750000000e-03
3.5740568627e+00   1.8750000000e-03
3.5795568627e+00   1.8750000000e-03
3.5850568627e+00   1.8750000000e-03
3.5905568627e+00   1.8750000000e-03
3.5960568627e+00   1.8750000000e-03
3.6015568627e+00   1.8750000000e-03
3.6070568627e+00   1.8750000000e-03
3.6125568627e+00   1.8750000000e-03
3.6180568627e+00   1.8750000000e-03
3.6235568627e+00   1.8750000000e-03
3.6290568627e+00   1.8750000000e-03
3.6345568627e+00   1.8750000000e-03
3.6400568627e+00   1.8750000000e-03
3.6455568627e+00   1.8750000000e-03
3.6510568627e+00   1.8750000000e-03
3.6565568627e+00   1.8750000000e-03
3.6620568627e+00   1.8750000000e-03
3.6675568627e+00   1.8750000000e-03
3.6730568627e+00   1.8750000000e-03
3.6785568627e+00   1.8750000000e-03
3.6840568627e+00   1.8750000000e-03
3.6895568627e+00   1.8750000000e-03
3.6950568627e+00   1.8750000000e-03
3.7005568627e+00   1.8750000000e-03
3.7060568627e+00   1.8750000000e-03
3.7115568627e+00   1.8750000000e-03
3.7170568627e+00   1.8750000000e-03
3.7225568627e+00   1.8750000000e-03
3.7280568627e+00   1.8750000000e-03
3.7335568627e+00   1.8750000000e-03
3.7390568627e+00   1.8750000000e-03
3.7445568627e+00   1.8750000000e-03
3.7500568627e+00   1.8750000000e-03
3.7555568627e+00   1.8750000000e-03
3.7610568627e+00   1.8750000000e-03
3.7665568627e+00   1.8750000000e-03
3.7720568627e+00   1.8750000000e-03
3.7775568627e+00   1.8750000000e-03
3.7830568627e+00   1.8750000000e-03
3.7885568627e+00   1.8750000000e-03
3.7940568627e+00   1.8750000000e-03
3.7995568627e+00   1.8750000000e-03
3.8050568627e+00   1.8750000000e-03
3.8105568627e+00   1.8750000000e-03
3.8160568627e+00   1.8750000000e-03
3.8215568627e+00   1.8750000000e-03
3.8270568627e+00   1.8750000000e-03
3.8325568627e+00   1.8750000000e-03
3.8380568627e+00   1.8750000000e-03
3.8435568627e+00   1.8750000000e-03
3.8490568627e+00   1.8750000000e-03
3.8545568627e+00   1.8750000000e-03
3.8600568627e+00   1.8750000000e-03
3.8655568627e+00   1.8750000000e-03
3.8710568627e+00   1.8750000000e-03
3.8765568627e+00   1.8750000000e-03
3.8820568627e+00   1.8750000000e-03
3.8875568627e+00   1.8750000000e-03
3.8930568627e+00   1.8750000000e-03
3.8985568627e+00   1.8750000000e-03
3.9040568627e+00   1.8750000000e-03
3.9095568627e+00   1.8750000000e-03
3.9150568627e+00   1.8750000000e-03
3.9205568627e+00   1.8750000000e-03
3.9260568627e+00   1.8750000000e-03
3.9315568627e+00   1.8750000000e-03
3.9370568627e+00   1.8750000000e-03
3.9425568627e+00   1.8750000000e-03
3.9480568627e+00   1.8750000000e-03
3.9535568627e+00   1.8750000000e-03
3.9590568627e+00   1.8750000000e-03
3.9645568627e+00   1.8750000000e-03
3.9700568627e+00   1.8750000000e-03
3.9755568627e+00   1.8750000000e-03
3.9810568627e+00   1.8750000000e-03
3.9865568627e+00   1.8750000000e-03
3.9920568627e+00   1.8750000000e-03
3.9975568627e+00   1.8750000000e-03
4.0030568627e+00   1.8750000000e-03
4.0085568627e+00   1.8750000000e-03
4.0140568627e+00   1.8750000000e-03
4.0195568627e+00   1.8750000000e-03
4.0250568627e+00   1.8750000000e-03
4.0305568627e+00   1.8750000000e-03
4.0360568627e+00   1.8750000000e-03
4.0415568627e+00   1.8750000000e-03
4.0470568627e+00   1.8750000000e-03
4.0525568627e+00   1.8750000000e-03
4.0580568627e+00   1.8750000000e-03
4.0635568627e+00   1.8750000000e-03
4.0690568627e+00   1.8750000000e-03
4.0745568627e+00   1.8750000000e-03
4.0800568627e+00   1.8750000000e-03
4.0855568627e+00   1.8750000000e-03
4.0910568627e+00   1.8750000000e-03
4.0965568627e+00   1.8750000000e-03
4.1020568627e+00   1.8750000000e-03
4.1075568627e+00   1.8750000000e-03
4.1130568627e+00   1.8750000000e-03
4.1185568627e+00   1.8750000000e-03
4.1240568627e+00   1.8750000000e-03
4.1295568627e+00   1.8750000000e-03
4.1350568627e+00   1.8750000000e-03
4.1405568627e+00   1.8750000000e-03
4.1460568627e+00   1.8750000000e-03
4.1515568627e+00   1.8750000000e-03
4.1570568627e+00   1.8750000000e-03
4.1625568627e+00   1.8750000000e-03
4.1680568627e+00   1.8750000000e-03
4.1735568627e+00   1.8750000000e-03
4.1790568627e+00   1.8750000000e-03
4.1845568627e+00   1.8750000000e-03
4.1900568627e+00   1.8750000000e-03
4.1955568627e+00   1.8750000000e-03
4.2010568627e+00   1.8750000000e-03
4.2065568627e+00   1.8750000000e-03
4.2120568627e+00   1.8750000000e-03
4.2175568627e+00   1.8750000000e-03
4.2230568627e+00   1.8750000000e-03
4.2285568627e+00   1.8750000000e-03
4.2340568627e+00   1.8750000000e-03
4.2395568627e+00   1.8750000000e-03
4.2450568627e+00   1.8750000000e-03
4.2505568627e+00   1.8750000000e-03
4.2560568627e+00   1.8750000000e-03
4.2615568627e+00   1.8750000000e-03
4.2670568627e+00   1.8750000000e-03
4.2725568627e+00   1.8750000000e-03
4.2780568627e+00   1.8750000000e-03
4.2835568627e+00   1.8750000000e-03
4.2890568627e+00   1.8750000000e-03
4.2945568627e+00   1.8750000000e-03
4.3000568627e+00   1.8750000000e-03
4.3055568627e+00   1.8750000000e-03
4.3110568627e+00   1.8750000000e-03
4.3165568627e+00   1.8750000000e-03
4.3220568627e+00   1.8750000000e-03
4.3275568627e+00   1.8750000000e-03
4.3330568627e+00   1.8750000000e-03
4.3385568627e+00   1.8750000000e-03
4.3440568627e+00   1.8750000000e-03
4.3495568627e+00   1.8750000000e-03
4.3550568627e+00   1.8750000000e-03
4.3605568627e+00   1.8750000000e-03
4.3660568627e+00   1.8750000000e-03
4.3715568627e+00   1.8750000000e-03
4.3770568627e+00   1.8750000000e-03
4.3825568627e+00   1.8750000000e-03
4.3880568627e+00   1.8750000000e-03
4.3935568627e+00   1.8750000000e-03
4.3990568627e+00   1.8750000000e-03
4.4045568627e+00   1.8750000000e-03
4.4100568627e+00   1.8750000000e-03
4.4155568627e+00   1.8750000000e-03
4.4210568627e+00   1.8750000000e-03
4.4265568627e+00   1.8750000000e-03
4.4320568627e+00   1.8750000000e-03
4.4375568627e+00   1.8750000000e-03
4.4430568627e+00   1.8750000000e-03
4.4485568627e+00   1.8750000000e-03
4.4540568627e+00   1.8750000000e-03
4.4595568627e+00   1.8750000000e-03
4.4650568627e+00   1.8750000000e-03
4.4705568627e+00   1.8750000000e-03
4.4760568627e+00   1.8750000000e-03
4.4815568627e+00   1.8750000000e-03
4.4870568627e+00   1.8750000000e-03
4.4925568627e+00   1.8750000000e-03
4.4980568627e+00   1.8750000000e-03
4.5035568627e+00   1.8750000000e-03
4.5090568627e+00   1.8750000000e-03
4.5145568627e+00   1.8750000000e-03
4.5200568627e+00   1.8750000000e-03
4.5255568627e+00   1.8750000000e-03
4.5310568627e+00   1.8750000000e-03
4.5365568627e+00   1.8750000000e-03
4.5420568627e+00   1.8750000000e-03
4.5475568627e+00   1.8750000000e-03
4.5530568627e+00   1.8750000000e-03
4.5585568627e+00   1.8750000000e-03
4.5640568627e+00   1.8750000000e-03
4.5695568627e+00   1.8750000000e-03
4.5750568627e+00   1.8750000000e-03
4.5805568627e+00   1.8750000000e-03
4.5860568627e+00   1.8750000000e-03
4.5915568627e+00   1.8750000000e-03
4.5970568627e+00   1.8750000000e-03
4.6025568627e+00   1.8750000000e-03
4.6080568627e+00   1.8750000000e-03
4.6135568627e+00   1.8750000000e-03
4.6190568627e+00   1.8750000000e-03
4.6245568627e+00   1.8750000000e-03
4.6300568627e+00   1.8750000000e-03
4.6355568627e+00   1.8750000000e-03
4.6410568627e+00   1.8750000000e-03
4.6465568627e+00   1.8750000000e-03
4.6520568627e+00   1.8750000000e-03
4.6575568627e+00   1.8750000000e-03
4.6630568627e+00   1.8750000000e-03
4.6685568627e+00   1.8750000000e-03
4.6740568627e+00   1.8750000000e-03
4.6795568627e+00   1.8750000000e-03
4.6850568627e+00   1.8750000000e-03
4.6905568627e+00   1.8750000000e-03
4.6960568627e+00   1.8750000000e-03
4.7015568627e+00   1.8750000000e-03
4.7070568627e+00   1.8750000000e-03
4.7125568627e+00   1.8750000000e-03
4.7180568627e+00   1.8750000000e-03
4.7235568627e+00   1.8750000000e-03
4.7290568627e+00   1.8750000000e-03
4.7345568627e+00   1.8750000000e-03
4.7400568627e+00   1.8750000000e-03
4.7455568627e+00   1.8750000000e-03
4.7510568627e+00   1.8750000000e-03
4.7565568627e+00   1.8750000000e-03
4.7620568627e+00   1.8750000000e-03
4.7675568627e+00   1.8750000000e-03
4.7730568627e+00   1.8750000000e-03
4.7785568627e+00   1.8750000000e-03
4.7840568627e+00   1.8750000000e-03
4.7895568627e+00   1.8750000000e-03
4.7950568627e+00   1.8750000000e-03
4.8005568627e+00   1.8750000000e-03
4.8060568627e+00   1.8750000000e-03
4.8115568627e+00   1.8750000000e-03
4.8170568627e+00   1.8750000000e-03
4.8225568627e+00   1.8750000000e-03
4.8280568627e+00   1.8750000000e-03
4.8335568627e+00   1.8750000000e-03
4.8390568627e+00   1.8750000000e-03
4.8445568627e+00   1.8750000000e-03
4.8500568627e+00   1.8750000000e-03
4.8555568627e+00   1.8750000000e-03
4.8610568627e+00   1.8750000000e-03
4.8665568627e+00   1.8750000000e-03
4.8720568627e+00   1.8750000000e-03
4.8775568627e+00   1.8750000000e-03
4.8830568627e+00   1.8750000000e-03
4.8885568627e+00   1.8750000000e-03
4.8940568627e+00   1.8750000000e-03
4.8995568627e+00   1.8750000000e-03
4.9050568627e+00   1.8750000000e-03
4.9105568627e+00   1.8750000000e-03
4.9160568627e+00   1.8750000000e-03
4.9215568627e+00   1.8750000000e-03
4.9270568627e+00   1.8750000000e-03
4.9325568627e+00   1.8750000000e-03
4.9380568627e+00   1.8750000000e-03
4.9435568627e+00   1.8750000000e-03
4.9490568627e+00   1.8750000000e-03
4.9545568627e+00   1.8750000000e-03
4.9600568627e+00   1.8750000000e-03
4.9655568627e+00   1.8750000000e-03
4.9710568627e+00   1.8750000000e-03
4.9765568627e+00   1.8750000000e-03
4.9820568627e+00   1.8750000000e-03
4.9875568627e+00   1.8750000000e-03
4.9930568627e+00   1.8750000000e-03
4.9985568627e+00   1.8750000000e-03
5.0040568627e+00   1.8750000000e-03
5.0095568627e+00   1.8750000000e-03
5.0150568627e+00   1.8750000000e-03
5.0205568627e+00   1.8750000000e-03
5.0260568627e+00   1.8750000000e-03
5.0315568627e+00   1.8750000000e-03
5.0370568627e+00   1.8750000000e-03
5.0425568627e+00   1.8750000000e-03
5.0480568627e+00   1.8750000000e-03
5.0535568627e+00   1.8750000000e-03
5.0590568627e+00   1.8750000000e-03
5.0645568627e+00   1.8750000000e-03
5.0700568627e+00   1.8750000000e-03
5.0755568627e+00   1.8750000000e-03
5.0810568627e+00   1.8750000000e-03
5.0865568627e+00   1.8750000000e-03
5.0920568627e+00   1.8750000000e-03
5.0975568627e+00   1.8750000000e-03
5.1030568627e+00   1.8750000000e-03
5.1085568627e+00   1.8750000000e-03
5.1140568627e+00   1.8750000000e-03
5.1195568627e+00   1.8750000000e-03
5.1250568627e+00   1.8750000000e-03
5.1305568627e+00   1.8750000000e-03
5.1360568627e+00   1.8750000000e-03
5.1415568627e+00   1.8750000000e-03
5.1470568627e+00   1.8750000000e-03
5.1525568627e+00   1.8750000000e-03
5.1580568627e+00   1.8750000000e-03
5.1635568627e+00   1.8750000000e-03
5.1690568627e+00   1.8750000000e-03
5.1745568627e+00   1.8750000000e-03
5.1800568627e+00   1.8750000000e-03
5.1855568627e+00   1.8750000000e-03
5.1910568627e+00   1.8750000000e-03
5.1965568627e+00   1.8750000000e-03
5.2020568627e+00   1.8750000000e-03
5.2075568627e+00   1.8750000000e-03
5.2130568627e+00   1.8750000000e-03
5.2185568627e+00   1.8750000000e-03
5.2240568627e+00   1.8750000000e-03
5.2295568627e+00   1.8750000000e-03
5.2350568627e+00   1.8750000000e-03
5.2405568627e+00   1.8750000000e-03
5.2460568627e+00   1.8750000000e-03
5.2515568627e+00   1.8750000000e-03
5.2570568627e+00   1.8750000000e-03
5.2625568627e+00   1.8750000000e-03
5.2680568627e+00   1.8750000000e-03
5.2735568627e+00   1.8750000000e-03
5.2790568627e+00   1.8750000000e-03
5.2845568627e+00   1.8750000000e-03
5.2900568627e+00   1.8750000000e-03
5.2955568627e+00   1.8750000000e-03
5.3010568627e+00   1.8750000000e-03
5.3065568627e+00   1.8750000000e-03
5.3120568627e+00   1.8750000000e-03
5.3175568627e+00   1.8750000000e-03
5.3230568627e+00   1.8750000000e-03
5.3285568627e+00   1.8750000000e-03
5.3340568627e+00   1.8750000000e-03
5.3395568627e+00   1.8750000000e-03
5.3450568627e+00   1.8750000000e-03
5.3505568627e+00   1.8750000000e-03
5.3560568627e+00   1.8750000000e-03
5.3615568627e+00   1.8750000000e-03
5.3670568627e+00   1.8750000000e-03
5.3725568627e+00   1.8750000000e-03
5.3780568627e+00   1.8750000000e-03
5.3835568627e+00   1.8750000000e-03
5.3890568627e+00   1.8750000000e-03
5.3945568627e+00   1.8750000000e-03
5.4000568627e+00   1.8750000000e-03
5.4055568627e+00   1.8750000000e-03
5.4110568627e+00   1.8750000000e-03
5.4165568627e+00   1.8750000000e-03
5.4220568627e+00   1.8750000000e-03
5.4275568627e+00   1.8750000000e-03
5.4330568627e+00   1.8750000000e-03
5.4385568627e+00   1.8750000000e-03
5.4440568627e+00   1.8750000000e-03
5.4495568627e+00   1.8750000000e-03
5.4550568627e+00   1.8750000000e-03
5.4605568627e+00   1.8750000000e-03
5.4660568627e+00   1.8750000000e-03
5.4715568627e+00   1.8750000000e-03
5.4770568627e+00   1.8750000000e-03
5.4825568627e+00   1.8750000000e-03
5.4880568627e+00   1.8750000000e-03
5.4935568627e+00   1.8750000000e-03
5.4990568627e+00   1.8750000000e-03
5.5045568627e+00   1.8750000000e-03
5.5100568627e+00   1.8750000000e-03
5.5155568627e+00   1.8750000000e-03
5.5210568627e+00   1.8750000000e-03
5.5265568627e+00   1.8750000000e-03
5.5320568627e+00   1.8750000000e-03
5.5375568627e+00   1.8750000000e-03
5.5430568627e+00   1.8750000000e-03
5.5485568627e+00   1.8750000000e-03
5.5540568627e+00   1.8750000000e-03
5.5595568627e+00   1.8750000000e-03
5.5650568627e+00   1.8750000000e-03
5.5705568627e+00   1.8750000000e-03
5.5760568627e+00   1.8750000000e-03
5.5815568627e+00   1.8750000000e-03
5.5870568627e+00   1.8750000000e-03
5.5925568627e+00   1.8750000000e-03
5.5980568627e+00   1.8750000000e-03
5.6035568627e+00   1.8750000000e-03
5.6090568627e+00   1.8750000000e-03
5.6145568627e+00   1.8750000000e-03
5.6200568627e+00   1.8750000000e-03
5.6255568627e+00   1.8750000000e-03
5.6310568627e+00   1.8750000000e-03
5.6365568627e+00   1.8750000000e-03
5.6420568627e+00   1.8750000000e-03
5.6475568627e+00   1.8750000000e-03
5.6530568627e+00   1.8750000000e-03
5.6585568627e+00   1.8750000000e-03
5.6640568627e+00   1.8750000000e-03
5.6695568627e+00   1.8750000000e-03
5.6750568627e+00   1.8750000000e-03
5.6805568627e+00   1.8750000000e-03
5.6860568627e+00   1.8750000000e-03
5.6915568627e+00   1.8750000000e-03
5.6970568627e+00   1.8750000000e-03
5.7025568627e+00   1.8750000000e-03
5.7080568627e+00   1.8750000000e-03
5.7135568627e+00   1.8750000000e-03
5.7190568627e+00   1.8750000000e-03
5.7245568627e+00   1.8750000000e-03
5.7300568627e+00   1.8750000000e-03
5.7355568627e+00   1.8750000000e-03
5.7410568627e+00   1.8750000000e-03
5.7465568627e+00   1.8750000000e-03
5.7520568627e+00   1.8750000000e-03
5.7575568627e+00   1.8750000000e-03
5.7630568627e+00   1.8750000000e-03
5.7685568627e+00   1.8750000000e-03
5.7740568627e+00   1.8750000000e-03
5.7795568627e+00   1.8750000000e-03
5.7850568627e+00   1.8750000000e-03
5.7905568627e+00   1.8750000000e-03
5.7960568627e+00   1.8750000000e-03
5.8015568627e+00   1.8750000000e-03
5.8070568627e+00   1.8750000000e-03
5.8125568627e+00   1.8750000000e-03
5.8180568627e+00   1.8750000000e-03
5.8235568627e+00   1.8750000000e-03
5.8290568627e+00   1.8750000000e-03
5.8345568627e+00   1.8750000000e-03
5.8400568627e+00   1.8750000000e-03
5.8455568627e+00   1.8750000000e-03
5.8510568627e+00   1.8750000000e-03
5.8565568627e+00   1.8750000000e-03
5.8620568627e+00   1.8750000000e-03
5.8675568627e+00   1.8750000000e-03
5.8730568627e+00   1.8750000000e-03
5.8785568627e+00   1.8750000000e-03
5.8840568627e+00   1.8750000000e-03
5.8895568627e+00   1.8750000000e-03
5.8950568627e+00   1.8750000000e-03
5.9005568627e+00   1.8750000000e-03
5.9060568627e+00   1.8750000000e-03
5.9115568627e+00   1.8750000000e-03
5.9170568627e+00   1.8750000000e-03
5.9225568627e+00   1.8750000000e-03
5.9280568627e+00   1.8750000000e-03
5.9335568627e+00   1.8750000000e-03
5.9390568627e+00   1.8750000000e-03
5.9445568627e+00   1.8750000000e-03
5.9500568627e+00   1.8750000000e-03
5.9555568627e+00   1.8750000000e-03
5.9610568627e+00   1.8750000000e-03
5.9665568627e+00   1.8750000000e-03
5.9720568627e+00   1.8750000000e-03
5.9775568627e+00   1.8750000000e-03
5.9830568627e+00   1.8750000000e-03
5.9885568627e+00   1.8750000000e-03
5.9940568627e+00   1.8750000000e-03
5.9995568627e+00   1.8750000000e-03
6.0050568627e+00   1.8750000000e-03
6.0105568627e+00   1.8750000000e-03
6.0160568627e+00   1.8750000000e-03
6.0215568627e+00   1.8750000000e-03
6.0270568627e+00   1.8750000000e-03
6.0325568627e+00   1.8750000000e-03
6.0380568627e+00   1.8750000000e-03
6.0435568627e+00   1.8750000000e-03
6.0490568627e+00   1.8750000000e-03
6.0545568627e+00   1.8750000000e-03
6.0600568627e+00   1.8750000000e-03
6.0655568627e+00   1.8750000000e-03
6.0710568627e+00   1.8750000000e-03
6.0765568627e+00   1.8750000000e-03
6.0820568627e+00   1.8750000000e-03
6.0875568627e+00   1.8750000000e-03
6.0930568627e+00   1.8750000000e-03
6.0985568627e+00   1.8750000000e-03
6.1040568627e+00   1.8750000000e-03
6.1095568627e+00   1.8750000000e-03
6.1150568627e+00   1.8750000000e-03
6.1205568627e+00   1.8750000000e-03
6.1260568627e+00   1.8750000000e-03
6.1315568627e+00   1.8750000000e-03
6.1370568627e+00   1.8750000000e-03
6.1425568627e+00   1.8750000000e-03
6.1480568627e+00   1.8750000000e-03
6.1535568627e+00   1.8750000000e-03
6.1590568627e+00   1.8750000000e-03
6.1645568627e+00   1.8750000000e-03
6.1700568627e+00   1.8750000000e-03
6.1755568627e+00   1.8750000000e-03
6.1810568627e+00   1.8750000000e-03
6.1865568627e+00   1.8750000000e-03
6.1920568627e+00   1.8750000000e-03
6.1975568627e+00   1.8750000000e-03
6.2030568627e+00   1.8750000000e-03
6.2085568627e+00   1.8750000000e-03
6.2140568627e+00   1.8750000000e-03
6.2195568627e+00   1.8750000000e-03
6.2250568627e+00   1.8750000000e-03
6.2305568627e+00   1.8750000000e-03
6.2360568627e+00   1.8750000000e-03
6.2415568627e+00   1.8750000000e-03
6.2470568627e+00   1.8750000000e-03
6.2525568627e+00   1.8750000000e-03
6.2580568627e+00   1.8750000000e-03
6.2635568627e+00   1.8750000000e-03
6.2690568627e+00   1.8750000000e-03
6.2745568627e+00   1.8750000000e-03
6.2800568627e+00   1.8750000000e-03
6.2855568627e+00   1.8750000000e-03
6.2910568627e+00   1.8750000000e-03
6.2965568627e+00   1.8750000000e-03
6.3020568627e+00   1.8750000000e-03
6.3075568627e+00   1.8750000000e-03
6.3130568627e+00   1.8750000000e-03
6.3185568627e+00   1.8750000000e-03
6.3240568627e+00   1.8750000000e-03
6.3295568627e+00   1.8750000000e-03
6.3350568627e+00   1.8750000000e-03
6.3405568627e+00   1.8750000000e-03
6.3460568627e+00   1.8750000000e-03
6.3515568627e+00   1.8750000000e-03
6.3570568627e+00   1.8750000000e-03
6.3625568627e+00   1.8750000000e-03
6.3680568627e+00   1.8750000000e-03
6.3735568627e+00   1.8750000000e-03
6.3790568627e+00   1.8750000000e-03
6.3845568627e+00   1.8750000000e-03
6.3900568627e+00   1.8750000000e-03
6.3955568627e+00   1.8750000000e-03
6.4010568627e+00   1.8750000000e-03
6.4065568627e+00   1.8750000000e-03
6.4120568627e+00   1.8750000000e-03
6.4175568627e+00   1.8750000000e-03
6.4230568627e+00   1.8750000000e-03
6.4285568627e+00   1.8750000000e-03
6.4340568627e+00   1.8750000000e-03
6.4395568627e+00   1.8750000000e-03
6.4450568627e+00   1.8750000000e-03
6.4505568627e+00   1.8750000000e-03
6.4560568627e+00   1.8750000000e-03
6.4615568627e+00   1.8750000000e-03
6.4670568627e+00   1.8750000000e-03
6.4725568627e+00   1.8750000000e-03
6.4780568627e+00   1.8750000000e-03
6.4835568627e+00   1.8750000000e-03
6.4890568627e+00   1.8750000000e-03
6.4945568627e+00   1.8750000000e-03
6.5000568627e+00   1.8750000000e-03
6.5055568627e+00   1.8750000000e-03
6.5110568627e+00   1.8750000000e-03
6.5165568627e+00   1.8750000000e-03
6.5220568627e+00   1.8750000000e-03
6.5275568627e+00   1.8750000000e-03
6.5330568627e+00   1.8750000000e-03
6.5385568627e+00   1.8750000000e-03
6.5440568627e+00   1.8750000000e-03
6.5495568627e+00   1.8750000000e-03
6.5550568627e+00   1.8750000000e-03
6.5605568627e+00   1.8750000000e-03
6.5660568627e+00   1.8750000000e-03
6.5715568627e+00   1.8750000000e-03
6.5770568627e+00   1.8750000000e-03
6.5825568627e+00   1.8750000000e-03
6.5880568627e+00   1.8750000000e-03
6.5935568627e+00   1.8750000000e-03
6.5990568627e+00   1.8750000000e-03
6.6045568627e+00   1.8750000000e-03
6.6100568627e+00   1.8750000000e-03
6.6155568627e+00   1.8750000000e-03
6.6210568627e+00   1.8750000000e-03
6.6265568627e+00   1.8750000000e-03
6.6320568627e+00   1.8750000000e-03
6.6375568627e+00   1.8750000000e-03
6.6430568627e+00   1.8750000000e-03
6.6485568627e+00   1.8750000000e-03
6.6540568627e+00   1.8750000000e-03
6.6595568627e+00   1.8750000000e-03
6.6650568627e+00   1.8750000000e-03
6.6705568627e+00   1.8750000000e-03
6.6760568627e+00   1.8750000000e-03
6.6815568627e+00   1.8750000000e-03
6.6870568627e+00   1.8750000000e-03
6.6925568627e+00   1.8750000000e-03
6.6980568627e+00   1.8750000000e-03
6.7035568627e+00   1.8750000000e-03
6.7090568627e+00   1.8750000000e-03
6.7145568627e+00   1.8750000000e-03
6.7200568627e+00   1.8750000000e-03
6.7255568627e+00   1.8750000000e-03
6.7310568627e+00   1.8750000000e-03
6.7365568627e+00   1.8750000000e-03
6.7420568627e+00   1.8750000000e-03
6.7475568627e+00   1.8750000000e-03
6.7530568627e+00   1.8750000000e-03
6.7585568627e+00   1.8750000000e-03
6.7640568627e+00   1.8750000000e-03
6.7695568627e+00   1.8750000000e-03
6.7750568627e+00   1.8750000000e-03
6.7805568627e+00   1.8750000000e-03
6.7860568627e+00   1.8750000000e-03
6.7915568627e+00   1.8750000000e-03
6.7970568627e+00   1.8750000000e-03
6.8025568627e+00   1.8750000000e-03
6.8080568627e+00   1.8750000000e-03
6.8135568627e+00   1.8750000000e-03
6.8190568627e+00   1.8750000000e-03
6.8245568627e+00   1.8750000000e-03
6.8300568627e+00   1.8750000000e-03
6.8355568627e+00   1.8750000000e-03
6.8410568627e+00   1.8750000000e-03
6.8465568627e+00   1.8750000000e-03
6.8520568627e+00   1.8750000000e-03
6.8575568627e+00   1.8750000000e-03
6.8630568627e+00   1.8750000000e-03
6.8685568627e+00   1.8750000000e-03
6.8740568627e+00   1.8750000000e-03
6.8795568627e+00   1.8750000000e-03
6.8850568627e+00   1.8750000000e-03
6.8905568627e+00   1.8750000000e-03
6.8960568627e+00   1.8750000000e-03
6.9015568627e+00   1.8750000000e-03
6.9070568627e+00   1.8750000000e-03
6.9125568627e+00   1.8750000000e-03
6.9180568627e+00   1.8750000000e-03
6.9235568627e+00   1.8750000000e-03
6.9290568627e+00   1.8750000000e-03
6.9345568627e+00   1.8750000000e-03
6.9400568627e+00   1.8750000000e-03
6.9455568627e+00   1.8750000000e-03
6.9510568627e+00   1.8750000000e-03
6.9565568627e+00   1.8750000000e-03
6.9620568627e+00   1.8750000000e-03
6.9675568627e+00   1.8750000000e-03
6.9730568627e+00   1.8750000000e-03
6.9785568627e+00   1.8750000000e-03
6.9840568627e+00   1.8750000000e-03
6.9895568627e+00   1.8750000000e-03
6.9950568627e+00   1.8750000000e-03
7.0005568627e+00   1.8750000000e-03
7.0060568627e+00   1.8750000000e-03
7.0115568627e+00   1.8750000000e-03
7.0170568627e+00   1.8750000000e-03
7.0225568627e+00   1.8750000000e-03
7.0280568627e+00   1.8750000000e-03
7.0335568627e+00   1.8750000000e-03
7.0390568627e+00   1.8750000000e-03
7.0445568627e+00   1.8750000000e-03
7.0500568627e+00   1.8750000000e-03
7.0555568627e+00   1.8750000000e-03
7.0610568627e+00   1.8750000000e-03
7.0665568627e+00   1.8750000000e-03
7.0720568627e+00   1.8750000000e-03
7.0775568627e+00   1.8750000000e-03
7.0830568627e+00   1.8750000000e-03
7.0885568627e+00   1.8750000000e-03
7.0940568627e+00   1.8750000000e-03
7.0995568627e+00   1.8750000000e-03
7.1050568627e+00   1.8750000000e-03
7.1105568627e+00   1.8750000000e-03
7.1160568627e+00   1.8750000000e-03
7.1215568627e+00   1.8750000000e-03
7.1270568627e+00   1.8750000000e-03
7.1325568627e+00   1.8750000000e-03
7.1380568627e+00   1.8750000000e-03
7.1435568627e+00   1.8750000000e-03
7.1490568627e+00   1.8750000000e-03
7.1545568627e+00   1.8750000000e-03
7.1600568627e+00   1.8750000000e-03
7.1655568627e+00   1.8750000000e-03
7.1710568627e+00   1.8750000000e-03
7.1765568627e+00   1.8750000000e-03
7.1820568627e+00   1.8750000000e-03
7.1875568627e+00   1.8750000000e-03
7.1930568627e+00   1.8750000000e-03
7.1985568627e+00   1.8750000000e-03
7.2040568627e+00   1.8750000000e-03
7.2095568627e+00   1.8750000000e-03
7.2150568627e+00   1.8750000000e-03
7.2205568627e+00   1.8750000000e-03
7.2260568627e+00   1.8750000000e-03
7.2315568627e+00   1.8750000000e-03
7.2370568627e+00   1.8750000000e-03
7.2425568627e+00   1.8750000000e-03
7.2480568627e+00   1.8750000000e-03
7.2535568627e+00   1.8750000000e-03
7.2590568627e+00   1.8750000000e-03
7.2645568627e+00   1.8750000000e-03
7.2700568627e+00   1.8750000000e-03
7.2755568627e+00   1.8750000000e-03
7.2810568627e+00   1.8750000000e-03
7.2865568627e+00   1.8750000000e-03
7.2920568627e+00   1.8750000000e-03
7.2975568627e+00   1.8750000000e-03
7.3030568627e+00   1.8750000000e-03
7.3085568627e+00   1.8750000000e-03
7.3140568627e+00   1.8750000000e-03
7.3195568627e+00   1.8750000000e-03
7.3250568627e+00   1.8750000000e-03
7.3305568627e+00   1.8750000000e-03
7.3360568627e+00   1.8750000000e-03
7.3415568627e+00   1.8750000000e-03
7.3470568627e+00   1.8750000000e-03
7.3525568627e+00   1.8750000000e-03
7.3580568627e+00   1.8750000000e-03
7.3635568627e+00   1.8750000000e-03
7.3690568627e+00   1.8750000000e-03
7.3745568627e+00   1.8750000000e-03
7.3800568627e+00   1.8750000000e-03
7.3855568627e+00   1.8750000000e-03
7.3910568627e+00   1.8750000000e-03
7.3965568627e+00   1.8750000000e-03
7.4020568627e+00   1.8750000000e-03
7.4075568627e+00   1.8750000000e-03
7.4130568627e+00   1.8750000000e-03
7.4185568627e+00   1.8750000000e-03
7.4240568627e+00   1.8750000000e-03
7.4295568627e+00   1.8750000000e-03
7.4350568627e+00   1.8750000000e-03
7.4405568627e+00   1.8750000000e-03
7.4460568627e+00   1.8750000000e-03
7.4515568627e+00   1.8750000000e-03
7.4570568627e+00   1.8750000000e-03
7.4625568627e+00   1.8750000000e-03
7.4680568627e+00   1.8750000000e-03
7.4735568627e+00   1.8750000000e-03
7.4790568627e+00   1.8750000000e-03
7.4845568627e+00   1.8750000000e-03
7.4900568627e+00   1.8750000000e-03
7.4955568627e+00   1.8750000000e-03
7.5010568627e+00   1.8750000000e-03
7.5065568627e+00   1.8750000000e-03
7.5120568627e+00   1.8750000000e-03
7.5175568627e+00   1.8750000000e-03
7.5230568627e+00   1.8750000000e-03
7.5285568627e+00   1.8750000000e-03
7.5340568627e+00   1.8750000000e-03
7.5395568627e+00   1.8750000000e-03
7.5450568627e+00   1.8750000000e-03
7.5505568627e+00   1.8750000000e-03
7.5560568627e+00   1.8750000000e-03
7.5615568627e+00   1.8750000000e-03
7.5670568627e+00   1.8750000000e-03
7.5725568627e+00   1.8750000000e-03
7.5780568627e+00   1.8750000000e-03
7.5835568627e+00   1.8750000000e-03
7.5890568627e+00   1.8750000000e-03
7.5945568627e+00   1.8750000000e-03
7.6000568627e+00   1.8750000000e-03
7.6055568627e+00   1.8750000000e-03
7.6110568627e+00   1.8750000000e-03
7.6165568627e+00   1.8750000000e-03
7.6220568627e+00   1.8750000000e-03
7.6275568627e+00   1.8750000000e-03
7.6330568627e+00   1.8750000000e-03
7.6385568627e+00   1.8750000000e-03
7.6440568627e+00   1.8750000000e-03
7.6495568627e+00   1.8750000000e-03
7.6550568627e+00   1.8750000000e-03
7.6605568627e+00   1.8750000000e-03
7.6660568627e+00   1.8750000000e-03
7.6715568627e+00   1.8750000000e-03
7.6770568627e+00   1.8750000000e-03
7.6825568627e+00   1.8750000000e-03
7.6880568627e+00   1.8750000000e-03
7.6935568627e+00   1.8750000000e-03
7.6990568627e+00   1.8750000000e-03
7.7045568627e+00   1.8750000000e-03
7.7100568627e+00   1.8750000000e-03
7.7155568627e+00   1.8750000000e-03
7.7210568627e+00   1.8750000000e-03
7.7265568627e+00   1.8750000000e-03
7.7320568627e+00   1.8750000000e-03
7.7375568627e+00   1.8750000000e-03
7.7430568627e+00   1.8750000000e-03
7.7485568627e+00   1.8750000000e-03
7.7540568627e+00   1.8750000000e-03
7.7595568627e+00   1.8750000000e-03
7.7650568627e+00   1.8750000000e-03
7.7705568627e+00   1.8750000000e-03
7.7760568627e+00   1.8750000000e-03
7.7815568627e+00   1.8750000000e-03
7.7870568627e+00   1.8750000000e-03
7.7925568627e+00   1.8750000000e-03
7.7980568627e+00   1.8750000000e-03
7.8035568627e+00   1.8750000000e-03
7.8090568627e+00   1.8750000000e-03
7.8145568627e+00   1.8750000000e-03
7.8200568627e+00   1.8750000000e-03
7.8255568627e+00   1.8750000000e-03
7.8310568627e+00   1.8750000000e-03
7.8365568627e+00   1.8750000000e-03
7.8420568627e+00   1.8750000000e-03
7.8475568627e+00   1.8750000000e-03
7.8530568627e+00   1.8750000000e-03
7.8585568627e+00   1.8750000000e-03
7.8640568627e+00   1.8750000000e-03
7.8695568627e+00   1.8750000000e-03
7.8750568627e+00   1.8750000000e-03
7.8805568627e+00   1.8750000000e-03
7.8860568627e+00   1.8750000000e-03
7.8915568627e+00   1.8750000000e-03
7.8970568627e+00   1.8750000000e-03
7.9025568627e+00   1.8750000000e-03
7.9080568627e+00   1.8750000000e-03
7.9135568627e+00   1.8750000000e-03
7.9190568627e+00   1.8750000000e-03
7.9245568627e+00   1.8750000000e-03
7.9300568627e+00   1.8750000000e-03
7.9355568627e+00   1.8750000000e-03
7.9410568627e+00   1.8750000000e-03
7.9465568627e+00   1.8750000000e-03
7.9520568627e+00   1.8750000000e-03
7.9575568627e+00   1.8750000000e-03
7.9630568627e+00   1.8750000000e-03
7.9685568627e+00   1.8750000000e-03
7.9740568627e+00   1.8750000000e-03
7.9795568627e+00   1.8750000000e-03
7.9850568627e+00   1.8750000000e-03
7.9905568627e+00   1.8750000000e-03
7.9960568627e+00   1.8750000000e-03
8.0015568627e+00   1.8750000000e-03
8.0070568627e+00   1.8750000000e-03
8.0125568627e+00   1.8750000000e-03
8.0180568627e+00   1.8750000000e-03
8.0235568627e+00   1.8750000000e-03
8.0290568627e+00   1.8750000000e-03
8.0345568627e+00   1.8750000000e-03
8.0400568627e+00   1.8750000000e-03
8.0455568627e+00   1.8750000000e-03
8.0510568627e+00   1.8750000000e-03
8.0565568627e+00   1.8750000000e-03
8.0620568627e+00   1.8750000000e-03
8.0675568627e+00   1.8750000000e-03
8.0730568627e+00   1.8750000000e-03
8.0785568627e+00   1.8750000000e-03
8.0840568627e+00   1.8750000000e-03
8.0895568627e+00   1.8750000000e-03
8.0950568627e+00   1.8750000000e-03
8.1005568627e+00   1.8750000000e-03
8.1060568627e+00   1.8750000000e-03
8.1115568627e+00   1.8750000000e-03
8.1170568627e+00   1.8750000000e-03
8.1225568627e+00   1.8750000000e-03
8.1280568627e+00   1.8750000000e-03
8.1335568627e+00   1.8750000000e-03
8.1390568627e+00   1.8750000000e-03
8.1445568627e+00   1.8750000000e-03
8.1500568627e+00   1.8750000000e-03
8.1555568627e+00   1.8750000000e-03
8.1610568627e+00   1.8750000000e-03
8.1665568627e+00   1.8750000000e-03
8.1720568627e+00   1.8750000000e-03
8.1775568627e+00   1.8750000000e-03
8.1830568627e+00   1.8750000000e-03
8.1885568627e+00   1.8750000000e-03
8.1940568627e+00   1.8750000000e-03
8.1995568627e+00   1.8750000000e-03
8.2050568627e+00   1.8750000000e-03
8.2105568627e+00   1.8750000000e-03
8.2160568627e+00   1.8750000000e-03
8.2215568627e+00   1.8750000000e-03
8.2270568627e+00   1.8750000000e-03
8.2325568627e+00   1.8750000000e-03
8.2380568627e+00   1.8750000000e-03
8.2435568627e+00   1.8750000000e-03
8.2490568627e+00   1.8750000000e-03
8.2545568627e+00   1.8750000000e-03
8.2600568627e+00   1.8750000000e-03
8.2655568627e+00   1.8750000000e-03
8.2710568627e+00   1.8750000000e-03
8.2765568627e+00   1.8750000000e-03
8.2820568627e+00   1.8750000000e-03
8.2875568627e+00   1.8750000000e-03
8.2930568627e+00   1.8750000000e-03
8.2985568627e+00   1.8750000000e-03
8.3040568627e+00   1.8750000000e-03
8.3095568627e+00   1.8750000000e-03
8.3150568627e+00   1.8750000000e-03
8.3205568627e+00   1.8750000000e-03
8.3260568627e+00   1.8750000000e-03
8.3315568627e+00   1.8750000000e-03
8.3370568627e+00   1.8750000000e-03
8.3425568627e+00   1.8750000000e-03
8.3480568627e+00   1.8750000000e-03
8.3535568627e+00   1.8750000000e-03
8.3590568627e+00   1.8750000000e-03
8.3645568627e+00   1.8750000000e-03
8.3700568627e+00   1.8750000000e-03
8.3755568627e+00   1.8750000000e-03
8.3810568627e+00   1.8750000000e-03
8.3865568627e+00   1.8750000000e-03
8.3920568627e+00   1.8750000000e-03
8.3975568627e+00   1.8750000000e-03
8.4030568627e+00   1.8750000000e-03
8.4085568627e+00   1.8750000000e-03
8.4140568627e+00   1.8750000000e-03
8.4195568627e+00   1.8750000000e-03
8.4250568627e+00   1.8750000000e-03
8.4305568627e+00   1.8750000000e-03
8.4360568627e+00   1.8750000000e-03
8.4415568627e+00   1.8750000000e-03
8.4470568627e+00   1.8750000000e-03
8.4525568627e+00   1.8750000000e-03
8.4580568627e+00   1.8750000000e-03
8.4635568627e+00   1.8750000000e-03
8.4690568627e+00   1.8750000000e-03
8.4745568627e+00   1.8750000000e-03
8.4800568627e+00   1.8750000000e-03
8.4855568627e+00   1.8750000000e-03
8.4910568627e+00   1.8750000000e-03
8.4965568627e+00   1.8750000000e-03
8.5020568627e+00   1.8750000000e-03
8.5075568627e+00   1.8750000000e-03
8.5130568627e+00   1.8750000000e-03
8.5185568627e+00   1.8750000000e-03
8.5240568627e+00   1.8750000000e-03
8.5295568627e+00   1.8750000000e-03
8.5350568627e+00   1.8750000000e-03
8.5405568627e+00   1.8750000000e-03
8.5460568627e+00   1.8750000000e-03
8.5515568627e+00   1.8750000000e-03
8.5570568627e+00   1.8750000000e-03
8.5625568627e+00   1.8750000000e-03
8.5680568627e+00   1.8750000000e-03
8.5735568627e+00   1.8750000000e-03
8.5790568627e+00   1.8750000000e-03
8.5845568627e+00   1.8750000000e-03
8.5900568627e+00   1.8750000000e-03
8.5955568627e+00   1.8750000000e-03
8.6010568627e+00   1.8750000000e-03
8.6065568627e+00   1.8750000000e-03
8.6120568627e+00   1.8750000000e-03
8.6175568627e+00   1.8750000000e-03
8.6230568627e+00   1.8750000000e-03
8.6285568627e+00   1.8750000000e-03
8.6340568627e+00   1.8750000000e-03
8.6395568627e+00   1.8750000000e-03
8.6450568627e+00   1.8750000000e-03
8.6505568627e+00   1.8750000000e-03
8.6560568627e+00   1.8750000000e-03
8.6615568627e+00   1.8750000000e-03
8.6670568627e+00   1.8750000000e-03
8.6725568627e+00   1.8750000000e-03
8.6780568627e+00   1.8750000000e-03
8.6835568627e+00   1.8750000000e-03
8.6890568627e+00   1.8750000000e-03
8.6945568627e+00   1.8750000000e-03
8.7000568627e+00   1.8750000000e-03
8.7055568627e+00   1.8750000000e-03
8.7110568627e+00   1.8750000000e-03
8.7165568627e+00   1.8750000000e-03
8.7220568627e+00   1.8750000000e-03
8.7275568627e+00   1.8750000000e-03
8.7330568627e+00   1.8750000000e-03
8.7385568627e+00   1.8750000000e-03
8.7440568627e+00   1.8750000000e-03
8.7495568627e+00   1.8750000000e-03
8.7550568627e+00   1.8750000000e-03
8.7605568627e+00   1.8750000000e-03
8.7660568627e+00   1.8750000000e-03
8.7715568627e+00   1.8750000000e-03
8.7770568627e+00   1.8750000000e-03
8.7825568627e+00   1.8750000000e-03
8.7880568627e+00   1.8750000000e-03
8.7935568627e+00   1.8750000000e-03
8.7990568627e+00   1.8750000000e-03
8.8045568627e+00   1.8750000000e-03
8.8100568627e+00   1.8750000000e-03
8.8155568627e+00   1.8750000000e-03
8.8210568627e+00   1.8750000000e-03
8.8265568627e+00   1.8750000000e-03
8.8320568627e+00   1.8750000000e-03
8.8375568627e+00   1.8750000000e-03
8.8430568627e+00   1.8750000000e-03
8.8485568627e+00   1.8750000000e-03
8.8540568627e+00   1.8750000000e-03
8.8595568627e+00   1.8750000000e-03
8.8650568627e+00   1.8750000000e-03
8.8705568627e+00   1.8750000000e-03
8.8760568627e+00   1.8750000000e-03
8.8815568627e+00   1.8750000000e-03
8.8870568627e+00   1.8750000000e-03
8.8925568627e+00   1.8750000000e-03
8.8980568627e+00   1.8750000000e-03
8.9035568627e+00   1.8750000000e-03
8.9090568627e+00   1.8750000000e-03
8.9145568627e+00   1.8750000000e-03
8.9200568627e+00   1.8750000000e-03
8.9255568627e+00   1.8750000000e-03
8.9310568627e+00   1.8750000000e-03
8.9365568627e+00   1.8750000000e-03
8.9420568627e+00   1.8750000000e-03
8.9475568627e+00   1.8750000000e-03
8.9530568627e+00   1.8750000000e-03
8.9585568627e+00   1.8750000000e-03
8.9640568627e+00   1.8750000000e-03
8.9695568627e+00   1.8750000000e-03
8.9750568627e+00   1.8750000000e-03
8.9805568627e+00   1.8750000000e-03
8.9860568627e+00   1.8750000000e-03
8.9915568627e+00   1.8750000000e-03
8.9970568627e+00   1.8750000000e-03
9.0025568627e+00   1.8750000000e-03
9.0080568627e+00   1.8750000000e-03
9.0135568627e+00   1.8750000000e-03
9.0190568627e+00   1.8750000000e-03
9.0245568627e+00   1.8750000000e-03
9.0300568627e+00   1.8750000000e-03
9.0355568627e+00   1.8750000000e-03
9.0410568627e+00   1.8750000000e-03
9.0465568627e+00   1.8750000000e-03
9.0520568627e+00   1.8750000000e-03
9.0575568627e+00   1.8750000000e-03
9.0630568627e+00   1.8750000000e-03
9.0685568627e+00   1.8750000000e-03
9.0740568627e+00   1.8750000000e-03
9.0795568627e+00   1.8750000000e-03
9.0850568627e+00   1.8750000000e-03
9.0905568627e+00   1.8750000000e-03
9.0960568627e+00   1.8750000000e-03
9.1015568627e+00   1.8750000000e-03
9.1070568627e+00   1.8750000000e-03
9.1125568627e+00   1.8750000000e-03
9.1180568627e+00   1.8750000000e-03
9.1235568627e+00   1.8750000000e-03
9.1290568627e+00   1.8750000000e-03
9.1345568627e+00   1.8750000000e-03
9.1400568627e+00   1.8750000000e-03
9.1455568627e+00   1.8750000000e-03
9.1510568627e+00   1.8750000000e-03
9.1565568627e+00   1.8750000000e-03
9.1620568627e+00   1.8750000000e-03
9.1675568627e+00   1.8750000000e-03
9.1730568627e+00   1.8750000000e-03
9.1785568627e+00   1.8750000000e-03
9.1840568627e+00   1.8750000000e-03
9.1895568627e+00   1.8750000000e-03
9.1950568627e+00   1.8750000000e-03
9.2005568627e+00   1.8750000000e-03
9.2060568627e+00   1.8750000000e-03
9.2115568627e+00   1.8750000000e-03
9.2170568627e+00   1.8750000000e-03
9.2225568627e+00   1.8750000000e-03
9.2280568627e+00   1.8750000000e-03
9.2335568627e+00   1.8750000000e-03
9.2390568627e+00   1.8750000000e-03
9.2445568627e+00   1.8750000000e-03
9.2500568627e+00   1.8750000000e-03
9.2555568627e+00   1.8750000000e-03
9.2610568627e+00   1.8750000000e-03
9.2665568627e+00   1.8750000000e-03
9.2720568627e+00   1.8750000000e-03
9.2775568627e+00   1.8750000000e-03
9.2830568627e+00   1.8750000000e-03
9.2885568627e+00   1.8750000000e-03
9.2940568627e+00   1.8750000000e-03
9.2995568627e+00   1.8750000000e-03
9.3050568627e+00   1.8750000000e-03
9.3105568627e+00   1.8750000000e-03
9.3160568627e+00   1.8750000000e-03
9.3215568627e+00   1.8750000000e-03
9.3270568627e+00   1.8750000000e-03
9.3325568627e+00   1.8750000000e-03
9.3380568627e+00   1.8750000000e-03
9.3435568627e+00   1.8750000000e-03
9.3490568627e+00   1.8750000000e-03
9.3545568627e+00   1.8750000000e-03
9.3600568627e+00   1.8750000000e-03
9.3655568627e+00   1.8750000000e-03
9.3710568627e+00   1.8750000000e-03
9.3765568627e+00   1.8750000000e-03
9.3820568627e+00   1.8750000000e-03
9.3875568627e+00   1.8750000000e-03
9.3930568627e+00   1.8750000000e-03
9.3985568627e+00   1.8750000000e-03
9.4040568627e+00   1.8750000000e-03
9.4095568627e+00   1.8750000000e-03
9.4150568627e+00   1.8750000000e-03
9.4205568627e+00   1.8750000000e-03
9.4260568627e+00   1.8750000000e-03
9.4315568627e+00   1.8750000000e-03
9.4370568627e+00   1.8750000000e-03
9.4425568627e+00   1.8750000000e-03
9.4480568627e+00   1.8750000000e-03
9.4535568627e+00   1.8750000000e-03
9.4590568627e+00   1.8750000000e-03
9.4645568627e+00   1.8750000000e-03
9.4700568627e+00   1.8750000000e-03
9.4755568627e+00   1.8750000000e-03
9.4810568627e+00   1.8750000000e-03
9.4865568627e+00   1.8750000000e-03
9.4920568627e+00   1.8750000000e-03
9.4975568627e+00   1.8750000000e-03
9.5030568627e+00   1.8750000000e-03
9.5085568627e+00   1.8750000000e-03
9.5140568627e+00   1.8750000000e-03
9.5195568627e+00   1.8750000000e-03
9.5250568627e+00   1.8750000000e-03
9.5305568627e+00   1.8750000000e-03
9.5360568627e+00   1.8750000000e-03
9.5415568627e+00   1.8750000000e-03
9.5470568627e+00   1.8750000000e-03
9.5525568627e+00   1.8750000000e-03
9.5580568627e+00   1.8750000000e-03
9.5635568627e+00   1.8750000000e-03
9.5690568627e+00   1.8750000000e-03
9.5745568627e+00   1.8750000000e-03
9.5800568627e+00   1.8750000000e-03
9.5855568627e+00   1.8750000000e-03
9.5910568627e+00   1.8750000000e-03
9.5965568627e+00   1.8750000000e-03
9.6020568627e+00   1.8750000000e-03
9.6075568627e+00   1.8750000000e-03
9.6130568627e+00   1.8750000000e-03
9.6185568627e+00   1.8750000000e-03
9.6240568627e+00   1.8750000000e-03
9.6295568627e+00   1.8750000000e-03
9.6350568627e+00   1.8750000000e-03
9.6405568627e+00   1.8750000000e-03
9.6460568627e+00   1.8750000000e-03
9.6515568627e+00   1.8750000000e-03
9.6570568627e+00   1.8750000000e-03
9.6625568627e+00   1.8750000000e-03
9.6680568627e+00   1.8750000000e-03
9.6735568627e+00   1.8750000000e-03
9.6790568627e+00   1.8750000000e-03
9.6845568627e+00   1.8750000000e-03
9.6900568627e+00   1.8750000000e-03
9.6955568627e+00   1.8750000000e-03
9.7010568627e+00   1.8750000000e-03
9.7065568627e+00   1.8750000000e-03
9.7120568627e+00   1.8750000000e-03
9.7175568627e+00   1.8750000000e-03
9.7230568627e+00   1.8750000000e-03
9.7285568627e+00   1.8750000000e-03
9.7340568627e+00   1.8750000000e-03
9.7395568627e+00   1.8750000000e-03
9.7450568627e+00   1.8750000000e-03
9.7505568627e+00   1.8750000000e-03
9.7560568627e+00   1.8750000000e-03
9.7615568627e+00   1.8750000000e-03
9.7670568627e+00   1.8750000000e-03
9.7725568627e+00   1.8750000000e-03
9.7780568627e+00   1.8750000000e-03
9.7835568627e+00   1.8750000000e-03
9.7890568627e+00   1.8750000000e-03
9.7945568627e+00   1.8750000000e-03
9.8000568627e+00   1.8750000000e-03
9.8055568627e+00   1.8750000000e-03
9.8110568627e+00   1.8750000000e-03
9.8165568627e+00   1.8750000000e-03
9.8220568627e+00   1.8750000000e-03
9.8275568627e+00   1.8750000000e-03
9.8330568627e+00   1.8750000000e-03
9.8385568627e+00   1.8750000000e-03
9.8440568627e+00   1.8750000000e-03
9.8495568627e+00   1.8750000000e-03
9.8550568627e+00   1.8750000000e-03
9.8605568627e+00   1.8750000000e-03
9.8660568627e+00   1.8750000000e-03
9.8715568627e+00   1.8750000000e-03
9.8770568627e+00   1.8750000000e-03
9.8825568627e+00   1.8750000000e-03
9.8880568627e+00   1.8750000000e-03
9.8935568627e+00   1.8750000000e-03
9.8990568627e+00   1.8750000000e-03
9.9045568627e+00   1.8750000000e-03
9.9100568627e+00   1.8750000000e-03
9.9155568627e+00   1.8750000000e-03
9.9210568627e+00   1.8750000000e-03
9.9265568627e+00   1.8750000000e-03
9.9320568627e+00   1.8750000000e-03
9.9375568627e+00   1.8750000000e-03
9.9430568627e+00   1.8750000000e-03
9.9485568627e+00   1.8750000000e-03
9.9540568627e+00   1.8750000000e-03
9.9595568627e+00   1.8750000000e-03
9.9650568627e+00   1.8750000000e-03
9.9705568627e+00   1.8750000000e-03
9.9760568627e+00   1.8750000000e-03
9.9815568627e+00   1.8750000000e-03
9.9870568627e+00   1.8750000000e-03
9.9925568627e+00   1.8750000000e-03
9.9980568627e+00   1.8750000000e-03
1.0003556863e+01   1.8750000000e-03
1.0009056863e+01   1.8750000000e-03
1.0014556863e+01   1.8750000000e-03
1.0020056863e+01   1.8750000000e-03
1.0025556863e+01   1.8750000000e-03
1.0031056863e+01   1.8750000000e-03
1.0036556863e+01   1.8750000000e-03
1.0042056863e+01   1.8750000000e-03
1.0047556863e+01   1.8750000000e-03
1.0053056863e+01   1.8750000000e-03
1.0058556863e+01   1.8750000000e-03
1.0064056863e+01   1.8750000000e-03
1.0069556863e+01   1.8750000000e-03
1.0075056863e+01   1.8750000000e-03
1.0080556863e+01   1.8750000000e-03
1.0086056863e+01   1.8750000000e-03
1.0091556863e+01   1.8750000000e-03
1.0097056863e+01   1.8750000000e-03
1.0102556863e+01   1.8750000000e-03
1.0108056863e+01   1.8750000000e-03
1.0113556863e+01   1.8750000000e-03
1.0119056863e+01   1.8750000000e-03
1.0124556863e+01   1.8750000000e-03
1.0130056863e+01   1.8750000000e-03
1.0135556863e+01   1.8750000000e-03
1.0141056863e+01   1.8750000000e-03
1.0146556863e+01   1.8750000000e-03
1.0152056863e+01   1.8750000000e-03
1.0157556863e+01   1.8750000000e-03
1.0163056863e+01   1.8750000000e-03
1.0168556863e+01   1.8750000000e-03
1.0174056863e+01   1.8750000000e-03
1.0179556863e+01   1.8750000000e-03
1.0185056863e+01   1.8750000000e-03
1.0190556863e+01   1.8750000000e-03
1.0196056863e+01   1.8750000000e-03
1.0201556863e+01   1.8750000000e-03
1.0207056863e+01   1.8750000000e-03
1.0212556863e+01   1.8750000000e-03
1.0218056863e+01   1.8750000000e-03
1.0223556863e+01   1.8750000000e-03
1.0229056863e+01   1.8750000000e-03
1.0234556863e+01   1.8750000000e-03
1.0240056863e+01   1.8750000000e-03
1.0245556863e+01   1.8750000000e-03
1.0251056863e+01   1.8750000000e-03
1.0256556863e+01   1.8750000000e-03
1.0262056863e+01   1.8750000000e-03
1.0267556863e+01   1.8750000000e-03
1.0273056863e+01   1.8750000000e-03
1.0278556863e+01   1.8750000000e-03
1.0284056863e+01   1.8750000000e-03
1.0289556863e+01   1.8750000000e-03
1.0295056863e+01   1.8750000000e-03
1.0300556863e+01   1.8750000000e-03
1.0306056863e+01   1.8750000000e-03
1.0311556863e+01   1.8750000000e-03
1.0317056863e+01   1.8750000000e-03
1.0322556863e+01   1.8750000000e-03
1.0328056863e+01   1.8750000000e-03
1.0333556863e+01   1.8750000000e-03
1.0339056863e+01   1.8750000000e-03
1.0344556863e+01   1.8750000000e-03
1.0350056863e+01   1.8750000000e-03
1.0355556863e+01   1.8750000000e-03
1.0361056863e+01   1.8750000000e-03
1.0366556863e+01   1.8750000000e-03
1.0372056863e+01   1.8750000000e-03
1.0377556863e+01   1.8750000000e-03
1.0383056863e+01   1.8750000000e-03
1.0388556863e+01   1.8750000000e-03
1.0394056863e+01   1.8750000000e-03
1.0399556863e+01   1.8750000000e-03
1.0405056863e+01   1.8750000000e-03
1.0410556863e+01   1.8750000000e-03
1.0416056863e+01   1.8750000000e-03
1.0421556863e+01   1.8750000000e-03
1.0427056863e+01   1.8750000000e-03
1.0432556863e+01   1.8750000000e-03
1.0438056863e+01   1.8750000000e-03
1.0443556863e+01   1.8750000000e-03
1.0449056863e+01   1.8750000000e-03
1.0454556863e+01   1.8750000000e-03
1.0460056863e+01   1.8750000000e-03
1.0465556863e+01   1.8750000000e-03
1.0471056863e+01   1.8750000000e-03
1.0476556863e+01   1.8750000000e-03
1.0482056863e+01   1.8750000000e-03
1.0487556863e+01   1.8750000000e-03
1.0493056863e+01   1.8750000000e-03
1.0498556863e+01   1.8750000000e-03
1.0504056863e+01   1.8750000000e-03
1.0509556863e+01   1.8750000000e-03
1.0515056863e+01   1.8750000000e-03
1.0520556863e+01   1.8750000000e-03
1.0526056863e+01   1.8750000000e-03
1.0531556863e+01   1.8750000000e-03
1.0537056863e+01   1.8750000000e-03
1.0542556863e+01   1.8750000000e-03
1.0548056863e+01   1.8750000000e-03
1.0553556863e+01   1.8750000000e-03
1.0559056863e+01   1.8750000000e-03
1.0564556863e+01   1.8750000000e-03
1.0570056863e+01   1.8750000000e-03
1.0575556863e+01   1.8750000000e-03
1.0581056863e+01   1.8750000000e-03
1.0586556863e+01   1.8750000000e-03
1.0592056863e+01   1.8750000000e-03
1.0597556863e+01   1.8750000000e-03
1.0603056863e+01   1.8750000000e-03
1.0608556863e+01   1.8750000000e-03
1.0614056863e+01   1.8750000000e-03
1.0619556863e+01   1.8750000000e-03
1.0625056863e+01   1.8750000000e-03
1.0630556863e+01   1.8750000000e-03
1.0636056863e+01   1.8750000000e-03
1.0641556863e+01   1.8750000000e-03
1.0647056863e+01   1.8750000000e-03
1.0652556863e+01   1.8750000000e-03
1.0658056863e+01   1.8750000000e-03
1.0663556863e+01   1.8750000000e-03
1.0669056863e+01   1.8750000000e-03
1.0674556863e+01   1.8750000000e-03
1.0680056863e+01   1.8750000000e-03
1.0685556863e+01   1.8750000000e-03
1.0691056863e+01   1.8750000000e-03
1.0696556863e+01   1.8750000000e-03
1.0702056863e+01   1.8750000000e-03
1.0707556863e+01   1.8750000000e-03
1.0713056863e+01   1.8750000000e-03
1.0718556863e+01   1.8750000000e-03
1.0724056863e+01   1.8750000000e-03
1.0729556863e+01   1.8750000000e-03
1.0735056863e+01   1.8750000000e-03
1.0740556863e+01   1.8750000000e-03
1.0746056863e+01   1.8750000000e-03
1.0751556863e+01   1.8750000000e-03
1.0757056863e+01   1.8750000000e-03
1.0762556863e+01   1.8750000000e-03
1.0768056863e+01   1.8750000000e-03
1.0773556863e+01   1.8750000000e-03
1.0779056863e+01   1.8750000000e-03
1.0784556863e+01   1.8750000000e-03
1.0790056863e+01   1.8750000000e-03
1.0795556863e+01   1.8750000000e-03
1.0801056863e+01   1.8750000000e-03
1.0806556863e+01   1.8750000000e-03
1.0812056863e+01   1.8750000000e-03
1.0817556863e+01   1.8750000000e-03
1.0823056863e+01   1.8750000000e-03
1.0828556863e+01   1.8750000000e-03
1.0834056863e+01   1.8750000000e-03
1.0839556863e+01   1.8750000000e-03
1.0845056863e+01   1.8750000000e-03
1.0850556863e+01   1.8750000000e-03
1.0856056863e+01   1.8750000000e-03
1.0861556863e+01   1.8750000000e-03
1.0867056863e+01   1.8750000000e-03
1.0872556863e+01   1.8750000000e-03
1.0878056863e+01   1.8750000000e-03
1.0883556863e+01   1.8750000000e-03
1.0889056863e+01   1.8750000000e-03
1.0894556863e+01   1.8750000000e-03
1.0900056863e+01   1.8750000000e-03
1.0905556863e+01   1.8750000000e-03
1.0911056863e+01   1.8750000000e-03
1.0916556863e+01   1.8750000000e-03
1.0922056863e+01   1.8750000000e-03
1.0927556863e+01   1.8750000000e-03
1.0933056863e+01   1.8750000000e-03
1.0938556863e+01   1.8750000000e-03
1.0944056863e+01   1.8750000000e-03
1.0949556863e+01   1.8750000000e-03
1.0955056863e+01   1.8750000000e-03
1.0960556863e+01   1.8750000000e-03
1.0966056863e+01   1.8750000000e-03
1.0971556863e+01   1.8750000000e-03
1.0977056863e+01   1.8750000000e-03
1.0982556863e+01   1.8750000000e-03
1.0988056863e+01   1.8750000000e-03
1.0993556863e+01   1.8750000000e-03
1.0999056863e+01   1.8750000000e-03
1.1004556863e+01   1.8750000000e-03
1.1010056863e+01   1.8750000000e-03
1.1015556863e+01   1.8750000000e-03
1.1021056863e+01   1.8750000000e-03
1.1026556863e+01   1.8750000000e-03
1.1032056863e+01   1.8750000000e-03
1.1037556863e+01   1.8750000000e-03
1.1043056863e+01   1.8750000000e-03
1.1048556863e+01   1.8750000000e-03
1.1054056863e+01   1.8750000000e-03
1.1059556863e+01   1.8750000000e-03
1.1065056863e+01   1.8750000000e-03
1.1070556863e+01   1.8750000000e-03
1.1076056863e+01   1.8750000000e-03
1.1081556863e+01   1.8750000000e-03
1.1087056863e+01   1.8750000000e-03
1.1092556863e+01   1.8750000000e-03
1.1098056863e+01   1.8750000000e-03
1.1103556863e+01   1.8750000000e-03
1.1109056863e+01   1.8750000000e-03
1.1114556863e+01   1.8750000000e-03
1.1120056863e+01   1.8750000000e-03
1.1125556863e+01   1.8750000000e-03
1.1131056863e+01   1.8750000000e-03
1.1136556863e+01   1.8750000000e-03
1.1142056863e+01   1.8750000000e-03
1.1147556863e+01   1.8750000000e-03
1.1153056863e+01   1.8750000000e-03
1.1158556863e+01   1.8750000000e-03
1.1164056863e+01   1.8750000000e-03
1.1169556863e+01   1.8750000000e-03
1.1175056863e+01   1.8750000000e-03
1.1180556863e+01   1.8750000000e-03
1.1186056863e+01   1.8750000000e-03
1.1191556863e+01   1.8750000000e-03
1.1197056863e+01   1.8750000000e-03
1.1202556863e+01   1.8750000000e-03
1.1208056863e+01   1.8750000000e-03
1.1213556863e+01   1.8750000000e-03
1.1219056863e+01   1.8750000000e-03
1.1224556863e+01   1.8750000000e-03
1.1230056863e+01   1.8750000000e-03
1.1235556863e+01   1.8750000000e-03
1.1241056863e+01   1.8750000000e-03
1.1246556863e+01   1.8750000000e-03
1.1252056863e+01   1.8750000000e-03
1.1257556863e+01   1.8750000000e-03
1.1263056863e+01   1.8750000000e-03
1.1268556863e+01   1.8750000000e-03
1.1274056863e+01   1.8750000000e-03
1.1279556863e+01   1.8750000000e-03
1.1285056863e+01   1.8750000000e-03
1.1290556863e+01   1.8750000000e-03
1.1296056863e+01   1.8750000000e-03
1.1301556863e+01   1.8750000000e-03
1.1307056863e+01   1.8750000000e-03
1.1312556863e+01   1.8750000000e-03
1.1318056863e+01   1.8750000000e-03
1.1323556863e+01   1.8750000000e-03
1.1329056863e+01   1.8750000000e-03
1.1334556863e+01   1.8750000000e-03
1.1340056863e+01   1.8750000000e-03
1.1345556863e+01   1.8750000000e-03
1.1351056863e+01   1.8750000000e-03
1.1356556863e+01   1.8750000000e-03
1.1362056863e+01   1.8750000000e-03
1.1367556863e+01   1.8750000000e-03
1.1373056863e+01   1.8750000000e-03
1.1378556863e+01   1.8750000000e-03
1.1384056863e+01   1.8750000000e-03
1.1389556863e+01   1.8750000000e-03
1.1395056863e+01   1.8750000000e-03
1.1400556863e+01   1.8750000000e-03
1.1406056863e+01   1.8750000000e-03
1.1411556863e+01   1.8750000000e-03
1.1417056863e+01   1.8750000000e-03
1.1422556863e+01   1.8750000000e-03
1.1428056863e+01   1.8750000000e-03
1.1433556863e+01   1.8750000000e-03
1.1439056863e+01   1.8750000000e-03
1.1444556863e+01   1.8750000000e-03
1.1450056863e+01   1.8750000000e-03
1.1455556863e+01   1.8750000000e-03
1.1461056863e+01   1.8750000000e-03
1.1466556863e+01   1.8750000000e-03
1.1472056863e+01   1.8750000000e-03
1.1477556863e+01   1.8750000000e-03
1.1483056863e+01   1.8750000000e-03
1.1488556863e+01   1.8750000000e-03
1.1494056863e+01   1.8750000000e-03
1.1499556863e+01   1.8750000000e-03
1.1505056863e+01   1.8750000000e-03
1.1510556863e+01   1.8750000000e-03
1.1516056863e+01   1.8750000000e-03
1.1521556863e+01   1.8750000000e-03
1.1527056863e+01   1.8750000000e-03
1.1532556863e+01   1.8750000000e-03
1.1538056863e+01   1.8750000000e-03
1.1543556863e+01   1.8750000000e-03
1.1549056863e+01   1.8750000000e-03
1.1554556863e+01   1.8750000000e-03
1.1560056863e+01   1.8750000000e-03
1.1565556863e+01   1.8750000000e-03
1.1571056863e+01   1.8750000000e-03
1.1576556863e+01   1.8750000000e-03
1.1582056863e+01   1.8750000000e-03
1.1587556863e+01   1.8750000000e-03
1.1593056863e+01   1.8750000000e-03
1.1598556863e+01   1.8750000000e-03
1.1604056863e+01   1.8750000000e-03
1.1609556863e+01   1.8750000000e-03
1.1615056863e+01   1.8750000000e-03
1.1620556863e+01   1.8750000000e-03
1.1626056863e+01   1.8750000000e-03
1.1631556863e+01   1.8750000000e-03
1.1637056863e+01   1.8750000000e-03
1.1642556863e+01   1.8750000000e-03
1.1648056863e+01   1.8750000000e-03
1.1653556863e+01   1.8750000000e-03
1.1659056863e+01   1.8750000000e-03
1.1664556863e+01   1.8750000000e-03
1.1670056863e+01   1.8750000000e-03
1.1675556863e+01   1.8750000000e-03
1.1681056863e+01   1.8750000000e-03
1.1686556863e+01   1.8750000000e-03
1.1692056863e+01   1.8750000000e-03
1.1697556863e+01   1.8750000000e-03
1.1703056863e+01   1.8750000000e-03
1.1708556863e+01   1.8750000000e-03
1.1714056863e+01   1.8750000000e-03
1.1719556863e+01   1.8750000000e-03
1.1725056863e+01   1.8750000000e-03
1.1730556863e+01   1.8750000000e-03
1.1736056863e+01   1.8750000000e-03
1.1741556863e+01   1.8750000000e-03
1.1747056863e+01   1.8750000000e-03
1.1752556863e+01   1.8750000000e-03
1.1758056863e+01   1.8750000000e-03
1.1763556863e+01   1.8750000000e-03
1.1769056863e+01   1.8750000000e-03
1.1774556863e+01   1.8750000000e-03
1.1780056863e+01   1.8750000000e-03
1.1785556863e+01   1.8750000000e-03
1.1791056863e+01   1.8750000000e-03
1.1796556863e+01   1.8750000000e-03
1.1802056863e+01   1.8750000000e-03
1.1807556863e+01   1.8750000000e-03
1.1813056863e+01   1.8750000000e-03
1.1818556863e+01   1.8750000000e-03
1.1824056863e+01   1.8750000000e-03
1.1829556863e+01   1.8750000000e-03
1.1835056863e+01   1.8750000000e-03
1.1840556863e+01   1.8750000000e-03
1.1846056863e+01   1.8750000000e-03
1.1851556863e+01   1.8750000000e-03
1.1857056863e+01   1.8750000000e-03
1.1862556863e+01   1.8750000000e-03
1.1868056863e+01   1.8750000000e-03
1.1873556863e+01   1.8750000000e-03
1.1879056863e+01   1.8750000000e-03
1.1884556863e+01   1.8750000000e-03
1.1890056863e+01   1.8750000000e-03
1.1895556863e+01   1.8750000000e-03
1.1901056863e+01   1.8750000000e-03
1.1906556863e+01   1.8750000000e-03
1.1912056863e+01   1.8750000000e-03
1.1917556863e+01   1.8750000000e-03
1.1923056863e+01   1.8750000000e-03
1.1928556863e+01   1.8750000000e-03
1.1934056863e+01   1.8750000000e-03
1.1939556863e+01   1.8750000000e-03
1.1945056863e+01   1.8750000000e-03
1.1950556863e+01   1.8750000000e-03
1.1956056863e+01   1.8750000000e-03
1.1961556863e+01   1.8750000000e-03
1.1967056863e+01   1.8750000000e-03
1.1972556863e+01   1.8750000000e-03
1.1978056863e+01   1.8750000000e-03
1.1983556863e+01   1.8750000000e-03
1.1989056863e+01   1.8750000000e-03
1.1994556863e+01   1.8750000000e-03
1.2000056863e+01   1.8750000000e-03
1.2005556863e+01   1.8750000000e-03
1.2011056863e+01   1.8750000000e-03
1.2016556863e+01   1.8750000000e-03
1.2022056863e+01   1.8750000000e-03
1.2027556863e+01   1.8750000000e-03
1.2033056863e+01   1.8750000000e-03
1.2038556863e+01   1.8750000000e-03
1.2044056863e+01   1.8750000000e-03
1.2049556863e+01   1.8750000000e-03
1.2055056863e+01   1.8750000000e-03
1.2060556863e+01   1.8750000000e-03
1.2066056863e+01   1.8750000000e-03
1.2071556863e+01   1.8750000000e-03
1.2077056863e+01   1.8750000000e-03
1.2082556863e+01   1.8750000000e-03
1.2088056863e+01   1.8750000000e-03
1.2093556863e+01   1.8750000000e-03
1.2099056863e+01   1.8750000000e-03
1.2104556863e+01   1.8750000000e-03
1.2110056863e+01   1.8750000000e-03
1.2115556863e+01   1.8750000000e-03
1.2121056863e+01   1.8750000000e-03
1.2126556863e+01   1.8750000000e-03
1.2132056863e+01   1.8750000000e-03
1.2137556863e+01   1.8750000000e-03
1.2143056863e+01   1.8750000000e-03
1.2148556863e+01   1.8750000000e-03
1.2154056863e+01   1.8750000000e-03
1.2159556863e+01   1.8750000000e-03
1.2165056863e+01   1.8750000000e-03
1.2170556863e+01   1.8750000000e-03
1.2176056863e+01   1.8750000000e-03
1.2181556863e+01   1.8750000000e-03
1.2187056863e+01   1.8750000000e-03
1.2192556863e+01   1.8750000000e-03
1.2198056863e+01   1.8750000000e-03
1.2203556863e+01   1.8750000000e-03
1.2209056863e+01   1.8750000000e-03
1.2214556863e+01   1.8750000000e-03
1.2220056863e+01   1.8750000000e-03
1.2225556863e+01   1.8750000000e-03
1.2231056863e+01   1.8750000000e-03
1.2236556863e+01   1.8750000000e-03
1.2242056863e+01   1.8750000000e-03
1.2247556863e+01   1.8750000000e-03
1.2253056863e+01   1.8750000000e-03
1.2258556863e+01   1.8750000000e-03
1.2264056863e+01   1.8750000000e-03
1.2269556863e+01   1.8750000000e-03
1.2275056863e+01   1.8750000000e-03
1.2280556863e+01   1.8750000000e-03
1.2286056863e+01   1.8750000000e-03
1.2291556863e+01   1.8750000000e-03
1.2297056863e+01   1.8750000000e-03
1.2302556863e+01   1.8750000000e-03
1.2308056863e+01   1.8750000000e-03
1.2313556863e+01   1.8750000000e-03
1.2319056863e+01   1.8750000000e-03
1.2324556863e+01   1.8750000000e-03
1.2330056863e+01   1.8750000000e-03
1.2335556863e+01   1.8750000000e-03
1.2341056863e+01   1.8750000000e-03
1.2346556863e+01   1.8750000000e-03
1.2352056863e+01   1.8750000000e-03
1.2357556863e+01   1.8750000000e-03
1.2363056863e+01   1.8750000000e-03
1.2368556863e+01   1.8750000000e-03
1.2374056863e+01   1.8750000000e-03
1.2379556863e+01   1.8750000000e-03
1.2385056863e+01   1.8750000000e-03
1.2390556863e+01   1.8750000000e-03
1.2396056863e+01   1.8750000000e-03
1.2401556863e+01   1.8750000000e-03
1.2407056863e+01   1.8750000000e-03
1.2412556863e+01   1.8750000000e-03
1.2418056863e+01   1.8750000000e-03
1.2423556863e+01   1.8750000000e-03
1.2429056863e+01   1.8750000000e-03
1.2434556863e+01   1.8750000000e-03
1.2440056863e+01   1.8750000000e-03
1.2445556863e+01   1.8750000000e-03
1.2451056863e+01   1.8750000000e-03
1.2456556863e+01   1.8750000000e-03
1.2462056863e+01   1.8750000000e-03
1.2467556863e+01   1.8750000000e-03
1.2473056863e+01   1.8750000000e-03
1.2478556863e+01   1.8750000000e-03
1.2484056863e+01   1.8750000000e-03
1.2489556863e+01   1.8750000000e-03
1.2495056863e+01   1.8750000000e-03
1.2500556863e+01   1.8750000000e-03
1.2506056863e+01   1.8750000000e-03
1.2511556863e+01   1.8750000000e-03
1.2517056863e+01   1.8750000000e-03
1.2522556863e+01   1.8750000000e-03
1.2528056863e+01   1.8750000000e-03
1.2533556863e+01   1.8750000000e-03
1.2539056863e+01   1.8750000000e-03
1.2544556863e+01   1.8750000000e-03
1.2550056863e+01   1.8750000000e-03
1.2555556863e+01   1.8750000000e-03
1.2561056863e+01   1.8750000000e-03
1.2566556863e+01   1.8750000000e-03
1.2572056863e+01   1.8750000000e-03
1.2577556863e+01   1.8750000000e-03
1.2583056863e+01   1.8750000000e-03
1.2588556863e+01   1.8750000000e-03
1.2594056863e+01   1.8750000000e-03
1.2599556863e+01   1.8750000000e-03
1.2605056863e+01   1.8750000000e-03
1.2610556863e+01   1.8750000000e-03
1.2616056863e+01   1.8750000000e-03
1.2621556863e+01   1.8750000000e-03
1.2627056863e+01   1.8750000000e-03
1.2632556863e+01   1.8750000000e-03
1.2638056863e+01   1.8750000000e-03
1.2643556863e+01   1.8750000000e-03
1.2649056863e+01   1.8750000000e-03
1.2654556863e+01   1.8750000000e-03
1.2660056863e+01   1.8750000000e-03
1.2665556863e+01   1.8750000000e-03
1.2671056863e+01   1.8750000000e-03
1.2676556863e+01   1.8750000000e-03
1.2682056863e+01   1.8750000000e-03
1.2687556863e+01   1.8750000000e-03
1.2693056863e+01   1.8750000000e-03
1.2698556863e+01   1.8750000000e-03
1.2704056863e+01   1.8750000000e-03
1.2709556863e+01   1.8750000000e-03
1.2715056863e+01   1.8750000000e-03
1.2720556863e+01   1.8750000000e-03
1.2726056863e+01   1.8750000000e-03
1.2731556863e+01   1.8750000000e-03
1.2737056863e+01   1.8750000000e-03
1.2742556863e+01   1.8750000000e-03
1.2748056863e+01   1.8750000000e-03
1.2753556863e+01   1.8750000000e-03
1.2759056863e+01   1.8750000000e-03
1.2764556863e+01   1.8750000000e-03
1.2770056863e+01   1.8750000000e-03
1.2775556863e+01   1.8750000000e-03
1.2781056863e+01   1.8750000000e-03
1.2786556863e+01   1.8750000000e-03
1.2792056863e+01   1.8750000000e-03
1.2797556863e+01   1.8750000000e-03
1.2803056863e+01   1.8750000000e-03
1.2808556863e+01   1.8750000000e-03
1.2814056863e+01   1.8750000000e-03
1.2819556863e+01   1.8750000000e-03
1.2825056863e+01   1.8750000000e-03
1.2830556863e+01   1.8750000000e-03
1.2836056863e+01   1.8750000000e-03
1.2841556863e+01   1.8750000000e-03
1.2847056863e+01   1.8750000000e-03
1.2852556863e+01   1.8750000000e-03
1.2858056863e+01   1.8750000000e-03
1.2863556863e+01   1.8750000000e-03
1.2869056863e+01   1.8750000000e-03
1.2874556863e+01   1.8750000000e-03
1.2880056863e+01   1.8750000000e-03
1.2885556863e+01   1.8750000000e-03
1.2891056863e+01   1.8750000000e-03
1.2896556863e+01   1.8750000000e-03
1.2902056863e+01   1.8750000000e-03
1.2907556863e+01   1.8750000000e-03
1.2913056863e+01   1.8750000000e-03
1.2918556863e+01   1.8750000000e-03
1.2924056863e+01   1.8750000000e-03
1.2929556863e+01   1.8750000000e-03
1.2935056863e+01   1.8750000000e-03
1.2940556863e+01   1.8750000000e-03
1.2946056863e+01   1.8750000000e-03
1.2951556863e+01   1.8750000000e-03
1.2957056863e+01   1.8750000000e-03
1.2962556863e+01   1.8750000000e-03
1.2968056863e+01   1.8750000000e-03
1.2973556863e+01   1.8750000000e-03
1.2979056863e+01   1.8750000000e-03
1.2984556863e+01   1.8750000000e-03
1.2990056863e+01   1.8750000000e-03
1.2995556863e+01   1.8750000000e-03
1.3001056863e+01   1.8750000000e-03
1.3006556863e+01   1.8750000000e-03
1.3012056863e+01   1.8750000000e-03
1.3017556863e+01   1.8750000000e-03
1.3023056863e+01   1.8750000000e-03
1.3028556863e+01   1.8750000000e-03
1.3034056863e+01   1.8750000000e-03
1.3039556863e+01   1.8750000000e-03
1.3045056863e+01   1.8750000000e-03
1.3050556863e+01   1.8750000000e-03
1.3056056863e+01   1.8750000000e-03
1.3061556863e+01   1.8750000000e-03
1.3067056863e+01   1.8750000000e-03
1.3072556863e+01   1.8750000000e-03
1.3078056863e+01   1.8750000000e-03
1.3083556863e+01   1.8750000000e-03
1.3089056863e+01   1.8750000000e-03
1.3094556863e+01   1.8750000000e-03
1.3100056863e+01   1.8750000000e-03
1.3105556863e+01   1.8750000000e-03
1.3111056863e+01   1.8750000000e-03
1.3116556863e+01   1.8750000000e-03
1.3122056863e+01   1.8750000000e-03
1.3127556863e+01   1.8750000000e-03
1.3133056863e+01   1.8750000000e-03
1.3138556863e+01   1.8750000000e-03
1.3144056863e+01   1.8750000000e-03
1.3149556863e+01   1.8750000000e-03
1.3155056863e+01   1.8750000000e-03
1.3160556863e+01   1.8750000000e-03
1.3166056863e+01   1.8750000000e-03
1.3171556863e+01   1.8750000000e-03
1.3177056863e+01   1.8750000000e-03
1.3182556863e+01   1.8750000000e-03
1.3188056863e+01   1.8750000000e-03
1.3193556863e+01   1.8750000000e-03
1.3199056863e+01   1.8750000000e-03
1.3204556863e+01   1.8750000000e-03
1.3210056863e+01   1.8750000000e-03
1.3215556863e+01   1.8750000000e-03
1.3221056863e+01   1.8750000000e-03
1.3226556863e+01   1.8750000000e-03
1.3232056863e+01   1.8750000000e-03
1.3237556863e+01   1.8750000000e-03
1.3243056863e+01   1.8750000000e-03
1.3248556863e+01   1.8750000000e-03
1.3254056863e+01   1.8750000000e-03
1.3259556863e+01   1.8750000000e-03
1.3265056863e+01   1.8750000000e-03
1.3270556863e+01   1.8750000000e-03
1.3276056863e+01   1.8750000000e-03
1.3281556863e+01   1.8750000000e-03
1.3287056863e+01   1.8750000000e-03
1.3292556863e+01   1.8750000000e-03
1.3298056863e+01   1.8750000000e-03
1.3303556863e+01   1.8750000000e-03
1.3309056863e+01   1.8750000000e-03
1.3314556863e+01   1.8750000000e-03
1.3320056863e+01   1.8750000000e-03
1.3325556863e+01   1.8750000000e-03
1.3331056863e+01   1.8750000000e-03
1.3336556863e+01   1.8750000000e-03
1.3342056863e+01   1.8750000000e-03
1.3347556863e+01   1.8750000000e-03
1.3353056863e+01   1.8750000000e-03
1.3358556863e+01   1.8750000000e-03
1.3364056863e+01   1.8750000000e-03
1.3369556863e+01   1.8750000000e-03
1.3375056863e+01   1.8750000000e-03
1.3380556863e+01   1.8750000000e-03
1.3386056863e+01   1.8750000000e-03
1.3391556863e+01   1.8750000000e-03
1.3397056863e+01   1.8750000000e-03
1.3402556863e+01   1.8750000000e-03
1.3408056863e+01   1.8750000000e-03
1.3413556863e+01   1.8750000000e-03
1.3419056863e+01   1.8750000000e-03
1.3424556863e+01   1.8750000000e-03
1.3430056863e+01   1.8750000000e-03
1.3435556863e+01   1.8750000000e-03
1.3441056863e+01   1.8750000000e-03
1.3446556863e+01   1.8750000000e-03
1.3452056863e+01   1.8750000000e-03
1.3457556863e+01   1.8750000000e-03
1.3463056863e+01   1.8750000000e-03
1.3468556863e+01   1.8750000000e-03
1.3474056863e+01   1.8750000000e-03
1.3479556863e+01   1.8750000000e-03
1.3485056863e+01   1.8750000000e-03
1.3490556863e+01   1.8750000000e-03
1.3496056863e+01   1.8750000000e-03
1.3501556863e+01   1.8750000000e-03
1.3507056863e+01   1.8750000000e-03
1.3512556863e+01   1.8750000000e-03
1.3518056863e+01   1.8750000000e-03
1.3523556863e+01   1.8750000000e-03
1.3529056863e+01   1.8750000000e-03
1.3534556863e+01   1.8750000000e-03
1.3540056863e+01   1.8750000000e-03
1.3545556863e+01   1.8750000000e-03
1.3551056863e+01   1.8750000000e-03
1.3556556863e+01   1.8750000000e-03
1.3562056863e+01   1.8750000000e-03
1.3567556863e+01   1.8750000000e-03
1.3573056863e+01   1.8750000000e-03
1.3578556863e+01   1.8750000000e-03
1.3584056863e+01   1.8750000000e-03
1.3589556863e+01   1.8750000000e-03
1.3595056863e+01   1.8750000000e-03
1.3600556863e+01   1.8750000000e-03
1.3606056863e+01   1.8750000000e-03
1.3611556863e+01   1.8750000000e-03
1.3617056863e+01   1.8750000000e-03
1.3622556863e+01   1.8750000000e-03
1.3628056863e+01   1.8750000000e-03
1.3633556863e+01   1.8750000000e-03
1.3639056863e+01   1.8750000000e-03
1.3644556863e+01   1.8750000000e-03
1.3650056863e+01   1.8750000000e-03
1.3655556863e+01   1.8750000000e-03
1.3661056863e+01   1.8750000000e-03
1.3666556863e+01   1.8750000000e-03
1.3672056863e+01   1.8750000000e-03
1.3677556863e+01   1.8750000000e-03
1.3683056863e+01   1.8750000000e-03
1.3688556863e+01   1.8750000000e-03
1.3694056863e+01   1.8750000000e-03
1.3699556863e+01   1.8750000000e-03
1.3705056863e+01   1.8750000000e-03
1.3710556863e+01   1.8750000000e-03
1.3716056863e+01   1.8750000000e-03
1.3721556863e+01   1.8750000000e-03
1.3727056863e+01   1.8750000000e-03
1.3732556863e+01   1.8750000000e-03
1.3738056863e+01   1.8750000000e-03
1.3743556863e+01   1.8750000000e-03
1.3749056863e+01   1.8750000000e-03
1.3754556863e+01   1.8750000000e-03
1.3760056863e+01   1.8750000000e-03
1.3765556863e+01   1.8750000000e-03
1.3771056863e+01   1.8750000000e-03
1.3776556863e+01   1.8750000000e-03
1.3782056863e+01   1.8750000000e-03
1.3787556863e+01   1.8750000000e-03
1.3793056863e+01   1.8750000000e-03
1.3798556863e+01   1.8750000000e-03
1.3804056863e+01   1.8750000000e-03
1.3809556863e+01   1.8750000000e-03
1.3815056863e+01   1.8750000000e-03
1.3820556863e+01   1.8750000000e-03
1.3826056863e+01   1.8750000000e-03
1.3831556863e+01   1.8750000000e-03
1.3837056863e+01   1.8750000000e-03
1.3842556863e+01   1.8750000000e-03
1.3848056863e+01   1.8750000000e-03
1.3853556863e+01   1.8750000000e-03
1.3859056863e+01   1.8750000000e-03
1.3864556863e+01   1.8750000000e-03
1.3870056863e+01   1.8750000000e-03
1.3875556863e+01   1.8750000000e-03
1.3881056863e+01   1.8750000000e-03
1.3886556863e+01   1.8750000000e-03
1.3892056863e+01   1.8750000000e-03
1.3897556863e+01   1.8750000000e-03
1.3903056863e+01   1.8750000000e-03
1.3908556863e+01   1.8750000000e-03
1.3914056863e+01   1.8750000000e-03
1.3919556863e+01   1.8750000000e-03
1.3925056863e+01   1.8750000000e-03
1.3930556863e+01   1.8750000000e-03
1.3936056863e+01   1.8750000000e-03
1.3941556863e+01   1.8750000000e-03
1.3947056863e+01   1.8750000000e-03
1.3952556863e+01   1.8750000000e-03
1.3958056863e+01   1.8750000000e-03
1.3963556863e+01   1.8750000000e-03
1.3969056863e+01   1.8750000000e-03
1.3974556863e+01   1.8750000000e-03
1.3980056863e+01   1.8750000000e-03
1.3985556863e+01   1.8750000000e-03
1.3991056863e+01   1.8750000000e-03
1.3996556863e+01   1.8750000000e-03
1.4002056863e+01   1.8750000000e-03
1.4007556863e+01   1.8750000000e-03
1.4013056863e+01   1.8750000000e-03
1.4018556863e+01   1.8750000000e-03
1.4024056863e+01   1.8750000000e-03
1.4029556863e+01   1.8750000000e-03
1.4035056863e+01   1.8750000000e-03
1.4040556863e+01   1.8750000000e-03
1.4046056863e+01   1.8750000000e-03
1.4051556863e+01   1.8750000000e-03
1.4057056863e+01   1.8750000000e-03
1.4062556863e+01   1.8750000000e-03
1.4068056863e+01   1.8750000000e-03
1.4073556863e+01   1.8750000000e-03
1.4079056863e+01   1.8750000000e-03
1.4084556863e+01   1.8750000000e-03
1.4090056863e+01   1.8750000000e-03
1.4095556863e+01   1.8750000000e-03
1.4101056863e+01   1.8750000000e-03
1.4106556863e+01   1.8750000000e-03
1.4112056863e+01   1.8750000000e-03
1.4117556863e+01   1.8750000000e-03
1.4123056863e+01   1.8750000000e-03
1.4128556863e+01   1.8750000000e-03
1.4134056863e+01   1.8750000000e-03
1.4139556863e+01   1.8750000000e-03
1.4145056863e+01   1.8750000000e-03
1.4150556863e+01   1.8750000000e-03
1.4156056863e+01   1.8750000000e-03
1.4161556863e+01   1.8750000000e-03
1.4167056863e+01   1.8750000000e-03
1.4172556863e+01   1.8750000000e-03
1.4178056863e+01   1.8750000000e-03
1.4183556863e+01   1.8750000000e-03
1.4189056863e+01   1.8750000000e-03
1.4194556863e+01   1.8750000000e-03
1.4200056863e+01   1.8750000000e-03
1.4205556863e+01   1.8750000000e-03
1.4211056863e+01   1.8750000000e-03
1.4216556863e+01   1.8750000000e-03
1.4222056863e+01   1.8750000000e-03
1.4227556863e+01   1.8750000000e-03
1.4233056863e+01   1.8750000000e-03
1.4238556863e+01   1.8750000000e-03
1.4244056863e+01   1.8750000000e-03
1.4249556863e+01   1.8750000000e-03
1.4255056863e+01   1.8750000000e-03
1.4260556863e+01   1.8750000000e-03
1.4266056863e+01   1.8750000000e-03
1.4271556863e+01   1.8750000000e-03
1.4277056863e+01   1.8750000000e-03
1.4282556863e+01   1.8750000000e-03
1.4288056863e+01   1.8750000000e-03
1.4293556863e+01   1.8750000000e-03
1.4299056863e+01   1.8750000000e-03
1.4304556863e+01   1.8750000000e-03
1.4310056863e+01   1.8750000000e-03
1.4315556863e+01   1.8750000000e-03
1.4321056863e+01   1.8750000000e-03
1.4326556863e+01   1.8750000000e-03
1.4332056863e+01   1.8750000000e-03
1.4337556863e+01   1.8750000000e-03
1.4343056863e+01   1.8750000000e-03
1.4348556863e+01   1.8750000000e-03
1.4354056863e+01   1.8750000000e-03
1.4359556863e+01   1.8750000000e-03
1.4365056863e+01   1.8750000000e-03
1.4370556863e+01   1.8750000000e-03
1.4376056863e+01   1.8750000000e-03
1.4381556863e+01   1.8750000000e-03
1.4387056863e+01   1.8750000000e-03
1.4392556863e+01   1.8750000000e-03
1.4398056863e+01   1.8750000000e-03
1.4403556863e+01   1.8750000000e-03
1.4409056863e+01   1.8750000000e-03
1.4414556863e+01   1.8750000000e-03
1.4420056863e+01   1.8750000000e-03
1.4425556863e+01   1.8750000000e-03
1.4431056863e+01   1.8750000000e-03
1.4436556863e+01   1.8750000000e-03
1.4442056863e+01   1.8750000000e-03
1.4447556863e+01   1.8750000000e-03
1.4453056863e+01   1.8750000000e-03
1.4458556863e+01   1.8750000000e-03
1.4464056863e+01   1.8750000000e-03
1.4469556863e+01   1.8750000000e-03
1.4475056863e+01   1.8750000000e-03
1.4480556863e+01   1.8750000000e-03
1.4486056863e+01   1.8750000000e-03
1.4491556863e+01   1.8750000000e-03
1.4497056863e+01   1.8750000000e-03
1.4502556863e+01   1.8750000000e-03
1.4508056863e+01   1.8750000000e-03
1.4513556863e+01   1.8750000000e-03
1.4519056863e+01   1.8750000000e-03
1.4524556863e+01   1.8750000000e-03
1.4530056863e+01   1.8750000000e-03
1.4535556863e+01   1.8750000000e-03
1.4541056863e+01   1.8750000000e-03
1.4546556863e+01   1.8750000000e-03
1.4552056863e+01   1.8750000000e-03
1.4557556863e+01   1.8750000000e-03
1.4563056863e+01   1.8750000000e-03
1.4568556863e+01   1.8750000000e-03
1.4574056863e+01   1.8750000000e-03
1.4579556863e+01   1.8750000000e-03
1.4585056863e+01   1.8750000000e-03
1.4590556863e+01   1.8750000000e-03
1.4596056863e+01   1.8750000000e-03
1.4601556863e+01   1.8750000000e-03
1.4607056863e+01   1.8750000000e-03
1.4612556863e+01   1.8750000000e-03
1.4618056863e+01   1.8750000000e-03
1.4623556863e+01   1.8750000000e-03
1.4629056863e+01   1.8750000000e-03
1.4634556863e+01   1.8750000000e-03
1.4640056863e+01   1.8750000000e-03
1.4645556863e+01   1.8750000000e-03
1.4651056863e+01   1.8750000000e-03
1.4656556863e+01   1.8750000000e-03
1.4662056863e+01   1.8750000000e-03
1.4667556863e+01   1.8750000000e-03
1.4673056863e+01   1.8750000000e-03
1.4678556863e+01   1.8750000000e-03
1.4684056863e+01   1.8750000000e-03
1.4689556863e+01   1.8750000000e-03
1.4695056863e+01   1.8750000000e-03
1.4700556863e+01   1.8750000000e-03
1.4706056863e+01   1.8750000000e-03
1.4711556863e+01   1.8750000000e-03
1.4717056863e+01   1.8750000000e-03
1.4722556863e+01   1.8750000000e-03
1.4728056863e+01   1.8750000000e-03
1.4733556863e+01   1.8750000000e-03
1.4739056863e+01   1.8750000000e-03
1.4744556863e+01   1.8750000000e-03
1.4750056863e+01   1.8750000000e-03
1.4755556863e+01   1.8750000000e-03
1.4761056863e+01   1.8750000000e-03
1.4766556863e+01   1.8750000000e-03
1.4772056863e+01   1.8750000000e-03
1.4777556863e+01   1.8750000000e-03
1.4783056863e+01   1.8750000000e-03
1.4788556863e+01   1.8750000000e-03
1.4794056863e+01   1.8750000000e-03
1.4799556863e+01   1.8750000000e-03
1.4805056863e+01   1.8750000000e-03
1.4810556863e+01   1.8750000000e-03
1.4816056863e+01   1.8750000000e-03
1.4821556863e+01   1.8750000000e-03
1.4827056863e+01   1.8750000000e-03
1.4832556863e+01   1.8750000000e-03
1.4838056863e+01   1.8750000000e-03
1.4843556863e+01   1.8750000000e-03
1.4849056863e+01   1.8750000000e-03
1.4854556863e+01   1.8750000000e-03
1.4860056863e+01   1.8750000000e-03
1.4865556863e+01   1.8750000000e-03
1.4871056863e+01   1.8750000000e-03
1.4876556863e+01   1.8750000000e-03
1.4882056863e+01   1.8750000000e-03
1.4887556863e+01   1.8750000000e-03
1.4893056863e+01   1.8750000000e-03
1.4898556863e+01   1.8750000000e-03
1.4904056863e+01   1.8750000000e-03
1.4909556863e+01   1.8750000000e-03
1.4915056863e+01   1.8750000000e-03
1.4920556863e+01   1.8750000000e-03
1.4926056863e+01   1.8750000000e-03
1.4931556863e+01   1.8750000000e-03
1.4937056863e+01   1.8750000000e-03
1.4942556863e+01   1.8750000000e-03
1.4948056863e+01   1.8750000000e-03
1.4953556863e+01   1.8750000000e-03
1.4959056863e+01   1.8750000000e-03
1.4964556863e+01   1.8750000000e-03
1.4970056863e+01   1.8750000000e-03
1.4975556863e+01   1.8750000000e-03
1.4981056863e+01   1.8750000000e-03
1.4986556863e+01   1.8750000000e-03
1.4992056863e+01   1.8750000000e-03
1.4997556863e+01   1.8750000000e-03
1.5003056863e+01   1.8750000000e-03
1.5008556863e+01   1.8750000000e-03
1.5014056863e+01   1.8750000000e-03
1.5019556863e+01   1.8750000000e-03
1.5025056863e+01   1.8750000000e-03
1.5030556863e+01   1.8750000000e-03
1.5036056863e+01   1.8750000000e-03
1.5041556863e+01   1.8750000000e-03
1.5047056863e+01   1.8750000000e-03
1.5052556863e+01   1.8750000000e-03
1.5058056863e+01   1.8750000000e-03
1.5063556863e+01   1.8750000000e-03
1.5069056863e+01   1.8750000000e-03
1.5074556863e+01   1.8750000000e-03
1.5080056863e+01   1.8750000000e-03
1.5085556863e+01   1.8750000000e-03
1.5091056863e+01   1.8750000000e-03
1.5096556863e+01   1.8750000000e-03
1.5102056863e+01   1.8750000000e-03
1.5107556863e+01   1.8750000000e-03
1.5113056863e+01   1.8750000000e-03
1.5118556863e+01   1.8750000000e-03
1.5124056863e+01   1.8750000000e-03
1.5129556863e+01   1.8750000000e-03
1.5135056863e+01   1.8750000000e-03
1.5140556863e+01   1.8750000000e-03
1.5146056863e+01   1.8750000000e-03
1.5151556863e+01   1.8750000000e-03
1.5157056863e+01   1.8750000000e-03
1.5162556863e+01   1.8750000000e-03
1.5168056863e+01   1.8750000000e-03
1.5173556863e+01   1.8750000000e-03
1.5179056863e+01   1.8750000000e-03
1.5184556863e+01   1.8750000000e-03
1.5190056863e+01   1.8750000000e-03
1.5195556863e+01   1.8750000000e-03
1.5201056863e+01   1.8750000000e-03
1.5206556863e+01   1.8750000000e-03
1.5212056863e+01   1.8750000000e-03
1.5217556863e+01   1.8750000000e-03
1.5223056863e+01   1.8750000000e-03
1.5228556863e+01   1.8750000000e-03
1.5234056863e+01   1.8750000000e-03
1.5239556863e+01   1.8750000000e-03
1.5245056863e+01   1.8750000000e-03
1.5250556863e+01   1.8750000000e-03
1.5256056863e+01   1.8750000000e-03
1.5261556863e+01   1.8750000000e-03
1.5267056863e+01   1.8750000000e-03
1.5272556863e+01   1.8750000000e-03
1.5278056863e+01   1.8750000000e-03
1.5283556863e+01   1.8750000000e-03
1.5289056863e+01   1.8750000000e-03
1.5294556863e+01   1.8750000000e-03
1.5300056863e+01   1.8750000000e-03
1.5305556863e+01   1.8750000000e-03
1.5311056863e+01   1.8750000000e-03
1.5316556863e+01   1.8750000000e-03
1.5322056863e+01   1.8750000000e-03
1.5327556863e+01   1.8750000000e-03
1.5333056863e+01   1.8750000000e-03
1.5338556863e+01   1.8750000000e-03
1.5344056863e+01   1.8750000000e-03
1.5349556863e+01   1.8750000000e-03
1.5355056863e+01   1.8750000000e-03
1.5360556863e+01   1.8750000000e-03
1.5366056863e+01   1.8750000000e-03
1.5371556863e+01   1.8750000000e-03
1.5377056863e+01   1.8750000000e-03
1.5382556863e+01   1.8750000000e-03
1.5388056863e+01   1.8750000000e-03
1.5393556863e+01   1.8750000000e-03
1.5399056863e+01   1.8750000000e-03
1.5404556863e+01   1.8750000000e-03
1.5410056863e+01   1.8750000000e-03
1.5415556863e+01   1.8750000000e-03
1.5421056863e+01   1.8750000000e-03
1.5426556863e+01   1.8750000000e-03
1.5432056863e+01   1.8750000000e-03
1.5437556863e+01   1.8750000000e-03
1.5443056863e+01   1.8750000000e-03
1.5448556863e+01   1.8750000000e-03
1.5454056863e+01   1.8750000000e-03
1.5459556863e+01   1.8750000000e-03
1.5465056863e+01   1.8750000000e-03
1.5470556863e+01   1.8750000000e-03
1.5476056863e+01   1.8750000000e-03
1.5481556863e+01   1.8750000000e-03
1.5487056863e+01   1.8750000000e-03
1.5492556863e+01   1.8750000000e-03
1.5498056863e+01   1.8750000000e-03
1.5503556863e+01   1.8750000000e-03
1.5509056863e+01   1.8750000000e-03
1.5514556863e+01   1.8750000000e-03
1.5520056863e+01   1.8750000000e-03
1.5525556863e+01   1.8750000000e-03
1.5531056863e+01   1.8750000000e-03
1.5536556863e+01   1.8750000000e-03
1.5542056863e+01   1.8750000000e-03
1.5547556863e+01   1.8750000000e-03
1.5553056863e+01   1.8750000000e-03
1.5558556863e+01   1.8750000000e-03
1.5564056863e+01   1.8750000000e-03
1.5569556863e+01   1.8750000000e-03
1.5575056863e+01   1.8750000000e-03
1.5580556863e+01   1.8750000000e-03
1.5586056863e+01   1.8750000000e-03
1.5591556863e+01   1.8750000000e-03
1.5597056863e+01   1.8750000000e-03
1.5602556863e+01   1.8750000000e-03
1.5608056863e+01   1.8750000000e-03
1.5613556863e+01   1.8750000000e-03
1.5619056863e+01   1.8750000000e-03
1.5624556863e+01   1.8750000000e-03
1.5630056863e+01   1.8750000000e-03
1.5635556863e+01   1.8750000000e-03
1.5641056863e+01   1.8750000000e-03
1.5646556863e+01   1.8750000000e-03
1.5652056863e+01   1.8750000000e-03
1.5657556863e+01   1.8750000000e-03
1.5663056863e+01   1.8750000000e-03
1.5668556863e+01   1.8750000000e-03
1.5674056863e+01   1.8750000000e-03
1.5679556863e+01   1.8750000000e-03
1.5685056863e+01   1.8750000000e-03
1.5690556863e+01   1.8750000000e-03
1.5696056863e+01   1.8750000000e-03
1.5701556863e+01   1.8750000000e-03
1.5707056863e+01   1.8750000000e-03
1.5712556863e+01   1.8750000000e-03
1.5718056863e+01   1.8750000000e-03
1.5723556863e+01   1.8750000000e-03
1.5729056863e+01   1.8750000000e-03
1.5734556863e+01   1.8750000000e-03
1.5740056863e+01   1.8750000000e-03
1.5745556863e+01   1.8750000000e-03
1.5751056863e+01   1.8750000000e-03
1.5756556863e+01   1.8750000000e-03
1.5762056863e+01   1.8750000000e-03
1.5767556863e+01   1.8750000000e-03
1.5773056863e+01   1.8750000000e-03
1.5778556863e+01   1.8750000000e-03
1.5784056863e+01   1.8750000000e-03
1.5789556863e+01   1.8750000000e-03
1.5795056863e+01   1.8750000000e-03
1.5800556863e+01   1.8750000000e-03
1.5806056863e+01   1.8750000000e-03
1.5811556863e+01   1.8750000000e-03
1.5817056863e+01   1.8750000000e-03
1.5822556863e+01   1.8750000000e-03
1.5828056863e+01   1.8750000000e-03
1.5833556863e+01   1.8750000000e-03
1.5839056863e+01   1.8750000000e-03
1.5844556863e+01   1.8750000000e-03
1.5850056863e+01   1.8750000000e-03
1.5855556863e+01   1.8750000000e-03
1.5861056863e+01   1.8750000000e-03
1.5866556863e+01   1.8750000000e-03
1.5872056863e+01   1.8750000000e-03
1.5877556863e+01   1.8750000000e-03
1.5883056863e+01   1.8750000000e-03
1.5888556863e+01   1.8750000000e-03
1.5894056863e+01   1.8750000000e-03
1.5899556863e+01   1.8750000000e-03
1.5905056863e+01   1.8750000000e-03
1.5910556863e+01   1.8750000000e-03
1.5916056863e+01   1.8750000000e-03
1.5921556863e+01   1.8750000000e-03
1.5927056863e+01   1.8750000000e-03
1.5932556863e+01   1.8750000000e-03
1.5938056863e+01   1.8750000000e-03
1.5943556863e+01   1.8750000000e-03
1.5949056863e+01   1.8750000000e-03
1.5954556863e+01   1.8750000000e-03
1.5960056863e+01   1.8750000000e-03
1.5965556863e+01   1.8750000000e-03
1.5971056863e+01   1.8750000000e-03
1.5976556863e+01   1.8750000000e-03
1.5982056863e+01   1.8750000000e-03
1.5987556863e+01   1.8750000000e-03
1.5993056863e+01   1.8750000000e-03
1.5998556863e+01   1.8750000000e-03
1.6004056863e+01   1.8750000000e-03
1.6009556863e+01   1.8750000000e-03
1.6015056863e+01   1.8750000000e-03
1.6020556863e+01   1.8750000000e-03
1.6026056863e+01   1.8750000000e-03
1.6031556863e+01   1.8750000000e-03
1.6037056863e+01   1.8750000000e-03
1.6042556863e+01   1.8750000000e-03
1.6048056863e+01   1.8750000000e-03
1.6053556863e+01   1.8750000000e-03
1.6059056863e+01   1.8750000000e-03
1.6064556863e+01   1.8750000000e-03
1.6070056863e+01   1.8750000000e-03
1.6075556863e+01   1.8750000000e-03
1.6081056863e+01   1.8750000000e-03
1.6086556863e+01   1.8750000000e-03
1.6092056863e+01   1.8750000000e-03
1.6097556863e+01   1.8750000000e-03
1.6103056863e+01   1.8750000000e-03
1.6108556863e+01   1.8750000000e-03
1.6114056863e+01   1.8750000000e-03
1.6119556863e+01   1.8750000000e-03
1.6125056863e+01   1.8750000000e-03
1.6130556863e+01   1.8750000000e-03
1.6136056863e+01   1.8750000000e-03
1.6141556863e+01   1.8750000000e-03
1.6147056863e+01   1.8750000000e-03
1.6152556863e+01   1.8750000000e-03
1.6158056863e+01   1.8750000000e-03
1.6163556863e+01   1.8750000000e-03
1.6169056863e+01   1.8750000000e-03
1.6174556863e+01   1.8750000000e-03
1.6180056863e+01   1.8750000000e-03
1.6185556863e+01   1.8750000000e-03
1.6191056863e+01   1.8750000000e-03
1.6196556863e+01   1.8750000000e-03
1.6202056863e+01   1.8750000000e-03
1.6207556863e+01   1.8750000000e-03
1.6213056863e+01   1.8750000000e-03
1.6218556863e+01   1.8750000000e-03
1.6224056863e+01   1.8750000000e-03
1.6229556863e+01   1.8750000000e-03
1.6235056863e+01   1.8750000000e-03
1.6240556863e+01   1.8750000000e-03
1.6246056863e+01   1.8750000000e-03
1.6251556863e+01   1.8750000000e-03
1.6257056863e+01   1.8750000000e-03
1.6262556863e+01   1.8750000000e-03
1.6268056863e+01   1.8750000000e-03
1.6273556863e+01   1.8750000000e-03
1.6279056863e+01   1.8750000000e-03
1.6284556863e+01   1.8750000000e-03
1.6290056863e+01   1.8750000000e-03
1.6295556863e+01   1.8750000000e-03
1.6301056863e+01   1.8750000000e-03
1.6306556863e+01   1.8750000000e-03
1.6312056863e+01   1.8750000000e-03
1.6317556863e+01   1.8750000000e-03
1.6323056863e+01   1.8750000000e-03
1.6328556863e+01   1.8750000000e-03
1.6334056863e+01   1.8750000000e-03
1.6339556863e+01   1.8750000000e-03
1.6345056863e+01   1.8750000000e-03
1.6350556863e+01   1.8750000000e-03
1.6356056863e+01   1.8750000000e-03
1.6361556863e+01   1.8750000000e-03
1.6367056863e+01   1.8750000000e-03
1.6372556863e+01   1.8750000000e-03
1.6378056863e+01   1.8750000000e-03
1.6383556863e+01   1.8750000000e-03
1.6389056863e+01   1.8750000000e-03
1.6394556863e+01   1.8750000000e-03
1.6400056863e+01   1.8750000000e-03
1.6405556863e+01   1.8750000000e-03
1.6411056863e+01   1.8750000000e-03
1.6416556863e+01   1.8750000000e-03
1.6422056863e+01   1.8750000000e-03
1.6427556863e+01   1.8750000000e-03
1.6433056863e+01   1.8750000000e-03
1.6438556863e+01   1.8750000000e-03
1.6444056863e+01   1.8750000000e-03
1.6449556863e+01   1.8750000000e-03
1.6455056863e+01   1.8750000000e-03
1.6460556863e+01   1.8750000000e-03
1.6466056863e+01   1.8750000000e-03
1.6471556863e+01   1.8750000000e-03
1.6477056863e+01   1.8750000000e-03
1.6482556863e+01   1.8750000000e-03
1.6488056863e+01   1.8750000000e-03
1.6493556863e+01   1.8750000000e-03
1.6499056863e+01   1.8750000000e-03
1.6504556863e+01   1.8750000000e-03
1.6510056863e+01   1.8750000000e-03
1.6515556863e+01   1.8750000000e-03
1.6521056863e+01   1.8750000000e-03
1.6526556863e+01   1.8750000000e-03
1.6532056863e+01   1.8750000000e-03
1.6537556863e+01   1.8750000000e-03
1.6543056863e+01   1.8750000000e-03
1.6548556863e+01   1.8750000000e-03
1.6554056863e+01   1.8750000000e-03
1.6559556863e+01   1.8750000000e-03
1.6565056863e+01   1.8750000000e-03
1.6570556863e+01   1.8750000000e-03
1.6576056863e+01   1.8750000000e-03
1.6581556863e+01   1.8750000000e-03
1.6587056863e+01   1.8750000000e-03
1.6592556863e+01   1.8750000000e-03
1.6598056863e+01   1.8750000000e-03
1.6603556863e+01   1.8750000000e-03
1.6609056863e+01   1.8750000000e-03
1.6614556863e+01   1.8750000000e-03
1.6620056863e+01   1.8750000000e-03
1.6625556863e+01   1.8750000000e-03
1.6631056863e+01   1.8750000000e-03
1.6636556863e+01   1.8750000000e-03
1.6642056863e+01   1.8750000000e-03
1.6647556863e+01   1.8750000000e-03
1.6653056863e+01   1.8750000000e-03
1.6658556863e+01   1.8750000000e-03
1.6664056863e+01   1.8750000000e-03
1.6669556863e+01   1.8750000000e-03
1.6675056863e+01   1.8750000000e-03
1.6680556863e+01   1.8750000000e-03
1.6686056863e+01   1.8750000000e-03
1.6691556863e+01   1.8750000000e-03
1.6697056863e+01   1.8750000000e-03
1.6702556863e+01   1.8750000000e-03
1.6708056863e+01   1.8750000000e-03
1.6713556863e+01   1.8750000000e-03
1.6719056863e+01   1.8750000000e-03
1.6724556863e+01   1.8750000000e-03
1.6730056863e+01   1.8750000000e-03
1.6735556863e+01   1.8750000000e-03
1.6741056863e+01   1.8750000000e-03
1.6746556863e+01   1.8750000000e-03
1.6752056863e+01   1.8750000000e-03
1.6757556863e+01   1.8750000000e-03
1.6763056863e+01   1.8750000000e-03
1.6768556863e+01   1.8750000000e-03
1.6774056863e+01   1.8750000000e-03
1.6779556863e+01   1.8750000000e-03
1.6785056863e+01   1.8750000000e-03
1.6790556863e+01   1.8750000000e-03
1.6796056863e+01   1.8750000000e-03
1.6801556863e+01   1.8750000000e-03
1.6807056863e+01   1.8750000000e-03
1.6812556863e+01   1.8750000000e-03
1.6818056863e+01   1.8750000000e-03
1.6823556863e+01   1.8750000000e-03
1.6829056863e+01   1.8750000000e-03
1.6834556863e+01   1.8750000000e-03
1.6840056863e+01   1.8750000000e-03
1.6845556863e+01   1.8750000000e-03
1.6851056863e+01   1.8750000000e-03
1.6856556863e+01   1.8750000000e-03
1.6862056863e+01   1.8750000000e-03
1.6867556863e+01   1.8750000000e-03
1.6873056863e+01   1.8750000000e-03
1.6878556863e+01   1.8750000000e-03
1.6884056863e+01   1.8750000000e-03
1.6889556863e+01   1.8750000000e-03
1.6895056863e+01   1.8750000000e-03
1.6900556863e+01   1.8750000000e-03
1.6906056863e+01   1.8750000000e-03
1.6911556863e+01   1.8750000000e-03
1.6917056863e+01   1.8750000000e-03
1.6922556863e+01   1.8750000000e-03
1.6928056863e+01   1.8750000000e-03
1.6933556863e+01   1.8750000000e-03
1.6939056863e+01   1.8750000000e-03
1.6944556863e+01   1.8750000000e-03
1.6950056863e+01   1.8750000000e-03
1.6955556863e+01   1.8750000000e-03
1.6961056863e+01   1.8750000000e-03
1.6966556863e+01   1.8750000000e-03
1.6972056863e+01   1.8750000000e-03
1.6977556863e+01   1.8750000000e-03
1.6983056863e+01   1.8750000000e-03
1.6988556863e+01   1.8750000000e-03
1.6994056863e+01   1.8750000000e-03
1.6999556863e+01   1.8750000000e-03
1.7005056863e+01   1.8750000000e-03
1.7010556863e+01   1.8750000000e-03
1.7016056863e+01   1.8750000000e-03
1.7021556863e+01   1.8750000000e-03
1.7027056863e+01   1.8750000000e-03
1.7032556863e+01   1.8750000000e-03
1.7038056863e+01   1.8750000000e-03
1.7043556863e+01   1.8750000000e-03
1.7049056863e+01   1.8750000000e-03
1.7054556863e+01   1.8750000000e-03
1.7060056863e+01   1.8750000000e-03
1.7065556863e+01   1.8750000000e-03
1.7071056863e+01   1.8750000000e-03
1.7076556863e+01   1.8750000000e-03
1.7082056863e+01   1.8750000000e-03
1.7087556863e+01   1.8750000000e-03
1.7093056863e+01   1.8750000000e-03
1.7098556863e+01   1.8750000000e-03
1.7104056863e+01   1.8750000000e-03
1.7109556863e+01   1.8750000000e-03
1.7115056863e+01   1.8750000000e-03
1.7120556863e+01   1.8750000000e-03
1.7126056863e+01   1.8750000000e-03
1.7131556863e+01   1.8750000000e-03
1.7137056863e+01   1.8750000000e-03
1.7142556863e+01   1.8750000000e-03
1.7148056863e+01   1.8750000000e-03
1.7153556863e+01   1.8750000000e-03
1.7159056863e+01   1.8750000000e-03
1.7164556863e+01   1.8750000000e-03
1.7170056863e+01   1.8750000000e-03
1.7175556863e+01   1.8750000000e-03
1.7181056863e+01   1.8750000000e-03
1.7186556863e+01   1.8750000000e-03
1.7192056863e+01   1.8750000000e-03
1.7197556863e+01   1.8750000000e-03
1.7203056863e+01   1.8750000000e-03
1.7208556863e+01   1.8750000000e-03
1.7214056863e+01   1.8750000000e-03
1.7219556863e+01   1.8750000000e-03
1.7225056863e+01   1.8750000000e-03
1.7230556863e+01   1.8750000000e-03
1.7236056863e+01   1.8750000000e-03
1.7241556863e+01   1.8750000000e-03
1.7247056863e+01   1.8750000000e-03
1.7252556863e+01   1.8750000000e-03
1.7258056863e+01   1.8750000000e-03
1.7263556863e+01   1.8750000000e-03
1.7269056863e+01   1.8750000000e-03
1.7274556863e+01   1.8750000000e-03
1.7280056863e+01   1.8750000000e-03
1.7285556863e+01   1.8750000000e-03
1.7291056863e+01   1.8750000000e-03
1.7296556863e+01   1.8750000000e-03
1.7302056863e+01   1.8750000000e-03
1.7307556863e+01   1.8750000000e-03
1.7313056863e+01   1.8750000000e-03
1.7318556863e+01   1.8750000000e-03
1.7324056863e+01   1.8750000000e-03
1.7329556863e+01   1.8750000000e-03
1.7335056863e+01   1.8750000000e-03
1.7340556863e+01   1.8750000000e-03
1.7346056863e+01   1.8750000000e-03
1.7351556863e+01   1.8750000000e-03
1.7357056863e+01   1.8750000000e-03
1.7362556863e+01   1.8750000000e-03
1.7368056863e+01   1.8750000000e-03
1.7373556863e+01   1.8750000000e-03
1.7379056863e+01   1.8750000000e-03
1.7384556863e+01   1.8750000000e-03
1.7390056863e+01   1.8750000000e-03
1.7395556863e+01   1.8750000000e-03
1.7401056863e+01   1.8750000000e-03
1.7406556863e+01   1.8750000000e-03
1.7412056863e+01   1.8750000000e-03
1.7417556863e+01   1.8750000000e-03
1.7423056863e+01   1.8750000000e-03
1.7428556863e+01   1.8750000000e-03
1.7434056863e+01   1.8750000000e-03
1.7439556863e+01   1.8750000000e-03
1.7445056863e+01   1.8750000000e-03
1.7450556863e+01   1.8750000000e-03
1.7456056863e+01   1.8750000000e-03
1.7461556863e+01   1.8750000000e-03
1.7467056863e+01   1.8750000000e-03
1.7472556863e+01   1.8750000000e-03
1.7478056863e+01   1.8750000000e-03
1.7483556863e+01   1.8750000000e-03
1.7489056863e+01   1.8750000000e-03
1.7494556863e+01   1.8750000000e-03
1.7500056863e+01   1.8750000000e-03
1.7505556863e+01   1.8750000000e-03
1.7511056863e+01   1.8750000000e-03
1.7516556863e+01   1.8750000000e-03
1.7522056863e+01   1.8750000000e-03
1.7527556863e+01   1.8750000000e-03
1.7533056863e+01   1.8750000000e-03
1.7538556863e+01   1.8750000000e-03
1.7544056863e+01   1.8750000000e-03
1.7549556863e+01   1.8750000000e-03
1.7555056863e+01   1.8750000000e-03
1.7560556863e+01   1.8750000000e-03
1.7566056863e+01   1.8750000000e-03
1.7571556863e+01   1.8750000000e-03
1.7577056863e+01   1.8750000000e-03
1.7582556863e+01   1.8750000000e-03
1.7588056863e+01   1.8750000000e-03
1.7593556863e+01   1.8750000000e-03
1.7599056863e+01   1.8750000000e-03
1.7604556863e+01   1.8750000000e-03
1.7610056863e+01   1.8750000000e-03
1.7615556863e+01   1.8750000000e-03
1.7621056863e+01   1.8750000000e-03
1.7626556863e+01   1.8750000000e-03
1.7632056863e+01   1.8750000000e-03
1.7637556863e+01   1.8750000000e-03
1.7643056863e+01   1.8750000000e-03
1.7648556863e+01   1.8750000000e-03
1.7654056863e+01   1.8750000000e-03
1.7659556863e+01   1.8750000000e-03
1.7665056863e+01   1.8750000000e-03
1.7670556863e+01   1.8750000000e-03
1.7676056863e+01   1.8750000000e-03
1.7681556863e+01   1.8750000000e-03
1.7687056863e+01   1.8750000000e-03
1.7692556863e+01   1.8750000000e-03
1.7698056863e+01   1.8750000000e-03
1.7703556863e+01   1.8750000000e-03
1.7709056863e+01   1.8750000000e-03
1.7714556863e+01   1.8750000000e-03
1.7720056863e+01   1.8750000000e-03
1.7725556863e+01   1.8750000000e-03
1.7731056863e+01   1.8750000000e-03
1.7736556863e+01   1.8750000000e-03
1.7742056863e+01   1.8750000000e-03
1.7747556863e+01   1.8750000000e-03
1.7753056863e+01   1.8750000000e-03
1.7758556863e+01   1.8750000000e-03
1.7764056863e+01   1.8750000000e-03
1.7769556863e+01   1.8750000000e-03
1.7775056863e+01   1.8750000000e-03
1.7780556863e+01   1.8750000000e-03
1.7786056863e+01   1.8750000000e-03
1.7791556863e+01   1.8750000000e-03
1.7797056863e+01   1.8750000000e-03
1.7802556863e+01   1.8750000000e-03
1.7808056863e+01   1.8750000000e-03
1.7813556863e+01   1.8750000000e-03
1.7819056863e+01   1.8750000000e-03
1.7824556863e+01   1.8750000000e-03
1.7830056863e+01   1.8750000000e-03
1.7835556863e+01   1.8750000000e-03
1.7841056863e+01   1.8750000000e-03
1.7846556863e+01   1.8750000000e-03
1.7852056863e+01   1.8750000000e-03
1.7857556863e+01   1.8750000000e-03
1.7863056863e+01   1.8750000000e-03
1.7868556863e+01   1.8750000000e-03
1.7874056863e+01   1.8750000000e-03
1.7879556863e+01   1.8750000000e-03
1.7885056863e+01   1.8750000000e-03
1.7890556863e+01   1.8750000000e-03
1.7896056863e+01   1.8750000000e-03
1.7901556863e+01   1.8750000000e-03
1.7907056863e+01   1.8750000000e-03
1.7912556863e+01   1.8750000000e-03
1.7918056863e+01   1.8750000000e-03
1.7923556863e+01   1.8750000000e-03
1.7929056863e+01   1.8750000000e-03
1.7934556863e+01   1.8750000000e-03
1.7940056863e+01   1.8750000000e-03
1.7945556863e+01   1.8750000000e-03
1.7951056863e+01   1.8750000000e-03
1.7956556863e+01   1.8750000000e-03
1.7962056863e+01   1.8750000000e-03
1.7967556863e+01   1.8750000000e-03
1.7973056863e+01   1.8750000000e-03
1.7978556863e+01   1.8750000000e-03
1.7984056863e+01   1.8750000000e-03
1.7989556863e+01   1.8750000000e-03
1.7995056863e+01   1.8750000000e-03
1.8000556863e+01   1.8750000000e-03
1.8006056863e+01   1.8750000000e-03
1.8011556863e+01   1.8750000000e-03
1.8017056863e+01   1.8750000000e-03
1.8022556863e+01   1.8750000000e-03
1.8028056863e+01   1.8750000000e-03
1.8033556863e+01   1.8750000000e-03
1.8039056863e+01   1.8750000000e-03
1.8044556863e+01   1.8750000000e-03
1.8050056863e+01   1.8750000000e-03
1.8055556863e+01   1.8750000000e-03
1.8061056863e+01   1.8750000000e-03
1.8066556863e+01   1.8750000000e-03
1.8072056863e+01   1.8750000000e-03
1.8077556863e+01   1.8750000000e-03
1.8083056863e+01   1.8750000000e-03
1.8088556863e+01   1.8750000000e-03
1.8094056863e+01   1.8750000000e-03
1.8099556863e+01   1.8750000000e-03
1.8105056863e+01   1.8750000000e-03
1.8110556863e+01   1.8750000000e-03
1.8116056863e+01   1.8750000000e-03
1.8121556863e+01   1.8750000000e-03
1.8127056863e+01   1.8750000000e-03
1.8132556863e+01   1.8750000000e-03
1.8138056863e+01   1.8750000000e-03
1.8143556863e+01   1.8750000000e-03
1.8149056863e+01   1.8750000000e-03
1.8154556863e+01   1.8750000000e-03
1.8160056863e+01   1.8750000000e-03
1.8165556863e+01   1.8750000000e-03
1.8171056863e+01   1.8750000000e-03
1.8176556863e+01   1.8750000000e-03
1.8182056863e+01   1.8750000000e-03
1.8187556863e+01   1.8750000000e-03
1.8193056863e+01   1.8750000000e-03
1.8198556863e+01   1.8750000000e-03
1.8204056863e+01   1.8750000000e-03
1.8209556863e+01   1.8750000000e-03
1.8215056863e+01   1.8750000000e-03
1.8220556863e+01   1.8750000000e-03
1.8226056863e+01   1.8750000000e-03
1.8231556863e+01   1.8750000000e-03
1.8237056863e+01   1.8750000000e-03
1.8242556863e+01   1.8750000000e-03
1.8248056863e+01   1.8750000000e-03
1.8253556863e+01   1.8750000000e-03
1.8259056863e+01   1.8750000000e-03
1.8264556863e+01   1.8750000000e-03
1.8270056863e+01   1.8750000000e-03
1.8275556863e+01   1.8750000000e-03
1.8281056863e+01   1.8750000000e-03
1.8286556863e+01   1.8750000000e-03
1.8292056863e+01   1.8750000000e-03
1.8297556863e+01   1.8750000000e-03
1.8303056863e+01   1.8750000000e-03
1.8308556863e+01   1.8750000000e-03
1.8314056863e+01   1.8750000000e-03
1.8319556863e+01   1.8750000000e-03
1.8325056863e+01   1.8750000000e-03
1.8330556863e+01   1.8750000000e-03
1.8336056863e+01   1.8750000000e-03
1.8341556863e+01   1.8750000000e-03
1.8347056863e+01   1.8750000000e-03
1.8352556863e+01   1.8750000000e-03
1.8358056863e+01   1.8750000000e-03
1.8363556863e+01   1.8750000000e-03
1.8369056863e+01   1.8750000000e-03
1.8374556863e+01   1.8750000000e-03
1.8380056863e+01   1.8750000000e-03
1.8385556863e+01   1.8750000000e-03
1.8391056863e+01   1.8750000000e-03
1.8396556863e+01   1.8750000000e-03
1.8402056863e+01   1.8750000000e-03
1.8407556863e+01   1.8750000000e-03
1.8413056863e+01   1.8750000000e-03
1.8418556863e+01   1.8750000000e-03
1.8424056863e+01   1.8750000000e-03
1.8429556863e+01   1.8750000000e-03
1.8435056863e+01   1.8750000000e-03
1.8440556863e+01   1.8750000000e-03
1.8446056863e+01   1.8750000000e-03
1.8451556863e+01   1.8750000000e-03
1.8457056863e+01   1.8750000000e-03
1.8462556863e+01   1.8750000000e-03
1.8468056863e+01   1.8750000000e-03
1.8473556863e+01   1.8750000000e-03
1.8479056863e+01   1.8750000000e-03
1.8484556863e+01   1.8750000000e-03
1.8490056863e+01   1.8750000000e-03
1.8495556863e+01   1.8750000000e-03
1.8501056863e+01   1.8750000000e-03
1.8506556863e+01   1.8750000000e-03
1.8512056863e+01   1.8750000000e-03
1.8517556863e+01   1.8750000000e-03
1.8523056863e+01   1.8750000000e-03
1.8528556863e+01   1.8750000000e-03
1.8534056863e+01   1.8750000000e-03
1.8539556863e+01   1.8750000000e-03
1.8545056863e+01   1.8750000000e-03
1.8550556863e+01   1.8750000000e-03
1.8556056863e+01   1.8750000000e-03
1.8561556863e+01   1.8750000000e-03
1.8567056863e+01   1.8750000000e-03
1.8572556863e+01   1.8750000000e-03
1.8578056863e+01   1.8750000000e-03
1.8583556863e+01   1.8750000000e-03
1.8589056863e+01   1.8750000000e-03
1.8594556863e+01   1.8750000000e-03
1.8600056863e+01   1.8750000000e-03
1.8605556863e+01   1.8750000000e-03
1.8611056863e+01   1.8750000000e-03
1.8616556863e+01   1.8750000000e-03
1.8622056863e+01   1.8750000000e-03
1.8627556863e+01   1.8750000000e-03
1.8633056863e+01   1.8750000000e-03
1.8638556863e+01   1.8750000000e-03
1.8644056863e+01   1.8750000000e-03
1.8649556863e+01   1.8750000000e-03
1.8655056863e+01   1.8750000000e-03
1.8660556863e+01   1.8750000000e-03
1.8666056863e+01   1.8750000000e-03
1.8671556863e+01   1.8750000000e-03
1.8677056863e+01   1.8750000000e-03
1.8682556863e+01   1.8750000000e-03
1.8688056863e+01   1.8750000000e-03
1.8693556863e+01   1.8750000000e-03
1.8699056863e+01   1.8750000000e-03
1.8704556863e+01   1.8750000000e-03
1.8710056863e+01   1.8750000000e-03
1.8715556863e+01   1.8750000000e-03
1.8721056863e+01   1.8750000000e-03
1.8726556863e+01   1.8750000000e-03
1.8732056863e+01   1.8750000000e-03
1.8737556863e+01   1.8750000000e-03
1.8743056863e+01   1.8750000000e-03
1.8748556863e+01   1.8750000000e-03
1.8754056863e+01   1.8750000000e-03
1.8759556863e+01   1.8750000000e-03
1.8765056863e+01   1.8750000000e-03
1.8770556863e+01   1.8750000000e-03
1.8776056863e+01   1.8750000000e-03
1.8781556863e+01   1.8750000000e-03
1.8787056863e+01   1.8750000000e-03
1.8792556863e+01   1.8750000000e-03
1.8798056863e+01   1.8750000000e-03
1.8803556863e+01   1.8750000000e-03
1.8809056863e+01   1.8750000000e-03
1.8814556863e+01   1.8750000000e-03
1.8820056863e+01   1.8750000000e-03
1.8825556863e+01   1.8750000000e-03
1.8831056863e+01   1.8750000000e-03
1.8836556863e+01   1.8750000000e-03
1.8842056863e+01   1.8750000000e-03
1.8847556863e+01   1.8750000000e-03
1.8853056863e+01   1.8750000000e-03
1.8858556863e+01   1.8750000000e-03
1.8864056863e+01   1.8750000000e-03
1.8869556863e+01   1.8750000000e-03
1.8875056863e+01   1.8750000000e-03
1.8880556863e+01   1.8750000000e-03
1.8886056863e+01   1.8750000000e-03
1.8891556863e+01   1.8750000000e-03
1.8897056863e+01   1.8750000000e-03
1.8902556863e+01   1.8750000000e-03
1.8908056863e+01   1.8750000000e-03
1.8913556863e+01   1.8750000000e-03
1.8919056863e+01   1.8750000000e-03
1.8924556863e+01   1.8750000000e-03
1.8930056863e+01   1.8750000000e-03
1.8935556863e+01   1.8750000000e-03
1.8941056863e+01   1.8750000000e-03
1.8946556863e+01   1.8750000000e-03
1.8952056863e+01   1.8750000000e-03
1.8957556863e+01   1.8750000000e-03
1.8963056863e+01   1.8750000000e-03
1.8968556863e+01   1.8750000000e-03
1.8974056863e+01   1.8750000000e-03
1.8979556863e+01   1.8750000000e-03
1.8985056863e+01   1.8750000000e-03
1.8990556863e+01   1.8750000000e-03
1.8996056863e+01   1.8750000000e-03
1.9001556863e+01   1.8750000000e-03
1.9007056863e+01   1.8750000000e-03
1.9012556863e+01   1.8750000000e-03
1.9018056863e+01   1.8750000000e-03
1.9023556863e+01   1.8750000000e-03
1.9029056863e+01   1.8750000000e-03
1.9034556863e+01   1.8750000000e-03
1.9040056863e+01   1.8750000000e-03
1.9045556863e+01   1.8750000000e-03
1.9051056863e+01   1.8750000000e-03
1.9056556863e+01   1.8750000000e-03
1.9062056863e+01   1.8750000000e-03
1.9067556863e+01   1.8750000000e-03
1.9073056863e+01   1.8750000000e-03
1.9078556863e+01   1.8750000000e-03
1.9084056863e+01   1.8750000000e-03
1.9089556863e+01   1.8750000000e-03
1.9095056863e+01   1.8750000000e-03
1.9100556863e+01   1.8750000000e-03
1.9106056863e+01   1.8750000000e-03
1.9111556863e+01   1.8750000000e-03
1.9117056863e+01   1.8750000000e-03
1.9122556863e+01   1.8750000000e-03
1.9128056863e+01   1.8750000000e-03
1.9133556863e+01   1.8750000000e-03
1.9139056863e+01   1.8750000000e-03
1.9144556863e+01   1.8750000000e-03
1.9150056863e+01   1.8750000000e-03
1.9155556863e+01   1.8750000000e-03
1.9161056863e+01   1.8750000000e-03
1.9166556863e+01   1.8750000000e-03
1.9172056863e+01   1.8750000000e-03
1.9177556863e+01   1.8750000000e-03
1.9183056863e+01   1.8750000000e-03
1.9188556863e+01   1.8750000000e-03
1.9194056863e+01   1.8750000000e-03
1.9199556863e+01   1.8750000000e-03
1.9205056863e+01   1.8750000000e-03
1.9210556863e+01   1.8750000000e-03
1.9216056863e+01   1.8750000000e-03
1.9221556863e+01   1.8750000000e-03
1.9227056863e+01   1.8750000000e-03
1.9232556863e+01   1.8750000000e-03
1.9238056863e+01   1.8750000000e-03
1.9243556863e+01   1.8750000000e-03
1.9249056863e+01   1.8750000000e-03
1.9254556863e+01   1.8750000000e-03
1.9260056863e+01   1.8750000000e-03
1.9265556863e+01   1.8750000000e-03
1.9271056863e+01   1.8750000000e-03
1.9276556863e+01   1.8750000000e-03
1.9282056863e+01   1.8750000000e-03
1.9287556863e+01   1.8750000000e-03
1.9293056863e+01   1.8750000000e-03
1.9298556863e+01   1.8750000000e-03
1.9304056863e+01   1.8750000000e-03
1.9309556863e+01   1.8750000000e-03
1.9315056863e+01   1.8750000000e-03
1.9320556863e+01   1.8750000000e-03
1.9326056863e+01   1.8750000000e-03
1.9331556863e+01   1.8750000000e-03
1.9337056863e+01   1.8750000000e-03
1.9342556863e+01   1.8750000000e-03
1.9348056863e+01   1.8750000000e-03
1.9353556863e+01   1.8750000000e-03
1.9359056863e+01   1.8750000000e-03
1.9364556863e+01   1.8750000000e-03
1.9370056863e+01   1.8750000000e-03
1.9375556863e+01   1.8750000000e-03
1.9381056863e+01   1.8750000000e-03
1.9386556863e+01   1.8750000000e-03
1.9392056863e+01   1.8750000000e-03
1.9397556863e+01   1.8750000000e-03
1.9403056863e+01   1.8750000000e-03
1.9408556863e+01   1.8750000000e-03
1.9414056863e+01   1.8750000000e-03
1.9419556863e+01   1.8750000000e-03
1.9425056863e+01   1.8750000000e-03
1.9430556863e+01   1.8750000000e-03
1.9436056863e+01   1.8750000000e-03
1.9441556863e+01   1.8750000000e-03
1.9447056863e+01   1.8750000000e-03
1.9452556863e+01   1.8750000000e-03
1.9458056863e+01   1.8750000000e-03
1.9463556863e+01   1.8750000000e-03
1.9469056863e+01   1.8750000000e-03
1.9474556863e+01   1.8750000000e-03
1.9480056863e+01   1.8750000000e-03
1.9485556863e+01   1.8750000000e-03
1.9491056863e+01   1.8750000000e-03
1.9496556863e+01   1.8750000000e-03
1.9502056863e+01   1.8750000000e-03
1.9507556863e+01   1.8750000000e-03
1.9513056863e+01   1.8750000000e-03
1.9518556863e+01   1.8750000000e-03
1.9524056863e+01   1.8750000000e-03
1.9529556863e+01   1.8750000000e-03
1.9535056863e+01   1.8750000000e-03
1.9540556863e+01   1.8750000000e-03
1.9546056863e+01   1.8750000000e-03
1.9551556863e+01   1.8750000000e-03
1.9557056863e+01   1.8750000000e-03
1.9562556863e+01   1.8750000000e-03
1.9568056863e+01   1.8750000000e-03
1.9573556863e+01   1.8750000000e-03
1.9579056863e+01   1.8750000000e-03
1.9584556863e+01   1.8750000000e-03
1.9590056863e+01   1.8750000000e-03
1.9595556863e+01   1.8750000000e-03
1.9601056863e+01   1.8750000000e-03
1.9606556863e+01   1.8750000000e-03
1.9612056863e+01   1.8750000000e-03
1.9617556863e+01   1.8750000000e-03
1.9623056863e+01   1.8750000000e-03
1.9628556863e+01   1.8750000000e-03
1.9634056863e+01   1.8750000000e-03
1.9639556863e+01   1.8750000000e-03
1.9645056863e+01   1.8750000000e-03
1.9650556863e+01   1.8750000000e-03
1.9656056863e+01   1.8750000000e-03
1.9661556863e+01   1.8750000000e-03
1.9667056863e+01   1.8750000000e-03
1.9672556863e+01   1.8750000000e-03
1.9678056863e+01   1.8750000000e-03
1.9683556863e+01   1.8750000000e-03
1.9689056863e+01   1.8750000000e-03
1.9694556863e+01   1.8750000000e-03
1.9700056863e+01   1.8750000000e-03
1.9705556863e+01   1.8750000000e-03
1.9711056863e+01   1.8750000000e-03
1.9716556863e+01   1.8750000000e-03
1.9722056863e+01   1.8750000000e-03
1.9727556863e+01   1.8750000000e-03
1.9733056863e+01   1.8750000000e-03
1.9738556863e+01   1.8750000000e-03
1.9744056863e+01   1.8750000000e-03
1.9749556863e+01   1.8750000000e-03
1.9755056863e+01   1.8750000000e-03
1.9760556863e+01   1.8750000000e-03
1.9766056863e+01   1.8750000000e-03
1.9771556863e+01   1.8750000000e-03
1.9777056863e+01   1.8750000000e-03
1.9782556863e+01   1.8750000000e-03
1.9788056863e+01   1.8750000000e-03
1.9793556863e+01   1.8750000000e-03
1.9799056863e+01   1.8750000000e-03
1.9804556863e+01   1.8750000000e-03
1.9810056863e+01   1.8750000000e-03
1.9815556863e+01   1.8750000000e-03
1.9821056863e+01   1.8750000000e-03
1.9826556863e+01   1.8750000000e-03
1.9832056863e+01   1.8750000000e-03
1.9837556863e+01   1.8750000000e-03
1.9843056863e+01   1.8750000000e-03
1.9848556863e+01   1.8750000000e-03
1.9854056863e+01   1.8750000000e-03
1.9859556863e+01   1.8750000000e-03
1.9865056863e+01   1.8750000000e-03
1.9870556863e+01   1.8750000000e-03
1.9876056863e+01   1.8750000000e-03
1.9881556863e+01   1.8750000000e-03
1.9887056863e+01   1.8750000000e-03
1.9892556863e+01   1.8750000000e-03
1.9898056863e+01   1.8750000000e-03
1.9903556863e+01   1.8750000000e-03
1.9909056863e+01   1.8750000000e-03
1.9914556863e+01   1.8750000000e-03
1.9920056863e+01   1.8750000000e-03
1.9925556863e+01   1.8750000000e-03
1.9931056863e+01   1.8750000000e-03
1.9936556863e+01   1.8750000000e-03
1.9942056863e+01   1.8750000000e-03
1.9947556863e+01   1.8750000000e-03
1.9953056863e+01   1.8750000000e-03
2.0000000000e+01   1.5000000000e-02
