X    Y
0.0000000000e+00   2.0000000000e-01
1.0000000000e-04   1.9999999900e-01
1.1000000000e-03   1.9999987899e-01
8.9163165608e-03   1.9999204317e-01
1.6732633122e-02   1.9997195752e-01
2.4548949682e-02   1.9993959566e-01
3.2365266243e-02   1.9989493190e-01
4.0181582804e-02   1.9983794124e-01
4.7997899365e-02   1.9976859938e-01
5.5814215926e-02   1.9968688273e-01
6.3630532487e-02   1.9959276838e-01
7.1446849047e-02   1.9948623414e-01
7.9263165608e-02   1.9936725852e-01
8.7079482169e-02   1.9923582073e-01
9.4895798730e-02   1.9909190071e-01
1.0271211529e-01   1.9893547910e-01
1.1052843185e-01   1.9876653725e-01
1.1834474841e-01   1.9858505725e-01
1.2616106497e-01   1.9839102189e-01
1.3397738153e-01   1.9818441470e-01
1.4179369809e-01   1.9796521991e-01
1.4961001466e-01   1.9773342249e-01
1.5742633122e-01   1.9748900816e-01
1.6524264778e-01   1.9723196333e-01
1.7305896434e-01   1.9696227518e-01
1.8087528090e-01   1.9667993161e-01
1.8869159746e-01   1.9638492124e-01
1.9650791402e-01   1.9607723347e-01
2.0432423058e-01   1.9575685840e-01
2.1214054714e-01   1.9542378689e-01
2.1995686370e-01   1.9507801056e-01
2.2777318026e-01   1.9471952174e-01
2.3558949682e-01   1.9434831355e-01
2.4340581339e-01   1.9396437982e-01
2.5122212995e-01   1.9356771517e-01
2.5903844651e-01   1.9315831494e-01
2.6685476307e-01   1.9273617524e-01
2.7467107963e-01   1.9230129294e-01
2.8248739619e-01   1.9185366567e-01
2.9030371275e-01   1.9139329179e-01
2.9812002931e-01   1.9092017046e-01
3.0593634587e-01   1.9043430158e-01
3.1375266243e-01   1.8993568583e-01
3.2156897899e-01   1.8942432462e-01
3.2938529555e-01   1.8890022017e-01
3.3720161212e-01   1.8836337544e-01
3.4501792868e-01   1.8781379416e-01
3.5283424524e-01   1.8725148085e-01
3.6065056180e-01   1.8667644077e-01
3.6846687836e-01   1.8608867999e-01
3.7628319492e-01   1.8548820531e-01
3.8409951148e-01   1.8487502434e-01
3.9191582804e-01   1.8424914544e-01
3.9973214460e-01   1.8361057778e-01
4.0754846116e-01   1.8295933126e-01
4.1536477772e-01   1.8229541660e-01
4.2318109428e-01   1.8161884527e-01
4.3099741085e-01   1.8092962955e-01
4.3881372741e-01   1.8022778246e-01
4.4663004397e-01   1.7951331784e-01
4.5444636053e-01   1.7878625030e-01
4.6226267709e-01   1.7804659521e-01
4.7007899365e-01   1.7729436876e-01
4.7789531021e-01   1.7652958789e-01
4.8571162677e-01   1.7575227036e-01
4.9352794333e-01   1.7496243469e-01
5.0134425989e-01   1.7416010019e-01
5.0916057645e-01   1.7334528695e-01
5.1697689301e-01   1.7251801588e-01
5.2479320957e-01   1.7167830863e-01
5.3260952614e-01   1.7082618766e-01
5.4042584270e-01   1.6996167623e-01
5.4824215926e-01   1.6908479838e-01
5.5605847582e-01   1.6819557892e-01
5.6387479238e-01   1.6729404347e-01
5.7169110894e-01   1.6638021843e-01
5.7950742550e-01   1.6545413100e-01
5.8732374206e-01   1.6451580915e-01
5.9514005862e-01   1.6356528166e-01
6.0295637518e-01   1.6260257808e-01
6.1077269174e-01   1.6162772877e-01
6.1858900830e-01   1.6064076486e-01
6.2640532487e-01   1.5964171828e-01
6.3422164143e-01   1.5863062175e-01
6.4203795799e-01   1.5760750878e-01
6.4985427455e-01   1.5657241367e-01
6.5767059111e-01   1.5552537149e-01
6.6548690767e-01   1.5446641813e-01
6.7330322423e-01   1.5339559025e-01
6.8111954079e-01   1.5231292530e-01
6.8893585735e-01   1.5121846153e-01
6.9675217391e-01   1.5011223795e-01
7.0456849047e-01   1.4899429438e-01
7.1238480703e-01   1.4786467143e-01
7.2020112360e-01   1.4672341049e-01
7.2801744016e-01   1.4557055373e-01
7.3583375672e-01   1.4440614412e-01
7.4365007328e-01   1.4323022540e-01
7.5146638984e-01   1.4204284209e-01
7.5928270640e-01   1.4084403953e-01
7.6709902296e-01   1.3963386380e-01
7.7491533952e-01   1.3841236179e-01
7.8273165608e-01   1.3717958115e-01
7.9054797264e-01   1.3593557035e-01
7.9836428920e-01   1.3468037859e-01
8.0618060576e-01   1.3341405589e-01
8.1399692233e-01   1.3213665303e-01
8.2181323889e-01   1.3084822157e-01
8.2962955545e-01   1.2954881384e-01
8.3744587201e-01   1.2823848298e-01
8.4526218857e-01   1.2691728286e-01
8.5307850513e-01   1.2558526815e-01
8.6089482169e-01   1.2424249428e-01
8.6871113825e-01   1.2288901748e-01
8.7652745481e-01   1.2152489471e-01
8.8434377137e-01   1.2015018372e-01
8.9216008793e-01   1.1876494304e-01
8.9997640449e-01   1.1736923195e-01
9.0779272106e-01   1.1596311050e-01
9.1560903762e-01   1.1454663951e-01
9.2342535418e-01   1.1311988055e-01
9.3124167074e-01   1.1168289598e-01
9.3905798730e-01   1.1023574888e-01
9.4687430386e-01   1.0877850312e-01
9.5469062042e-01   1.0731122331e-01
9.6250693698e-01   1.0583397484e-01
9.7032325354e-01   1.0434682382e-01
9.7813957010e-01   1.0284983715e-01
9.8595588666e-01   1.0134308244e-01
9.9377220322e-01   9.9826628080e-02
1.0015885198e+00   9.8300543200e-02
1.0094048363e+00   9.6764897672e-02
1.0172211529e+00   9.5219762113e-02
1.0250374695e+00   9.3665207882e-02
1.0328537860e+00   9.2101307079e-02
1.0406701026e+00   9.0528132542e-02
1.0484864191e+00   8.8945757843e-02
1.0563027357e+00   8.7354257290e-02
1.0641190523e+00   8.5753705922e-02
1.0719353688e+00   8.4144179509e-02
1.0797516854e+00   8.2525754546e-02
1.0875680020e+00   8.0898508256e-02
1.0953843185e+00   7.9262518584e-02
1.1032006351e+00   7.7617864195e-02
1.1110169516e+00   7.5964624474e-02
1.1188332682e+00   7.4302879519e-02
1.1266495848e+00   7.2632710146e-02
1.1344659013e+00   7.0954197877e-02
1.1422822179e+00   6.9267424946e-02
1.1500985344e+00   6.7572474292e-02
1.1579148510e+00   6.5869429556e-02
1.1657311676e+00   6.4158375081e-02
1.1735474841e+00   6.2439395907e-02
1.1813638007e+00   6.0712577769e-02
1.1891801172e+00   5.8978007093e-02
1.1969964338e+00   5.7235770997e-02
1.2048127504e+00   5.5485957283e-02
1.2126290669e+00   5.3728654436e-02
1.2204453835e+00   5.1963951623e-02
1.2282617000e+00   5.0191938687e-02
1.2360780166e+00   4.8412706145e-02
1.2438943332e+00   4.6626345185e-02
1.2517106497e+00   4.4832947663e-02
1.2595269663e+00   4.3032606099e-02
1.2673432829e+00   4.1225413672e-02
1.2751595994e+00   3.9411464221e-02
1.2829759160e+00   3.7590852239e-02
1.2907922325e+00   3.5763672867e-02
1.2986085491e+00   3.3930021895e-02
1.3064248657e+00   3.2089995755e-02
1.3142411822e+00   3.0243691521e-02
1.3220574988e+00   2.8391206899e-02
1.3298738153e+00   2.6532640230e-02
1.3376901319e+00   2.4668090483e-02
1.3455064485e+00   2.2797657249e-02
1.3533227650e+00   2.0921440743e-02
1.3611390816e+00   1.9039541791e-02
1.3689553981e+00   1.7152061837e-02
1.3767717147e+00   1.5259102930e-02
1.3845880313e+00   1.3360767722e-02
1.3924043478e+00   1.1457159466e-02
1.4002206644e+00   9.5483820109e-03
1.4080369809e+00   7.6345397947e-03
1.4158532975e+00   5.7157378431e-03
1.4236696141e+00   3.7920817633e-03
1.4314859306e+00   1.8636777398e-03
1.4393022472e+00   -6.9367469822e-05
1.4471185638e+00   -2.0069465403e-03
1.4549348803e+00   -3.9489515828e-03
1.4627511969e+00   -5.8952741500e-03
1.4705675134e+00   -7.8458052411e-03
1.4783838300e+00   -9.8004353064e-03
1.4862001466e+00   -1.1759054252e-02
1.4940164631e+00   -1.3721551447e-02
1.5018327797e+00   -1.5687815725e-02
1.5096490962e+00   -1.7657735393e-02
1.5174654128e+00   -1.9631198233e-02
1.5252817294e+00   -2.1608091510e-02
1.5330980459e+00   -2.3588301977e-02
1.5409143625e+00   -2.5571715879e-02
1.5487306790e+00   -2.7558218962e-02
1.5565469956e+00   -2.9547696473e-02
1.5643633122e+00   -3.1540033170e-02
1.5721796287e+00   -3.3535113327e-02
1.5799959453e+00   -3.5532820737e-02
1.5878122618e+00   -3.7533038723e-02
1.5956285784e+00   -3.9535650138e-02
1.6034448950e+00   -4.1540537377e-02
1.6112612115e+00   -4.3547582375e-02
1.6190775281e+00   -4.5556666624e-02
1.6268938447e+00   -4.7567671167e-02
1.6347101612e+00   -4.9580476615e-02
1.6348101612e+00   -4.9606239092e-02
1.6358101612e+00   -4.9863878940e-02
1.6436264778e+00   -5.1878592410e-02
1.6514427943e+00   -5.3894849761e-02
1.6592591109e+00   -5.5912530272e-02
1.6670754275e+00   -5.7931512812e-02
1.6748917440e+00   -5.9951675845e-02
1.6827080606e+00   -6.1972897437e-02
1.6905243771e+00   -6.3995055266e-02
1.6983406937e+00   -6.6018026624e-02
1.7061570103e+00   -6.8041688428e-02
1.7139733268e+00   -7.0065917223e-02
1.7217896434e+00   -7.2090589192e-02
1.7296059599e+00   -7.4115580161e-02
1.7374222765e+00   -7.6140765607e-02
1.7452385931e+00   -7.8166020666e-02
1.7530549096e+00   -8.0191220139e-02
1.7608712262e+00   -8.2216238497e-02
1.7686875427e+00   -8.4240949894e-02
1.7765038593e+00   -8.6265228169e-02
1.7843201759e+00   -8.8288946856e-02
1.7921364924e+00   -9.0311979191e-02
1.7999528090e+00   -9.2334198120e-02
1.8077691255e+00   -9.4355476305e-02
1.8155854421e+00   -9.6375686135e-02
1.8234017587e+00   -9.8394699729e-02
1.8312180752e+00   -1.0041238895e-01
1.8390343918e+00   -1.0242862540e-01
1.8468507084e+00   -1.0444328045e-01
1.8546670249e+00   -1.0645622523e-01
1.8624833415e+00   -1.0846733064e-01
1.8702996580e+00   -1.1047646735e-01
1.8781159746e+00   -1.1248350585e-01
1.8859322912e+00   -1.1448831639e-01
1.8937486077e+00   -1.1649076904e-01
1.9015649243e+00   -1.1849073370e-01
1.9093812408e+00   -1.2048808006e-01
1.9171975574e+00   -1.2248267765e-01
1.9250138740e+00   -1.2447439586e-01
1.9328301905e+00   -1.2646310391e-01
1.9406465071e+00   -1.2844867086e-01
1.9484628236e+00   -1.3043096566e-01
1.9562791402e+00   -1.3240985712e-01
1.9640954568e+00   -1.3438521393e-01
1.9719117733e+00   -1.3635690468e-01
1.9797280899e+00   -1.3832479784e-01
1.9875444064e+00   -1.4028876182e-01
1.9953607230e+00   -1.4224866490e-01
2.0031770396e+00   -1.4420437534e-01
2.0109933561e+00   -1.4615576129e-01
2.0188096727e+00   -1.4810269087e-01
2.0266259893e+00   -1.5004503213e-01
2.0344423058e+00   -1.5198265311e-01
2.0422586224e+00   -1.5391542179e-01
2.0500749389e+00   -1.5584320616e-01
2.0578912555e+00   -1.5776587418e-01
2.0657075721e+00   -1.5968329382e-01
2.0735238886e+00   -1.6159533304e-01
2.0813402052e+00   -1.6350185984e-01
2.0891565217e+00   -1.6540274222e-01
2.0969728383e+00   -1.6729784826e-01
2.1047891549e+00   -1.6918704603e-01
2.1126054714e+00   -1.7107020369e-01
2.1204217880e+00   -1.7294718946e-01
2.1282381045e+00   -1.7481787164e-01
2.1360544211e+00   -1.7668211858e-01
2.1438707377e+00   -1.7853979877e-01
2.1516870542e+00   -1.8039078077e-01
2.1595033708e+00   -1.8223493326e-01
2.1673196873e+00   -1.8407212505e-01
2.1751360039e+00   -1.8590222507e-01
2.1829523205e+00   -1.8772510240e-01
2.1907686370e+00   -1.8954062627e-01
2.1985849536e+00   -1.9134866607e-01
2.2064012702e+00   -1.9314909135e-01
2.2142175867e+00   -1.9494177185e-01
2.2220339033e+00   -1.9672657751e-01
2.2298502198e+00   -1.9850337845e-01
2.2376665364e+00   -2.0027204501e-01
2.2454828530e+00   -2.0203244775e-01
2.2532991695e+00   -2.0378445745e-01
2.2611154861e+00   -2.0552794515e-01
2.2689318026e+00   -2.0726278211e-01
2.2767481192e+00   -2.0898883986e-01
2.2845644358e+00   -2.1070599022e-01
2.2923807523e+00   -2.1241410525e-01
2.3001970689e+00   -2.1411305733e-01
2.3080133854e+00   -2.1580271912e-01
2.3158297020e+00   -2.1748296359e-01
2.3236460186e+00   -2.1915366404e-01
2.3314623351e+00   -2.2081469408e-01
2.3392786517e+00   -2.2246592767e-01
2.3470949682e+00   -2.2410723910e-01
2.3549112848e+00   -2.2573850304e-01
2.3627276014e+00   -2.2735959451e-01
2.3705439179e+00   -2.2897038891e-01
2.3783602345e+00   -2.3057076203e-01
2.3861765511e+00   -2.3216059005e-01
2.3939928676e+00   -2.3373974956e-01
2.4018091842e+00   -2.3530811755e-01
2.4096255007e+00   -2.3686557147e-01
2.4174418173e+00   -2.3841198916e-01
2.4252581339e+00   -2.3994724893e-01
2.4330744504e+00   -2.4147122955e-01
2.4408907670e+00   -2.4298381023e-01
2.4487070835e+00   -2.4448487068e-01
2.4565234001e+00   -2.4597429105e-01
2.4643397167e+00   -2.4745195204e-01
2.4721560332e+00   -2.4891773480e-01
2.4799723498e+00   -2.5037152101e-01
2.4877886663e+00   -2.5181319289e-01
2.4956049829e+00   -2.5324263314e-01
2.5034212995e+00   -2.5465972506e-01
2.5112376160e+00   -2.5606435244e-01
2.5190539326e+00   -2.5745639967e-01
2.5268702491e+00   -2.5883575168e-01
2.5346865657e+00   -2.6020229399e-01
2.5425028823e+00   -2.6155591270e-01
2.5503191988e+00   -2.6289649450e-01
2.5581355154e+00   -2.6422392670e-01
2.5659518319e+00   -2.6553809719e-01
2.5737681485e+00   -2.6683889452e-01
2.5815844651e+00   -2.6812620783e-01
2.5894007816e+00   -2.6939992692e-01
2.5972170982e+00   -2.7065994224e-01
2.6050334148e+00   -2.7190614489e-01
2.6128497313e+00   -2.7313842664e-01
2.6206660479e+00   -2.7435667991e-01
2.6284823644e+00   -2.7556079784e-01
2.6362986810e+00   -2.7675067424e-01
2.6441149976e+00   -2.7792620360e-01
2.6519313141e+00   -2.7908728115e-01
2.6597476307e+00   -2.8023380282e-01
2.6675639472e+00   -2.8136566527e-01
2.6753802638e+00   -2.8248276588e-01
2.6831965804e+00   -2.8358500278e-01
2.6910128969e+00   -2.8467227485e-01
2.6988292135e+00   -2.8574448172e-01
2.7066455300e+00   -2.8680152379e-01
2.7144618466e+00   -2.8784330222e-01
2.7222781632e+00   -2.8886971896e-01
2.7300944797e+00   -2.8988067675e-01
2.7379107963e+00   -2.9087607912e-01
2.7457271128e+00   -2.9185583040e-01
2.7535434294e+00   -2.9281983574e-01
2.7613597460e+00   -2.9376800111e-01
2.7691760625e+00   -2.9470023328e-01
2.7769923791e+00   -2.9561643988e-01
2.7848086957e+00   -2.9651652938e-01
2.7926250122e+00   -2.9740041107e-01
2.8004413288e+00   -2.9826799512e-01
2.8082576453e+00   -2.9911919255e-01
2.8160739619e+00   -2.9995391525e-01
2.8238902785e+00   -3.0077207600e-01
2.8317065950e+00   -3.0157358842e-01
2.8395229116e+00   -3.0235836707e-01
2.8473392281e+00   -3.0312632738e-01
2.8551555447e+00   -3.0387738567e-01
2.8629718613e+00   -3.0461145918e-01
2.8707881778e+00   -3.0532846608e-01
2.8786044944e+00   -3.0602832544e-01
2.8864208109e+00   -3.0671095725e-01
2.8942371275e+00   -3.0737628247e-01
2.9020534441e+00   -3.0802422295e-01
2.9098697606e+00   -3.0865470153e-01
2.9176860772e+00   -3.0926764198e-01
2.9255023937e+00   -3.0986296902e-01
2.9333187103e+00   -3.1044060835e-01
2.9411350269e+00   -3.1100048662e-01
2.9489513434e+00   -3.1154253148e-01
2.9567676600e+00   -3.1206667153e-01
2.9645839766e+00   -3.1257283637e-01
2.9724002931e+00   -3.1306095660e-01
2.9802166097e+00   -3.1353096379e-01
2.9880329262e+00   -3.1398279054e-01
2.9958492428e+00   -3.1441637043e-01
3.0036655594e+00   -3.1483163806e-01
3.0114818759e+00   -3.1522852905e-01
3.0192981925e+00   -3.1560698004e-01
3.0271145090e+00   -3.1596692870e-01
3.0349308256e+00   -3.1630831371e-01
3.0427471422e+00   -3.1663107480e-01
3.0505634587e+00   -3.1693515273e-01
3.0583797753e+00   -3.1722048933e-01
3.0661960918e+00   -3.1748702745e-01
3.0740124084e+00   -3.1773471099e-01
3.0818287250e+00   -3.1796348492e-01
3.0896450415e+00   -3.1817329527e-01
3.0974613581e+00   -3.1836408914e-01
3.1052776746e+00   -3.1853581467e-01
3.1130939912e+00   -3.1868842111e-01
3.1209103078e+00   -3.1882185876e-01
3.1287266243e+00   -3.1893607901e-01
3.1365429409e+00   -3.1903103433e-01
3.1443592574e+00   -3.1910667828e-01
3.1521755740e+00   -3.1916296550e-01
3.1599918906e+00   -3.1919985175e-01
3.1678082071e+00   -3.1921729385e-01
3.1756245237e+00   -3.1921524976e-01
3.1834408403e+00   -3.1919367852e-01
3.1835408403e+00   -3.1919327586e-01
3.1845408403e+00   -3.1918907307e-01
3.1923571568e+00   -3.1914517800e-01
3.2001734734e+00   -3.1908167183e-01
3.2079897899e+00   -3.1899851708e-01
3.2158061065e+00   -3.1889567741e-01
3.2236224231e+00   -3.1877311759e-01
3.2314387396e+00   -3.1863080349e-01
3.2392550562e+00   -3.1846870214e-01
3.2470713727e+00   -3.1828678167e-01
3.2548876893e+00   -3.1808501136e-01
3.2627040059e+00   -3.1786336159e-01
3.2705203224e+00   -3.1762180392e-01
3.2783366390e+00   -3.1736031101e-01
3.2861529555e+00   -3.1707885668e-01
3.2939692721e+00   -3.1677741587e-01
3.3017855887e+00   -3.1645596469e-01
3.3096019052e+00   -3.1611448038e-01
3.3174182218e+00   -3.1575294133e-01
3.3252345383e+00   -3.1537132708e-01
3.3330508549e+00   -3.1496961832e-01
3.3408671715e+00   -3.1454779690e-01
3.3486834880e+00   -3.1410584581e-01
3.3564998046e+00   -3.1364374923e-01
3.3643161212e+00   -3.1316149245e-01
3.3721324377e+00   -3.1265906196e-01
3.3799487543e+00   -3.1213644540e-01
3.3877650708e+00   -3.1159363157e-01
3.3955813874e+00   -3.1103061043e-01
3.4033977040e+00   -3.1044737312e-01
3.4112140205e+00   -3.0984391195e-01
3.4190303371e+00   -3.0922022038e-01
3.4268466536e+00   -3.0857629304e-01
3.4346629702e+00   -3.0791212576e-01
3.4424792868e+00   -3.0722771552e-01
3.4502956033e+00   -3.0652306048e-01
3.4581119199e+00   -3.0579815997e-01
3.4659282364e+00   -3.0505301450e-01
3.4737445530e+00   -3.0428762575e-01
3.4815608696e+00   -3.0350199660e-01
3.4893771861e+00   -3.0269613109e-01
3.4971935027e+00   -3.0187003443e-01
3.5050098192e+00   -3.0102371304e-01
3.5128261358e+00   -3.0015717450e-01
3.5206424524e+00   -2.9927042757e-01
3.5284587689e+00   -2.9836348221e-01
3.5362750855e+00   -2.9743634956e-01
3.5440914021e+00   -2.9648904193e-01
3.5519077186e+00   -2.9552157282e-01
3.5597240352e+00   -2.9453395692e-01
3.5675403517e+00   -2.9352621012e-01
3.5753566683e+00   -2.9249834946e-01
3.5831729849e+00   -2.9145039321e-01
3.5909893014e+00   -2.9038236079e-01
3.5988056180e+00   -2.8929427283e-01
3.6066219345e+00   -2.8818615114e-01
3.6144382511e+00   -2.8705801873e-01
3.6222545677e+00   -2.8590989979e-01
3.6300708842e+00   -2.8474181969e-01
3.6378872008e+00   -2.8355380501e-01
3.6457035173e+00   -2.8234588350e-01
3.6535198339e+00   -2.8111808411e-01
3.6613361505e+00   -2.7987043700e-01
3.6691524670e+00   -2.7860297348e-01
3.6769687836e+00   -2.7731572608e-01
3.6847851001e+00   -2.7600872852e-01
3.6926014167e+00   -2.7468201569e-01
3.7004177333e+00   -2.7333562369e-01
3.7082340498e+00   -2.7196958982e-01
3.7160503664e+00   -2.7058395255e-01
3.7238666830e+00   -2.6917875154e-01
3.7316829995e+00   -2.6775402767e-01
3.7394993161e+00   -2.6630982298e-01
3.7473156326e+00   -2.6484618072e-01
3.7551319492e+00   -2.6336314533e-01
3.7629482658e+00   -2.6186076243e-01
3.7707645823e+00   -2.6033907885e-01
3.7785808989e+00   -2.5879814259e-01
3.7863972154e+00   -2.5723800285e-01
3.7942135320e+00   -2.5565871004e-01
3.8020298486e+00   -2.5406031573e-01
3.8098461651e+00   -2.5244287270e-01
3.8176624817e+00   -2.5080643492e-01
3.8254787982e+00   -2.4915105754e-01
3.8332951148e+00   -2.4747679692e-01
3.8411114314e+00   -2.4578371059e-01
3.8489277479e+00   -2.4407185727e-01
3.8567440645e+00   -2.4234129689e-01
3.8645603810e+00   -2.4059209056e-01
3.8723766976e+00   -2.3882430057e-01
3.8801930142e+00   -2.3703799041e-01
3.8880093307e+00   -2.3523322475e-01
3.8958256473e+00   -2.3341006946e-01
3.9036419638e+00   -2.3156859159e-01
3.9114582804e+00   -2.2970885939e-01
3.9192745970e+00   -2.2783094227e-01
3.9270909135e+00   -2.2593491085e-01
3.9349072301e+00   -2.2402083695e-01
3.9427235467e+00   -2.2208879354e-01
3.9505398632e+00   -2.2013885480e-01
3.9583561798e+00   -2.1817109609e-01
3.9661724963e+00   -2.1618559396e-01
3.9739888129e+00   -2.1418242614e-01
3.9818051295e+00   -2.1216167155e-01
3.9896214460e+00   -2.1012341028e-01
3.9974377626e+00   -2.0806772361e-01
4.0052540791e+00   -2.0599469402e-01
4.0130703957e+00   -2.0390440515e-01
4.0208867123e+00   -2.0179694182e-01
4.0287030288e+00   -1.9967239006e-01
4.0365193454e+00   -1.9753083705e-01
4.0443356619e+00   -1.9537237116e-01
4.0521519785e+00   -1.9319708195e-01
4.0599682951e+00   -1.9100506015e-01
4.0677846116e+00   -1.8879639765e-01
4.0756009282e+00   -1.8657118755e-01
4.0834172447e+00   -1.8432952411e-01
4.0912335613e+00   -1.8207150276e-01
4.0990498779e+00   -1.7979722012e-01
4.1068661944e+00   -1.7750677396e-01
4.1146825110e+00   -1.7520026326e-01
4.1224988276e+00   -1.7287778814e-01
4.1303151441e+00   -1.7053944990e-01
4.1381314607e+00   -1.6818535102e-01
4.1459477772e+00   -1.6581559513e-01
4.1537640938e+00   -1.6343028706e-01
4.1538640938e+00   -1.6339966972e-01
4.1548640938e+00   -1.6309335738e-01
4.1626804104e+00   -1.6069043790e-01
4.1704967269e+00   -1.5827219452e-01
4.1783130435e+00   -1.5583873571e-01
4.1861293600e+00   -1.5339017112e-01
4.1939456766e+00   -1.5092661153e-01
4.2017619932e+00   -1.4844816892e-01
4.2095783097e+00   -1.4595495639e-01
4.2173946263e+00   -1.4344708823e-01
4.2252109428e+00   -1.4092467988e-01
4.2330272594e+00   -1.3838784792e-01
4.2408435760e+00   -1.3583671010e-01
4.2486598925e+00   -1.3327138531e-01
4.2564762091e+00   -1.3069199361e-01
4.2642925256e+00   -1.2809865620e-01
4.2721088422e+00   -1.2549149541e-01
4.2799251588e+00   -1.2287063473e-01
4.2877414753e+00   -1.2023619881e-01
4.2955577919e+00   -1.1758831342e-01
4.3033741085e+00   -1.1492710547e-01
4.3111904250e+00   -1.1225270303e-01
4.3190067416e+00   -1.0956523527e-01
4.3268230581e+00   -1.0686483253e-01
4.3346393747e+00   -1.0415162626e-01
4.3424556913e+00   -1.0142574905e-01
4.3502720078e+00   -9.8687334598e-02
4.3580883244e+00   -9.5936517750e-02
4.3659046409e+00   -9.3173434463e-02
4.3737209575e+00   -9.0398221812e-02
4.3815372741e+00   -8.7611017990e-02
4.3893535906e+00   -8.4811962306e-02
4.3971699072e+00   -8.2001195177e-02
4.4049862237e+00   -7.9178858129e-02
4.4128025403e+00   -7.6345093794e-02
4.4206188569e+00   -7.3500045903e-02
4.4284351734e+00   -7.0643859289e-02
4.4362514900e+00   -6.7776679879e-02
4.4440678065e+00   -6.4898654691e-02
4.4518841231e+00   -6.2009931833e-02
4.4597004397e+00   -5.9110660497e-02
4.4675167562e+00   -5.6200990956e-02
4.4753330728e+00   -5.3281074562e-02
4.4831493894e+00   -5.0351063740e-02
4.4909657059e+00   -4.7411111983e-02
4.4987820225e+00   -4.4461373851e-02
4.5065983390e+00   -4.1502004966e-02
4.5144146556e+00   -3.8533162004e-02
4.5222309722e+00   -3.5555002698e-02
4.5300472887e+00   -3.2567685824e-02
4.5378636053e+00   -2.9571371205e-02
4.5456799218e+00   -2.6566219701e-02
4.5534962384e+00   -2.3552393207e-02
4.5613125550e+00   -2.0530054644e-02
4.5691288715e+00   -1.7499367960e-02
4.5769451881e+00   -1.4460498117e-02
4.5847615046e+00   -1.1413611094e-02
4.5925778212e+00   -8.3588738743e-03
4.6003941378e+00   -5.2964544443e-03
4.6082104543e+00   -2.2265217856e-03
4.6160267709e+00   8.5075413019e-04
4.6238430874e+00   3.9352023476e-03
4.6316594040e+00   7.0266509335e-03
4.6394757206e+00   1.0124926984e-02
4.6472920371e+00   1.3229856629e-02
4.6551083537e+00   1.6341265042e-02
4.6629246702e+00   1.9458976445e-02
4.6707409868e+00   2.2582814114e-02
4.6785573034e+00   2.5712600389e-02
4.6863736199e+00   2.8848156679e-02
4.6941899365e+00   3.1989303471e-02
4.7020062531e+00   3.5135860336e-02
4.7098225696e+00   3.8287645939e-02
4.7176388862e+00   4.1444478042e-02
4.7254552027e+00   4.4606173517e-02
4.7332715193e+00   4.7772548355e-02
4.7410878359e+00   5.0943417666e-02
4.7489041524e+00   5.4118595698e-02
4.7567204690e+00   5.7297895839e-02
4.7645367855e+00   6.0481130626e-02
4.7723531021e+00   6.3668111758e-02
4.7801694187e+00   6.6858650101e-02
4.7879857352e+00   7.0052555698e-02
4.7958020518e+00   7.3249637782e-02
4.8036183683e+00   7.6449704781e-02
4.8114346849e+00   7.9652564329e-02
4.8192510015e+00   8.2858023277e-02
4.8270673180e+00   8.6065887704e-02
4.8348836346e+00   8.9275962925e-02
4.8426999511e+00   9.2488053502e-02
4.8505162677e+00   9.5701963254e-02
4.8583325843e+00   9.8917495272e-02
4.8661489008e+00   1.0213445192e-01
4.8739652174e+00   1.0535263487e-01
4.8817815340e+00   1.0857184507e-01
4.8895978505e+00   1.1179188280e-01
4.8974141671e+00   1.1501254767e-01
4.9052304836e+00   1.1823363860e-01
4.9130468002e+00   1.2145495389e-01
4.9208631168e+00   1.2467629118e-01
4.9286794333e+00   1.2789744751e-01
4.9364957499e+00   1.3111821926e-01
4.9443120664e+00   1.3433840225e-01
4.9521283830e+00   1.3755779171e-01
4.9522283830e+00   1.3759897374e-01
4.9532283830e+00   1.3801078496e-01
4.9610446996e+00   1.4122901842e-01
4.9688610161e+00   1.4444601804e-01
4.9766773327e+00   1.4766157727e-01
4.9844936492e+00   1.5087548904e-01
4.9923099658e+00   1.5408754574e-01
5.0001262824e+00   1.5729753928e-01
5.0079425989e+00   1.6050526105e-01
5.0157589155e+00   1.6371050200e-01
5.0235752320e+00   1.6691305257e-01
5.0313915486e+00   1.7011270278e-01
5.0392078652e+00   1.7330924222e-01
5.0470241817e+00   1.7650246004e-01
5.0548404983e+00   1.7969214501e-01
5.0626568149e+00   1.8287808550e-01
5.0704731314e+00   1.8606006949e-01
5.0782894480e+00   1.8923788463e-01
5.0861057645e+00   1.9241131821e-01
5.0939220811e+00   1.9558015719e-01
5.1017383977e+00   1.9874418824e-01
5.1095547142e+00   2.0190319772e-01
5.1173710308e+00   2.0505697171e-01
5.1251873473e+00   2.0820529604e-01
5.1330036639e+00   2.1134795627e-01
5.1408199805e+00   2.1448473776e-01
5.1486362970e+00   2.1761542564e-01
5.1564526136e+00   2.2073980486e-01
5.1642689301e+00   2.2385766016e-01
5.1720852467e+00   2.2696877616e-01
5.1799015633e+00   2.3007293731e-01
5.1877178798e+00   2.3316992793e-01
5.1955341964e+00   2.3625953226e-01
5.2033505129e+00   2.3934153442e-01
5.2111668295e+00   2.4241571847e-01
5.2189831461e+00   2.4548186840e-01
5.2267994626e+00   2.4853976820e-01
5.2346157792e+00   2.5158920178e-01
5.2424320957e+00   2.5462995311e-01
5.2502484123e+00   2.5766180615e-01
5.2580647289e+00   2.6068454487e-01
5.2658810454e+00   2.6369795335e-01
5.2736973620e+00   2.6670181569e-01
5.2815136786e+00   2.6969591612e-01
5.2893299951e+00   2.7268003895e-01
5.2971463117e+00   2.7565396864e-01
5.3049626282e+00   2.7861748979e-01
5.3127789448e+00   2.8157038716e-01
5.3205952614e+00   2.8451244570e-01
5.3284115779e+00   2.8744345057e-01
5.3362278945e+00   2.9036318716e-01
5.3440442110e+00   2.9327144107e-01
5.3518605276e+00   2.9616799820e-01
5.3596768442e+00   2.9905264472e-01
5.3674931607e+00   3.0192516709e-01
5.3753094773e+00   3.0478535209e-01
5.3831257938e+00   3.0763298686e-01
5.3909421104e+00   3.1046785888e-01
5.3987584270e+00   3.1328975601e-01
5.4065747435e+00   3.1609846652e-01
5.4143910601e+00   3.1889377908e-01
5.4222073766e+00   3.2167548281e-01
5.4300236932e+00   3.2444336728e-01
5.4378400098e+00   3.2719722255e-01
5.4456563263e+00   3.2993683914e-01
5.4534726429e+00   3.3266200813e-01
5.4612889595e+00   3.3537252110e-01
5.4691052760e+00   3.3806817020e-01
5.4769215926e+00   3.4074874814e-01
5.4847379091e+00   3.4341404824e-01
5.4925542257e+00   3.4606386442e-01
5.5003705423e+00   3.4869799123e-01
5.5081868588e+00   3.5131622389e-01
5.5160031754e+00   3.5391835826e-01
5.5238194919e+00   3.5650419090e-01
5.5316358085e+00   3.5907351909e-01
5.5394521251e+00   3.6162614083e-01
5.5472684416e+00   3.6416185486e-01
5.5550847582e+00   3.6668046069e-01
5.5629010747e+00   3.6918175861e-01
5.5707173913e+00   3.7166554973e-01
5.5785337079e+00   3.7413163595e-01
5.5863500244e+00   3.7657982004e-01
5.5941663410e+00   3.7900990562e-01
5.6019826575e+00   3.8142169718e-01
5.6097989741e+00   3.8381500011e-01
5.6176152907e+00   3.8618962071e-01
5.6254316072e+00   3.8854536622e-01
5.6332479238e+00   3.9088204483e-01
5.6410642404e+00   3.9319946569e-01
5.6488805569e+00   3.9549743893e-01
5.6566968735e+00   3.9777577571e-01
5.6645131900e+00   4.0003428819e-01
5.6723295066e+00   4.0227278956e-01
5.6801458232e+00   4.0449109409e-01
5.6879621397e+00   4.0668901711e-01
5.6957784563e+00   4.0886637503e-01
5.7035947728e+00   4.1102298539e-01
5.7114110894e+00   4.1315866683e-01
5.7192274060e+00   4.1527323914e-01
5.7270437225e+00   4.1736652328e-01
5.7348600391e+00   4.1943834135e-01
5.7349600391e+00   4.1946470783e-01
5.7359600391e+00   4.1972817771e-01
5.7437763556e+00   4.2177529310e-01
5.7515926722e+00   4.2380056564e-01
5.7594089888e+00   4.2580382124e-01
5.7672253053e+00   4.2778488704e-01
5.7750416219e+00   4.2974359143e-01
5.7828579384e+00   4.3167976407e-01
5.7906742550e+00   4.3359323591e-01
5.7984905716e+00   4.3548383918e-01
5.8063068881e+00   4.3735140745e-01
5.8141232047e+00   4.3919577559e-01
5.8219395213e+00   4.4101677982e-01
5.8297558378e+00   4.4281425772e-01
5.8375721544e+00   4.4458804823e-01
5.8453884709e+00   4.4633799167e-01
5.8532047875e+00   4.4806392976e-01
5.8610211041e+00   4.4976570564e-01
5.8688374206e+00   4.5144316385e-01
5.8766537372e+00   4.5309615036e-01
5.8844700537e+00   4.5472451262e-01
5.8922863703e+00   4.5632809951e-01
5.9001026869e+00   4.5790676137e-01
5.9079190034e+00   4.5946035006e-01
5.9157353200e+00   4.6098871890e-01
5.9235516365e+00   4.6249172274e-01
5.9313679531e+00   4.6396921792e-01
5.9391842697e+00   4.6542106232e-01
5.9470005862e+00   4.6684711536e-01
5.9548169028e+00   4.6824723801e-01
5.9626332193e+00   4.6962129280e-01
5.9704495359e+00   4.7096914380e-01
5.9782658525e+00   4.7229065670e-01
5.9860821690e+00   4.7358569874e-01
5.9938984856e+00   4.7485413879e-01
6.0017148021e+00   4.7609584729e-01
6.0095311187e+00   4.7731069633e-01
6.0173474353e+00   4.7849855959e-01
6.0251637518e+00   4.7965931241e-01
6.0329800684e+00   4.8079283175e-01
6.0407963850e+00   4.8189899622e-01
6.0486127015e+00   4.8297768608e-01
6.0564290181e+00   4.8402878328e-01
6.0642453346e+00   4.8505217139e-01
6.0720616512e+00   4.8604773571e-01
6.0798779678e+00   4.8701536318e-01
6.0876942843e+00   4.8795494244e-01
6.0955106009e+00   4.8886636385e-01
6.1033269174e+00   4.8974951944e-01
6.1111432340e+00   4.9060430295e-01
6.1189595506e+00   4.9143060985e-01
6.1267758671e+00   4.9222833731e-01
6.1345921837e+00   4.9299738424e-01
6.1424085002e+00   4.9373765127e-01
6.1502248168e+00   4.9444904074e-01
6.1580411334e+00   4.9513145677e-01
6.1658574499e+00   4.9578480518e-01
6.1736737665e+00   4.9640899356e-01
6.1814900830e+00   4.9700393124e-01
6.1893063996e+00   4.9756952929e-01
6.1971227162e+00   4.9810570056e-01
6.2049390327e+00   4.9861235965e-01
6.2127553493e+00   4.9908942290e-01
6.2205716659e+00   4.9953680843e-01
6.2283879824e+00   4.9995443614e-01
6.2362042990e+00   5.0034222768e-01
6.2440206155e+00   5.0070010647e-01
6.2518369321e+00   5.0102799772e-01
6.2596532487e+00   5.0132582839e-01
6.2674695652e+00   5.0159352724e-01
6.2752858818e+00   5.0183102479e-01
6.2831021983e+00   5.0203825334e-01
6.2909185149e+00   5.0221514699e-01
6.2987348315e+00   5.0236164159e-01
6.3065511480e+00   5.0247767479e-01
6.3143674646e+00   5.0256318602e-01
6.3221837811e+00   5.0261811649e-01
6.3300000977e+00   5.0264240919e-01
6.3378164143e+00   5.0263600889e-01
6.3456327308e+00   5.0259886215e-01
6.3534490474e+00   5.0253091731e-01
6.3612653639e+00   5.0243212447e-01
6.3690816805e+00   5.0230243555e-01
6.3768979971e+00   5.0214180421e-01
6.3847143136e+00   5.0195018593e-01
6.3925306302e+00   5.0172753792e-01
6.4003469468e+00   5.0147381921e-01
6.4081632633e+00   5.0118899058e-01
6.4159795799e+00   5.0087301459e-01
6.4160795799e+00   5.0086877012e-01
6.4170795799e+00   5.0082604469e-01
6.4248958964e+00   5.0047449449e-01
6.4327122130e+00   5.0009172276e-01
6.4405285296e+00   4.9967769761e-01
6.4483448461e+00   4.9923238894e-01
6.4561611627e+00   4.9875576840e-01
6.4639774792e+00   4.9824780942e-01
6.4717937958e+00   4.9770848719e-01
6.4796101124e+00   4.9713777863e-01
6.4874264289e+00   4.9653566247e-01
6.4952427455e+00   4.9590211914e-01
6.5030590620e+00   4.9523713087e-01
6.5108753786e+00   4.9454068160e-01
6.5186916952e+00   4.9381275704e-01
6.5265080117e+00   4.9305334465e-01
6.5343243283e+00   4.9226243362e-01
6.5421406448e+00   4.9144001487e-01
6.5499569614e+00   4.9058608108e-01
6.5577732780e+00   4.8970062666e-01
6.5655895945e+00   4.8878364773e-01
6.5734059111e+00   4.8783514215e-01
6.5812222277e+00   4.8685510953e-01
6.5890385442e+00   4.8584355116e-01
6.5968548608e+00   4.8480047008e-01
6.6046711773e+00   4.8372587104e-01
6.6124874939e+00   4.8261976049e-01
6.6203038105e+00   4.8148214661e-01
6.6281201270e+00   4.8031303927e-01
6.6359364436e+00   4.7911245006e-01
6.6437527601e+00   4.7788039226e-01
6.6515690767e+00   4.7661688086e-01
6.6593853933e+00   4.7532193253e-01
6.6672017098e+00   4.7399556565e-01
6.6750180264e+00   4.7263780027e-01
6.6828343429e+00   4.7124865815e-01
6.6906506595e+00   4.6982816272e-01
6.6984669761e+00   4.6837633908e-01
6.7062832926e+00   4.6689321403e-01
6.7140996092e+00   4.6537881603e-01
6.7219159257e+00   4.6383317522e-01
6.7297322423e+00   4.6225632341e-01
6.7375485589e+00   4.6064829407e-01
6.7453648754e+00   4.5900912233e-01
6.7531811920e+00   4.5733884500e-01
6.7609975085e+00   4.5563750054e-01
6.7688138251e+00   4.5390512905e-01
6.7766301417e+00   4.5214177231e-01
6.7844464582e+00   4.5034747374e-01
6.7922627748e+00   4.4852227840e-01
6.8000790914e+00   4.4666623301e-01
6.8078954079e+00   4.4477938594e-01
6.8157117245e+00   4.4286178718e-01
6.8235280410e+00   4.4091348838e-01
6.8313443576e+00   4.3893454282e-01
6.8391606742e+00   4.3692500543e-01
6.8469769907e+00   4.3488493275e-01
6.8547933073e+00   4.3281438297e-01
6.8626096238e+00   4.3071341592e-01
6.8704259404e+00   4.2858209304e-01
6.8782422570e+00   4.2642047741e-01
6.8860585735e+00   4.2422863374e-01
6.8938748901e+00   4.2200662836e-01
6.9016912066e+00   4.1975452922e-01
6.9095075232e+00   4.1747240590e-01
6.9173238398e+00   4.1516032961e-01
6.9251401563e+00   4.1281837318e-01
6.9329564729e+00   4.1044661105e-01
6.9407727894e+00   4.0804511928e-01
6.9485891060e+00   4.0561397557e-01
6.9564054226e+00   4.0315325923e-01
6.9642217391e+00   4.0066305118e-01
6.9720380557e+00   3.9814343397e-01
6.9798543723e+00   3.9559449176e-01
6.9876706888e+00   3.9301631035e-01
6.9954870054e+00   3.9040897713e-01
7.0033033219e+00   3.8777258113e-01
7.0111196385e+00   3.8510721300e-01
7.0189359551e+00   3.8241296500e-01
7.0267522716e+00   3.7968993101e-01
7.0345685882e+00   3.7693820655e-01
7.0423849047e+00   3.7415788875e-01
7.0502012213e+00   3.7134907637e-01
7.0580175379e+00   3.6851186977e-01
7.0658338544e+00   3.6564637098e-01
7.0736501710e+00   3.6275268362e-01
7.0814664875e+00   3.5983091296e-01
7.0892828041e+00   3.5688116588e-01
7.0970991207e+00   3.5390355092e-01
7.1049154372e+00   3.5089817823e-01
7.1127317538e+00   3.4786515960e-01
7.1205480703e+00   3.4480460847e-01
7.1283643869e+00   3.4171663991e-01
7.1361807035e+00   3.3860137063e-01
7.1439970200e+00   3.3545891899e-01
7.1518133366e+00   3.3228940499e-01
7.1596296532e+00   3.2909295028e-01
7.1674459697e+00   3.2586967818e-01
7.1752622863e+00   3.2261971364e-01
7.1830786028e+00   3.1934318327e-01
7.1908949194e+00   3.1604021536e-01
7.1987112360e+00   3.1271093984e-01
7.2065275525e+00   3.0935548832e-01
7.2143438691e+00   3.0597399408e-01
7.2221601856e+00   3.0256659207e-01
7.2299765022e+00   2.9913341891e-01
7.2377928188e+00   2.9567461290e-01
7.2456091353e+00   2.9219031404e-01
7.2534254519e+00   2.8868066401e-01
7.2612417684e+00   2.8514580616e-01
7.2690580850e+00   2.8158588556e-01
7.2691580850e+00   2.8154017909e-01
7.2701580850e+00   2.8108289013e-01
7.2779744016e+00   2.7749455895e-01
7.2857907181e+00   2.7388148128e-01
7.2936070347e+00   2.7024380751e-01
7.3014233512e+00   2.6658168976e-01
7.3092396678e+00   2.6289528187e-01
7.3170559844e+00   2.5918473939e-01
7.3248723009e+00   2.5545021959e-01
7.3326886175e+00   2.5169188147e-01
7.3405049340e+00   2.4790988578e-01
7.3483212506e+00   2.4410439497e-01
7.3561375672e+00   2.4027557325e-01
7.3639538837e+00   2.3642358659e-01
7.3640538837e+00   2.3637415589e-01
7.3650538837e+00   2.3587964187e-01
7.3728702003e+00   2.3200143509e-01
7.3729702003e+00   2.3195167018e-01
7.3739702003e+00   2.3145381586e-01
7.3817865169e+00   2.2754960979e-01
7.3818865169e+00   2.2749951351e-01
7.3828865169e+00   2.2699834731e-01
7.3907028334e+00   2.2306836539e-01
7.3908028334e+00   2.2301794062e-01
7.3918028334e+00   2.2251349129e-01
7.3996191500e+00   2.1855795958e-01
7.3997191500e+00   2.1850720923e-01
7.4007191500e+00   2.1799950586e-01
7.4085354665e+00   2.1401865304e-01
7.4086354665e+00   2.1396758005e-01
7.4096354665e+00   2.1345665207e-01
7.4174517831e+00   2.0945070945e-01
7.4175517831e+00   2.0939931679e-01
7.4185517831e+00   2.0888519397e-01
7.4263680997e+00   2.0485439551e-01
7.4264680997e+00   2.0480268618e-01
7.4274680997e+00   2.0428539862e-01
7.4352844162e+00   2.0022998092e-01
7.4353844162e+00   2.0017795797e-01
7.4363844162e+00   1.9965753611e-01
7.4442007328e+00   1.9557773842e-01
7.4443007328e+00   1.9552540493e-01
7.4453007328e+00   1.9500187955e-01
7.4531170493e+00   1.9089794379e-01
7.4532170493e+00   1.9084530287e-01
7.4542170493e+00   1.9031870509e-01
7.4620333659e+00   1.8619087585e-01
7.4621333659e+00   1.8613793064e-01
7.4631333659e+00   1.8560829193e-01
7.4709496825e+00   1.8145681646e-01
7.4710496825e+00   1.8140357015e-01
7.4720496825e+00   1.8087092231e-01
7.4798659990e+00   1.7669605056e-01
7.4799659990e+00   1.7664250635e-01
7.4809659990e+00   1.7610688154e-01
7.4887823156e+00   1.7190886615e-01
7.4888823156e+00   1.7185502729e-01
7.4898823156e+00   1.7131645800e-01
7.4976986321e+00   1.6709555429e-01
7.4977986321e+00   1.6704142406e-01
7.4987986321e+00   1.6649994313e-01
7.5066149487e+00   1.6225640914e-01
7.5067149487e+00   1.6220199086e-01
7.5077149487e+00   1.6165763149e-01
7.5155312653e+00   1.5739172795e-01
7.5156312653e+00   1.5733702497e-01
7.5166312653e+00   1.5678982068e-01
7.5244475818e+00   1.5250181106e-01
7.5245475818e+00   1.5244682676e-01
7.5255475818e+00   1.5189681143e-01
7.5333638984e+00   1.4758696190e-01
7.5334638984e+00   1.4753169971e-01
7.5344638984e+00   1.4697890758e-01
7.5345638984e+00   1.4692361135e-01
7.5355638984e+00   1.4637047904e-01
7.5433802149e+00   1.4203641606e-01
7.5434802149e+00   1.4198084582e-01
7.5444802149e+00   1.4142497557e-01
7.5522965315e+00   1.3706964692e-01
7.5523965315e+00   1.3701380617e-01
7.5533965315e+00   1.3645523296e-01
7.5612128481e+00   1.3207891336e-01
7.5613128481e+00   1.3202280562e-01
7.5623128481e+00   1.3146156477e-01
7.5701291646e+00   1.2706453166e-01
7.5702291646e+00   1.2700816051e-01
7.5712291646e+00   1.2644428770e-01
7.5790454812e+00   1.2202682128e-01
7.5791454812e+00   1.2197019032e-01
7.5801454812e+00   1.2140372156e-01
7.5879617978e+00   1.1696610481e-01
7.5880617978e+00   1.1690921766e-01
7.5890617978e+00   1.1634018935e-01
7.5968781143e+00   1.1188270796e-01
7.5969781143e+00   1.1182556829e-01
7.5979781143e+00   1.1125401716e-01
7.6057944309e+00   1.0677695961e-01
7.6058944309e+00   1.0671957114e-01
7.6068944309e+00   1.0614553426e-01
7.6147107474e+00   1.0164919179e-01
7.6148107474e+00   1.0159155826e-01
7.6158107474e+00   1.0101507308e-01
7.6236270640e+00   9.6499739681e-02
7.6237270640e+00   9.6441864869e-02
7.6247270640e+00   9.5862969180e-02
7.6325433806e+00   9.1328941633e-02
7.6326433806e+00   9.1270829349e-02
7.6336433806e+00   9.0689561299e-02
7.6414596971e+00   8.6137139151e-02
7.6415596971e+00   8.6078793242e-02
7.6425596971e+00   8.5495191332e-02
7.6503760137e+00   8.0924676903e-02
7.6504760137e+00   8.0866101253e-02
7.6514760137e+00   8.0280204342e-02
7.6592923302e+00   7.5691902727e-02
7.6593923302e+00   7.5633101256e-02
7.6603923302e+00   7.5044948556e-02
7.6682086468e+00   7.0439167628e-02
7.6683086468e+00   7.0380144289e-02
7.6693086468e+00   6.9789775369e-02
7.6771249634e+00   6.5166825778e-02
7.6772249634e+00   6.5107584562e-02
7.6782249634e+00   6.4515039346e-02
7.6860412799e+00   5.9875234520e-02
7.6861412799e+00   5.9815779453e-02
7.6871412799e+00   5.9221098218e-02
7.6949575965e+00   5.4564754362e-02
7.6950575965e+00   5.4505089505e-02
7.6960575965e+00   5.3908312886e-02
7.7038739130e+00   4.9235748983e-02
7.7039739130e+00   4.9175878433e-02
7.7049739130e+00   4.8577047420e-02
7.7127902296e+00   4.3888585226e-02
7.7128902296e+00   4.3828513115e-02
7.7138902296e+00   4.3227669051e-02
7.7217065462e+00   3.8523633098e-02
7.7218065462e+00   3.8463363594e-02
7.7228065462e+00   3.7860548178e-02
7.7306228627e+00   3.3141265767e-02
7.7307228627e+00   3.3080803072e-02
7.7317228627e+00   3.2476058359e-02
7.7395391793e+00   2.7741859559e-02
7.7396391793e+00   2.7681207913e-02
7.7406391793e+00   2.7074576308e-02
7.7484554958e+00   2.2325793954e-02
7.7485554958e+00   2.2264957629e-02
7.7495554958e+00   2.1656481894e-02
7.7573718124e+00   1.6893451579e-02
7.7574718124e+00   1.6832434885e-02
7.7584718124e+00   1.6222158133e-02
7.7662881290e+00   1.1445218205e-02
7.7663881290e+00   1.1384025488e-02
7.7673881290e+00   1.0771991184e-02
7.7752044455e+00   5.9814827423e-03
7.7753044455e+00   5.9201183798e-03
7.7763044455e+00   5.3063703414e-03
7.7841207621e+00   5.0263722831e-04
7.7842207621e+00   4.4110563562e-04
7.7852207621e+00   -1.7431197012e-04
7.7930370787e+00   -4.9909231761e-03
7.7931370787e+00   -5.0526175494e-03
7.7941370787e+00   -5.6696602053e-03
7.8019533952e+00   -1.0498800196e-02
7.8020533952e+00   -1.0560652866e-02
7.8030533952e+00   -1.1179275706e-02
7.8108697118e+00   -1.6020592454e-02
7.8109697118e+00   -1.6082598901e-02
7.8119697118e+00   -1.6702756712e-02
7.8197860283e+00   -2.1555895476e-02
7.8198860283e+00   -2.1618051146e-02
7.8208860283e+00   -2.2239698369e-02
7.8287023449e+00   -2.7104301707e-02
7.8288023449e+00   -2.7166602011e-02
7.8298023449e+00   -2.7789692741e-02
7.8376186615e+00   -3.2665400519e-02
7.8377186615e+00   -3.2727840836e-02
7.8387186615e+00   -3.3352328825e-02
7.8465349780e+00   -3.8238778228e-02
7.8466349780e+00   -3.8301353900e-02
7.8476349780e+00   -3.8927192557e-02
7.8554512946e+00   -4.3824018104e-02
7.8555512946e+00   -4.3886724440e-02
7.8565512946e+00   -4.4513866835e-02
7.8643676111e+00   -4.9420700387e-02
7.8644676111e+00   -4.9483532663e-02
7.8654676111e+00   -5.0111931525e-02
7.8732839277e+00   -5.5028402305e-02
7.8733839277e+00   -5.5091355761e-02
7.8743839277e+00   -5.5720963484e-02
7.8822002443e+00   -6.0646698084e-02
7.8823002443e+00   -6.0709767930e-02
7.8833002443e+00   -6.1340536572e-02
7.8911165608e+00   -6.6275158975e-02
7.8912165608e+00   -6.6338340384e-02
7.8922165608e+00   -6.6970221670e-02
7.9000328774e+00   -7.1913353265e-02
7.9001328774e+00   -7.1976641377e-02
7.9011328774e+00   -7.2609586702e-02
7.9089491939e+00   -7.7560846296e-02
7.9090491939e+00   -7.7624236222e-02
7.9100491939e+00   -7.8258196651e-02
7.9178655105e+00   -8.3217200495e-02
7.9179655105e+00   -8.3280687310e-02
7.9189655105e+00   -8.3915613581e-02
7.9267818271e+00   -8.8881975383e-02
7.9268818271e+00   -8.8945554131e-02
7.9278818271e+00   -8.9581396660e-02
7.9356981436e+00   -9.4554727607e-02
7.9357981436e+00   -9.4618393299e-02
7.9367981436e+00   -9.5255102181e-02
7.9446144602e+00   -1.0023501096e-01
7.9447144602e+00   -1.0029875858e-01
7.9457144602e+00   -1.0093628359e-01
7.9535307767e+00   -1.0592237641e-01
7.9536307767e+00   -1.0598620089e-01
7.9546307767e+00   -1.0662449149e-01
7.9624470933e+00   -1.1161637211e-01
7.9625470933e+00   -1.1168026838e-01
7.9635470933e+00   -1.1231927372e-01
7.9713634099e+00   -1.1731654345e-01
7.9714634099e+00   -1.1738050640e-01
7.9724634099e+00   -1.1802017530e-01
7.9802797264e+00   -1.2302243307e-01
7.9880960430e+00   -1.2802873170e-01
7.9881960430e+00   -1.2809280586e-01
7.9891960430e+00   -1.2873358088e-01
7.9970123596e+00   -1.3374410845e-01
7.9971123596e+00   -1.3380823440e-01
7.9981123596e+00   -1.3444952413e-01
8.0059286761e+00   -1.3946387276e-01
8.0060286761e+00   -1.3952804528e-01
8.0070286761e+00   -1.4016979738e-01
8.0148449927e+00   -1.4518755692e-01
8.0226613092e+00   -1.5020796739e-01
8.0304776258e+00   -1.5523071033e-01
8.0382939424e+00   -1.6025546578e-01
8.0461102589e+00   -1.6528191231e-01
8.0539265755e+00   -1.7030972705e-01
8.0617428920e+00   -1.7533858567e-01
8.0695592086e+00   -1.8036816246e-01
8.0773755252e+00   -1.8539813028e-01
8.0851918417e+00   -1.9042816065e-01
8.0930081583e+00   -1.9545792375e-01
8.1008244748e+00   -2.0048708840e-01
8.1086407914e+00   -2.0551532215e-01
8.1164571080e+00   -2.1054229126e-01
8.1242734245e+00   -2.1556766075e-01
8.1320897411e+00   -2.2059109441e-01
8.1399060576e+00   -2.2561225483e-01
8.1477223742e+00   -2.3063080341e-01
8.1555386908e+00   -2.3564640043e-01
8.1633550073e+00   -2.4065870504e-01
8.1634550073e+00   -2.4072280840e-01
8.1644550073e+00   -2.4136380908e-01
8.1722713239e+00   -2.4637194035e-01
8.1723713239e+00   -2.4643598778e-01
8.1733713239e+00   -2.4707642569e-01
8.1734713239e+00   -2.4714046583e-01
8.1744713239e+00   -2.4778083034e-01
8.1822876404e+00   -2.5278374078e-01
8.1823876404e+00   -2.5284771856e-01
8.1833876404e+00   -2.5348745600e-01
8.1912039570e+00   -2.5848524313e-01
8.1913039570e+00   -2.5854915281e-01
8.1923039570e+00   -2.5918820572e-01
8.2001202736e+00   -2.6418041983e-01
8.2002202736e+00   -2.6424425566e-01
8.2012202736e+00   -2.6488256642e-01
8.2090365901e+00   -2.6986875638e-01
8.2091365901e+00   -2.6993251257e-01
8.2101365901e+00   -2.7057002337e-01
8.2179529067e+00   -2.7554973670e-01
8.2180529067e+00   -2.7561340745e-01
8.2190529067e+00   -2.7625006032e-01
8.2268692233e+00   -2.8122284321e-01
8.2269692233e+00   -2.8128642272e-01
8.2279692233e+00   -2.8192215951e-01
8.2357855398e+00   -2.8688755691e-01
8.2358855398e+00   -2.8695103933e-01
8.2368855398e+00   -2.8758580175e-01
8.2447018564e+00   -2.9254335740e-01
8.2448018564e+00   -2.9260673690e-01
8.2458018564e+00   -2.9324046650e-01
8.2536181729e+00   -2.9818972299e-01
8.2537181729e+00   -2.9825299371e-01
8.2547181729e+00   -2.9888563191e-01
8.2625344895e+00   -3.0382613075e-01
8.2626344895e+00   -3.0388928683e-01
8.2636344895e+00   -3.0452077488e-01
8.2714508061e+00   -3.0945205658e-01
8.2715508061e+00   -3.0951509211e-01
8.2725508061e+00   -3.1014537118e-01
8.2726508061e+00   -3.1020839144e-01
8.2736508061e+00   -3.1083851728e-01
8.2814671226e+00   -3.1575889546e-01
8.2815671226e+00   -3.1582178856e-01
8.2825671226e+00   -3.1645063915e-01
8.2903834392e+00   -3.2136082132e-01
8.2904834392e+00   -3.2142358135e-01
8.2914834392e+00   -3.2205109760e-01
8.2992997557e+00   -3.2695062143e-01
8.2993997557e+00   -3.2701324247e-01
8.3003997557e+00   -3.2763936518e-01
8.3082160723e+00   -3.3252776756e-01
8.3083160723e+00   -3.3259024368e-01
8.3093160723e+00   -3.3321491355e-01
8.3171323889e+00   -3.3809173066e-01
8.3172323889e+00   -3.3815405593e-01
8.3182323889e+00   -3.3877721357e-01
8.3260487054e+00   -3.4364198094e-01
8.3261487054e+00   -3.4370414941e-01
8.3271487054e+00   -3.4432573536e-01
8.3349650220e+00   -3.4917798794e-01
8.3350650220e+00   -3.4923999365e-01
8.3360650220e+00   -3.4985994839e-01
8.3438813385e+00   -3.5469922059e-01
8.3439813385e+00   -3.5476105759e-01
8.3449813385e+00   -3.5537932152e-01
8.3527976551e+00   -3.6020514733e-01
8.3528976551e+00   -3.6026680965e-01
8.3538976551e+00   -3.6088332311e-01
8.3539976551e+00   -3.6094496347e-01
8.3549976551e+00   -3.6156125684e-01
8.3628139717e+00   -3.6637142111e-01
8.3629139717e+00   -3.6643288008e-01
8.3639139717e+00   -3.6704735593e-01
8.3717302882e+00   -3.7184308307e-01
8.3718302882e+00   -3.7190435469e-01
8.3728302882e+00   -3.7251695329e-01
8.3806466048e+00   -3.7729777631e-01
8.3807466048e+00   -3.7735885459e-01
8.3817466048e+00   -3.7796951618e-01
8.3895629213e+00   -3.8273496792e-01
8.3896629213e+00   -3.8279584689e-01
8.3906629213e+00   -3.8340451169e-01
8.3984792379e+00   -3.8815412487e-01
8.3985792379e+00   -3.8821479856e-01
8.3995792379e+00   -3.8882140678e-01
8.4073955545e+00   -3.9355471412e-01
8.4074955545e+00   -3.9361517654e-01
8.4084955545e+00   -3.9421966841e-01
8.4163118710e+00   -3.9893620265e-01
8.4164118710e+00   -3.9899644782e-01
8.4174118710e+00   -3.9959876357e-01
8.4252281876e+00   -4.0429805757e-01
8.4253281876e+00   -4.0435807953e-01
8.4263281876e+00   -4.0495815939e-01
8.4264281876e+00   -4.0501815339e-01
8.4274281876e+00   -4.0561795328e-01
8.4352445042e+00   -4.1029732323e-01
8.4353445042e+00   -4.1035708730e-01
8.4363445042e+00   -4.1095458421e-01
8.4441608207e+00   -4.1561572274e-01
8.4442608207e+00   -4.1567525092e-01
8.4452608207e+00   -4.1627038518e-01
8.4530771373e+00   -4.2091282597e-01
8.4531771373e+00   -4.2097211229e-01
8.4541771373e+00   -4.2156482426e-01
8.4619934538e+00   -4.2618810143e-01
8.4620934538e+00   -4.2624713992e-01
8.4630934538e+00   -4.2683737003e-01
8.4709097704e+00   -4.3144101818e-01
8.4710097704e+00   -4.3149980291e-01
8.4720097704e+00   -4.3208749164e-01
8.4798260870e+00   -4.3667104593e-01
8.4799260870e+00   -4.3672957095e-01
8.4809260870e+00   -4.3731465889e-01
8.4887424035e+00   -4.4187765513e-01
8.4888424035e+00   -4.4193591449e-01
8.4898424035e+00   -4.4251834229e-01
8.4899424035e+00   -4.4257656847e-01
8.4909424035e+00   -4.4315866398e-01
8.4987587201e+00   -4.4769801321e-01
8.4988587201e+00   -4.4775596708e-01
8.4998587201e+00   -4.4833533591e-01
8.4999587201e+00   -4.4839325578e-01
8.5009587201e+00   -4.4897228411e-01
8.5087750366e+00   -4.5348740257e-01
8.5088750366e+00   -4.5354504349e-01
8.5098750366e+00   -4.5412127873e-01
8.5176913532e+00   -4.5861433735e-01
8.5177913532e+00   -4.5867169343e-01
8.5187913532e+00   -4.5924507657e-01
8.5266076698e+00   -4.6371561475e-01
8.5267076698e+00   -4.6377268009e-01
8.5277076698e+00   -4.6434315227e-01
8.5355239863e+00   -4.6879071041e-01
8.5356239863e+00   -4.6884747915e-01
8.5366239863e+00   -4.6941498164e-01
8.5367239863e+00   -4.6947171338e-01
8.5377239863e+00   -4.7003884544e-01
8.5455403029e+00   -4.7446004177e-01
8.5456403029e+00   -4.7451647033e-01
8.5466403029e+00   -4.7508056690e-01
8.5544566194e+00   -4.7947781113e-01
8.5545566194e+00   -4.7953393066e-01
8.5555566194e+00   -4.8009493335e-01
8.5633729360e+00   -4.8446776963e-01
8.5634729360e+00   -4.8452357431e-01
8.5644729360e+00   -4.8508142488e-01
8.5722892526e+00   -4.8942939873e-01
8.5723892526e+00   -4.8948488274e-01
8.5733892526e+00   -4.9003952314e-01
8.5812055691e+00   -4.9436218152e-01
8.5813055691e+00   -4.9441733908e-01
8.5823055691e+00   -4.9496871144e-01
8.5901218857e+00   -4.9926560279e-01
8.5902218857e+00   -4.9932042814e-01
8.5912218857e+00   -4.9986847479e-01
8.5990382022e+00   -5.0413914915e-01
8.5991382022e+00   -5.0419363654e-01
8.6001382022e+00   -5.0473830002e-01
8.6079545188e+00   -5.0898230911e-01
8.6080545188e+00   -5.0903645281e-01
8.6090545188e+00   -5.0957767589e-01
8.6168708354e+00   -5.1379457315e-01
8.6169708354e+00   -5.1384836745e-01
8.6179708354e+00   -5.1438609310e-01
8.6257871519e+00   -5.1857543379e-01
8.6258871519e+00   -5.1862887302e-01
8.6268871519e+00   -5.1916304447e-01
8.6347034685e+00   -5.2332438574e-01
8.6348034685e+00   -5.2337746425e-01
8.6358034685e+00   -5.2390802496e-01
8.6436197851e+00   -5.2804092592e-01
8.6437197851e+00   -5.2809363807e-01
8.6447197851e+00   -5.2862053177e-01
8.6525361016e+00   -5.3272455359e-01
8.6526361016e+00   -5.3277689379e-01
8.6536361016e+00   -5.3330006447e-01
8.6614524182e+00   -5.3737477041e-01
8.6615524182e+00   -5.3742673308e-01
8.6625524182e+00   -5.3794612501e-01
8.6703687347e+00   -5.4199108054e-01
8.6704687347e+00   -5.4204266012e-01
8.6714687347e+00   -5.4255821785e-01
8.6792850513e+00   -5.4657299070e-01
8.6793850513e+00   -5.4662418169e-01
8.6803850513e+00   -5.4713585006e-01
8.6882013679e+00   -5.5112001029e-01
8.6883013679e+00   -5.5117080720e-01
8.6893013679e+00   -5.5167853136e-01
8.6971176844e+00   -5.5563165145e-01
8.6972176844e+00   -5.5568204882e-01
8.6982176844e+00   -5.5618577424e-01
8.7060340010e+00   -5.6010742914e-01
8.7061340010e+00   -5.6015742155e-01
8.7071340010e+00   -5.6065709401e-01
8.7149503175e+00   -5.6454686123e-01
8.7150503175e+00   -5.6459644329e-01
8.7160503175e+00   -5.6509200891e-01
8.7238666341e+00   -5.6894946860e-01
8.7239666341e+00   -5.6899863494e-01
8.7249666341e+00   -5.6949004018e-01
8.7327829507e+00   -5.7331477516e-01
8.7328829507e+00   -5.7336352047e-01
8.7338829507e+00   -5.7385071213e-01
8.7416992672e+00   -5.7764230800e-01
8.7417992672e+00   -5.7769062699e-01
8.7427992672e+00   -5.7817355224e-01
8.7506155838e+00   -5.8193159743e-01
8.7507155838e+00   -5.8197948486e-01
8.7517155838e+00   -5.8245809122e-01
8.7595319003e+00   -5.8618217707e-01
8.7596319003e+00   -5.8622962772e-01
8.7606319003e+00   -5.8670386310e-01
8.7684482169e+00   -5.9039358391e-01
8.7685482169e+00   -5.9044059261e-01
8.7695482169e+00   -5.9091040530e-01
8.7773645335e+00   -5.9456535841e-01
8.7774645335e+00   -5.9461192002e-01
8.7784645335e+00   -5.9507725872e-01
8.7862808500e+00   -5.9869704456e-01
8.7863808500e+00   -5.9874315399e-01
8.7873808500e+00   -5.9920396777e-01
8.7951971666e+00   -6.0278818995e-01
8.7952971666e+00   -6.0283384216e-01
8.7962971666e+00   -6.0329008051e-01
8.8041134831e+00   -6.0683834586e-01
8.8042134831e+00   -6.0688353583e-01
8.8052134831e+00   -6.0733514867e-01
8.8130297997e+00   -6.1084706732e-01
8.8131297997e+00   -6.1089179007e-01
8.8141297997e+00   -6.1133872774e-01
8.8219461163e+00   -6.1481391318e-01
8.8220461163e+00   -6.1485816379e-01
8.8230461163e+00   -6.1530037705e-01
8.8308624328e+00   -6.1873844616e-01
8.8309624328e+00   -6.1878221976e-01
8.8319624328e+00   -6.1921965982e-01
8.8397787494e+00   -6.2262023298e-01
8.8398787494e+00   -6.2266352471e-01
8.8408787494e+00   -6.2309614324e-01
8.8486950659e+00   -6.2645884434e-01
8.8487950659e+00   -6.2650164943e-01
8.8497950659e+00   -6.2692939853e-01
8.8576113825e+00   -6.3025385506e-01
8.8577113825e+00   -6.3029616876e-01
8.8587113825e+00   -6.3071900101e-01
8.8665276991e+00   -6.3400484411e-01
8.8666276991e+00   -6.3404666171e-01
8.8676276991e+00   -6.3446453016e-01
8.8754440156e+00   -6.3771139467e-01
8.8755440156e+00   -6.3775271153e-01
8.8765440156e+00   -6.3816556970e-01
8.8843603322e+00   -6.4137309419e-01
8.8844603322e+00   -6.4141390570e-01
8.8854603322e+00   -6.4182170760e-01
8.8932766488e+00   -6.4498953448e-01
8.8933766488e+00   -6.4502983609e-01
8.8943766488e+00   -6.4543253622e-01
8.9021929653e+00   -6.4856031173e-01
8.9022929653e+00   -6.4860009894e-01
8.9032929653e+00   -6.4899765229e-01
8.9111092819e+00   -6.5208502659e-01
8.9112092819e+00   -6.5212429494e-01
8.9122092819e+00   -6.5251665700e-01
8.9200255984e+00   -6.5556328421e-01
8.9201255984e+00   -6.5560202931e-01
8.9211255984e+00   -6.5598915609e-01
8.9289419150e+00   -6.5899469431e-01
8.9290419150e+00   -6.5903291180e-01
8.9300419150e+00   -6.5941475982e-01
8.9378582316e+00   -6.6237887123e-01
8.9379582316e+00   -6.6241655681e-01
8.9389582316e+00   -6.6279308312e-01
8.9467745481e+00   -6.6571543396e-01
8.9468745481e+00   -6.6575258338e-01
8.9478745481e+00   -6.6612374555e-01
8.9556908647e+00   -6.6900400621e-01
8.9557908647e+00   -6.6904061529e-01
8.9567908647e+00   -6.6940637141e-01
8.9646071812e+00   -6.7224421647e-01
8.9647071812e+00   -6.7228028106e-01
8.9657071812e+00   -6.7264058977e-01
8.9735234978e+00   -6.7543569801e-01
8.9736234978e+00   -6.7547121403e-01
8.9746234978e+00   -6.7582603451e-01
8.9824398144e+00   -6.7857808898e-01
8.9825398144e+00   -6.7861305239e-01
8.9835398144e+00   -6.7896234437e-01
8.9913561309e+00   -6.8167103239e-01
8.9914561309e+00   -6.8170543923e-01
8.9924561309e+00   -6.8204916298e-01
9.0002724475e+00   -6.8471417623e-01
9.0003724475e+00   -6.8474802256e-01
9.0013724475e+00   -6.8508613892e-01
9.0091887640e+00   -6.8770717342e-01
9.0092887640e+00   -6.8774045540e-01
9.0102887640e+00   -6.8807292575e-01
9.0181050806e+00   -6.9064968193e-01
9.0182050806e+00   -6.9068239574e-01
9.0192050806e+00   -6.9100918206e-01
9.0270213972e+00   -6.9354136476e-01
9.0271213972e+00   -6.9357350665e-01
9.0281213972e+00   -6.9389457145e-01
9.0359377137e+00   -6.9638189000e-01
9.0360377137e+00   -6.9641345627e-01
9.0370377137e+00   -6.9672876267e-01
9.0448540303e+00   -6.9917093086e-01
9.0449540303e+00   -6.9920191787e-01
9.0459540303e+00   -6.9951142953e-01
9.0537703468e+00   -7.0190816567e-01
9.0538703468e+00   -7.0193856986e-01
9.0548703468e+00   -7.0224225103e-01
9.0626866634e+00   -7.0459327797e-01
9.0627866634e+00   -7.0462309581e-01
9.0637866634e+00   -7.0492091134e-01
9.0716029800e+00   -7.0722595648e-01
9.0717029800e+00   -7.0725518451e-01
9.0727029800e+00   -7.0754709982e-01
9.0805192965e+00   -7.0980589517e-01
9.0806192965e+00   -7.0983452998e-01
9.0816192965e+00   -7.1012051108e-01
9.0894356131e+00   -7.1233279324e-01
9.0895356131e+00   -7.1236083150e-01
9.0905356131e+00   -7.1264084498e-01
9.0983519297e+00   -7.1480635517e-01
9.0984519297e+00   -7.1483379359e-01
9.0994519297e+00   -7.1510780665e-01
9.1072682462e+00   -7.1722629075e-01
9.1073682462e+00   -7.1725312610e-01
9.1083682462e+00   -7.1752110653e-01
9.1161845628e+00   -7.1959231506e-01
9.1162845628e+00   -7.1961854418e-01
9.1172845628e+00   -7.1988046037e-01
9.1251008793e+00   -7.2190414854e-01
9.1252008793e+00   -7.2192976832e-01
9.1262008793e+00   -7.2218558924e-01
9.1340171959e+00   -7.2416151694e-01
9.1341171959e+00   -7.2418652434e-01
9.1351171959e+00   -7.2443621959e-01
9.1429335125e+00   -7.2636415141e-01
9.1430335125e+00   -7.2638854344e-01
9.1440335125e+00   -7.2663208319e-01
9.1518498290e+00   -7.2851178843e-01
9.1519498290e+00   -7.2853556217e-01
9.1529498290e+00   -7.2877291723e-01
9.1607661456e+00   -7.3060416990e-01
9.1608661456e+00   -7.3062732249e-01
9.1618661456e+00   -7.3085846424e-01
9.1696824621e+00   -7.3264104310e-01
9.1697824621e+00   -7.3266357172e-01
9.1707824621e+00   -7.3288847216e-01
9.1785987787e+00   -7.3462216068e-01
9.1786987787e+00   -7.3464406260e-01
9.1796987787e+00   -7.3486269434e-01
9.1875150953e+00   -7.3654728073e-01
9.1876150953e+00   -7.3656855326e-01
9.1886150953e+00   -7.3678088951e-01
9.1964314118e+00   -7.3841616673e-01
9.1965314118e+00   -7.3843680726e-01
9.1975314118e+00   -7.3864282183e-01
9.2053477284e+00   -7.4022858756e-01
9.2054477284e+00   -7.4024859352e-01
9.2064477284e+00   -7.4044826085e-01
9.2142640449e+00   -7.4198431754e-01
9.2143640449e+00   -7.4200368643e-01
9.2153640449e+00   -7.4219698154e-01
9.2231803615e+00   -7.4368313637e-01
9.2232803615e+00   -7.4370186575e-01
9.2242803615e+00   -7.4388876427e-01
9.2320966781e+00   -7.4532482915e-01
9.2321966781e+00   -7.4534291664e-01
9.2331966781e+00   -7.4552339483e-01
9.2410129946e+00   -7.4690918641e-01
9.2411129946e+00   -7.4692662970e-01
9.2421129946e+00   -7.4710066439e-01
9.2499293112e+00   -7.4843600406e-01
9.2500293112e+00   -7.4845280088e-01
9.2510293112e+00   -7.4862036954e-01
9.2588456277e+00   -7.4990508340e-01
9.2589456277e+00   -7.4992123156e-01
9.2599456277e+00   -7.5008231224e-01
9.2677619443e+00   -7.5131623111e-01
9.2678619443e+00   -7.5133172846e-01
9.2688619443e+00   -7.5148629983e-01
9.2766782609e+00   -7.5266925924e-01
9.2767782609e+00   -7.5268410372e-01
9.2777782609e+00   -7.5283214503e-01
9.2855945774e+00   -7.5396398521e-01
9.2856945774e+00   -7.5397817478e-01
9.2866945774e+00   -7.5411966590e-01
9.2945108940e+00   -7.5520023176e-01
9.2946108940e+00   -7.5521376448e-01
9.2956108940e+00   -7.5534868587e-01
9.3034272106e+00   -7.5637782699e-01
9.3035272106e+00   -7.5639070095e-01
9.3045272106e+00   -7.5651903367e-01
9.3123435271e+00   -7.5749660430e-01
9.3124435271e+00   -7.5750881767e-01
9.3134435271e+00   -7.5763054337e-01
9.3212598437e+00   -7.5855640240e-01
9.3213598437e+00   -7.5856795340e-01
9.3223598437e+00   -7.5868305432e-01
9.3301761602e+00   -7.5955706527e-01
9.3302761602e+00   -7.5956795219e-01
9.3312761602e+00   -7.5967641117e-01
9.3390924768e+00   -7.6049844217e-01
9.3391924768e+00   -7.6050866334e-01
9.3401924768e+00   -7.6061046381e-01
9.3480087934e+00   -7.6138038759e-01
9.3481087934e+00   -7.6138994140e-01
9.3491087934e+00   -7.6148506738e-01
9.3569251099e+00   -7.6220276123e-01
9.3570251099e+00   -7.6221164615e-01
9.3580251099e+00   -7.6230008223e-01
9.3658414265e+00   -7.6296542803e-01
9.3659414265e+00   -7.6297364256e-01
9.3669414265e+00   -7.6305537392e-01
9.3747577430e+00   -7.6366825805e-01
9.3748577430e+00   -7.6367580077e-01
9.3758577430e+00   -7.6375081317e-01
9.3836740596e+00   -7.6431112653e-01
9.3837740596e+00   -7.6431799608e-01
9.3847740596e+00   -7.6438627585e-01
9.3925903762e+00   -7.6489391384e-01
9.3926903762e+00   -7.6490010890e-01
9.3936903762e+00   -7.6496164295e-01
9.4015066927e+00   -7.6541650543e-01
9.4016066927e+00   -7.6542202473e-01
9.4026066927e+00   -7.6547680054e-01
9.4104230093e+00   -7.6587879182e-01
9.4105230093e+00   -7.6588363418e-01
9.4115230093e+00   -7.6593163978e-01
9.4193393258e+00   -7.6628066858e-01
9.4194393258e+00   -7.6628483284e-01
9.4204393258e+00   -7.6632605685e-01
9.4282556424e+00   -7.6662203627e-01
9.4283556424e+00   -7.6662552136e-01
9.4293556424e+00   -7.6665995294e-01
9.4371719590e+00   -7.6690280046e-01
9.4372719590e+00   -7.6690560534e-01
9.4382719590e+00   -7.6693323421e-01
9.4460882755e+00   -7.6712287165e-01
9.4461882755e+00   -7.6712499534e-01
9.4471882755e+00   -7.6714581178e-01
9.4550045921e+00   -7.6728216525e-01
9.4551045921e+00   -7.6728360684e-01
9.4561045921e+00   -7.6729760167e-01
9.4639209086e+00   -7.6738060157e-01
9.4640209086e+00   -7.6738136018e-01
9.4650209086e+00   -7.6738852478e-01
9.4728372252e+00   -7.6741810575e-01
9.4729372252e+00   -7.6741818058e-01
9.4739372252e+00   -7.6741850686e-01
9.4817535418e+00   -7.6739460777e-01
9.4818535418e+00   -7.6739399806e-01
9.4828535418e+00   -7.6738747846e-01
9.4906698583e+00   -7.6731004237e-01
9.4907698583e+00   -7.6730874741e-01
9.4917698583e+00   -7.6729537493e-01
9.4995861749e+00   -7.6716434904e-01
9.4996861749e+00   -7.6716236818e-01
9.5006861749e+00   -7.6714213633e-01
9.5085024915e+00   -7.6695747199e-01
9.5086024915e+00   -7.6695480463e-01
9.5096024915e+00   -7.6692770744e-01
9.5174188080e+00   -7.6668936008e-01
9.5175188080e+00   -7.6668600568e-01
9.5185188080e+00   -7.6665203772e-01
9.5263351246e+00   -7.6635996683e-01
9.5264351246e+00   -7.6635592489e-01
9.5274351246e+00   -7.6631508124e-01
9.5352514411e+00   -7.6596925035e-01
9.5353514411e+00   -7.6596452043e-01
9.5363514411e+00   -7.6591679667e-01
9.5441677577e+00   -7.6551717330e-01
9.5442677577e+00   -7.6551175500e-01
9.5452677577e+00   -7.6545714724e-01
9.5530840743e+00   -7.6500370287e-01
9.5531840743e+00   -7.6499759585e-01
9.5541840743e+00   -7.6493610070e-01
9.5620003908e+00   -7.6442881074e-01
9.5621003908e+00   -7.6442201471e-01
9.5631003908e+00   -7.6435362927e-01
9.5709167074e+00   -7.6379247302e-01
9.5710167074e+00   -7.6378498773e-01
9.5720167074e+00   -7.6370970961e-01
9.5798330239e+00   -7.6309467023e-01
9.5799330239e+00   -7.6308649550e-01
9.5809330239e+00   -7.6300432278e-01
9.5887493405e+00   -7.6233538727e-01
9.5888493405e+00   -7.6232652294e-01
9.5898493405e+00   -7.6223745422e-01
9.5976656571e+00   -7.6151461335e-01
9.5977656571e+00   -7.6150505933e-01
9.5987656571e+00   -7.6140909366e-01
9.6065819736e+00   -7.6063234197e-01
9.6066819736e+00   -7.6062209821e-01
9.6076819736e+00   -7.6051923514e-01
9.6154982902e+00   -7.5968857089e-01
9.6155982902e+00   -7.5967763739e-01
9.6165982902e+00   -7.5956787693e-01
9.6244146067e+00   -7.5868330206e-01
9.6245146067e+00   -7.5867167887e-01
9.6255146067e+00   -7.5855502151e-01
9.6333309233e+00   -7.5761654161e-01
9.6334309233e+00   -7.5760422881e-01
9.6344309233e+00   -7.5748067550e-01
9.6422472399e+00   -7.5648829979e-01
9.6423472399e+00   -7.5647529753e-01
9.6433472399e+00   -7.5634484968e-01
9.6511635564e+00   -7.5529859095e-01
9.6512635564e+00   -7.5528489941e-01
9.6522635564e+00   -7.5514755889e-01
9.6600798730e+00   -7.5404743348e-01
9.6601798730e+00   -7.5403305288e-01
9.6611798730e+00   -7.5388882201e-01
9.6689961895e+00   -7.5273484977e-01
9.6690961895e+00   -7.5271978040e-01
9.6700961895e+00   -7.5256866194e-01
9.6779125061e+00   -7.5136086621e-01
9.6780125061e+00   -7.5134510838e-01
9.6790125061e+00   -7.5118710554e-01
9.6868288227e+00   -7.4992551309e-01
9.6869288227e+00   -7.4990906716e-01
9.6879288227e+00   -7.4974418359e-01
9.6957451392e+00   -7.4842882461e-01
9.6958451392e+00   -7.4841169099e-01
9.6968451392e+00   -7.4823993076e-01
9.7046614558e+00   -7.4687083881e-01
9.7047614558e+00   -7.4685301795e-01
9.7057614558e+00   -7.4667438558e-01
9.7135777723e+00   -7.4525159755e-01
9.7136777723e+00   -7.4523308994e-01
9.7146777723e+00   -7.4504759037e-01
9.7224940889e+00   -7.4357114648e-01
9.7225940889e+00   -7.4355195265e-01
9.7235940889e+00   -7.4335959123e-01
9.7314104055e+00   -7.4182953498e-01
9.7315104055e+00   -7.4180965550e-01
9.7325104055e+00   -7.4161043800e-01
9.7403267220e+00   -7.4002681611e-01
9.7404267220e+00   -7.4000625161e-01
9.7414267220e+00   -7.3980018422e-01
9.7492430386e+00   -7.3816304663e-01
9.7493430386e+00   -7.3814179775e-01
9.7503430386e+00   -7.3792888708e-01
9.7581593552e+00   -7.3623828690e-01
9.7582593552e+00   -7.3621635435e-01
9.7592593552e+00   -7.3599660738e-01
9.7670756717e+00   -7.3425260090e-01
9.7671756717e+00   -7.3422998541e-01
9.7681756717e+00   -7.3400340955e-01
9.7759919883e+00   -7.3220605613e-01
9.7760919883e+00   -7.3218275849e-01
9.7770919883e+00   -7.3194936154e-01
9.7849083048e+00   -7.3009872365e-01
9.7850083048e+00   -7.3007474467e-01
9.7860083048e+00   -7.2983453481e-01
9.7938246214e+00   -7.2793067799e-01
9.7939246214e+00   -7.2790601852e-01
9.7949246214e+00   -7.2765900434e-01
9.8027409380e+00   -7.2570199712e-01
9.8028409380e+00   -7.2567665806e-01
9.8038409380e+00   -7.2542284852e-01
9.8116572545e+00   -7.2341276246e-01
9.8117572545e+00   -7.2338674473e-01
9.8127572545e+00   -7.2312614918e-01
9.8205735711e+00   -7.2106305878e-01
9.8206735711e+00   -7.2103636337e-01
9.8216735711e+00   -7.2076899153e-01
9.8294898876e+00   -7.1865297425e-01
9.8295898876e+00   -7.1862560216e-01
9.8305898876e+00   -7.1835146412e-01
9.8384062042e+00   -7.1618260034e-01
9.8385062042e+00   -7.1615455260e-01
9.8395062042e+00   -7.1587365885e-01
9.8473225208e+00   -7.1365203181e-01
9.8474225208e+00   -7.1362330952e-01
9.8484225208e+00   -7.1333567087e-01
9.8562388373e+00   -7.1106136669e-01
9.8563388373e+00   -7.1103197096e-01
9.8573388373e+00   -7.1073759863e-01
9.8651551539e+00   -7.0841070625e-01
9.8652551539e+00   -7.0838063824e-01
9.8662551539e+00   -7.0807954379e-01
9.8740714704e+00   -7.0570015498e-01
9.8741714704e+00   -7.0566941587e-01
9.8751714704e+00   -7.0536161121e-01
9.8829877870e+00   -7.0292982051e-01
9.8830877870e+00   -7.0289841154e-01
9.8840877870e+00   -7.0258390895e-01
9.8919041036e+00   -7.0009981368e-01
9.8920041036e+00   -7.0006773609e-01
9.8930041036e+00   -6.9974654821e-01
9.9008204201e+00   -6.9721024841e-01
9.9009204201e+00   -6.9717750351e-01
9.9019204201e+00   -6.9684964330e-01
9.9097367367e+00   -6.9426124175e-01
9.9098367367e+00   -6.9422783086e-01
9.9108367367e+00   -6.9389331166e-01
9.9186530532e+00   -6.9125291382e-01
9.9187530532e+00   -6.9121883832e-01
9.9197530532e+00   -6.9087767378e-01
9.9275693698e+00   -6.8818538780e-01
9.9276693698e+00   -6.8815064908e-01
9.9286693698e+00   -6.8780285322e-01
9.9364856864e+00   -6.8505878992e-01
9.9365856864e+00   -6.8502338941e-01
9.9375856864e+00   -6.8466897657e-01
9.9454020029e+00   -6.8187324939e-01
9.9455020029e+00   -6.8183718856e-01
9.9465020029e+00   -6.8147617343e-01
9.9543183195e+00   -6.7862889845e-01
9.9544183195e+00   -6.7859217880e-01
9.9554183195e+00   -6.7822457640e-01
9.9632346361e+00   -6.7532587230e-01
9.9633346361e+00   -6.7528849536e-01
9.9643346361e+00   -6.7491432104e-01
9.9721509526e+00   -6.7196430909e-01
9.9722509526e+00   -6.7192627643e-01
9.9732509526e+00   -6.7154554588e-01
9.9810672692e+00   -6.6854434993e-01
9.9811672692e+00   -6.6850566315e-01
9.9821672692e+00   -6.6811839237e-01
9.9899835857e+00   -6.6506613884e-01
9.9900835857e+00   -6.6502679957e-01
9.9910835857e+00   -6.6463300490e-01
9.9988999023e+00   -6.6152982275e-01
9.9989999023e+00   -6.6148983266e-01
9.9999999023e+00   -6.6108953076e-01
1.0007816219e+01   -6.5793555150e-01
1.0007916219e+01   -6.5789491228e-01
1.0008916219e+01   -6.5748812014e-01
1.0016732535e+01   -6.5428347781e-01
1.0016832535e+01   -6.5424219118e-01
1.0017832535e+01   -6.5382892612e-01
1.0025648852e+01   -6.5057375725e-01
1.0025748852e+01   -6.5053182498e-01
1.0026748852e+01   -6.5011210463e-01
1.0034565169e+01   -6.4680654828e-01
1.0034665169e+01   -6.4676397216e-01
1.0035665169e+01   -6.4633781447e-01
1.0043481485e+01   -6.4298201220e-01
1.0043581485e+01   -6.4293879406e-01
1.0044581485e+01   -6.4250621730e-01
1.0052397802e+01   -6.3910031315e-01
1.0052497802e+01   -6.3905645486e-01
1.0053497802e+01   -6.3861747761e-01
1.0061314118e+01   -6.3516161813e-01
1.0069130435e+01   -6.3166208877e-01
1.0069230435e+01   -6.3161703424e-01
1.0070230435e+01   -6.3116609695e-01
1.0078046751e+01   -6.2761689394e-01
1.0085863068e+01   -6.2402427181e-01
1.0085963068e+01   -6.2397802792e-01
1.0086963068e+01   -6.2351519927e-01
1.0094779384e+01   -6.1987319390e-01
1.0102595701e+01   -6.1618802781e-01
1.0102695701e+01   -6.1614060163e-01
1.0103695701e+01   -6.1566595239e-01
1.0102695701e+01   -6.1614060163e-01
1.0103695701e+01   -6.1566595239e-01
1.0103795701e+01   -6.1561844873e-01
1.0104795701e+01   -6.1514302494e-01
1.0112612018e+01   -6.1140273051e-01
1.0120428334e+01   -6.0761955914e-01
1.0128244651e+01   -6.0379363796e-01
1.0136060967e+01   -5.9992509577e-01
1.0136160967e+01   -5.9987532705e-01
1.0137160967e+01   -5.9937725733e-01
1.0144977284e+01   -5.9546025541e-01
1.0152793600e+01   -5.9150091380e-01
1.0152893600e+01   -5.9144998525e-01
1.0153893600e+01   -5.9094031983e-01
1.0161709917e+01   -5.8693284380e-01
1.0169526234e+01   -5.8288331712e-01
1.0169626234e+01   -5.8283123665e-01
1.0170626234e+01   -5.8231005469e-01
1.0178442550e+01   -5.7821272768e-01
1.0186258867e+01   -5.7407364677e-01
1.0186358867e+01   -5.7402042251e-01
1.0187358867e+01   -5.7348780530e-01
1.0195175183e+01   -5.6930126702e-01
1.0202991500e+01   -5.6507327938e-01
1.0203091500e+01   -5.6501891965e-01
1.0204091500e+01   -5.6447495061e-01
1.0211907816e+01   -5.6019985747e-01
1.0219724133e+01   -5.5588362737e-01
1.0219824133e+01   -5.5582814073e-01
1.0220824133e+01   -5.5527290541e-01
1.0228640449e+01   -5.5090993068e-01
1.0236456766e+01   -5.4650613931e-01
1.0236556766e+01   -5.4644953453e-01
1.0237556766e+01   -5.4588312068e-01
1.0245373083e+01   -5.4143295464e-01
1.0253189399e+01   -5.3694230032e-01
1.0253289399e+01   -5.3688458637e-01
1.0254289399e+01   -5.3630708392e-01
1.0262105716e+01   -5.3177043409e-01
1.0269922032e+01   -5.2719363243e-01
1.0270022032e+01   -5.2713481854e-01
1.0271022032e+01   -5.2654631964e-01
1.0278838349e+01   -5.2192391097e-01
1.0286654665e+01   -5.1726169516e-01
1.0286754665e+01   -5.1720179075e-01
1.0287754665e+01   -5.1660238981e-01
1.0295570982e+01   -5.1189496493e-01
1.0303387298e+01   -5.0714808595e-01
1.0303487298e+01   -5.0708710069e-01
1.0304487298e+01   -5.0647689442e-01
1.0312303615e+01   -5.0168521392e-01
1.0320119932e+01   -4.9685444085e-01
1.0320219932e+01   -4.9679238462e-01
1.0321219932e+01   -4.9617147204e-01
1.0329036248e+01   -4.9129631476e-01
1.0336852565e+01   -4.8638243505e-01
1.0336952565e+01   -4.8631931800e-01
1.0337952565e+01   -4.8568780049e-01
1.0345768881e+01   -4.8072996382e-01
1.0353585198e+01   -4.7573378367e-01
1.0353685198e+01   -4.7566961616e-01
1.0354685198e+01   -4.7502759752e-01
1.0362501514e+01   -4.6998789775e-01
1.0362601514e+01   -4.6992317480e-01
1.0363601514e+01   -4.6927560366e-01
1.0371417831e+01   -4.6419262153e-01
1.0371517831e+01   -4.6412734619e-01
1.0372517831e+01   -4.6347425309e-01
1.0380334148e+01   -4.5834822880e-01
1.0380434148e+01   -4.5828240416e-01
1.0381434148e+01   -4.5762382003e-01
1.0389250464e+01   -4.5245499677e-01
1.0389350464e+01   -4.5238862597e-01
1.0390350464e+01   -4.5172458211e-01
1.0398166781e+01   -4.4651320611e-01
1.0398266781e+01   -4.4644629231e-01
1.0399266781e+01   -4.4577682043e-01
1.0407083097e+01   -4.4052314096e-01
1.0407183097e+01   -4.4045568737e-01
1.0408183097e+01   -4.3978081954e-01
1.0415999414e+01   -4.3448508897e-01
1.0416099414e+01   -4.3441709883e-01
1.0417099414e+01   -4.3373686756e-01
1.0417199414e+01   -4.3366881145e-01
1.0418199414e+01   -4.3298792076e-01
1.0426015730e+01   -4.2764525615e-01
1.0426115730e+01   -4.2757666719e-01
1.0427115730e+01   -4.2689045003e-01
1.0434932047e+01   -4.2150628058e-01
1.0435032047e+01   -4.2143716210e-01
1.0436032047e+01   -4.2074565182e-01
1.0443848363e+01   -4.1532023979e-01
1.0443948363e+01   -4.1525059517e-01
1.0444948363e+01   -4.1455382552e-01
1.0452764680e+01   -4.0908743639e-01
1.0452864680e+01   -4.0901726904e-01
1.0453864680e+01   -4.0831527420e-01
1.0461680997e+01   -4.0280817674e-01
1.0461780997e+01   -4.0273749012e-01
1.0462780997e+01   -4.0203030469e-01
1.0462880997e+01   -4.0195955424e-01
1.0463880997e+01   -4.0125173087e-01
1.0471697313e+01   -3.9569922760e-01
1.0471797313e+01   -3.9562796181e-01
1.0472797313e+01   -3.9491498723e-01
1.0480613630e+01   -3.8932235736e-01
1.0480713630e+01   -3.8925057978e-01
1.0481713630e+01   -3.8853248950e-01
1.0489529946e+01   -3.8290001230e-01
1.0489629946e+01   -3.8282772652e-01
1.0490629946e+01   -3.8210455649e-01
1.0498446263e+01   -3.7643251466e-01
1.0498546263e+01   -3.7635972433e-01
1.0499546263e+01   -3.7563151094e-01
1.0507362579e+01   -3.6992019067e-01
1.0507462579e+01   -3.6984689945e-01
1.0508462579e+01   -3.6911367955e-01
1.0516278896e+01   -3.6336337056e-01
1.0516378896e+01   -3.6328958219e-01
1.0517378896e+01   -3.6255139307e-01
1.0525195213e+01   -3.5676238866e-01
1.0525295213e+01   -3.5668810691e-01
1.0526295213e+01   -3.5594498632e-01
1.0534111529e+01   -3.5011758339e-01
1.0534211529e+01   -3.5004281207e-01
1.0535211529e+01   -3.4929479824e-01
1.0543027846e+01   -3.4342929735e-01
1.0543127846e+01   -3.4335404035e-01
1.0544127846e+01   -3.4260117197e-01
1.0551944162e+01   -3.3669787739e-01
1.0552044162e+01   -3.3662213860e-01
1.0553044162e+01   -3.3586445484e-01
1.0560860479e+01   -3.2992367460e-01
1.0560960479e+01   -3.2984745799e-01
1.0561960479e+01   -3.2908499850e-01
1.0569776795e+01   -3.2310704440e-01
1.0569876795e+01   -3.2303035398e-01
1.0570876795e+01   -3.2226315891e-01
1.0578693112e+01   -3.1624834660e-01
1.0578793112e+01   -3.1617118644e-01
1.0579793112e+01   -3.1539929641e-01
1.0587609428e+01   -3.0934794544e-01
1.0587709428e+01   -3.0927031964e-01
1.0588709428e+01   -3.0849377579e-01
1.0596525745e+01   -3.0240620963e-01
1.0596625745e+01   -3.0232812236e-01
1.0597625745e+01   -3.0154696633e-01
1.0605442062e+01   -2.9542351244e-01
1.0605542062e+01   -2.9534496790e-01
1.0606542062e+01   -2.9455924184e-01
1.0614358378e+01   -2.8840023169e-01
1.0614458378e+01   -2.8832123415e-01
1.0615458378e+01   -2.8753098074e-01
1.0623274695e+01   -2.8133674990e-01
1.0623374695e+01   -2.8125730367e-01
1.0624374695e+01   -2.8046256610e-01
1.0632191011e+01   -2.7423345423e-01
1.0632291011e+01   -2.7415356369e-01
1.0633291011e+01   -2.7335438569e-01
1.0633391011e+01   -2.7327444064e-01
1.0634391011e+01   -2.7247471788e-01
1.0642207328e+01   -2.6620683204e-01
1.0642307328e+01   -2.6612644765e-01
1.0643307328e+01   -2.6532233422e-01
1.0651123644e+01   -2.5902030250e-01
1.0651223644e+01   -2.5893948325e-01
1.0652223644e+01   -2.5813102402e-01
1.0660039961e+01   -2.5179519927e-01
1.0660139961e+01   -2.5171394970e-01
1.0661139961e+01   -2.5090119009e-01
1.0661239961e+01   -2.5081988775e-01
1.0662239961e+01   -2.5000660078e-01
1.0670056277e+01   -2.4363324020e-01
1.0670156277e+01   -2.4355151271e-01
1.0671156277e+01   -2.4273397705e-01
1.0678972594e+01   -2.3632758707e-01
1.0679072594e+01   -2.3624543908e-01
1.0680072594e+01   -2.3542370134e-01
1.0687888911e+01   -2.2898464846e-01
1.0687988911e+01   -2.2890208469e-01
1.0688988911e+01   -2.2807619205e-01
1.0696805227e+01   -2.2160484725e-01
1.0696905227e+01   -2.2152187246e-01
1.0697905227e+01   -2.2069187267e-01
1.0705721544e+01   -2.1418861143e-01
1.0705821544e+01   -2.1410523046e-01
1.0706821544e+01   -2.1327117185e-01
1.0714637860e+01   -2.0673637421e-01
1.0714737860e+01   -2.0665259195e-01
1.0715737860e+01   -2.0581452344e-01
1.0723554177e+01   -1.9924857406e-01
1.0723654177e+01   -1.9916439545e-01
1.0724654177e+01   -1.9832236655e-01
1.0732470493e+01   -1.9172565472e-01
1.0732570493e+01   -1.9164108478e-01
1.0733570493e+01   -1.9079514560e-01
1.0741386810e+01   -1.8416806534e-01
1.0741486810e+01   -1.8408310912e-01
1.0742486810e+01   -1.8323331038e-01
1.0750303127e+01   -1.7657626042e-01
1.0750403127e+01   -1.7649092306e-01
1.0751403127e+01   -1.7563731609e-01
1.0751503127e+01   -1.7555193207e-01
1.0752503127e+01   -1.7469785885e-01
1.0760319443e+01   -1.6800762339e-01
1.0760419443e+01   -1.6792186406e-01
1.0761419443e+01   -1.6706404100e-01
1.0769235760e+01   -1.6034469848e-01
1.0769335760e+01   -1.6025856910e-01
1.0770335760e+01   -1.5939704883e-01
1.0778152076e+01   -1.5264901310e-01
1.0778252076e+01   -1.5256251900e-01
1.0779252076e+01   -1.5169735478e-01
1.0787068393e+01   -1.4492104464e-01
1.0787168393e+01   -1.4483419120e-01
1.0788168393e+01   -1.4396543693e-01
1.0795984709e+01   -1.3716127611e-01
1.0796084709e+01   -1.3707406878e-01
1.0797084709e+01   -1.3620177901e-01
1.0797184709e+01   -1.3611452840e-01
1.0798184709e+01   -1.3524180626e-01
1.0806001026e+01   -1.2840687047e-01
1.0806101026e+01   -1.2831927217e-01
1.0807101026e+01   -1.2744307655e-01
1.0814917342e+01   -1.2058120653e-01
1.0815017342e+01   -1.2049326613e-01
1.0816017342e+01   -1.1961365294e-01
1.0823833659e+01   -1.1272528822e-01
1.0823933659e+01   -1.1263701137e-01
1.0824933659e+01   -1.1175403718e-01
1.0832749976e+01   -1.0483962243e-01
1.0832849976e+01   -1.0475101484e-01
1.0833849976e+01   -1.0386473687e-01
1.0841666292e+01   -9.6924721928e-02
1.0841766292e+01   -9.6835789392e-02
1.0842766292e+01   -9.5946265524e-02
1.0850582609e+01   -8.8981105431e-02
1.0850682609e+01   -8.8891853798e-02
1.0851682609e+01   -8.7999142591e-02
1.0859498925e+01   -8.1009297633e-02
1.0859598925e+01   -8.0919732821e-02
1.0860598925e+01   -8.0023893504e-02
1.0868415242e+01   -7.3009829243e-02
1.0868515242e+01   -7.2919957240e-02
1.0869515242e+01   -7.2021049718e-02
1.0877331558e+01   -6.4983237028e-02
1.0877431558e+01   -6.4893063887e-02
1.0878431558e+01   -6.3991148747e-02
1.0886247875e+01   -5.6930063841e-02
1.0886347875e+01   -5.6839595685e-02
1.0887347875e+01   -5.5934734201e-02
1.0895164191e+01   -4.8850858662e-02
1.0895264191e+01   -4.8760101684e-02
1.0896264191e+01   -4.7852355815e-02
1.0904080508e+01   -4.0746176628e-02
1.0904180508e+01   -4.0655137088e-02
1.0905180508e+01   -3.9744569490e-02
1.0912996825e+01   -3.2616579063e-02
1.0913096825e+01   -3.2525263292e-02
1.0914096825e+01   -3.1611937314e-02
1.0921913141e+01   -2.4462633508e-02
1.0922013141e+01   -2.4371047907e-02
1.0923013141e+01   -2.3455027598e-02
1.0930829458e+01   -1.6284913749e-02
1.0930929458e+01   -1.6193064788e-02
1.0931929458e+01   -1.5274414898e-02
1.0939745774e+01   -8.0839998388e-03
1.0939845774e+01   -7.9918940598e-03
1.0940845774e+01   -7.0706800439e-03
1.0948662091e+01   1.3952187623e-04
1.0948762091e+01   2.3187786180e-04
1.0949762091e+01   1.1555898409e-03
1.0957578407e+01   8.3850587377e-03
1.0957678407e+01   8.4776582470e-03
1.0958678407e+01   9.4038013178e-03
1.0966494724e+01   1.6652011756e-02
1.0966594724e+01   1.6744848035e-02
1.0967594724e+01   1.7673354615e-02
1.0975411041e+01   2.4939775593e-02
1.0975511041e+01   2.5032841817e-02
1.0976511041e+01   2.5963643611e-02
1.0984327357e+01   3.3247738552e-02
1.0984427357e+01   3.3341027824e-02
1.0985427357e+01   3.4274055821e-02
1.0993243674e+01   4.1575282558e-02
1.0993343674e+01   4.1668787911e-02
1.0994343674e+01   4.2603972387e-02
1.1002159990e+01   4.9921783160e-02
1.1002259990e+01   5.0015497553e-02
1.1003259990e+01   5.0952768067e-02
1.1011076307e+01   5.8286609516e-02
1.1011176307e+01   5.8380525837e-02
1.1012176307e+01   5.9319811230e-02
1.1019992623e+01   6.6669124390e-02
1.1020092623e+01   6.6763235457e-02
1.1021092623e+01   6.7704463855e-02
1.1028908940e+01   7.5068684156e-02
1.1029008940e+01   7.5162982715e-02
1.1030008940e+01   7.6106081525e-02
1.1037825256e+01   8.3484638797e-02
1.1037925256e+01   8.3579117520e-02
1.1038925256e+01   8.4524013434e-02
1.1046741573e+01   9.1916331908e-02
1.1046841573e+01   9.2010983398e-02
1.1047841573e+01   9.2957602392e-02
1.1055657890e+01   1.0036310071e-01
1.1055757890e+01   1.0045791749e-01
1.1056757890e+01   1.0140618483e-01
1.1064574206e+01   1.0882427604e-01
1.1064674206e+01   1.0891925059e-01
1.1065674206e+01   1.0986909081e-01
1.1073490523e+01   1.1729918241e-01
1.1073590523e+01   1.1739430710e-01
1.1074590523e+01   1.1834564405e-01
1.1082406839e+01   1.2578713798e-01
1.1082506839e+01   1.2588240513e-01
1.1083506839e+01   1.2683516192e-01
1.1091323156e+01   1.3428745458e-01
1.1091423156e+01   1.3438285643e-01
1.1092423156e+01   1.3533695550e-01
1.1100239472e+01   1.4279943776e-01
1.1100339472e+01   1.4289496650e-01
1.1101339472e+01   1.4385032955e-01
1.1109155789e+01   1.5132238681e-01
1.1109255789e+01   1.5141803454e-01
1.1110255789e+01   1.5237458260e-01
1.1118072106e+01   1.5985559479e-01
1.1118172106e+01   1.5995135354e-01
1.1119172106e+01   1.6090900691e-01
1.1126988422e+01   1.6839834852e-01
1.1127088422e+01   1.6849421027e-01
1.1128088422e+01   1.6945288858e-01
1.1135904739e+01   1.7694992870e-01
1.1136004739e+01   1.7704588534e-01
1.1137004739e+01   1.7800550753e-01
1.1144821055e+01   1.8550960989e-01
1.1144921055e+01   1.8560565325e-01
1.1145921055e+01   1.8656613757e-01
1.1153737372e+01   1.9407666057e-01
1.1153837372e+01   1.9417278241e-01
1.1154837372e+01   1.9513404643e-01
1.1162653688e+01   2.0265034318e-01
1.1162753688e+01   2.0274653520e-01
1.1163753688e+01   2.0370849582e-01
1.1171570005e+01   2.1122991421e-01
1.1171670005e+01   2.1132616803e-01
1.1172670005e+01   2.1228874148e-01
1.1180486321e+01   2.1981462420e-01
1.1180586321e+01   2.1991093138e-01
1.1181586321e+01   2.2087403324e-01
1.1189402638e+01   2.2840371784e-01
1.1189502638e+01   2.2850006988e-01
1.1190502638e+01   2.2946361507e-01
1.1198318955e+01   2.3699643403e-01
1.1198418955e+01   2.3709282236e-01
1.1199418955e+01   2.3805672514e-01
1.1207235271e+01   2.4559200592e-01
1.1207335271e+01   2.4568842191e-01
1.1208335271e+01   2.4665259592e-01
1.1216151588e+01   2.5418966102e-01
1.1216251588e+01   2.5428609596e-01
1.1217251588e+01   2.5525045422e-01
1.1225067904e+01   2.6278862123e-01
1.1225167904e+01   2.6288506639e-01
1.1226167904e+01   2.6384952126e-01
1.1233984221e+01   2.7138810299e-01
1.1234084221e+01   2.7148454953e-01
1.1235084221e+01   2.7244901279e-01
1.1242900537e+01   2.7998731728e-01
1.1243000537e+01   2.8008375632e-01
1.1244000537e+01   2.8104813915e-01
1.1251816854e+01   2.8858546977e-01
1.1251916854e+01   2.8868189238e-01
1.1252916854e+01   2.8964610534e-01
1.1260733170e+01   2.9718176087e-01
1.1260833170e+01   2.9727815805e-01
1.1261833170e+01   2.9824211115e-01
1.1269649487e+01   3.0577538588e-01
1.1269749487e+01   3.0587174857e-01
1.1270749487e+01   3.0683535123e-01
1.1270849487e+01   3.0693170904e-01
1.1271849487e+01   3.0789526215e-01
1.1279665804e+01   3.1542501519e-01
1.1279765804e+01   3.1552132828e-01
1.1280765804e+01   3.1648442854e-01
1.1288582120e+01   3.2401028774e-01
1.1288682120e+01   3.2410654693e-01
1.1289682120e+01   3.2506910258e-01
1.1297498437e+01   3.3259034874e-01
1.1297598437e+01   3.3268654482e-01
1.1298598437e+01   3.3364846358e-01
1.1306414753e+01   3.4116437338e-01
1.1306514753e+01   3.4126049706e-01
1.1307514753e+01   3.4222168614e-01
1.1307614753e+01   3.4231780024e-01
1.1308614753e+01   3.4327889284e-01
1.1316431070e+01   3.5078794027e-01
1.1316531070e+01   3.5088397150e-01
1.1317531070e+01   3.5184422955e-01
1.1325347386e+01   3.5934639157e-01
1.1325447386e+01   3.5944233054e-01
1.1326447386e+01   3.6040166019e-01
1.1334263703e+01   3.6789620128e-01
1.1334363703e+01   3.6799203856e-01
1.1335363703e+01   3.6895034547e-01
1.1343180020e+01   3.7643652648e-01
1.1343280020e+01   3.7653225259e-01
1.1344280020e+01   3.7748944195e-01
1.1344380020e+01   3.7758515368e-01
1.1345380020e+01   3.7854219858e-01
1.1353196336e+01   3.8601810214e-01
1.1353296336e+01   3.8611369201e-01
1.1354296336e+01   3.8706951234e-01
1.1354396336e+01   3.8716508651e-01
1.1355396336e+01   3.8812074914e-01
1.1363212653e+01   3.9558543311e-01
1.1363312653e+01   3.9568087466e-01
1.1364312653e+01   3.9663520515e-01
1.1372128969e+01   4.0408910530e-01
1.1372228969e+01   4.0418440461e-01
1.1373228969e+01   4.0513730677e-01
1.1381045286e+01   4.1257966969e-01
1.1381145286e+01   4.1267481711e-01
1.1382145286e+01   4.1362619436e-01
1.1389961602e+01   4.2105626365e-01
1.1390061602e+01   4.2115124948e-01
1.1391061602e+01   4.2210100485e-01
1.1391161602e+01   4.2219597007e-01
1.1392161602e+01   4.2314551862e-01
1.1399977919e+01   4.3056087192e-01
1.1400077919e+01   4.3065566462e-01
1.1401077919e+01   4.3160348195e-01
1.1401177919e+01   4.3169825269e-01
1.1402177919e+01   4.3264584967e-01
1.1409994235e+01   4.4004552494e-01
1.1410094235e+01   4.4014011218e-01
1.1411094235e+01   4.4108586816e-01
1.1418910552e+01   4.4847077485e-01
1.1419010552e+01   4.4856516879e-01
1.1420010552e+01   4.4950898571e-01
1.1420110552e+01   4.4960335512e-01
1.1421110552e+01   4.5054692600e-01
1.1428926869e+01   4.5791432649e-01
1.1429026869e+01   4.5800849156e-01
1.1430026869e+01   4.5895001287e-01
1.1437843185e+01   4.6630101212e-01
1.1437943185e+01   4.6639496297e-01
1.1438943185e+01   4.6733433603e-01
1.1439043185e+01   4.6742825977e-01
1.1440043185e+01   4.6836736095e-01
1.1447859502e+01   4.7569901444e-01
1.1447959502e+01   4.7579271284e-01
1.1448959502e+01   4.7672955463e-01
1.1456775818e+01   4.8404316482e-01
1.1456875818e+01   4.8413662798e-01
1.1457875818e+01   4.8507111118e-01
1.1465692135e+01   4.9236590192e-01
1.1465792135e+01   4.9245911990e-01
1.1466792135e+01   4.9339114510e-01
1.1466892135e+01   4.9348433214e-01
1.1467892135e+01   4.9441604721e-01
1.1475708451e+01   5.0168876909e-01
1.1475808451e+01   5.0178169976e-01
1.1476808451e+01   5.0271084494e-01
1.1476908451e+01   5.0280374328e-01
1.1477908451e+01   5.0373256450e-01
1.1485724768e+01   5.1098223406e-01
1.1485824768e+01   5.1107486482e-01
1.1486824768e+01   5.1200100404e-01
1.1494641085e+01   5.1922932408e-01
1.1494741085e+01   5.1932167726e-01
1.1495741085e+01   5.2024503453e-01
1.1503557401e+01   5.2745122333e-01
1.1503657401e+01   5.2754328893e-01
1.1504657401e+01   5.2846376417e-01
1.1512473718e+01   5.3564703911e-01
1.1512573718e+01   5.3573880711e-01
1.1513573718e+01   5.3665630015e-01
1.1521390034e+01   5.4381587795e-01
1.1521490034e+01   5.4390733832e-01
1.1522490034e+01   5.4482174892e-01
1.1530306351e+01   5.5195684577e-01
1.1530406351e+01   5.5204798848e-01
1.1530406351e+01   5.5204798848e-01
1.1531406351e+01   5.5295921634e-01
1.1531506351e+01   5.5305031917e-01
1.1532506351e+01   5.5396114741e-01
1.1540322667e+01   5.6106780791e-01
1.1540422667e+01   5.6115858181e-01
1.1541422667e+01   5.6206611459e-01
1.1549238984e+01   5.6914662899e-01
1.1549338984e+01   5.6923706393e-01
1.1550338984e+01   5.7014120092e-01
1.1550438984e+01   5.7023159334e-01
1.1551438984e+01   5.7113530444e-01
1.1559255300e+01   5.7818551181e-01
1.1559355300e+01   5.7827555401e-01
1.1560355300e+01   5.7917575662e-01
1.1568171617e+01   5.8619815303e-01
1.1568271617e+01   5.8628783497e-01
1.1569271617e+01   5.8718442882e-01
1.1577087934e+01   5.9417823081e-01
1.1577187934e+01   5.9426754247e-01
1.1578187934e+01   5.9516042738e-01
1.1586004250e+01   6.0212485215e-01
1.1586104250e+01   6.0221378353e-01
1.1587104250e+01   6.0310285939e-01
1.1594920567e+01   6.1003712500e-01
1.1595020567e+01   6.1012566609e-01
1.1596020567e+01   6.1101083292e-01
1.1603836883e+01   6.1791415847e-01
1.1603936883e+01   6.1800229929e-01
1.1604936883e+01   6.1888345727e-01
1.1612753200e+01   6.2575506309e-01
1.1612853200e+01   6.2584279367e-01
1.1613853200e+01   6.2671984314e-01
1.1621669516e+01   6.3355895099e-01
1.1621769516e+01   6.3364626139e-01
1.1622769516e+01   6.3451910288e-01
1.1630585833e+01   6.4132493617e-01
1.1630685833e+01   6.4141181645e-01
1.1631685833e+01   6.4228035072e-01
1.1639502149e+01   6.4905213467e-01
1.1639602149e+01   6.4913857494e-01
1.1640602149e+01   6.5000270299e-01
1.1648418466e+01   6.5673966486e-01
1.1648518466e+01   6.5682565525e-01
1.1648518466e+01   6.5682565525e-01
1.1649518466e+01   6.5768527836e-01
1.1649618466e+01   6.5777121257e-01
1.1650618466e+01   6.5863027308e-01
1.1658434783e+01   6.6532719803e-01
1.1658534783e+01   6.6541267129e-01
1.1659534783e+01   6.6626711632e-01
1.1659634783e+01   6.6635253204e-01
1.1660634783e+01   6.6720640085e-01
1.1668451099e+01   6.7386231999e-01
1.1668551099e+01   6.7394726375e-01
1.1669551099e+01   6.7479640695e-01
1.1677367416e+01   6.8141501149e-01
1.1677467416e+01   6.8149947352e-01
1.1678467416e+01   6.8234379343e-01
1.1686283732e+01   6.8892432146e-01
1.1686383732e+01   6.8900829203e-01
1.1687383732e+01   6.8984769138e-01
1.1695200049e+01   6.9638938405e-01
1.1695300049e+01   6.9647285348e-01
1.1696300049e+01   6.9730723539e-01
1.1704116365e+01   7.0380933715e-01
1.1704216365e+01   7.0389229578e-01
1.1705216365e+01   7.0472156380e-01
1.1713032682e+01   7.1118332255e-01
1.1713132682e+01   7.1126576079e-01
1.1714132682e+01   7.1208981895e-01
1.1721948999e+01   7.1851048627e-01
1.1722048999e+01   7.1859239456e-01
1.1723048999e+01   7.1941114734e-01
1.1723148999e+01   7.1949298958e-01
1.1724148999e+01   7.2031108125e-01
1.1731965315e+01   7.2668469993e-01
1.1732065315e+01   7.2676600156e-01
1.1733065315e+01   7.2757868117e-01
1.1733165315e+01   7.2765991544e-01
1.1734165315e+01   7.2847192082e-01
1.1741981632e+01   7.3479755705e-01
1.1742081632e+01   7.3487824010e-01
1.1743081632e+01   7.3568472742e-01
1.1750897948e+01   7.4196686999e-01
1.1750997948e+01   7.4204699243e-01
1.1751997948e+01   7.4284786793e-01
1.1759814265e+01   7.4908578621e-01
1.1759914265e+01   7.4916533873e-01
1.1760914265e+01   7.4996050922e-01
1.1768730581e+01   7.5615347727e-01
1.1768830581e+01   7.5623245060e-01
1.1769830581e+01   7.5702182353e-01
1.1777646898e+01   7.6316912029e-01
1.1777746898e+01   7.6324750524e-01
1.1778746898e+01   7.6403098868e-01
1.1786563214e+01   7.7013189818e-01
1.1786663214e+01   7.7020968561e-01
1.1787663214e+01   7.7098718830e-01
1.1795479531e+01   7.7704099982e-01
1.1795579531e+01   7.7711818068e-01
1.1796579531e+01   7.7788961204e-01
1.1804395848e+01   7.8389562033e-01
1.1804495848e+01   7.8397218561e-01
1.1805495848e+01   7.8473745578e-01
1.1813312164e+01   7.9069496120e-01
1.1813412164e+01   7.9077090200e-01
1.1814412164e+01   7.9152992183e-01
1.1822228481e+01   7.9743823057e-01
1.1822328481e+01   7.9751353804e-01
1.1823328481e+01   7.9826621916e-01
1.1831144797e+01   8.0412464339e-01
1.1831244797e+01   8.0419930877e-01
1.1832244797e+01   8.0494556357e-01
1.1832344797e+01   8.0502014913e-01
1.1832344797e+01   8.0502014913e-01
1.1833344797e+01   8.0576560509e-01
1.1833444797e+01   8.0584011070e-01
1.1834444797e+01   8.0658476650e-01
1.1842261114e+01   8.1238004384e-01
1.1842361114e+01   8.1245389654e-01
1.1843361114e+01   8.1319201793e-01
1.1851177430e+01   8.1893588817e-01
1.1851277430e+01   8.1900907938e-01
1.1852277430e+01   8.1974058058e-01
1.1860093747e+01   8.2543237657e-01
1.1860193747e+01   8.2550489779e-01
1.1861193747e+01   8.2622969389e-01
1.1861293747e+01   8.2630213187e-01
1.1862293747e+01   8.2702609492e-01
1.1870110064e+01   8.3265860493e-01
1.1870210064e+01   8.3273036348e-01
1.1871210064e+01   8.3344752706e-01
1.1879026380e+01   8.3902656867e-01
1.1879126380e+01   8.3909763948e-01
1.1880126380e+01   8.3980792054e-01
1.1887942697e+01   8.4533284811e-01
1.1888042697e+01   8.4540322296e-01
1.1889042697e+01   8.4610653936e-01
1.1896859013e+01   8.5157671449e-01
1.1896959013e+01   8.5164638524e-01
1.1897959013e+01   8.5234265578e-01
1.1905775330e+01   8.5775744742e-01
1.1905875330e+01   8.5782640605e-01
1.1906875330e+01   8.5851555049e-01
1.1914691646e+01   8.6387433511e-01
1.1914791646e+01   8.6394257369e-01
1.1915791646e+01   8.6462451274e-01
1.1923607963e+01   8.6992667450e-01
1.1923707963e+01   8.6999418519e-01
1.1924707963e+01   8.7066884056e-01
1.1924807963e+01   8.7073626092e-01
1.1925807963e+01   8.7141001232e-01
1.1933624279e+01   8.7664784089e-01
1.1933724279e+01   8.7671452468e-01
1.1934724279e+01   8.7738090567e-01
1.1942540596e+01   8.8256082975e-01
1.1942640596e+01   8.8262676935e-01
1.1943640596e+01   8.8328570379e-01
1.1951456913e+01   8.8840713238e-01
1.1951556913e+01   8.8847232028e-01
1.1952556913e+01   8.8912373308e-01
1.1960373229e+01   8.9418608338e-01
1.1960473229e+01   8.9425051216e-01
1.1961473229e+01   8.9489432931e-01
1.1961573229e+01   8.9495866393e-01
1.1962573229e+01   8.9560153894e-01
1.1970389546e+01   9.0059683778e-01
1.1970489546e+01   9.0066040510e-01
1.1971489546e+01   9.0129560258e-01
1.1971589546e+01   9.0135907473e-01
1.1972589546e+01   9.0199332004e-01
1.1980405862e+01   9.0692085453e-01
1.1980505862e+01   9.0698355133e-01
1.1981505862e+01   9.0761003861e-01
1.1989322179e+01   9.1247666079e-01
1.1989422179e+01   9.1253857517e-01
1.1990422179e+01   9.1315723396e-01
1.1998238495e+01   9.1796239728e-01
1.1998338495e+01   9.1802352229e-01
1.1999338495e+01   9.1863428322e-01
1.1999438495e+01   9.1869531038e-01
1.2000438495e+01   9.1930509221e-01
1.2008254812e+01   9.2404057365e-01
1.2008354812e+01   9.2410080378e-01
1.2009354812e+01   9.2470261121e-01
1.2017171128e+01   9.2937550265e-01
1.2017271128e+01   9.2943492906e-01
1.2018271128e+01   9.3002869514e-01
1.2026087445e+01   9.3463847794e-01
1.2026187445e+01   9.3469709404e-01
1.2027187445e+01   9.3528275301e-01
1.2027287445e+01   9.3534126869e-01
1.2028287445e+01   9.3592592300e-01
1.2036103762e+01   9.4046420421e-01
1.2036203762e+01   9.4052190232e-01
1.2037203762e+01   9.4109837704e-01
1.2037303762e+01   9.4115597385e-01
1.2038303762e+01   9.4173143505e-01
1.2046120078e+01   9.4619758471e-01
1.2046220078e+01   9.4625435685e-01
1.2047220078e+01   9.4682156747e-01
1.2047320078e+01   9.4687823744e-01
1.2048320078e+01   9.4744442587e-01
1.2056136395e+01   9.5183782720e-01
1.2056236395e+01   9.5189366554e-01
1.2057236395e+01   9.5245153392e-01
1.2057336395e+01   9.5250726924e-01
1.2058336395e+01   9.5306410695e-01
1.2066152711e+01   9.5738415647e-01
1.2066252711e+01   9.5743905336e-01
1.2067252711e+01   9.5798750306e-01
1.2075069028e+01   9.6224175948e-01
1.2075169028e+01   9.6229581200e-01
1.2076169028e+01   9.6283581447e-01
1.2083985344e+01   9.6702381973e-01
1.2084085344e+01   9.6707702209e-01
1.2085085344e+01   9.6760851935e-01
1.2092901661e+01   9.7172982497e-01
1.2093001661e+01   9.7178217147e-01
1.2094001661e+01   9.7230510677e-01
1.2101817978e+01   9.7635927390e-01
1.2101917978e+01   9.7641075900e-01
1.2102917978e+01   9.7692507680e-01
1.2110734294e+01   9.8091167628e-01
1.2110834294e+01   9.8096229454e-01
1.2111834294e+01   9.8146794058e-01
1.2119650611e+01   9.8538655296e-01
1.2119750611e+01   9.8543629906e-01
1.2120750611e+01   9.8593322031e-01
1.2128566927e+01   9.8978343592e-01
1.2128666927e+01   9.8983230467e-01
1.2129666927e+01   9.9032044934e-01
1.2137483244e+01   9.9410186829e-01
1.2137583244e+01   9.9414985464e-01
1.2138583244e+01   9.9462917221e-01
1.2138683244e+01   9.9467704936e-01
1.2139683244e+01   9.9515527450e-01
1.2147499560e+01   9.9885894464e-01
1.2147599560e+01   9.9890593385e-01
1.2148599560e+01   9.9937527662e-01
1.2156415877e+01   1.0030093336e+00
1.2156515877e+01   1.0030554301e+00
1.2157515877e+01   1.0035158426e+00
1.2165332193e+01   1.0070799172e+00
1.2165432193e+01   1.0071251163e+00
1.2166432193e+01   1.0075765521e+00
1.2174248510e+01   1.0110702851e+00
1.2174348510e+01   1.0111145822e+00
1.2175348510e+01   1.0115569958e+00
1.2183164827e+01   1.0149800378e+00
1.2183264827e+01   1.0150234286e+00
1.2184264827e+01   1.0154567760e+00
1.2184364827e+01   1.0155000547e+00
1.2185364827e+01   1.0159322807e+00
1.2193181143e+01   1.0192755061e+00
1.2193281143e+01   1.0193178736e+00
1.2194281143e+01   1.0197409854e+00
1.2202097460e+01   1.0230128106e+00
1.2202197460e+01   1.0230542628e+00
1.2203197460e+01   1.0234682190e+00
1.2211013776e+01   1.0266683254e+00
1.2211113776e+01   1.0267088583e+00
1.2212113776e+01   1.0271136188e+00
1.2219930093e+01   1.0302416978e+00
1.2220030093e+01   1.0302813075e+00
1.2221030093e+01   1.0306768335e+00
1.2221130093e+01   1.0307163290e+00
1.2222130093e+01   1.0311107131e+00
1.2229946409e+01   1.0341575226e+00
1.2230046409e+01   1.0341960907e+00
1.2231046409e+01   1.0345811981e+00
1.2231146409e+01   1.0346196515e+00
1.2232146409e+01   1.0350036119e+00
1.2239962726e+01   1.0379687887e+00
1.2240062726e+01   1.0380063106e+00
1.2241062726e+01   1.0383809537e+00
1.2248879042e+01   1.0412731685e+00
1.2248979042e+01   1.0413097554e+00
1.2249979042e+01   1.0416750464e+00
1.2257795359e+01   1.0444940320e+00
1.2257895359e+01   1.0445296805e+00
1.2258895359e+01   1.0448855859e+00
1.2266711676e+01   1.0476310848e+00
1.2266811676e+01   1.0476657917e+00
1.2267811676e+01   1.0480122792e+00
1.2275627992e+01   1.0506840437e+00
1.2275727992e+01   1.0507178059e+00
1.2276727992e+01   1.0510548444e+00
1.2284544309e+01   1.0536526363e+00
1.2284644309e+01   1.0536854508e+00
1.2285644309e+01   1.0540130105e+00
1.2293460625e+01   1.0565366012e+00
1.2293560625e+01   1.0565684652e+00
1.2294560625e+01   1.0568865174e+00
1.2302376942e+01   1.0593356879e+00
1.2302476942e+01   1.0593665985e+00
1.2303476942e+01   1.0596751158e+00
1.2311293258e+01   1.0620496565e+00
1.2311393258e+01   1.0620796112e+00
1.2312393258e+01   1.0623785674e+00
1.2320209575e+01   1.0646782781e+00
1.2320309575e+01   1.0647072743e+00
1.2321309575e+01   1.0649966444e+00
1.2329125892e+01   1.0672213342e+00
1.2329225892e+01   1.0672493695e+00
1.2330225892e+01   1.0675291298e+00
1.2338042208e+01   1.0696786170e+00
1.2338142208e+01   1.0697056892e+00
1.2339142208e+01   1.0699758169e+00
1.2346958525e+01   1.0720499291e+00
1.2347058525e+01   1.0720760360e+00
1.2348058525e+01   1.0723365097e+00
1.2355874841e+01   1.0743350836e+00
1.2355974841e+01   1.0743602232e+00
1.2356974841e+01   1.0746110225e+00
1.2364791158e+01   1.0765339038e+00
1.2364891158e+01   1.0765580742e+00
1.2365891158e+01   1.0767991800e+00
1.2373707474e+01   1.0786462233e+00
1.2373807474e+01   1.0786694226e+00
1.2374807474e+01   1.0789008169e+00
1.2382623791e+01   1.0806718857e+00
1.2382723791e+01   1.0806941123e+00
1.2383723791e+01   1.0809157782e+00
1.2391540107e+01   1.0826107448e+00
1.2391640107e+01   1.0826319971e+00
1.2392640107e+01   1.0828439187e+00
1.2400456424e+01   1.0844626641e+00
1.2400556424e+01   1.0844829406e+00
1.2401556424e+01   1.0846851033e+00
1.2409372741e+01   1.0862275170e+00
1.2409472741e+01   1.0862468163e+00
1.2410472741e+01   1.0864392066e+00
1.2418289057e+01   1.0879051866e+00
1.2418389057e+01   1.0879235075e+00
1.2419389057e+01   1.0881061129e+00
1.2427205374e+01   1.0894955655e+00
1.2427305374e+01   1.0895129069e+00
1.2428305374e+01   1.0896857159e+00
1.2436121690e+01   1.0909985559e+00
1.2436221690e+01   1.0910149167e+00
1.2437221690e+01   1.0911779189e+00
1.2445038007e+01   1.0924140692e+00
1.2445138007e+01   1.0924294484e+00
1.2446138007e+01   1.0925826345e+00
1.2453954323e+01   1.0937420261e+00
1.2454054323e+01   1.0937564228e+00
1.2455054323e+01   1.0938997845e+00
1.2462870640e+01   1.0949823562e+00
1.2462970640e+01   1.0949957698e+00
1.2463970640e+01   1.0951292997e+00
1.2471786957e+01   1.0961349983e+00
1.2471886957e+01   1.0961474282e+00
1.2472886957e+01   1.0962711201e+00
1.2480703273e+01   1.0971999001e+00
1.2480803273e+01   1.0972113456e+00
1.2481803273e+01   1.0973251941e+00
1.2489619590e+01   1.0981770176e+00
1.2489719590e+01   1.0981874784e+00
1.2490719590e+01   1.0982914791e+00
1.2498535906e+01   1.0990663158e+00
1.2498635906e+01   1.0990757915e+00
1.2499635906e+01   1.0991699411e+00
1.2507452223e+01   1.0998677679e+00
1.2507552223e+01   1.0998762583e+00
1.2508552223e+01   1.0999605543e+00
1.2516368539e+01   1.1005813555e+00
1.2516468539e+01   1.1005888604e+00
1.2517468539e+01   1.1006633012e+00
1.2525284856e+01   1.1012070683e+00
1.2525384856e+01   1.1012135876e+00
1.2526384856e+01   1.1012781727e+00
1.2534201172e+01   1.1017449042e+00
1.2534301172e+01   1.1017504379e+00
1.2535301172e+01   1.1018051674e+00
1.2543117489e+01   1.1021948686e+00
1.2543217489e+01   1.1021994169e+00
1.2544217489e+01   1.1022442920e+00
1.2552033806e+01   1.1025569751e+00
1.2552133806e+01   1.1025605381e+00
1.2553133806e+01   1.1025955608e+00
1.2560950122e+01   1.1028312447e+00
1.2561050122e+01   1.1028338227e+00
1.2562050122e+01   1.1028589958e+00
1.2569866439e+01   1.1030177057e+00
1.2569966439e+01   1.1030192991e+00
1.2570966439e+01   1.1030346263e+00
1.2578782755e+01   1.1031163941e+00
1.2578882755e+01   1.1031170033e+00
1.2579882755e+01   1.1031224890e+00
1.2587699072e+01   1.1031273527e+00
1.2587799072e+01   1.1031269783e+00
1.2588799072e+01   1.1031226278e+00
1.2588899072e+01   1.1031221321e+00
1.2589899072e+01   1.1031165685e+00
1.2597715388e+01   1.1030350935e+00
1.2597815388e+01   1.1030336148e+00
1.2598815388e+01   1.1030182219e+00
1.2606631705e+01   1.1028599438e+00
1.2606731705e+01   1.1028574828e+00
1.2607731705e+01   1.1028322675e+00
1.2615548021e+01   1.1025972432e+00
1.2615648021e+01   1.1025938007e+00
1.2616648021e+01   1.1025587706e+00
1.2624464338e+01   1.1022470627e+00
1.2624564338e+01   1.1022426395e+00
1.2625564338e+01   1.1021978030e+00
1.2633380655e+01   1.1018094798e+00
1.2633480655e+01   1.1018040768e+00
1.2634480655e+01   1.1017494430e+00
1.2642296971e+01   1.1012845782e+00
1.2642396971e+01   1.1012781964e+00
1.2643396971e+01   1.1012137751e+00
1.2651213288e+01   1.1006724479e+00
1.2651313288e+01   1.1006650884e+00
1.2652313288e+01   1.1005908900e+00
1.2660129604e+01   1.0999731848e+00
1.2660229604e+01   1.0999648486e+00
1.2661229604e+01   1.0998808843e+00
1.2669045921e+01   1.0991868907e+00
1.2669145921e+01   1.0991775790e+00
1.2670145921e+01   1.0990838606e+00
1.2677962237e+01   1.0983136730e+00
1.2678062237e+01   1.0983033871e+00
1.2679062237e+01   1.0981999269e+00
1.2686878554e+01   1.0973536449e+00
1.2686978554e+01   1.0973423860e+00
1.2687978554e+01   1.0972291972e+00
1.2695794871e+01   1.0963069249e+00
1.2695894871e+01   1.0962946944e+00
1.2696894871e+01   1.0961717905e+00
1.2704711187e+01   1.0951736368e+00
1.2704811187e+01   1.0951604362e+00
1.2705811187e+01   1.0950278314e+00
1.2713627504e+01   1.0939539096e+00
1.2713727504e+01   1.0939397402e+00
1.2714727504e+01   1.0937974494e+00
1.2722543820e+01   1.0926478773e+00
1.2722643820e+01   1.0926327408e+00
1.2723643820e+01   1.0924807793e+00
1.2731460137e+01   1.0912556788e+00
1.2731560137e+01   1.0912395767e+00
1.2732560137e+01   1.0910779603e+00
1.2740376453e+01   1.0897774577e+00
1.2740476453e+01   1.0897603917e+00
1.2741476453e+01   1.0895891369e+00
1.2749292770e+01   1.0882133624e+00
1.2749392770e+01   1.0881953340e+00
1.2750392770e+01   1.0880144578e+00
1.2758209086e+01   1.0865635455e+00
1.2758309086e+01   1.0865445566e+00
1.2759309086e+01   1.0863540763e+00
1.2767125403e+01   1.0848281641e+00
1.2767225403e+01   1.0848082165e+00
1.2768225403e+01   1.0846081500e+00
1.2776041720e+01   1.0830073797e+00
1.2776141720e+01   1.0829864752e+00
1.2777141720e+01   1.0827768408e+00
1.2784958036e+01   1.0811013576e+00
1.2785058036e+01   1.0810794981e+00
1.2786058036e+01   1.0808603146e+00
1.2793874353e+01   1.0791102672e+00
1.2793974353e+01   1.0790874546e+00
1.2794974353e+01   1.0788587414e+00
1.2802790669e+01   1.0770342818e+00
1.2802890669e+01   1.0770105181e+00
1.2803890669e+01   1.0767722947e+00
1.2811706986e+01   1.0748735784e+00
1.2811806986e+01   1.0748488655e+00
1.2812806986e+01   1.0746011521e+00
1.2820623302e+01   1.0726283375e+00
1.2820723302e+01   1.0726026775e+00
1.2821723302e+01   1.0723454946e+00
1.2829539619e+01   1.0702987432e+00
1.2829639619e+01   1.0702721383e+00
1.2830639619e+01   1.0700055067e+00
1.2838455936e+01   1.0678849831e+00
1.2838555936e+01   1.0678574352e+00
1.2839555936e+01   1.0675813762e+00
1.2847372252e+01   1.0653872477e+00
1.2847472252e+01   1.0653587591e+00
1.2848472252e+01   1.0650732942e+00
1.2856288569e+01   1.0628057310e+00
1.2856388569e+01   1.0627763039e+00
1.2857388569e+01   1.0624814550e+00
1.2865204885e+01   1.0601406298e+00
1.2865304885e+01   1.0601102664e+00
1.2866304885e+01   1.0598060559e+00
1.2874121202e+01   1.0573921441e+00
1.2874221202e+01   1.0573608466e+00
1.2875221202e+01   1.0570472970e+00
1.2875321202e+01   1.0570158845e+00
1.2876321202e+01   1.0567011843e+00
1.2884137518e+01   1.0542053814e+00
1.2884237518e+01   1.0541730374e+00
1.2885237518e+01   1.0538490239e+00
1.2893053835e+01   1.0512805147e+00
1.2893153835e+01   1.0512472416e+00
1.2894153835e+01   1.0509139380e+00
1.2901970151e+01   1.0482729054e+00
1.2902070151e+01   1.0482387055e+00
1.2903070151e+01   1.0478961353e+00
1.2910886468e+01   1.0451827642e+00
1.2910986468e+01   1.0451476399e+00
1.2911986468e+01   1.0447958270e+00
1.2919802785e+01   1.0420103044e+00
1.2919902785e+01   1.0419742581e+00
1.2920902785e+01   1.0416132265e+00
1.2928719101e+01   1.0387557417e+00
1.2928819101e+01   1.0387187758e+00
1.2929819101e+01   1.0383485499e+00
1.2937635418e+01   1.0354192939e+00
1.2937735418e+01   1.0353814108e+00
1.2938735418e+01   1.0350020151e+00
1.2946551734e+01   1.0320011810e+00
1.2946651734e+01   1.0319623832e+00
1.2947651734e+01   1.0315738426e+00
1.2955468051e+01   1.0285016250e+00
1.2955568051e+01   1.0284619152e+00
1.2956568051e+01   1.0280642546e+00
1.2964384367e+01   1.0249208501e+00
1.2964484367e+01   1.0248802306e+00
1.2965484367e+01   1.0244734754e+00
1.2965584367e+01   1.0244327438e+00
1.2966584367e+01   1.0240248683e+00
1.2974400684e+01   1.0208017312e+00
1.2974500684e+01   1.0207600929e+00
1.2975500684e+01   1.0203431513e+00
1.2983317000e+01   1.0170492502e+00
1.2983417000e+01   1.0170067077e+00
1.2984417000e+01   1.0165807257e+00
1.2984517000e+01   1.0165380718e+00
1.2985517000e+01   1.0161109764e+00
1.2993333317e+01   1.0127378215e+00
1.2993433317e+01   1.0126942663e+00
1.2994433317e+01   1.0122581595e+00
1.3002249634e+01   1.0088146703e+00
1.3002349634e+01   1.0087702164e+00
1.3003349634e+01   1.0083251245e+00
1.3011165950e+01   1.0048115055e+00
1.3011265950e+01   1.0047661556e+00
1.3012265950e+01   1.0043121047e+00
1.3020082267e+01   1.0007285619e+00
1.3020182267e+01   1.0006823186e+00
1.3021182267e+01   1.0002193352e+00
1.3028998583e+01   9.9656607585e-01
1.3029098583e+01   9.9651894178e-01
1.3030098583e+01   9.9604705252e-01
1.3037914900e+01   9.9232428518e-01
1.3038014900e+01   9.9227626303e-01
1.3039014900e+01   9.9179549463e-01
1.3046831216e+01   9.8800342901e-01
1.3046931216e+01   9.8795452147e-01
1.3047931216e+01   9.8746490084e-01
1.3055747533e+01   9.8360374782e-01
1.3055847533e+01   9.8355395760e-01
1.3056847533e+01   9.8305551179e-01
1.3064663850e+01   9.7912548336e-01
1.3064763850e+01   9.7907481317e-01
1.3065763850e+01   9.7856756938e-01
1.3073580166e+01   9.7456887862e-01
1.3073680166e+01   9.7451733120e-01
1.3074680166e+01   9.7400131675e-01
1.3082496483e+01   9.6993417777e-01
1.3082596483e+01   9.6988175585e-01
1.3083596483e+01   9.6935699820e-01
1.3091412799e+01   9.6522162612e-01
1.3091512799e+01   9.6516833247e-01
1.3092512799e+01   9.6463485921e-01
1.3100329116e+01   9.6043147011e-01
1.3100429116e+01   9.6037730750e-01
1.3101429116e+01   9.5983514633e-01
1.3101529116e+01   9.5978087671e-01
1.3102529116e+01   9.5923764565e-01
1.3110345432e+01   9.5495810720e-01
1.3110445432e+01   9.5490297175e-01
1.3111445432e+01   9.5435108404e-01
1.3119261749e+01   9.5000399050e-01
1.3119361749e+01   9.4994799201e-01
1.3120361749e+01   9.4938747562e-01
1.3128178065e+01   9.4497304593e-01
1.3128278065e+01   9.4491618720e-01
1.3129278065e+01   9.4434707019e-01
1.3137094382e+01   9.3986552417e-01
1.3137194382e+01   9.3980780802e-01
1.3138194382e+01   9.3923011858e-01
1.3146010699e+01   9.3468167688e-01
1.3146110699e+01   9.3462310614e-01
1.3147110699e+01   9.3403687254e-01
1.3147210699e+01   9.3397819657e-01
1.3148210699e+01   9.3339091085e-01
1.3156027015e+01   9.2876758482e-01
1.3156127015e+01   9.2870805744e-01
1.3157127015e+01   9.2811225947e-01
1.3164943332e+01   9.2342250906e-01
1.3165043332e+01   9.2336213313e-01
1.3166043332e+01   9.2275785141e-01
1.3173859648e+01   9.1800189985e-01
1.3173959648e+01   9.1794067823e-01
1.3174959648e+01   9.1732794138e-01
1.3182775965e+01   9.1250601268e-01
1.3182875965e+01   9.1244394825e-01
1.3183875965e+01   9.1182278497e-01
1.3191692281e+01   9.0693510397e-01
1.3191792281e+01   9.0687219960e-01
1.3192792281e+01   9.0624263872e-01
1.3200608598e+01   9.0128943103e-01
1.3200708598e+01   9.0122568961e-01
1.3201708598e+01   9.0058776003e-01
1.3209524915e+01   8.9556925207e-01
1.3209624915e+01   8.9550467650e-01
1.3210624915e+01   8.9485840725e-01
1.3218441231e+01   8.8977482623e-01
1.3218541231e+01   8.8970941943e-01
1.3219541231e+01   8.8905483963e-01
1.3227357548e+01   8.8390641355e-01
1.3227457548e+01   8.8384017843e-01
1.3228457548e+01   8.8317731731e-01
1.3236273864e+01   8.7796427501e-01
1.3236373864e+01   8.7789721452e-01
1.3237373864e+01   8.7722610139e-01
1.3237473864e+01   8.7715893927e-01
1.3238473864e+01   8.7648681014e-01
1.3246290181e+01   8.7120145391e-01
1.3246390181e+01   8.7113346972e-01
1.3247390181e+01   8.7045312166e-01
1.3255206497e+01   8.6510363785e-01
1.3255306497e+01   8.6503483454e-01
1.3256306497e+01   8.6434629712e-01
1.3264122814e+01   8.5893291719e-01
1.3264222814e+01   8.5886329772e-01
1.3265222814e+01   8.5816660060e-01
1.3273039130e+01   8.5268955689e-01
1.3273139130e+01   8.5261912425e-01
1.3274139130e+01   8.5191429721e-01
1.3274239130e+01   8.5184376445e-01
1.3275239130e+01   8.5113793650e-01
1.3283055447e+01   8.4558965306e-01
1.3283155447e+01   8.4551831049e-01
1.3284155447e+01   8.4480438622e-01
1.3291971764e+01   8.3919293534e-01
1.3292071764e+01   8.3912078595e-01
1.3293071764e+01   8.3839879539e-01
1.3300888080e+01   8.3272441231e-01
1.3300988080e+01   8.3265145913e-01
1.3301988080e+01   8.3192143244e-01
1.3309804397e+01   8.2618435338e-01
1.3309904397e+01   8.2611059942e-01
1.3310904397e+01   8.2537256689e-01
1.3318720713e+01   8.1957302908e-01
1.3318820713e+01   8.1949847739e-01
1.3319820713e+01   8.1875246944e-01
1.3327637030e+01   8.1289071120e-01
1.3327737030e+01   8.1281536483e-01
1.3328737030e+01   8.1206141202e-01
1.3336553346e+01   8.0613767273e-01
1.3336653346e+01   8.0606153476e-01
1.3337653346e+01   8.0529966778e-01
1.3345469663e+01   7.9931418798e-01
1.3345569663e+01   7.9923726149e-01
1.3346569663e+01   7.9846751119e-01
1.3354385979e+01   7.9242053260e-01
1.3354485979e+01   7.9234282068e-01
1.3355485979e+01   7.9156521807e-01
1.3363302296e+01   7.8545698363e-01
1.3363402296e+01   7.8537848940e-01
1.3364402296e+01   7.8459306565e-01
1.3372218613e+01   7.7842381957e-01
1.3372318613e+01   7.7834454617e-01
1.3373318613e+01   7.7755133260e-01
1.3381134929e+01   7.7132132045e-01
1.3381234929e+01   7.7124127102e-01
1.3382234929e+01   7.7044029913e-01
1.3382334929e+01   7.7036015419e-01
1.3383334929e+01   7.6955822735e-01
1.3391151246e+01   7.6326024704e-01
1.3391251246e+01   7.6317932963e-01
1.3392251246e+01   7.6236968008e-01
1.3400067562e+01   7.5601145974e-01
1.3400167562e+01   7.5592977305e-01
1.3401167562e+01   7.5511243270e-01
1.3401267562e+01   7.5503065132e-01
1.3402267562e+01   7.5421236438e-01
1.3410083879e+01   7.4778677057e-01
1.3410183879e+01   7.4770422353e-01
1.3411183879e+01   7.4687828183e-01
1.3411283879e+01   7.4679564055e-01
1.3412283879e+01   7.4596875673e-01
1.3420100195e+01   7.3947610727e-01
1.3420200195e+01   7.3939270395e-01
1.3421200195e+01   7.3855820171e-01
1.3421300195e+01   7.3847470460e-01
1.3422300195e+01   7.3763926474e-01
1.3430116512e+01   7.3107987977e-01
1.3430216512e+01   7.3099562427e-01
1.3431216512e+01   7.3015260259e-01
1.3439032829e+01   7.2353408238e-01
1.3439132829e+01   7.2344907178e-01
1.3440132829e+01   7.2259850110e-01
1.3440232829e+01   7.2251339758e-01
1.3441232829e+01   7.2166189786e-01
1.3449049145e+01   7.1497725406e-01
1.3449149145e+01   7.1489139914e-01
1.3450149145e+01   7.1403238758e-01
1.3457965462e+01   7.0728915740e-01
1.3458065462e+01   7.0720255442e-01
1.3459065462e+01   7.0633606434e-01
1.3466881778e+01   6.9953450927e-01
1.3466981778e+01   6.9944716159e-01
1.3467981778e+01   6.9857322658e-01
1.3475798095e+01   6.9171361017e-01
1.3475898095e+01   6.9162552118e-01
1.3476898095e+01   6.9074417508e-01
1.3476998095e+01   6.9065599487e-01
1.3477998095e+01   6.8977373683e-01
1.3485814411e+01   6.8284921304e-01
1.3485914411e+01   6.8276029535e-01
1.3486914411e+01   6.8187066459e-01
1.3494730728e+01   6.7488864619e-01
1.3494830728e+01   6.7479899445e-01
1.3495830728e+01   6.7390202543e-01
1.3503647044e+01   6.6686278287e-01
1.3503747044e+01   6.6677240057e-01
1.3504747044e+01   6.6586812802e-01
1.3512563361e+01   6.5877193415e-01
1.3512663361e+01   6.5868082478e-01
1.3513663361e+01   6.5776928378e-01
1.3513763361e+01   6.5767808496e-01
1.3514763361e+01   6.5676564971e-01
1.3522579678e+01   6.4960580695e-01
1.3522679678e+01   6.4951388504e-01
1.3523679678e+01   6.4859422112e-01
1.3523779678e+01   6.4850221025e-01
1.3524779678e+01   6.4758165700e-01
1.3532595994e+01   6.4035851647e-01
1.3532695994e+01   6.4026578654e-01
1.3533695994e+01   6.3933804481e-01
1.3541512311e+01   6.3205885640e-01
1.3541612311e+01   6.3196541101e-01
1.3542612311e+01   6.3103051698e-01
1.3542712311e+01   6.3093698358e-01
1.3543712311e+01   6.3000120969e-01
1.3551528627e+01   6.2265939772e-01
1.3551628627e+01   6.2256515296e-01
1.3552628627e+01   6.2162226782e-01
1.3560444944e+01   6.1422501455e-01
1.3560544944e+01   6.1413006213e-01
1.3561544944e+01   6.1318010269e-01
1.3561644944e+01   6.1308506323e-01
1.3562644944e+01   6.1213423362e-01
1.3570461260e+01   6.0467504569e-01
1.3570561260e+01   6.0457930277e-01
1.3571561260e+01   6.0362144083e-01
1.3579377577e+01   5.9610743178e-01
1.3579477577e+01   5.9601098917e-01
1.3580477577e+01   5.9504613270e-01
1.3580577577e+01   5.9494960403e-01
1.3581577577e+01   5.9398388730e-01
1.3589393894e+01   5.8640864835e-01
1.3589493894e+01   5.8631142429e-01
1.3590493894e+01   5.8533875599e-01
1.3598310210e+01   5.7770933073e-01
1.3598410210e+01   5.7761141514e-01
1.3599410210e+01   5.7663183399e-01
1.3599510210e+01   5.7653383336e-01
1.3600510210e+01   5.7555340209e-01
1.3608326527e+01   5.6786346870e-01
1.3608426527e+01   5.6776478094e-01
1.3609426527e+01   5.6677748085e-01
1.3617242843e+01   5.5903401163e-01
1.3617342843e+01   5.5893464071e-01
1.3618342843e+01   5.5794051149e-01
1.3618442843e+01   5.5784105657e-01
1.3619442843e+01   5.5684608762e-01
1.3627259160e+01   5.4904285030e-01
1.3627359160e+01   5.4894271674e-01
1.3628359160e+01   5.4794096382e-01
1.3636175476e+01   5.4008485797e-01
1.3636275476e+01   5.3998404983e-01
1.3637275476e+01   5.3897555369e-01
1.3637375476e+01   5.3887466261e-01
1.3638375476e+01   5.3786533742e-01
1.3646191793e+01   5.2995022301e-01
1.3646291793e+01   5.2984866199e-01
1.3647291793e+01   5.2883263996e-01
1.3655108109e+01   5.2086534227e-01
1.3655208109e+01   5.2076311550e-01
1.3656208109e+01   5.1974043848e-01
1.3664024426e+01   5.1172128680e-01
1.3664124426e+01   5.1161839851e-01
1.3665124426e+01   5.1058910891e-01
1.3665224426e+01   5.1048613930e-01
1.3666224426e+01   5.0945603688e-01
1.3674040743e+01   5.0137903219e-01
1.3674140743e+01   5.0127540588e-01
1.3675140743e+01   5.0023873921e-01
1.3682957059e+01   4.9211059439e-01
1.3683057059e+01   4.9200631575e-01
1.3684057059e+01   4.9096312845e-01
1.3691873376e+01   4.8278418689e-01
1.3691973376e+01   4.8267926034e-01
1.3692973376e+01   4.8162959666e-01
1.3700789692e+01   4.7340020652e-01
1.3700889692e+01   4.7329463654e-01
1.3701889692e+01   4.7223854134e-01
1.3701989692e+01   4.7213289229e-01
1.3702989692e+01   4.7107600677e-01
1.3710806009e+01   4.6279036563e-01
1.3710906009e+01   4.6268407826e-01
1.3711906009e+01   4.6162081238e-01
1.3712006009e+01   4.6151444658e-01
1.3713006009e+01   4.6045039675e-01
1.3720822325e+01   4.5210895737e-01
1.3720922325e+01   4.5200195844e-01
1.3721922325e+01   4.5093158023e-01
1.3729738642e+01   4.4254085733e-01
1.3729838642e+01   4.4243322998e-01
1.3730838642e+01   4.4135657038e-01
1.3738654958e+01   4.3291693398e-01
1.3738754958e+01   4.3280868297e-01
1.3739754958e+01   4.3172578967e-01
1.3739854958e+01   4.3161746205e-01
1.3740854958e+01   4.3053380305e-01
1.3748671275e+01   4.2203966688e-01
1.3748771275e+01   4.2193072103e-01
1.3749771275e+01   4.2084088276e-01
1.3757587592e+01   4.1229863722e-01
1.3757687592e+01   4.1218907806e-01
1.3758687592e+01   4.1109310976e-01
1.3758787592e+01   4.1098347528e-01
1.3759787592e+01   4.0988675418e-01
1.3767603908e+01   4.0129092672e-01
1.3767703908e+01   4.0118068454e-01
1.3768703908e+01   4.0007788961e-01
1.3776520225e+01   3.9143478311e-01
1.3776620225e+01   3.9132393832e-01
1.3777620225e+01   3.9021512041e-01
1.3785436541e+01   3.8152513539e-01
1.3785536541e+01   3.8141369314e-01
1.3786536541e+01   3.8029890390e-01
1.3794352858e+01   3.7156244713e-01
1.3794452858e+01   3.7145041268e-01
1.3795452858e+01   3.7032970455e-01
1.3803269174e+01   3.6154718925e-01
1.3803369174e+01   3.6143456790e-01
1.3804369174e+01   3.6030799418e-01
1.3812185491e+01   3.5147984009e-01
1.3812285491e+01   3.5136663725e-01
1.3813285491e+01   3.5023425207e-01
1.3821101808e+01   3.4136088567e-01
1.3821201808e+01   3.4124710685e-01
1.3822201808e+01   3.4010896521e-01
1.3822301808e+01   3.3999511571e-01
1.3823301808e+01   3.3885626776e-01
1.3831118124e+01   3.2993262838e-01
1.3831218124e+01   3.2981820918e-01
1.3832218124e+01   3.2867366761e-01
1.3840034441e+01   3.1970574440e-01
1.3840134441e+01   3.1959076117e-01
1.3841134441e+01   3.1844058290e-01
1.3841234441e+01   3.1832553049e-01
1.3842234441e+01   3.1717466081e-01
1.3850050757e+01   3.0815752563e-01
1.3850150757e+01   3.0804191569e-01
1.3851150757e+01   3.0688547434e-01
1.3858967074e+01   2.9782501617e-01
1.3859067074e+01   2.9770885459e-01
1.3860067074e+01   2.9654690048e-01
1.3867883390e+01   2.8744358344e-01
1.3867983390e+01   2.8732687619e-01
1.3868983390e+01   2.8615946919e-01
1.3869083390e+01   2.8604269504e-01
1.3870083390e+01   2.8487461952e-01
1.3877899707e+01   2.7572371918e-01
1.3877999707e+01   2.7560640621e-01
1.3878999707e+01   2.7443294622e-01
1.3879099707e+01   2.7431556721e-01
1.3880099707e+01   2.7314144722e-01
1.3887916023e+01   2.6394357001e-01
1.3888016023e+01   2.6382565913e-01
1.3889016023e+01   2.6264622439e-01
1.3896832340e+01   2.5340704868e-01
1.3896932340e+01   2.5328861226e-01
1.3897932340e+01   2.5210392592e-01
1.3905748657e+01   2.4282394933e-01
1.3905848657e+01   2.4270499376e-01
1.3906848657e+01   2.4151512002e-01
1.3914664973e+01   2.3219484846e-01
1.3914764973e+01   2.3207538027e-01
1.3915764973e+01   2.3088038439e-01
1.3923581290e+01   2.2152033219e-01
1.3923681290e+01   2.2140035801e-01
1.3924681290e+01   2.2020030635e-01
1.3932497606e+01   2.1080099640e-01
1.3932597606e+01   2.1068052297e-01
1.3933597606e+01   2.0947548298e-01
1.3933697606e+01   2.0935494843e-01
1.3934697606e+01   2.0814929776e-01
1.3942513923e+01   1.9870652135e-01
1.3942613923e+01   1.9858549525e-01
1.3943613923e+01   1.9737493338e-01
1.3943713923e+01   1.9725384712e-01
1.3944713923e+01   1.9604268418e-01
1.3952530239e+01   1.8655712476e-01
1.3952630239e+01   1.8643555481e-01
1.3953630239e+01   1.8521955923e-01
1.3953730239e+01   1.8509793010e-01
1.3954730239e+01   1.8388134323e-01
1.3962546556e+01   1.7435369707e-01
1.3962646556e+01   1.7423159223e-01
1.3963646556e+01   1.7301025278e-01
1.3971462872e+01   1.6344573820e-01
1.3971562872e+01   1.6332316490e-01
1.3972562872e+01   1.6209714537e-01
1.3980379189e+01   1.5249633377e-01
1.3980479189e+01   1.5237329937e-01
1.3981479189e+01   1.5114267347e-01
1.3981579189e+01   1.5101958271e-01
1.3982579189e+01   1.4978839369e-01
1.3990395506e+01   1.4014750038e-01
1.3990495506e+01   1.4002395693e-01
1.3991495506e+01   1.3878824581e-01
1.3999311822e+01   1.2911230034e-01
1.3999411822e+01   1.2898831184e-01
1.4000411822e+01   1.2774815495e-01
1.4000511822e+01   1.2762411208e-01
1.4001511822e+01   1.2638341206e-01
1.4009328139e+01   1.1666880785e-01
1.4009428139e+01   1.1654432865e-01
1.4010428139e+01   1.1529927009e-01
1.4018244455e+01   1.0555090259e-01
1.4018344455e+01   1.0542599494e-01
1.4019344455e+01   1.0417665686e-01
1.4027160772e+01   9.4395148641e-02
1.4027260772e+01   9.4269820575e-02
1.4028260772e+01   9.3016283280e-02
1.4036077088e+01   8.3202267077e-02
1.4036177088e+01   8.3076526744e-02
1.4037177088e+01   8.1818871846e-02
1.4044993405e+01   7.1972990675e-02
1.4045093405e+01   7.1846846359e-02
1.4046093405e+01   7.0585156794e-02
1.4053909722e+01   6.0708064062e-02
1.4054009722e+01   6.0581524183e-02
1.4055009722e+01   5.9315884224e-02
1.4062826038e+01   4.9408243847e-02
1.4062926038e+01   4.9281316959e-02
1.4063926038e+01   4.8011812229e-02
1.4071742355e+01   3.8074298741e-02
1.4071842355e+01   3.7946993534e-02
1.4072842355e+01   3.6673711024e-02
1.4080658671e+01   2.6707009686e-02
1.4080758671e+01   2.6579334989e-02
1.4081758671e+01   2.5302363068e-02
1.4089574988e+01   1.5307169966e-02
1.4089674988e+01   1.5179134746e-02
1.4090674988e+01   1.3898563174e-02
1.4098491304e+01   3.8755853244e-03
1.4098591304e+01   3.7471986894e-03
1.4099591304e+01   2.4631186320e-03
1.4107407621e+01   -7.5869259319e-03
1.4107507621e+01   -7.7156547328e-03
1.4108507621e+01   -9.0031506956e-03
1.4116323937e+01   -1.9079532830e-02
1.4116423937e+01   -1.9208594405e-02
1.4117423937e+01   -2.0499412266e-02
1.4117523937e+01   -2.0628514237e-02
1.4118523937e+01   -2.1919735334e-02
1.4126340254e+01   -3.2024820761e-02
1.4126440254e+01   -3.2154244784e-02
1.4127440254e+01   -3.3448680460e-02
1.4135256571e+01   -4.3578518003e-02
1.4135356571e+01   -4.3708254379e-02
1.4136356571e+01   -4.5005807563e-02
1.4144172887e+01   -5.5159632861e-02
1.4144272887e+01   -5.5289671748e-02
1.4145272887e+01   -5.6590243913e-02
1.4153089204e+01   -6.6767281186e-02
1.4153189204e+01   -6.6897612593e-02
1.4154189204e+01   -6.8201103745e-02
1.4162005520e+01   -7.8400565731e-02
1.4162105520e+01   -7.8531179521e-02
1.4163105520e+01   -7.9837488194e-02
1.4170921837e+01   -9.0058576091e-02
1.4171021837e+01   -9.0189461978e-02
1.4172021837e+01   -9.1498485228e-02
1.4179838153e+01   -1.0174038865e-01
1.4179938153e+01   -1.0187153620e-01
1.4180938153e+01   -1.0318316959e-01
1.4181038153e+01   -1.0331434869e-01
1.4182038153e+01   -1.0462629679e-01
1.4189854470e+01   -1.1489060277e-01
1.4189954470e+01   -1.1502203163e-01
1.4190954470e+01   -1.1633647079e-01
1.4198770787e+01   -1.2661983292e-01
1.4198870787e+01   -1.2675150080e-01
1.4199870787e+01   -1.2806832341e-01
1.4207687103e+01   -1.3836989489e-01
1.4207787103e+01   -1.3850179088e-01
1.4207787103e+01   -1.3850179088e-01
1.4208787103e+01   -1.3982088784e-01
1.4208887103e+01   -1.3995281121e-01
1.4209887103e+01   -1.4127218113e-01
1.4217703420e+01   -1.5159318389e-01
1.4217803420e+01   -1.5172532295e-01
1.4218803420e+01   -1.5304684288e-01
1.4226619736e+01   -1.6338421799e-01
1.4226719736e+01   -1.6351656152e-01
1.4227719736e+01   -1.6484011917e-01
1.4227819736e+01   -1.6497248714e-01
1.4228819736e+01   -1.6629628833e-01
1.4236636053e+01   -1.7665100140e-01
1.4236736053e+01   -1.7678356106e-01
1.4237736053e+01   -1.7810927204e-01
1.4245552369e+01   -1.8847846756e-01
1.4245652369e+01   -1.8861120737e-01
1.4246652369e+01   -1.8993871268e-01
1.4254468686e+01   -2.0032148229e-01
1.4254568686e+01   -2.0045439056e-01
1.4255568686e+01   -2.0178357322e-01
1.4263385002e+01   -2.1217899687e-01
1.4263485002e+01   -2.1231206176e-01
1.4264485002e+01   -2.1364280331e-01
1.4272301319e+01   -2.2404994926e-01
1.4272401319e+01   -2.2418315879e-01
1.4273401319e+01   -2.2551533927e-01
1.4281217636e+01   -2.3593326415e-01
1.4281317636e+01   -2.3606660619e-01
1.4282317636e+01   -2.3740010416e-01
1.4290133952e+01   -2.4782785303e-01
1.4290233952e+01   -2.4796131528e-01
1.4291233952e+01   -2.4929600782e-01
1.4299050269e+01   -2.5973261419e-01
1.4299150269e+01   -2.5986618423e-01
1.4300150269e+01   -2.6120194695e-01
1.4307966585e+01   -2.7164643286e-01
1.4308066585e+01   -2.7178009812e-01
1.4309066585e+01   -2.7311680515e-01
1.4309166585e+01   -2.7325048127e-01
1.4310166585e+01   -2.7458729602e-01
1.4317982902e+01   -2.8503945307e-01
1.4318082902e+01   -2.8517321010e-01
1.4319082902e+01   -2.8651082605e-01
1.4326899218e+01   -2.9696874841e-01
1.4326999218e+01   -2.9710257347e-01
1.4327999218e+01   -2.9844086171e-01
1.4328099218e+01   -2.9857469426e-01
1.4329099218e+01   -2.9991305643e-01
1.4336915535e+01   -3.1037624636e-01
1.4337015535e+01   -3.1051013230e-01
1.4338015535e+01   -3.1184902021e-01
1.4345831851e+01   -3.2231581074e-01
1.4345931851e+01   -3.2244973688e-01
1.4346931851e+01   -3.2378901860e-01
1.4354748168e+01   -3.3425837304e-01
1.4354848168e+01   -3.3439232605e-01
1.4355848168e+01   -3.3573186825e-01
1.4355948168e+01   -3.3586582365e-01
1.4356948168e+01   -3.3720538868e-01
1.4364764485e+01   -3.4767637347e-01
1.4364864485e+01   -3.4781034060e-01
1.4365864485e+01   -3.4915001468e-01
1.4373680801e+01   -3.5962132635e-01
1.4373780801e+01   -3.5975529161e-01
1.4374780801e+01   -3.6109493850e-01
1.4382597118e+01   -3.7156550696e-01
1.4382697118e+01   -3.7169945659e-01
1.4383697118e+01   -3.7303893871e-01
1.4391513434e+01   -3.8350768350e-01
1.4391613434e+01   -3.8364160363e-01
1.4392613434e+01   -3.8498078209e-01
1.4400429751e+01   -3.9544661253e-01
1.4400529751e+01   -3.9558048914e-01
1.4401529751e+01   -3.9691922374e-01
1.4409346067e+01   -4.0738103912e-01
1.4409446067e+01   -4.0751485807e-01
1.4410446067e+01   -4.0885300735e-01
1.4418262384e+01   -4.1930969711e-01
1.4418362384e+01   -4.1944344415e-01
1.4419362384e+01   -4.2078086540e-01
1.4427178701e+01   -4.3123130933e-01
1.4427278701e+01   -4.3136497006e-01
1.4428278701e+01   -4.3270151935e-01
1.4436095017e+01   -4.4314458784e-01
1.4436195017e+01   -4.4327814776e-01
1.4437195017e+01   -4.4461367997e-01
1.4445011334e+01   -4.5504823417e-01
1.4445111334e+01   -4.5518167866e-01
1.4446111334e+01   -4.5651604750e-01
1.4453927650e+01   -4.6694093959e-01
1.4454027650e+01   -4.6707425392e-01
1.4455027650e+01   -4.6840731197e-01
1.4462843967e+01   -4.7882138542e-01
1.4462943967e+01   -4.7895455474e-01
1.4463943967e+01   -4.8028615349e-01
1.4471760283e+01   -4.9068824327e-01
1.4471860283e+01   -4.9082125262e-01
1.4472860283e+01   -4.9215124248e-01
1.4480676600e+01   -5.0254017538e-01
1.4480776600e+01   -5.0267300971e-01
1.4481776600e+01   -5.0400124007e-01
1.4489592916e+01   -5.1437583492e-01
1.4489692916e+01   -5.1450847908e-01
1.4490692916e+01   -5.1583479831e-01
1.4498509233e+01   -5.2619386631e-01
1.4498609233e+01   -5.2632630505e-01
1.4499609233e+01   -5.2765056058e-01
1.4507425550e+01   -5.3799290559e-01
1.4507525550e+01   -5.3812512356e-01
1.4508525550e+01   -5.3944716191e-01
1.4516341866e+01   -5.4977158074e-01
1.4516441866e+01   -5.4990356250e-01
1.4517441866e+01   -5.5122322929e-01
1.4525258183e+01   -5.6152851204e-01
1.4525358183e+01   -5.6166024208e-01
1.4525358183e+01   -5.6166024208e-01
1.4526358183e+01   -5.6297738209e-01
1.4526458183e+01   -5.6310908000e-01
1.4527458183e+01   -5.6442589749e-01
1.4535274499e+01   -5.7470823243e-01
1.4535374499e+01   -5.7483966110e-01
1.4536374499e+01   -5.7615377650e-01
1.4544190816e+01   -5.8641438552e-01
1.4544290816e+01   -5.8654552926e-01
1.4545290816e+01   -5.8785678573e-01
1.4553107132e+01   -5.9809444011e-01
1.4553207132e+01   -5.9822528318e-01
1.4554207132e+01   -5.9953352317e-01
1.4562023449e+01   -6.0974698887e-01
1.4562123449e+01   -6.0987751545e-01
1.4563123449e+01   -6.1118258075e-01
1.4570939766e+01   -6.2137061883e-01
1.4571039766e+01   -6.2150081305e-01
1.4572039766e+01   -6.2280254485e-01
1.4579856082e+01   -6.3296391181e-01
1.4579956082e+01   -6.3309375772e-01
1.4580956082e+01   -6.3439199666e-01
1.4588772399e+01   -6.4452544482e-01
1.4588872399e+01   -6.4465492645e-01
1.4589872399e+01   -6.4594951265e-01
1.4597688715e+01   -6.5605379059e-01
1.4597788715e+01   -6.5618289189e-01
1.4598788715e+01   -6.5747366503e-01
1.4606605032e+01   -6.6754751794e-01
1.4606705032e+01   -6.6767622286e-01
1.4607705032e+01   -6.6896302219e-01
1.4615521348e+01   -6.7900519233e-01
1.4615621348e+01   -6.7913348476e-01
1.4616621348e+01   -6.8041614919e-01
1.4624437665e+01   -6.9042537629e-01
1.4624537665e+01   -6.9055324009e-01
1.4625537665e+01   -6.9183160825e-01
1.4633353981e+01   -7.0180662993e-01
1.4633453981e+01   -7.0193404893e-01
1.4634453981e+01   -7.0320795921e-01
1.4642270298e+01   -7.1314751142e-01
1.4642370298e+01   -7.1327446945e-01
1.4643370298e+01   -7.1454376003e-01
1.4651186615e+01   -7.2444657752e-01
1.4651286615e+01   -7.2457305838e-01
1.4652286615e+01   -7.2583756732e-01
1.4660102931e+01   -7.3570238405e-01
1.4660202931e+01   -7.3582837155e-01
1.4661202931e+01   -7.3708793685e-01
1.4669019248e+01   -7.4691348645e-01
1.4669119248e+01   -7.4703896439e-01
1.4670119248e+01   -7.4829342404e-01
1.4677935564e+01   -7.5807844029e-01
1.4678035564e+01   -7.5820339247e-01
1.4679035564e+01   -7.5945258450e-01
1.4686851881e+01   -7.6919580179e-01
1.4686951881e+01   -7.6932021202e-01
1.4687951881e+01   -7.7056397457e-01
1.4695768197e+01   -7.8026412838e-01
1.4695868197e+01   -7.8038798048e-01
1.4696868197e+01   -7.8162615186e-01
1.4704684514e+01   -7.9128197920e-01
1.4704784514e+01   -7.9140525703e-01
1.4705784514e+01   -7.9263767578e-01
1.4713600830e+01   -8.0224791569e-01
1.4713700830e+01   -8.0237060313e-01
1.4714700830e+01   -8.0359710809e-01
1.4722517147e+01   -8.1316050212e-01
1.4722617147e+01   -8.1328258310e-01
1.4723617147e+01   -8.1450301343e-01
1.4731433464e+01   -8.2401830615e-01
1.4731533464e+01   -8.2413976461e-01
1.4732533464e+01   -8.2535395992e-01
1.4740349780e+01   -8.3481989937e-01
1.4740449780e+01   -8.3494071933e-01
1.4741449780e+01   -8.3614851969e-01
1.4749266097e+01   -8.4556385789e-01
1.4749366097e+01   -8.4568402339e-01
1.4750366097e+01   -8.4688526942e-01
1.4758182413e+01   -8.5624876285e-01
1.4758282413e+01   -8.5636825801e-01
1.4759282413e+01   -8.5756279094e-01
1.4767098730e+01   -8.6687320103e-01
1.4767198730e+01   -8.6699201005e-01
1.4768198730e+01   -8.6817967175e-01
1.4776015046e+01   -8.7743576540e-01
1.4776115046e+01   -8.7755387253e-01
1.4777115046e+01   -8.7873450561e-01
1.4784931363e+01   -8.8793505567e-01
1.4785031363e+01   -8.8805244523e-01
1.4786031363e+01   -8.8922589311e-01
1.4793847680e+01   -8.9836967883e-01
1.4793947680e+01   -8.9848633526e-01
1.4794947680e+01   -8.9965244219e-01
1.4802763996e+01   -9.0873824978e-01
1.4802863996e+01   -9.0885415759e-01
1.4803863996e+01   -9.1001276875e-01
1.4811680313e+01   -9.1903939181e-01
1.4811780313e+01   -9.1915453560e-01
1.4812780313e+01   -9.2030549715e-01
1.4820596629e+01   -9.2927173720e-01
1.4820696629e+01   -9.2938610169e-01
1.4821696629e+01   -9.3052926084e-01
1.4829512946e+01   -9.3943392776e-01
1.4829612946e+01   -9.3954749778e-01
1.4830612946e+01   -9.4068270282e-01
1.4838429262e+01   -9.4952461539e-01
1.4838529262e+01   -9.4963737587e-01
1.4839529262e+01   -9.5076447628e-01
1.4847345579e+01   -9.5954246260e-01
1.4847445579e+01   -9.5965439860e-01
1.4848445579e+01   -9.6077324507e-01
1.4856261895e+01   -9.6948614306e-01
1.4856361895e+01   -9.6959723977e-01
1.4857361895e+01   -9.7070768428e-01
1.4865178212e+01   -9.7935434214e-01
1.4865278212e+01   -9.7946458489e-01
1.4866278212e+01   -9.8056648078e-01
1.4874094529e+01   -9.8914575745e-01
1.4874194529e+01   -9.8925513170e-01
1.4875194529e+01   -9.9034833370e-01
1.4883010845e+01   -9.9885909932e-01
1.4883110845e+01   -9.9896759069e-01
1.4884110845e+01   -1.0000519550e+00
1.4891927162e+01   -1.0084930914e+00
1.4892027162e+01   -1.0086006856e+00
1.4893027162e+01   -1.0096760699e+00
1.4900843478e+01   -1.0180464709e+00
1.4900943478e+01   -1.0181531539e+00
1.4901943478e+01   -1.0192194175e+00
1.4909759795e+01   -1.0275179896e+00
1.4909859795e+01   -1.0276237475e+00
1.4910859795e+01   -1.0286807513e+00
1.4918676111e+01   -1.0369064138e+00
1.4918776111e+01   -1.0370112328e+00
1.4919776111e+01   -1.0380588394e+00
1.4927592428e+01   -1.0462105250e+00
1.4927692428e+01   -1.0463143916e+00
1.4928692428e+01   -1.0473524654e+00
1.4936508745e+01   -1.0554291207e+00
1.4936608745e+01   -1.0555320214e+00
1.4937608745e+01   -1.0565604285e+00
1.4945425061e+01   -1.0645610141e+00
1.4945525061e+01   -1.0646629358e+00
1.4946525061e+01   -1.0656815441e+00
1.4954341378e+01   -1.0736050353e+00
1.4954441378e+01   -1.0737059649e+00
1.4955441378e+01   -1.0747146444e+00
1.4963257694e+01   -1.0825600314e+00
1.4963357694e+01   -1.0826599561e+00
1.4964357694e+01   -1.0836585785e+00
1.4972174011e+01   -1.0914248669e+00
1.4972274011e+01   -1.0915237740e+00
1.4973274011e+01   -1.0925122130e+00
1.4981090327e+01   -1.1001984240e+00
1.4981190327e+01   -1.1002963011e+00
1.4982190327e+01   -1.1012744327e+00
1.4990006644e+01   -1.1088796035e+00
1.4990106644e+01   -1.1089764383e+00
1.4991106644e+01   -1.1099441403e+00
1.4998922960e+01   -1.1174673245e+00
1.4999022960e+01   -1.1175631051e+00
1.5000022960e+01   -1.1185202574e+00
1.5007839277e+01   -1.1259605252e+00
1.5007939277e+01   -1.1260552399e+00
1.5008939277e+01   -1.1270017246e+00
1.5016755594e+01   -1.1343581634e+00
1.5016855594e+01   -1.1344518004e+00
1.5017855594e+01   -1.1353875021e+00
1.5025671910e+01   -1.1426592163e+00
1.5025771910e+01   -1.1427517643e+00
1.5026771910e+01   -1.1436765694e+00
1.5034588227e+01   -1.1508626812e+00
1.5034688227e+01   -1.1509541291e+00
1.5035688227e+01   -1.1518679264e+00
1.5043504543e+01   -1.1589675757e+00
1.5043604543e+01   -1.1590579127e+00
1.5044604543e+01   -1.1599605933e+00
1.5052420860e+01   -1.1669729382e+00
1.5052520860e+01   -1.1670621535e+00
1.5053520860e+01   -1.1679536110e+00
1.5061337176e+01   -1.1748778278e+00
1.5061437176e+01   -1.1749659110e+00
1.5062437176e+01   -1.1758460411e+00
1.5070253493e+01   -1.1826813248e+00
1.5070353493e+01   -1.1827682657e+00
1.5071353493e+01   -1.1836369668e+00
1.5079169809e+01   -1.1903825310e+00
1.5079269809e+01   -1.1904683197e+00
1.5080269809e+01   -1.1913254922e+00
1.5088086126e+01   -1.1979805698e+00
1.5088186126e+01   -1.1980651965e+00
1.5089186126e+01   -1.1989107437e+00
1.5097002443e+01   -1.2054745864e+00
1.5097102443e+01   -1.2055580417e+00
1.5098102443e+01   -1.2063918690e+00
1.5105918759e+01   -1.2128637481e+00
1.5106018759e+01   -1.2129460227e+00
1.5107018759e+01   -1.2137680381e+00
1.5114835076e+01   -1.2201472443e+00
1.5114935076e+01   -1.2202283294e+00
1.5115935076e+01   -1.2210384434e+00
1.5123751392e+01   -1.2273242870e+00
1.5123851392e+01   -1.2274041737e+00
1.5124851392e+01   -1.2282022995e+00
1.5132667709e+01   -1.2343941105e+00
1.5132767709e+01   -1.2344727905e+00
1.5133767709e+01   -1.2352588435e+00
1.5141584025e+01   -1.2413559719e+00
1.5141684025e+01   -1.2414334369e+00
1.5141684025e+01   -1.2414334369e+00
1.5142684025e+01   -1.2422073353e+00
1.5142784025e+01   -1.2422846499e+00
1.5143784025e+01   -1.2430570432e+00
1.5151600342e+01   -1.2490470576e+00
1.5151700342e+01   -1.2491231483e+00
1.5152700342e+01   -1.2498832981e+00
1.5160516659e+01   -1.2557773158e+00
1.5160616659e+01   -1.2558521750e+00
1.5161616659e+01   -1.2566000048e+00
1.5169432975e+01   -1.2623974384e+00
1.5169532975e+01   -1.2624710587e+00
1.5170532975e+01   -1.2632064947e+00
1.5178349292e+01   -1.2689067769e+00
1.5178449292e+01   -1.2689791511e+00
1.5179449292e+01   -1.2697021220e+00
1.5187265608e+01   -1.2753047057e+00
1.5187365608e+01   -1.2753758269e+00
1.5188365608e+01   -1.2760862640e+00
1.5196181925e+01   -1.2815906224e+00
1.5196281925e+01   -1.2816604840e+00
1.5197281925e+01   -1.2823583212e+00
1.5205098241e+01   -1.2877639475e+00
1.5205198241e+01   -1.2878325432e+00
1.5206198241e+01   -1.2885177170e+00
1.5214014558e+01   -1.2938241249e+00
1.5214114558e+01   -1.2938914485e+00
1.5215114558e+01   -1.2945638979e+00
1.5222930874e+01   -1.2997706210e+00
1.5223030874e+01   -1.2998366667e+00
1.5224030874e+01   -1.3004963335e+00
1.5231847191e+01   -1.3056029257e+00
1.5231947191e+01   -1.3056676879e+00
1.5232947191e+01   -1.3063145162e+00
1.5240763508e+01   -1.3113205516e+00
1.5240863508e+01   -1.3113840249e+00
1.5241863508e+01   -1.3120179616e+00
1.5249679824e+01   -1.3169230341e+00
1.5249779824e+01   -1.3169852135e+00
1.5250779824e+01   -1.3176062079e+00
1.5258596141e+01   -1.3224099315e+00
1.5258696141e+01   -1.3224708122e+00
1.5259696141e+01   -1.3230788161e+00
1.5267512457e+01   -1.3277808247e+00
1.5267612457e+01   -1.3278404021e+00
1.5268612457e+01   -1.3284353701e+00
1.5276428774e+01   -1.3330353173e+00
1.5276528774e+01   -1.3330935870e+00
1.5277528774e+01   -1.3336754760e+00
1.5285345090e+01   -1.3381730350e+00
1.5285445090e+01   -1.3382299930e+00
1.5286445090e+01   -1.3387987624e+00
1.5294261407e+01   -1.3431936260e+00
1.5294361407e+01   -1.3432492685e+00
1.5295361407e+01   -1.3438048803e+00
1.5303177723e+01   -1.3480967606e+00
1.5303277723e+01   -1.3481510839e+00
1.5304277723e+01   -1.3486935026e+00
1.5312094040e+01   -1.3528821310e+00
1.5312194040e+01   -1.3529351319e+00
1.5313194040e+01   -1.3534643242e+00
1.5321010357e+01   -1.3575494510e+00
1.5321110357e+01   -1.3576011264e+00
1.5322110357e+01   -1.3581170617e+00
1.5329926673e+01   -1.3620984562e+00
1.5330026673e+01   -1.3621488033e+00
1.5331026673e+01   -1.3626514532e+00
1.5338842990e+01   -1.3665289034e+00
1.5338942990e+01   -1.3665779195e+00
1.5339942990e+01   -1.3670672582e+00
1.5347759306e+01   -1.3708405705e+00
1.5347859306e+01   -1.3708882532e+00
1.5348859306e+01   -1.3713642571e+00
1.5356675623e+01   -1.3750332563e+00
1.5356775623e+01   -1.3750796035e+00
1.5357775623e+01   -1.3755422513e+00
1.5365591939e+01   -1.3791067802e+00
1.5365691939e+01   -1.3791517900e+00
1.5366691939e+01   -1.3796010627e+00
1.5374508256e+01   -1.3830609819e+00
1.5374608256e+01   -1.3831046527e+00
1.5375608256e+01   -1.3835405337e+00
1.5383424573e+01   -1.3868957214e+00
1.5383524573e+01   -1.3869380517e+00
1.5384524573e+01   -1.3873605265e+00
1.5392340889e+01   -1.3906108784e+00
1.5392440889e+01   -1.3906518669e+00
1.5393440889e+01   -1.3910609233e+00
1.5401257206e+01   -1.3942063522e+00
1.5401357206e+01   -1.3942459978e+00
1.5402357206e+01   -1.3946416258e+00
1.5410173522e+01   -1.3976820611e+00
1.5410273522e+01   -1.3977203632e+00
1.5411273522e+01   -1.3981025547e+00
1.5419089839e+01   -1.4010379428e+00
1.5419189839e+01   -1.4010749006e+00
1.5420189839e+01   -1.4014436499e+00
1.5428006155e+01   -1.4042739531e+00
1.5428106155e+01   -1.4043095664e+00
1.5429106155e+01   -1.4046648697e+00
1.5436922472e+01   -1.4073900666e+00
1.5437022472e+01   -1.4074243351e+00
1.5438022472e+01   -1.4077661906e+00
1.5445838788e+01   -1.4103862755e+00
1.5445938788e+01   -1.4104191992e+00
1.5446938788e+01   -1.4107476073e+00
1.5454755105e+01   -1.4132625898e+00
1.5454855105e+01   -1.4132941690e+00
1.5455855105e+01   -1.4136091319e+00
1.5463671422e+01   -1.4160190370e+00
1.5463771422e+01   -1.4160492721e+00
1.5464771422e+01   -1.4163507939e+00
1.5472587738e+01   -1.4186556613e+00
1.5472687738e+01   -1.4186845528e+00
1.5473687738e+01   -1.4189726396e+00
1.5481504055e+01   -1.4211725235e+00
1.5481604055e+01   -1.4212000723e+00
1.5482604055e+01   -1.4214747319e+00
1.5490420371e+01   -1.4235697010e+00
1.5490520371e+01   -1.4235959080e+00
1.5491520371e+01   -1.4238571501e+00
1.5499336688e+01   -1.4258472868e+00
1.5499436688e+01   -1.4258721531e+00
1.5500436688e+01   -1.4261199891e+00
1.5508253004e+01   -1.4280053895e+00
1.5508353004e+01   -1.4280289164e+00
1.5509353004e+01   -1.4282633596e+00
1.5517169321e+01   -1.4300441330e+00
1.5517269321e+01   -1.4300663220e+00
1.5518269321e+01   -1.4302873872e+00
1.5526085638e+01   -1.4319636560e+00
1.5526185638e+01   -1.4319845087e+00
1.5527185638e+01   -1.4321922122e+00
1.5535001954e+01   -1.4337641114e+00
1.5535101954e+01   -1.4337836297e+00
1.5536101954e+01   -1.4339779897e+00
1.5543918271e+01   -1.4354456665e+00
1.5544018271e+01   -1.4354638522e+00
1.5545018271e+01   -1.4356448884e+00
1.5552834587e+01   -1.4370085021e+00
1.5552934587e+01   -1.4370253575e+00
1.5553934587e+01   -1.4371930909e+00
1.5561750904e+01   -1.4384528124e+00
1.5561850904e+01   -1.4384683396e+00
1.5562850904e+01   -1.4386227929e+00
1.5570667220e+01   -1.4397788046e+00
1.5570767220e+01   -1.4397930060e+00
1.5571767220e+01   -1.4399342031e+00
1.5579583537e+01   -1.4409866982e+00
1.5579683537e+01   -1.4409995764e+00
1.5580683537e+01   -1.4411275428e+00
1.5588499853e+01   -1.4420767251e+00
1.5588599853e+01   -1.4420882828e+00
1.5589599853e+01   -1.4422030453e+00
1.5597416170e+01   -1.4430491292e+00
1.5597516170e+01   -1.4430593690e+00
1.5598516170e+01   -1.4431609557e+00
1.5606332487e+01   -1.4439041653e+00
1.5606432487e+01   -1.4439130904e+00
1.5607432487e+01   -1.4440015305e+00
1.5615248803e+01   -1.4446420998e+00
1.5615348803e+01   -1.4446497131e+00
1.5616348803e+01   -1.4447250373e+00
1.5624165120e+01   -1.4452632095e+00
1.5624265120e+01   -1.4452695141e+00
1.5625265120e+01   -1.4453317540e+00
1.5633081436e+01   -1.4457677815e+00
1.5633181436e+01   -1.4457727807e+00
1.5634181436e+01   -1.4458219692e+00
1.5641997753e+01   -1.4461561129e+00
1.5642097753e+01   -1.4461598101e+00
1.5643097753e+01   -1.4461959811e+00
1.5650914069e+01   -1.4464285103e+00
1.5651014069e+01   -1.4464309091e+00
1.5652014069e+01   -1.4464540976e+00
1.5659830386e+01   -1.4465852897e+00
1.5659930386e+01   -1.4465863936e+00
1.5660930386e+01   -1.4465966355e+00
1.5668746702e+01   -1.4466267756e+00
1.5668846702e+01   -1.4466265884e+00
1.5669846702e+01   -1.4466239208e+00
1.5677663019e+01   -1.4465533013e+00
1.5677763019e+01   -1.4465518267e+00
1.5678763019e+01   -1.4465362874e+00
1.5686579336e+01   -1.4463652080e+00
1.5686679336e+01   -1.4463624499e+00
1.5687679336e+01   -1.4463340777e+00
1.5695495652e+01   -1.4460628448e+00
1.5695595652e+01   -1.4460588070e+00
1.5696595652e+01   -1.4460176415e+00
1.5704411969e+01   -1.4456465680e+00
1.5704511969e+01   -1.4456412547e+00
1.5705511969e+01   -1.4455873364e+00
1.5713328285e+01   -1.4451167411e+00
1.5713428285e+01   -1.4451101564e+00
1.5714428285e+01   -1.4450435264e+00
1.5722244602e+01   -1.4444737344e+00
1.5722344602e+01   -1.4444658825e+00
1.5723344602e+01   -1.4443865827e+00
1.5731160918e+01   -1.4437179244e+00
1.5731260918e+01   -1.4437088094e+00
1.5732260918e+01   -1.4436168826e+00
1.5740077235e+01   -1.4428496936e+00
1.5740177235e+01   -1.4428393200e+00
1.5741177235e+01   -1.4427348094e+00
1.5748993552e+01   -1.4418694305e+00
1.5749093552e+01   -1.4418578026e+00
1.5750093552e+01   -1.4417407521e+00
1.5757909868e+01   -1.4407775286e+00
1.5758009868e+01   -1.4407646510e+00
1.5759009868e+01   -1.4406351050e+00
1.5766826185e+01   -1.4395743868e+00
1.5766926185e+01   -1.4395602639e+00
1.5767926185e+01   -1.4394182675e+00
1.5775742501e+01   -1.4382604086e+00
1.5775842501e+01   -1.4382450449e+00
1.5776842501e+01   -1.4380906436e+00
1.5784658818e+01   -1.4368360019e+00
1.5784758818e+01   -1.4368194020e+00
1.5785758818e+01   -1.4366526418e+00
1.5793575134e+01   -1.4353015787e+00
1.5793675134e+01   -1.4352837473e+00
1.5794675134e+01   -1.4351046748e+00
1.5802491451e+01   -1.4336575550e+00
1.5802591451e+01   -1.4336384967e+00
1.5803591451e+01   -1.4334471587e+00
1.5811407767e+01   -1.4319043502e+00
1.5811507767e+01   -1.4318840698e+00
1.5812507767e+01   -1.4316805135e+00
1.5820324084e+01   -1.4300423870e+00
1.5820424084e+01   -1.4300208892e+00
1.5821424084e+01   -1.4298051623e+00
1.5829240401e+01   -1.4280720910e+00
1.5829340401e+01   -1.4280493807e+00
1.5830340401e+01   -1.4278215310e+00
1.5838156717e+01   -1.4259938906e+00
1.5838256717e+01   -1.4259699725e+00
1.5839256717e+01   -1.4257300483e+00
1.5839356717e+01   -1.4257059816e+00
1.5840356717e+01   -1.4254645711e+00
1.5848173034e+01   -1.4235311454e+00
1.5848273034e+01   -1.4235058763e+00
1.5849273034e+01   -1.4232524458e+00
1.5857089350e+01   -1.4212252552e+00
1.5857189350e+01   -1.4211987888e+00
1.5858189350e+01   -1.4209333868e+00
1.5866005667e+01   -1.4188128130e+00
1.5866105667e+01   -1.4187851540e+00
1.5867105667e+01   -1.4185078296e+00
1.5874921983e+01   -1.4162942554e+00
1.5875021983e+01   -1.4162654087e+00
1.5876021983e+01   -1.4159762109e+00
1.5883838300e+01   -1.4136700204e+00
1.5883938300e+01   -1.4136399910e+00
1.5884938300e+01   -1.4133389690e+00
1.5892754617e+01   -1.4109405472e+00
1.5892854617e+01   -1.4109093400e+00
1.5893854617e+01   -1.4105965431e+00
1.5901670933e+01   -1.4081062759e+00
1.5901770933e+01   -1.4080738959e+00
1.5902770933e+01   -1.4077493735e+00
1.5910587250e+01   -1.4051676473e+00
1.5910687250e+01   -1.4051340994e+00
1.5911687250e+01   -1.4047979009e+00
1.5919503566e+01   -1.4021251026e+00
1.5919603566e+01   -1.4020903917e+00
1.5920603566e+01   -1.4017425667e+00
1.5920703566e+01   -1.4017077126e+00
1.5921703566e+01   -1.4013584568e+00
1.5929519883e+01   -1.3985838123e+00
1.5929619883e+01   -1.3985478009e+00
1.5930619883e+01   -1.3981869741e+00
1.5938436199e+01   -1.3953220793e+00
1.5938536199e+01   -1.3952849154e+00
1.5939536199e+01   -1.3949125672e+00
1.5947352516e+01   -1.3919578088e+00
1.5947452516e+01   -1.3919194975e+00
1.5948452516e+01   -1.3915356774e+00
1.5948552516e+01   -1.3914972248e+00
1.5949552516e+01   -1.3911119929e+00
1.5957368832e+01   -1.3880567455e+00
1.5957468832e+01   -1.3880171510e+00
1.5958468832e+01   -1.3876205027e+00
1.5966285149e+01   -1.3844762119e+00
1.5966385149e+01   -1.3844354803e+00
1.5967385149e+01   -1.3840274650e+00
1.5975201466e+01   -1.3807945160e+00
1.5975301466e+01   -1.3807526524e+00
1.5976301466e+01   -1.3803333192e+00
1.5984117782e+01   -1.3770120965e+00
1.5984217782e+01   -1.3769691057e+00
1.5985217782e+01   -1.3765385038e+00
1.5993034099e+01   -1.3731293908e+00
1.5993134099e+01   -1.3730852777e+00
1.5994134099e+01   -1.3726434561e+00
1.6000000000e+01   -1.3700265162e+00
