X    Y    Z
1.0000000000e-01   0.0000000000e+00   0.0000000000e+00
9.9600559350e-02   -1.1992815652e-04   -3.5882584882e-09
9.5666901144e-02   -1.3114952186e-03   -4.2021452147e-07
7.7931864075e-02   -6.9568588666e-03   -1.0594336392e-05
6.2364185046e-02   -1.2384038746e-02   -2.9678883694e-05
4.8609240518e-02   -1.7686061798e-02   -5.2701160634e-05
3.6359519445e-02   -2.2948830707e-02   -7.5888475130e-05
2.5347370059e-02   -2.8252788276e-02   -9.6288966728e-05
1.5338754695e-02   -3.3674412152e-02   -1.1148359529e-04
6.1278611056e-03   -3.9287568949e-02   -1.1936245018e-04
-2.4675592328e-03   -4.5164754008e-02   -1.1794522519e-04
-1.0610236775e-02   -5.1378240433e-02   -1.0523049186e-04
-1.8446908737e-02   -5.8001158583e-02   -7.9061776300e-05
-2.6111404991e-02   -6.5108525103e-02   -3.7000752429e-05
-3.3727365565e-02   -7.2778238669e-02   2.3800641404e-05
-4.1410650690e-02   -8.1092057983e-02   1.0673649832e-04
-4.9271496128e-02   -9.0136576144e-02   2.1589864534e-04
-5.7416459532e-02   -1.0000420419e-01   3.5625084135e-04
-6.5950197653e-02   -1.1079417546e-01   5.3383304483e-04
-7.4977109090e-02   -1.2261358121e-01   7.5600418215e-04
-8.4602872845e-02   -1.3557844671e-01   1.0317330757e-03
-9.4935909126e-02   -1.4981485564e-01   1.3719488119e-03
-1.0608878534e-01   -1.6546012890e-01   1.7899638767e-03
-1.1817958706e-01   -1.8266406170e-01   2.3019859113e-03
-1.3133327069e-01   -2.0159021999e-01   2.9277369987e-03
-1.4568301139e-01   -2.2241729329e-01   3.6912030605e-03
-1.6137155646e-01   -2.4534049579e-01   4.6215402841e-03
-1.7855259047e-01   -2.7057300016e-01   5.7541705966e-03
-1.9739211378e-01   -2.9834737913e-01   7.1321040994e-03
-2.1806983012e-01   -3.2891701610e-01   8.8075331073e-03
-2.4078053117e-01   -3.6255742880e-01   1.0843749962e-02
-2.6573545657e-01   -3.9956742572e-01   1.3317448975e-02
-2.9316359240e-01   -4.4026996350e-01   1.6321481232e-02
-2.9375258801e-01   -4.4114411384e-01   1.6389265424e-02
-2.9970570570e-01   -4.4997936136e-01   1.7082107212e-02
-3.3050390960e-01   -4.9568219807e-01   2.0891258080e-02
-3.6435424308e-01   -5.4588417956e-01   2.5512887593e-02
-4.0154990688e-01   -6.0098552608e-01   3.1117582362e-02
-4.4240499082e-01   -6.6140652656e-01   3.7910600071e-02
-4.8725392900e-01   -7.2758282074e-01   4.6138337365e-02
-5.3644998618e-01   -7.9995806841e-01   5.6095727799e-02
-5.9036240659e-01   -8.7897313004e-01   6.8134562893e-02
-5.9151791781e-01   -8.8066294230e-01   6.8405552714e-02
-6.0319121205e-01   -8.9772466921e-01   7.1173766745e-02
-6.6340132581e-01   -9.8544721183e-01   8.6339779996e-02
-7.2917936526e-01   -1.0806932857e+00   1.0462117045e-01
-8.0090080953e-01   -1.1837570306e+00   1.2661769169e-01
-8.7891664565e-01   -1.2948153526e+00   1.5302583886e-01
-8.8058162486e-01   -1.2971726208e+00   1.5361793546e-01
-8.9738416931e-01   -1.3209299509e+00   1.5966042520e-01
-9.8352107832e-01   -1.4417693130e+00   1.9257493608e-01
-1.0765279160e+00   -1.5702862637e+00   2.3182561178e-01
-1.1764954785e+00   -1.7058442093e+00   2.7844171405e-01
-1.1786143193e+00   -1.7086858983e+00   2.7948057645e-01
-1.1999614402e+00   -1.7372386406e+00   2.9006661519e-01
-1.3058810704e+00   -1.8767155246e+00   3.4587069706e-01
-1.4205839665e+00   -2.0231654326e+00   4.1269675978e-01
-1.4229955147e+00   -2.0261878689e+00   4.1417589698e-01
-1.4472439445e+00   -2.0564408782e+00   4.2922320439e-01
-1.5549436726e+00   -2.1875791528e+00   5.0000088967e-01
-1.6690967576e+00   -2.3200883716e+00   5.8247298518e-01
-1.6717013891e+00   -2.3230248714e+00   5.8444966471e-01
-1.6978176261e+00   -2.3522379022e+00   6.0451360222e-01
-1.8057162760e+00   -2.4681312979e+00   6.9233222765e-01
-1.9158989763e+00   -2.5772659055e+00   7.9098721120e-01
-1.9185441338e+00   -2.5797548541e+00   7.9347801841e-01
-1.9449562199e+00   -2.6042374718e+00   8.1868548271e-01
-2.0498253325e+00   -2.6941086216e+00   9.2528830200e-01
-2.1526503258e+00   -2.7683757727e+00   1.0416303216e+00
-2.2543062728e+00   -2.8234615314e+00   1.1715843664e+00
-2.2565802832e+00   -2.8244285151e+00   1.1747020319e+00
-2.2790248600e+00   -2.8332317522e+00   1.2060539609e+00
-2.3652245575e+00   -2.8517897028e+00   1.3382785346e+00
-2.4396392571e+00   -2.8383578829e+00   1.4749268931e+00
-2.4998034179e+00   -2.7860735348e+00   1.6168092814e+00
-2.5009428702e+00   -2.7843971280e+00   1.6200167143e+00
-2.5117098040e+00   -2.7664280659e+00   1.6519414851e+00
-2.5427557837e+00   -2.6720022596e+00   1.7764853967e+00
-2.5522940876e+00   -2.5318379811e+00   1.9000823043e+00
-2.5522049566e+00   -2.5280944286e+00   1.9028157022e+00
-2.5505046777e+00   -2.4894961069e+00   1.9297272179e+00
-2.5331840771e+00   -2.3412256788e+00   2.0158033957e+00
-2.4936987169e+00   -2.1551177451e+00   2.0963329971e+00
-2.4923364566e+00   -2.1497871618e+00   2.0982942736e+00
-2.4778404701e+00   -2.0955867149e+00   2.1173014020e+00
-2.4263999525e+00   -1.9285457884e+00   2.1663288095e+00
-2.3557120456e+00   -1.7354022480e+00   2.2079909591e+00
-2.3532231924e+00   -1.7291072506e+00   2.2091129532e+00
-2.3275014332e+00   -1.6656223950e+00   2.2196639196e+00
-2.2539717282e+00   -1.4972333141e+00   2.2413402268e+00
-2.1646369991e+00   -1.3121661839e+00   2.2556115680e+00
-2.1612204708e+00   -1.3054287343e+00   2.2559566007e+00
-2.1263321374e+00   -1.2378734404e+00   2.2587709956e+00
-2.0378241977e+00   -1.0755482850e+00   2.2609220003e+00
-1.9366459435e+00   -9.0325873633e-01   2.2564970033e+00
-1.9325070962e+00   -8.9647275406e-01   2.2561877146e+00
-1.8905459078e+00   -8.2873127565e-01   2.2525559619e+00
-1.7911234012e+00   -6.7530922258e-01   2.2407633815e+00
-1.6814145872e+00   -5.1619479027e-01   2.2235035440e+00
-1.6767499305e+00   -5.0964364380e-01   2.2226864280e+00
-1.6296988096e+00   -4.4447597890e-01   2.2141089779e+00
-1.5217412011e+00   -3.0084905047e-01   2.1923754498e+00
-1.4053856658e+00   -1.5440020648e-01   2.1663265701e+00
-1.4003794900e+00   -1.4827924564e-01   2.1651545136e+00
-1.3500826920e+00   -8.7563296036e-02   2.1531732414e+00
-1.2351150280e+00   4.6140483198e-02   2.1245563505e+00
-1.1132273885e+00   1.8075227330e-01   2.0927474097e+00
-1.1080506907e+00   1.8631657605e-01   2.0913698709e+00
-1.0562075850e+00   2.4138396352e-01   2.0774755947e+00
-9.3532453592e-01   3.6532539142e-01   2.0445157350e+00
-8.0876403858e-01   4.8881752558e-01   2.0094786480e+00
-8.0357422057e-01   4.9375156532e-01   2.0080357595e+00
-7.5173988234e-01   5.4248918994e-01   1.9936141691e+00
-6.2582820893e-01   6.5690832088e-01   1.9586189963e+00
-4.9545907356e-01   7.6975478855e-01   1.9227202576e+00
-4.9039979676e-01   7.7402347551e-01   1.9213387488e+00
-4.3998673825e-01   8.1611961013e-01   1.9076337064e+00
-3.0986149735e-01   9.2117880042e-01   1.8728832523e+00
-1.7668658207e-01   1.0235249558e+00   1.8385353865e+00
-1.7188814588e-01   1.0271175264e+00   1.8373254091e+00
-1.2417310874e-01   1.0624872827e+00   1.8254104219e+00
9.2945043582e-03   1.1580418454e+00   1.7933328261e+00
1.4399824013e-01   1.2494849152e+00   1.7631501975e+00
1.4841717976e-01   1.2523997583e+00   1.7622023315e+00
1.9227313071e-01   1.2810341501e+00   1.7529528426e+00
3.2794874776e-01   1.3661918618e+00   1.7263001593e+00
4.6237045000e-01   1.4452610915e+00   1.7032237888e+00
6.1728967931e-01   1.5292604993e+00   1.6815048030e+00
6.2093402672e-01   1.5311366762e+00   1.6810644520e+00
6.5698743446e-01   1.5494325115e+00   1.6768970172e+00
7.9205028458e-01   1.6133359927e+00   1.6645696719e+00
9.1982558368e-01   1.6658487702e+00   1.6583505639e+00
1.0566486622e+00   1.7107287697e+00   1.6587957800e+00
1.1753521925e+00   1.7359777321e+00   1.6665872984e+00
1.1775908417e+00   1.7362898204e+00   1.6668127868e+00
1.1995531103e+00   1.7389594636e+00   1.6691978109e+00
1.2957035491e+00   1.7402383601e+00   1.6838231171e+00
1.3732360253e+00   1.7221626621e+00   1.7020614789e+00
1.4320566309e+00   1.6851831334e+00   1.7220607852e+00
1.4721983673e+00   1.6300927598e+00   1.7419782778e+00
1.4938652208e+00   1.5580843591e+00   1.7600675381e+00
1.4974748728e+00   1.4707662638e+00   1.7747622412e+00
1.4836925461e+00   1.3701337014e+00   1.7847499489e+00
1.4534499125e+00   1.2584991328e+00   1.7890290734e+00
1.4526669094e+00   1.2561165945e+00   1.7890518148e+00
1.4444872006e+00   1.2321006554e+00   1.7891309945e+00
1.3957369864e+00   1.1104442162e+00   1.7855580973e+00
1.3335248370e+00   9.8352424424e-01   1.7752984116e+00
1.2595426359e+00   8.5390350747e-01   1.7584597011e+00
1.2579179986e+00   8.5123916040e-01   1.7580486433e+00
1.2414460118e+00   8.2459323589e-01   1.7537961435e+00
1.1555495808e+00   6.9489118491e-01   1.7294615363e+00
1.0620548526e+00   5.6742723382e-01   1.6997360600e+00
9.6286959342e-01   4.4390892904e-01   1.6654380147e+00
9.6079294849e-01   4.4143178666e-01   1.6646944396e+00
9.3994133122e-01   4.1678502650e-01   1.6571757984e+00
8.3627899128e-01   2.9988978769e-01   1.6185082143e+00
7.3084646706e-01   1.8942511234e-01   1.5773018074e+00
6.2515526713e-01   8.5949571166e-02   1.5344452782e+00
6.2299867102e-01   8.3906741294e-02   1.5335566788e+00
6.0145971656e-01   6.3646292952e-02   1.5246531656e+00
4.9722232555e-01   -3.0932407046e-02   1.4808821545e+00
3.9536542460e-01   -1.1826401212e-01   1.4371560515e+00
2.9673558149e-01   -1.9856255087e-01   1.3940730426e+00
2.0197793605e-01   -2.7217845476e-01   1.3521243490e+00
2.0008222140e-01   -2.7361857954e-01   1.3512804112e+00
1.8122589952e-01   -2.8787686564e-01   1.3428769534e+00
9.1820909083e-02   -3.5391777085e-01   1.3028386249e+00
7.0856651154e-03   -4.1434093118e-01   1.2646745619e+00
-7.2860364066e-02   -4.6968071032e-01   1.2285821257e+00
-1.4801419423e-01   -5.2047316453e-01   1.1946919275e+00
-2.1846741867e-01   -5.6724016075e-01   1.1630799479e+00
-2.1986155886e-01   -5.6815898209e-01   1.1624569387e+00
-2.3369872327e-01   -5.7726683426e-01   1.1562801890e+00
-2.9862491667e-01   -6.1977541907e-01   1.1275002784e+00
-3.5929369475e-01   -6.5931787549e-01   1.1010266481e+00
-4.1597308225e-01   -6.9631145196e-01   1.0768294305e+00
-4.6895392628e-01   -7.3113321178e-01   1.0548628072e+00
-5.1853864281e-01   -7.6411946404e-01   1.0350706390e+00
-5.6503195479e-01   -7.9556616678e-01   1.0173909008e+00
-6.0873340669e-01   -8.2572994512e-01   1.0017590652e+00
-6.4993142382e-01   -8.5482945838e-01   9.8811057974e-01
-6.8889868560e-01   -8.8304692630e-01   9.7638257774e-01
-6.8967486502e-01   -8.8361642023e-01   9.7616213573e-01
-6.9739158730e-01   -8.8929473367e-01   9.7400047356e-01
-7.3396901085e-01   -9.1662893612e-01   9.6454378164e-01
-7.6884947448e-01   -9.4336358530e-01   9.5687830925e-01
-8.0223509723e-01   -9.6957364917e-01   9.5095134232e-01
-8.3430262543e-01   -9.9530370230e-01   9.4671316183e-01
-8.6520265092e-01   -1.0205691073e+00   9.4411640153e-01
-8.9505917152e-01   -1.0453571332e+00   9.4311516257e-01
-9.2396942553e-01   -1.0696280559e+00   9.4366392672e-01
-9.5200395376e-01   -1.0933162989e+00   9.4571630447e-01
-9.7920686143e-01   -1.1163316766e+00   9.4922365263e-01
-1.0055962694e+00   -1.1385608148e+00   9.5413359576e-01
-1.0311649591e+00   -1.1598688200e+00   9.6038848900e-01
-1.0558812280e+00   -1.1801012717e+00   9.6792386369e-01
-1.0796899817e+00   -1.1990866090e+00   9.7666690366e-01
-1.1025140966e+00   -1.2166389695e+00   9.8653500669e-01
-1.1242560905e+00   -1.2325615294e+00   9.9743449277e-01
-1.1448001358e+00   -1.2466503632e+00   1.0092595263e+00
-1.1452072581e+00   -1.2469181555e+00   1.0095104389e+00
-1.1492475980e+00   -1.2495486626e+00   1.0120379462e+00
-1.1681429138e+00   -1.2611093381e+00   1.0248336553e+00
-1.1855294255e+00   -1.2703800157e+00   1.0382723589e+00
-1.2012504756e+00   -1.2771661932e+00   1.0522055594e+00
-1.2151439250e+00   -1.2812877866e+00   1.0664720626e+00
-1.2270462173e+00   -1.2825849445e+00   1.0808991456e+00
-1.2367967517e+00   -1.2809238012e+00   1.0953043011e+00
-1.2442424776e+00   -1.2762019446e+00   1.1094975610e+00
-1.2492425999e+00   -1.2683533565e+00   1.1232843615e+00
-1.2516732587e+00   -1.2573525781e+00   1.1364688863e+00
-1.2514320281e+00   -1.2432178643e+00   1.1488577839e+00
-1.2484420680e+00   -1.2260131222e+00   1.1602641260e+00
-1.2426557588e+00   -1.2058484765e+00   1.1705114473e+00
-1.2340576577e+00   -1.1828793685e+00   1.1794376898e+00
-1.2226666346e+00   -1.1573041734e+00   1.1868988689e+00
-1.2085370739e+00   -1.1293603992e+00   1.1927722860e+00
-1.1917590695e+00   -1.0993196133e+00   1.1969591330e+00
-1.1724575836e+00   -1.0674813161e+00   1.1993863648e+00
-1.1507905929e+00   -1.0341660361e+00   1.2000077580e+00
-1.1269462894e+00   -9.9970796334e-01   1.1988041231e+00
-1.1011394553e+00   -9.6444744890e-01   1.1957826823e+00
-1.0736071610e+00   -9.2872369578e-01   1.1909756754e+00
-1.0446039710e+00   -8.9286793299e-01   1.1844382935e+00
-1.0143968523e+00   -8.5719732074e-01   1.1762460707e+00
-9.8325998646e-01   -8.2200977460e-01   1.1664918848e+00
-9.5146967875e-01   -7.8757983190e-01   1.1552827211e+00
-9.1929953668e-01   -7.5415561753e-01   1.1427363548e+00
-8.8701606668e-01   -7.2195689807e-01   1.1289781002e+00
-8.8635586041e-01   -7.2131198080e-01   1.1286847192e+00
-8.7975757111e-01   -7.1489582663e-01   1.1257262148e+00
-8.4768217826e-01   -6.8445524410e-01   1.1106602724e+00
-8.1604239947e-01   -6.5562434381e-01   1.0946731267e+00
-7.8505865214e-01   -6.2852987441e-01   1.0778948289e+00
-7.5493227852e-01   -6.0327217258e-01   1.0604520741e+00
-7.2584443385e-01   -5.7992730858e-01   1.0424665909e+00
-6.9795558647e-01   -5.5854957728e-01   1.0240539197e+00
-6.7140557020e-01   -5.3917420283e-01   1.0053225592e+00
-6.4631411812e-01   -5.2182014161e-01   9.8637344375e-01
-6.2278180048e-01   -5.0649288627e-01   9.6729971415e-01
-6.0089128786e-01   -4.9318719326e-01   9.4818673556e-01
-5.8070886258e-01   -4.8188967454e-01   9.2911231992e-01
-5.6228610604e-01   -4.7258121144e-01   9.1014711055e-01
-5.4566169651e-01   -4.6523916327e-01   8.9135509103e-01
-5.3086325984e-01   -4.5983935579e-01   8.7279418499e-01
-5.1790922399e-01   -4.5635784469e-01   8.5451691920e-01
-5.0681063690e-01   -4.5477245623e-01   8.3657112713e-01
-4.9757291534e-01   -4.5506411287e-01   8.1900067593e-01
-4.9019749966e-01   -4.5721795438e-01   8.0184620417e-01
-4.8468339513e-01   -4.6122425787e-01   7.8514580898e-01
-4.8102859157e-01   -4.6707923317e-01   7.6893589982e-01
-4.8097318329e-01   -4.6721840023e-01   7.6860945558e-01
-4.8046190505e-01   -4.6865273656e-01   7.6535719853e-01
-4.7908281394e-01   -4.7677702089e-01   7.4979636927e-01
-4.7956118899e-01   -4.8676544165e-01   7.3480437417e-01
-4.8189979902e-01   -4.9863647604e-01   7.2041690797e-01
-4.8610487498e-01   -5.1241596001e-01   7.0667099967e-01
-4.9218679982e-01   -5.2813704439e-01   6.9360575937e-01
-5.0016065403e-01   -5.4583999503e-01   6.8126314257e-01
-5.1004661343e-01   -5.6557182283e-01   6.6968873761e-01
-5.2187019366e-01   -5.8738572328e-01   6.5893258183e-01
-5.3566233224e-01   -6.1134029734e-01   6.4905001043e-01
-5.5145929493e-01   -6.3749851736e-01   6.4010254023e-01
-5.6930238843e-01   -6.6592639238e-01   6.3215878758e-01
-5.8923745545e-01   -6.9669127775e-01   6.2529541577e-01
-6.1131412171e-01   -7.2985976293e-01   6.1959810168e-01
-6.3558475733e-01   -7.6549506118e-01   6.1516250442e-01
-6.6210310689e-01   -8.0365381393e-01   6.1209520906e-01
-6.9092253446e-01   -8.4438221308e-01   6.1051460679e-01
-7.2209382137e-01   -8.8771133712e-01   6.1055165736e-01
-7.5566244669e-01   -9.3365159334e-01   6.1235046118e-01
-7.5637491353e-01   -9.3461919857e-01   6.1240676828e-01
-7.6355576330e-01   -9.4435504189e-01   6.1301435706e-01
-8.0011058375e-01   -9.9346805116e-01   6.1718770588e-01
-8.3912712161e-01   -1.0451063492e+00   6.2349141353e-01
-8.8060764729e-01   -1.0991633858e+00   6.3211161056e-01
-9.2453013640e-01   -1.1554765308e+00   6.4324517254e-01
-9.7084160203e-01   -1.2138157101e+00   6.5709706979e-01
-1.0194505039e+00   -1.2738711048e+00   6.7387643524e-01
-1.0702182592e+00   -1.3352402350e+00   6.9379106908e-01
-1.0712787594e+00   -1.3365068032e+00   6.9423289270e-01
-1.0819287170e+00   -1.3491902002e+00   6.9872836972e-01
-1.1350691634e+00   -1.4114643575e+00   7.2275402732e-01
-1.1898433940e+00   -1.4737594727e+00   7.5033215909e-01
-1.2458951811e+00   -1.5352904661e+00   7.8160524890e-01
-1.3027796426e+00   -1.5951347699e+00   8.1666821125e-01
-1.3599543340e+00   -1.6522306779e+00   8.5555149255e-01
-1.4167722428e+00   -1.7053827326e+00   8.9820242697e-01
-1.4179264525e+00   -1.7064204983e+00   8.9911394751e-01
-1.4294415817e+00   -1.7166745542e+00   9.0831222533e-01
-1.4847812778e+00   -1.7631923421e+00   9.5535535594e-01
-1.5379357244e+00   -1.8027165817e+00   1.0056527070e+00
-1.5879170186e+00   -1.8337770654e+00   1.0587552387e+00
-1.6336515578e+00   -1.8549123834e+00   1.1140606371e+00
-1.6740027319e+00   -1.8647363271e+00   1.1708095784e+00
-1.7078023032e+00   -1.8620138327e+00   1.2280919893e+00
-1.7338902276e+00   -1.8457418062e+00   1.2848653504e+00
-1.7511617099e+00   -1.8152282891e+00   1.3399861597e+00
-1.7514159159e+00   -1.8144520256e+00   1.3410888236e+00
-1.7537297540e+00   -1.8063530179e+00   1.3520474293e+00
-1.7588552472e+00   -1.7580105025e+00   1.4035063016e+00
-1.7531691598e+00   -1.6953263630e+00   1.4506463592e+00
-1.7361006807e+00   -1.6189833628e+00   1.4923491750e+00
-1.7073429166e+00   -1.5301113437e+00   1.5276346622e+00
-1.6668816753e+00   -1.4302413031e+00   1.5557181090e+00
-1.6150081428e+00   -1.3212292387e+00   1.5760548725e+00
-1.6138307562e+00   -1.3189166463e+00   1.5763878310e+00
-1.6018083925e+00   -1.2956318899e+00   1.5795317340e+00
-1.5367877249e+00   -1.1782705073e+00   1.5900280746e+00
-1.4620435500e+00   -1.0565408028e+00   1.5925353370e+00
-1.3787270979e+00   -9.3261951283e-01   1.5873697561e+00
-1.3769411488e+00   -9.3007467174e-01   1.5871873343e+00
-1.3589170139e+00   -9.0462701968e-01   1.5851996131e+00
-1.2669136702e+00   -7.8079071878e-01   1.5713885013e+00
-1.1694250823e+00   -6.5902146758e-01   1.5513425807e+00
-1.0679333111e+00   -5.4081524489e-01   1.5259251833e+00
-1.0658243087e+00   -5.3844167165e-01   1.5253552302e+00
-1.0446784311e+00   -5.1481792614e-01   1.5195549373e+00
-9.4026042931e-01   -4.0256302274e-01   1.4888169575e+00
-8.3497132903e-01   -2.9608751816e-01   1.4547727569e+00
-7.3004274180e-01   -1.9590464022e-01   1.4183160795e+00
-7.2790649551e-01   -1.9392180711e-01   1.4175505717e+00
-7.0657941413e-01   -1.7424496979e-01   1.4098606071e+00
-6.0354725674e-01   -8.2092489828e-02   1.3715675090e+00
-5.0304869759e-01   3.5030658162e-03   1.3325849121e+00
-4.0578326928e-01   8.2725255753e-02   1.2935360921e+00
-3.1228127856e-01   1.5588749116e-01   1.2549454523e+00
-3.1040947274e-01   1.5732456232e-01   1.2541634646e+00
-2.9178752873e-01   1.7156570923e-01   1.2463649257e+00
-2.0338773312e-01   2.3786419285e-01   1.2089118217e+00
-1.1938338125e-01   2.9908723519e-01   1.1727541779e+00
-3.9849039439e-02   3.5574118774e-01   1.1381403475e+00
3.5244928128e-02   4.0834144196e-01   1.1052544200e+00
1.0601399490e-01   4.5739706860e-01   1.0742271647e+00
1.0741865900e-01   4.5836771209e-01   1.0736121312e+00
1.2137017398e-01   4.6800473664e-01   1.0675068451e+00
1.8709678171e-01   5.1338502401e-01   1.0388728521e+00
2.4897748119e-01   5.5627889455e-01   1.0122480147e+00
3.0729326959e-01   5.9711402399e-01   9.8765660200e-01
3.6234804113e-01   6.3628349675e-01   9.6510611960e-01
4.1445822534e-01   6.7414426750e-01   9.4459298954e-01
4.6394408113e-01   7.1101653690e-01   9.2610717077e-01
5.1112248145e-01   7.4718369026e-01   9.0963582662e-01
5.5630099782e-01   7.8289252457e-01   8.9516615154e-01
5.5720700713e-01   7.8362024051e-01   8.9489078324e-01
5.6622834493e-01   7.9089211745e-01   8.9218296091e-01
6.0935489650e-01   8.2632269430e-01   8.8015145609e-01
6.5110963780e-01   8.6171424679e-01   8.7010283259e-01
6.9174161661e-01   8.9719710385e-01   8.6203553764e-01
7.3147548775e-01   9.3286529568e-01   8.5595290938e-01
7.7050935261e-01   9.6877599075e-01   8.5186301792e-01
8.0901285523e-01   1.0049486406e+00   8.4977808364e-01
8.4712543988e-01   1.0413638628e+00   8.4971348422e-01
8.8495469989e-01   1.0779621212e+00   8.5168635136e-01
9.2257477356e-01   1.1146422939e+00   8.5571375174e-01
9.6002476950e-01   1.1512602526e+00   8.6181044408e-01
9.9730723208e-01   1.1876276094e+00   8.6998620790e-01
9.9806847167e-01   1.1883678674e+00   8.7017531008e-01
1.0056761569e+00   1.1957588886e+00   8.7211430065e-01
1.0427010077e+00   1.2314962293e+00   8.8283849346e-01
1.0794256754e+00   1.2664014008e+00   8.9562938417e-01
1.1157257916e+00   1.3001406059e+00   9.1045763101e-01
1.1514358671e+00   1.3323374095e+00   9.2727335668e-01
1.1863493175e+00   1.3625762195e+00   9.4600182286e-01
1.2202192607e+00   1.3904075469e+00   9.6653914309e-01
1.2527602892e+00   1.4153552881e+00   9.8874825726e-01
1.2836514192e+00   1.4369261988e+00   1.0124554398e+00
1.3125404043e+00   1.4546216201e+00   1.0374476549e+00
1.3390495661e+00   1.4679513689e+00   1.0634710979e+00
1.3627832342e+00   1.4764495212e+00   1.0902312652e+00
1.3833368051e+00   1.4796916075e+00   1.1173948651e+00
1.4003073234e+00   1.4773125221e+00   1.1445938150e+00
1.4133053611e+00   1.4690242575e+00   1.1714314616e+00
1.4219678372e+00   1.4546323647e+00   1.1974910100e+00
1.4220975178e+00   1.4542732049e+00   1.1980133266e+00
1.4232862891e+00   1.4505386703e+00   1.2032079192e+00
1.4262011870e+00   1.4285624363e+00   1.2277328017e+00
1.4241338954e+00   1.4004513230e+00   1.2505351504e+00
1.4168948113e+00   1.3663892960e+00   1.2712117255e+00
1.4043720894e+00   1.3266847108e+00   1.2893912476e+00
1.3865394332e+00   1.2817640846e+00   1.3047471105e+00
1.3634608811e+00   1.2321602863e+00   1.3170085419e+00
1.3352921764e+00   1.1784957307e+00   1.3259694457e+00
1.3022785283e+00   1.1214615777e+00   1.3314943279e+00
1.2647488105e+00   1.0617942522e+00   1.3335209389e+00
1.2231064920e+00   1.0002507852e+00   1.3320595369e+00
1.1778178095e+00   9.3758450457e-01   1.3271889470e+00
1.1768562204e+00   9.3629517988e-01   1.3270545304e+00
1.1671691161e+00   9.2339423402e-01   1.3256352613e+00
1.1181189164e+00   8.6033905296e-01   1.3167852053e+00
1.0666128642e+00   7.9771469200e-01   1.3049101198e+00
1.0132197249e+00   7.3612493053e-01   1.2902542965e+00
9.5850769072e-01   6.7609810363e-01   1.2730910398e+00
9.0303044307e-01   6.1808070291e-01   1.2537116880e+00
8.4731492573e-01   5.6243498980e-01   1.2324153597e+00
7.9185119577e-01   5.0944012168e-01   1.2094998625e+00
7.9072169901e-01   5.0838454112e-01   1.2090159250e+00
7.7944368309e-01   4.9789487561e-01   1.2041464523e+00
7.2489035285e-01   4.4841281854e-01   1.1796394988e+00
6.7151069202e-01   4.0192806538e-01   1.1541351655e+00
6.1963369244e-01   3.5848884598e-01   1.1278829484e+00
5.6953335242e-01   3.1808851762e-01   1.1011093976e+00
5.2142950248e-01   2.8067433401e-01   1.0740167465e+00
4.7549002542e-01   2.4615598800e-01   1.0467826187e+00
4.3183415404e-01   2.1441362613e-01   1.0195605898e+00
3.9053654144e-01   1.8530513290e-01   9.9248138923e-01
3.8971611778e-01   1.8473570169e-01   9.9192937480e-01
3.8156712195e-01   1.7909815863e-01   9.8641526886e-01
3.4320229422e-01   1.5300016369e-01   9.5965833987e-01
3.0722531802e-01   1.2917107907e-01   9.3326187124e-01
2.7359912607e-01   1.0743635899e-01   9.0729526785e-01
2.4226210422e-01   8.7620405581e-02   8.8181322752e-01
2.1313253616e-01   6.9549447202e-02   8.5685773187e-01
1.8611270703e-01   5.3053742377e-02   8.3245991192e-01
1.6109261471e-01   3.7969196888e-02   8.0864175643e-01
1.3795326233e-01   2.4138479883e-02   7.8541764663e-01
1.1656952475e-01   1.1411720003e-02   7.6279571277e-01
9.6812597093e-02   -3.5314459543e-04   7.4077901685e-01
7.8552044149e-02   -1.1290296685e-02   7.1936657138e-01
6.1657477150e-02   -2.1526193833e-02   6.9855420812e-01
4.5999888888e-02   -3.1179897002e-02   6.7833531228e-01
3.1452680715e-02   -4.0363533149e-02   6.5870143884e-01
1.7892415485e-02   -4.9182858277e-02   6.3964282715e-01
5.1993294284e-03   -5.7737898345e-02   6.2114881533e-01
4.9477377074e-03   -5.7910935683e-02   6.2077606186e-01
2.4489150856e-03   -5.9637589664e-02   6.1706126031e-01
-9.3391392848e-03   -6.7997834491e-02   5.9924371084e-01
-2.0512068534e-02   -7.6299304235e-02   5.8196558114e-01
-3.1176584453e-02   -8.4628362987e-02   5.6521549340e-01
-4.1435532598e-02   -9.3068720470e-02   5.4898233754e-01
-5.1388177267e-02   -1.0170219484e-01   5.3325545091e-01
-6.1130571422e-02   -1.1060947658e-01   5.1802478057e-01
-7.0755996485e-02   -1.1987089150e-01   5.0328103548e-01
-8.0355459367e-02   -1.2956716230e-01   4.8901583534e-01
-9.0018236352e-02   -1.3978016914e-01   4.7522186243e-01
-9.9832455432e-02   -1.5059371039e-01   4.6189302255e-01
-1.0988571046e-01   -1.6209426516e-01   4.4902462119e-01
-1.2026570190e-01   -1.7437175932e-01   4.3661356109e-01
-1.3106090034e-01   -1.8752033657e-01   4.2465856796e-01
-1.4236122951e-01   -2.0163913556e-01   4.1316045144e-01
-1.5425876674e-01   -2.1683307337e-01   4.0212240932e-01
-1.6684845849e-01   -2.3321363406e-01   3.9155038385e-01
-1.8022884928e-01   -2.5089965943e-01   3.8145348038e-01
-1.9450282122e-01   -2.7001813662e-01   3.7184445986e-01
-2.0977834129e-01   -2.9070497365e-01   3.6274031828e-01
-2.2616921148e-01   -3.1310574993e-01   3.5416296838e-01
-2.4379581532e-01   -3.3737642291e-01   3.4614004060e-01
-2.6278585140e-01   -3.6368396488e-01   3.3870582286e-01
-2.8327504061e-01   -3.9220689419e-01   3.3190236107e-01
-3.0540778903e-01   -4.2313565352e-01   3.2578074452e-01
-3.0587907708e-01   -4.2379529701e-01   3.2566296907e-01
-3.1063365852e-01   -4.3045221666e-01   3.2450245281e-01
-3.3499052867e-01   -4.6460584808e-01   3.1930135225e-01
-3.6134629479e-01   -5.0163224522e-01   3.1493609898e-01
-3.8987683750e-01   -5.4175976796e-01   3.1149835290e-01
-4.2076829323e-01   -5.8522678949e-01   3.0909688613e-01
-4.5421684296e-01   -6.3227972169e-01   3.0786026248e-01
-4.9042810148e-01   -6.8317005550e-01   3.0793984972e-01
-5.2961597804e-01   -7.3815013177e-01   3.0951316204e-01
-5.7200084593e-01   -7.9746729365e-01   3.1278750630e-01
-6.1780681876e-01   -8.6135599787e-01   3.1800386961e-01
-6.1878177957e-01   -8.6271308549e-01   3.1813282321e-01
-6.2861582288e-01   -8.7639462079e-01   3.1947402558e-01
-6.7891812189e-01   -9.4616859018e-01   3.2745374885e-01
-7.3313184654e-01   -1.0209319762e+00   3.3805274467e-01
-7.9145899095e-01   -1.1007898139e+00   3.5164718065e-01
-8.5407723837e-01   -1.1857655489e+00   3.6866173038e-01
-9.2112729256e-01   -1.2757728318e+00   3.8957057070e-01
-9.2254682296e-01   -1.2776665011e+00   3.9004284319e-01
-9.3684652367e-01   -1.2967135910e+00   3.9486830237e-01
-1.0094389383e+00   -1.3925536022e+00   4.2126474494e-01
-1.0865570327e+00   -1.4926573070e+00   4.5277532460e-01
-1.1680937900e+00   -1.5963212833e+00   4.9000373183e-01
-1.2538102257e+00   -1.7025485699e+00   5.3356499804e-01
-1.2556059728e+00   -1.7047410109e+00   5.3452711673e-01
-1.2736498756e+00   -1.7266913407e+00   5.4430924586e-01
-1.3639156470e+00   -1.8341861732e+00   5.9644080105e-01
-1.4571803884e+00   -1.9407022883e+00   6.5615773021e-01
-1.5525348757e+00   -2.0439472517e+00   7.2386564749e-01
-1.5545007158e+00   -2.0460078788e+00   7.2533703264e-01
-1.5741777040e+00   -2.0664702294e+00   7.4024078194e-01
-1.6704272988e+00   -2.1618910351e+00   8.1801261912e-01
-1.7656613211e+00   -2.2472644526e+00   9.0389431733e-01
-1.8579415530e+00   -2.3188803433e+00   9.9740056401e-01
-1.8597842139e+00   -2.3201749810e+00   9.9938853881e-01
-1.8780861871e+00   -2.3327053253e+00   1.0194211396e+00
-1.9636086673e+00   -2.3820459366e+00   1.1209405534e+00
-2.0406917608e+00   -2.4087417145e+00   1.2272928703e+00
-2.1064651599e+00   -2.4090556212e+00   1.3363529986e+00
-2.1579547040e+00   -2.3798519526e+00   1.4454770336e+00
-2.1588386802e+00   -2.3789284870e+00   1.4476904863e+00
-2.1672761244e+00   -2.3689577757e+00   1.4697502271e+00
-2.1973046740e+00   -2.3007328677e+00   1.5747462401e+00
-2.2069005786e+00   -2.1998755880e+00   1.6726718014e+00
-2.1939603930e+00   -2.0673198191e+00   1.7602338917e+00
-2.1934487958e+00   -2.0642904153e+00   1.7618963145e+00
-2.1877772955e+00   -2.0333276072e+00   1.7782070531e+00
-2.1504428762e+00   -1.8825260040e+00   1.8430367204e+00
-2.0862418727e+00   -1.6938095392e+00   1.8991190762e+00
-2.0846670840e+00   -1.6897054390e+00   1.9000961632e+00
-2.0683644046e+00   -1.6482298901e+00   1.9094629319e+00
-1.9980094508e+00   -1.4855570604e+00   1.9380801564e+00
-1.9067048033e+00   -1.3007584672e+00   1.9570569217e+00
-1.9042766364e+00   -1.2961404137e+00   1.9573671055e+00
-1.8795174143e+00   -1.2497854137e+00   1.9600657434e+00
-1.7891218446e+00   -1.0904291574e+00   1.9638625618e+00
-1.6842664728e+00   -9.2118293560e-01   1.9592789814e+00
-1.6812108047e+00   -9.1646155392e-01   1.9590311717e+00
-1.6502933624e+00   -8.6929448542e-01   1.9562099598e+00
-1.5469765842e+00   -7.1897746308e-01   1.9431369854e+00
-1.4338927532e+00   -5.6561888015e-01   1.9236489703e+00
-1.4304175087e+00   -5.6107048105e-01   1.9229790605e+00
-1.3954350963e+00   -5.1579406507e-01   1.9160270371e+00
-1.2831288266e+00   -3.7630633412e-01   1.8914195378e+00
-1.1643091631e+00   -2.3750502422e-01   1.8622674645e+00
-1.1606009633e+00   -2.3330641383e-01   1.8613145794e+00
-1.1234168040e+00   -1.9162679749e-01   1.8516319089e+00
-1.0044684119e+00   -6.3202437752e-02   1.8192778382e+00
-8.8147143778e-01   6.2356472254e-02   1.7840536392e+00
-8.7769618391e-01   6.6101799217e-02   1.7829496417e+00
-8.3995500273e-01   1.0320368855e-01   1.7718494066e+00
-7.1599062317e-01   2.2089444464e-01   1.7347083997e+00
-5.9013027073e-01   3.3427682761e-01   1.6962670467e+00
-5.8643354917e-01   3.3751936054e-01   1.6951310660e+00
-5.4956978424e-01   3.6959018421e-01   1.6837898457e+00
-4.2192537850e-01   4.7706408864e-01   1.6444487575e+00
-2.9456032925e-01   5.7909303642e-01   1.6053858210e+00
-1.5546373948e-01   6.8500500618e-01   1.5634077721e+00
-1.5210360282e-01   6.8749560749e-01   1.5624067079e+00
-1.1869521647e-01   7.1208928025e-01   1.5524940823e+00
1.1983376156e-02   8.0540452784e-01   1.5145522863e+00
1.3869479469e-01   8.9165657984e-01   1.4793753702e+00
2.8094811580e-01   9.8368768202e-01   1.4423957831e+00
2.8375698947e-01   9.8545419294e-01   1.4416973535e+00
3.1161610007e-01   1.0028681987e+00   1.4348440569e+00
4.4167949879e-01   1.0815649951e+00   1.4048074845e+00
5.6169261782e-01   1.1501893323e+00   1.3804698479e+00
6.7170694467e-01   1.2093236348e+00   1.3616792802e+00
7.7185566612e-01   1.2594147613e+00   1.3481495716e+00
7.7380387272e-01   1.2603481484e+00   1.3479249542e+00
7.9306299588e-01   1.2694817755e+00   1.3457902561e+00
8.8136858017e-01   1.3089248939e+00   1.3381592875e+00
9.6022366191e-01   1.3399115881e+00   1.3347959501e+00
1.0298179370e+00   1.3625777915e+00   1.3351384088e+00
1.0903275963e+00   1.3770211012e+00   1.3385761662e+00
1.1419136993e+00   1.3833310605e+00   1.3444646830e+00
1.1847261215e+00   1.3816181876e+00   1.3521397298e+00
1.2189117158e+00   1.3720401707e+00   1.3609319472e+00
1.2446253050e+00   1.3548238109e+00   1.3701817807e+00
1.2620421341e+00   1.3302815063e+00   1.3792546489e+00
1.2713704642e+00   1.2988213603e+00   1.3875559315e+00
1.2728630978e+00   1.2609503874e+00   1.3945451600e+00
1.2668267852e+00   1.2172707437e+00   1.3997486743e+00
1.2536286823e+00   1.1684694090e+00   1.4027699948e+00
1.2336992966e+00   1.1153022256e+00   1.4032972531e+00
1.2075316590e+00   1.0585736093e+00   1.4011072045e+00
1.1756767653e+00   9.9911352425e-01   1.3960656024e+00
1.1387356216e+00   9.3775344560e-01   1.3881239913e+00
1.0973484719e+00   8.7530297941e-01   1.3773132538e+00
1.0521819631e+00   8.1252861673e-01   1.3637344779e+00
1.0039151048e+00   7.5013577445e-01   1.3475478707e+00
9.5322489554e-01   6.8875488707e-01   1.3289605177e+00
9.5216664773e-01   6.8751298236e-01   1.3285566120e+00
9.4154483488e-01   6.7513094957e-01   1.3244682320e+00
8.8878406144e-01   6.1572494719e-01   1.3032711070e+00
8.3503083763e-01   5.5842339793e-01   1.2802393380e+00
7.8086784553e-01   5.0357175716e-01   1.2556483007e+00
7.2682758967e-01   4.5142815687e-01   1.2297723742e+00
6.7338629489e-01   4.0216912896e-01   1.2028771330e+00
6.2096008626e-01   3.5589720764e-01   1.1752133021e+00
5.6990331377e-01   3.1264970246e-01   1.1470124209e+00
5.6887464900e-01   3.1179597026e-01   1.1464310536e+00
5.5862691333e-01   3.0332792181e-01   1.1406102500e+00
5.0964090695e-01   2.6375554343e-01   1.1120346917e+00
4.6259484669e-01   2.2710364988e-01   1.0833565192e+00
4.1765315792e-01   1.9326218203e-01   1.0547329830e+00
3.7492890722e-01   1.6209354245e-01   1.0262984640e+00
3.3448870905e-01   1.3343985056e-01   9.9816581238e-01
2.9635796285e-01   1.0712924746e-01   9.7042808306e-01
2.6052619110e-01   8.2981236536e-02   9.4316050011e-01
2.2695229172e-01   6.0811092919e-02   9.1642251421e-01
1.9556956034e-01   4.0433406123e-02   8.9025985117e-01
1.6629037678e-01   2.1664839602e-02   8.6470647729e-01
1.6571229356e-01   2.1296184148e-02   8.6418994786e-01
1.5997735001e-01   1.7642240178e-02   8.5903930107e-01
1.3313187772e-01   6.0140961784e-04   8.3426430251e-01
1.0814086447e-01   -1.5221277687e-02   8.1014098669e-01
8.4876099950e-02   -2.9991249648e-02   7.8667704022e-01
6.3203423240e-02   -4.3866734986e-02   7.6387497758e-01
4.2985073349e-02   -5.6998631431e-02   7.4173324981e-01
2.4081620778e-02   -6.9530638794e-02   7.2024719714e-01
6.3535126507e-03   -8.1599601489e-02   6.9940986146e-01
-1.0337732752e-02   -9.3336013899e-02   6.7921267605e-01
-2.6128645098e-02   -1.0486464991e-01   6.5964605026e-01
-4.1153198121e-02   -1.1630528515e-01   6.4069986623e-01
-5.5542447628e-02   -1.2777348662e-01   6.2236390425e-01
-6.9424378539e-02   -1.3938144980e-01   6.0462821191e-01
-8.2923930789e-02   -1.5123886778e-01   5.8748343117e-01
-9.6163176907e-02   -1.6345382047e-01   5.7092109641e-01
-1.0926162706e-01   -1.7613367519e-01   5.5493391552e-01
-1.2233664028e-01   -1.8938599174e-01   5.3951604512e-01
-1.3550392345e-01   -2.0331942715e-01   5.2466337086e-01
-1.4887810188e-01   -2.1804463585e-01   5.1037380296e-01
-1.6257334769e-01   -2.3367516172e-01   4.9664759748e-01
-1.7670405303e-01   -2.5032830481e-01   4.8348766546e-01
-1.7699866557e-01   -2.5068072431e-01   4.8322423314e-01
-1.7995770014e-01   -2.5423152192e-01   4.8060310851e-01
-1.9477926721e-01   -2.7230430501e-01   4.6814559232e-01
-2.1029524571e-01   -2.9167856997e-01   4.5627274778e-01
-2.2662567858e-01   -3.1248950279e-01   4.4499928269e-01
-2.4389394473e-01   -3.3487947651e-01   4.3434476285e-01
-2.6222750570e-01   -3.5899872680e-01   4.2433434937e-01
-2.8175863156e-01   -3.8500593396e-01   4.1499965461e-01
-3.0262509014e-01   -4.1306867728e-01   4.0637973463e-01
-3.2497077960e-01   -4.4336371787e-01   3.9852223751e-01
-3.4894627883e-01   -4.7607705197e-01   3.9148472768e-01
-3.7470928309e-01   -5.1140366070e-01   3.8533620706e-01
-4.0242488289e-01   -5.4954686116e-01   3.8015885261e-01
-4.3226563269e-01   -5.9071713889e-01   3.7604998822e-01
-4.6441134128e-01   -6.3513031089e-01   3.7312430340e-01
-4.9904849792e-01   -6.8300483219e-01   3.7151632328e-01
-4.9978488570e-01   -6.8402251119e-01   3.7149823379e-01
-5.0721096933e-01   -6.9428449816e-01   3.7135159968e-01
-5.4516290791e-01   -7.4669546232e-01   3.7157468550e-01
-5.8603900178e-01   -8.0304210609e-01   3.7350002611e-01
-6.3003684145e-01   -8.6351822563e-01   3.7734557993e-01
-6.7735126624e-01   -9.2829321963e-01   3.8336168206e-01
-7.2816945639e-01   -9.9749999468e-01   3.9183400909e-01
-7.8266446960e-01   -1.0712197346e+00   4.0308612697e-01
-8.4098689441e-01   -1.1494630186e+00   4.1748125228e-01
-8.4222162635e-01   -1.1511115090e+00   4.1781151645e-01
-8.5466012966e-01   -1.1676987109e+00   4.2119661568e-01
-9.1782755516e-01   -1.2513591085e+00   4.3999625459e-01
-9.8501925876e-01   -1.3391898620e+00   4.6288863505e-01
-1.0562274300e+00   -1.4307938267e+00   4.9035670622e-01
-1.1313574961e+00   -1.5255747904e+00   5.2290691016e-01
-1.1329351460e+00   -1.5275427133e+00   5.2362992194e-01
-1.1487970505e+00   -1.5472745705e+00   5.3099002898e-01
-1.2284391773e+00   -1.6447795718e+00   5.7046812979e-01
-1.3113567464e+00   -1.7432100711e+00   6.1615413031e-01
-1.3969983381e+00   -1.8410437709e+00   6.6849258406e-01
-1.4846070408e+00   -1.9363920907e+00   7.2783556834e-01
-1.4864143881e+00   -1.9383025865e+00   7.2912525066e-01
-1.5045086792e+00   -1.9572939025e+00   7.4218889864e-01
-1.5931474969e+00   -2.0464581583e+00   8.1037784231e-01
-1.6811838551e+00   -2.1275598315e+00   8.8574972989e-01
-1.7670166032e+00   -2.1975286441e+00   9.6796830475e-01
-1.8487597956e+00   -2.2530504861e+00   1.0563460533e+00
-1.8503756515e+00   -2.2540120782e+00   1.0582125221e+00
-1.8663864899e+00   -2.2632096561e+00   1.0769922629e+00
-1.9401628461e+00   -2.2963765883e+00   1.1713788976e+00
-2.0047695667e+00   -2.3076343425e+00   1.2688853015e+00
-2.0576726205e+00   -2.2940906137e+00   1.3674364005e+00
-2.0963306157e+00   -2.2535110970e+00   1.4645762484e+00
-2.1183375645e+00   -2.1845845231e+00   1.5575786721e+00
-2.1185986110e+00   -2.1828741945e+00   1.5594192712e+00
-2.1207722528e+00   -2.1651122313e+00   1.5776590889e+00
-2.1195470683e+00   -2.0613547353e+00   1.6617359989e+00
-2.0976194301e+00   -1.9306167318e+00   1.7355250862e+00
-2.0541019378e+00   -1.7755719951e+00   1.7967080086e+00
-2.0529832500e+00   -1.7721693740e+00   1.7978152846e+00
-2.0412943847e+00   -1.7376770167e+00   1.8085531639e+00
-1.9800798940e+00   -1.5789816241e+00   1.8478900760e+00
-1.8942014093e+00   -1.3917379487e+00   1.8769182152e+00
-1.8921874486e+00   -1.3876712059e+00   1.8773705182e+00
-1.8715993069e+00   -1.3467764775e+00   1.8815326544e+00
-1.7854957615e+00   -1.1870644144e+00   1.8914646567e+00
-1.6822148509e+00   -1.0138985987e+00   1.8919134044e+00
-1.6795383927e+00   -1.0096265159e+00   1.8917986802e+00
-1.6524274581e+00   -9.6689479290e-01   1.8903314503e+00
-1.5510496998e+00   -8.1500755229e-01   1.8805580818e+00
-1.4386828715e+00   -6.5903203679e-01   1.8634654949e+00
-1.4355621687e+00   -6.5486272809e-01   1.8629140497e+00
-1.4041297152e+00   -6.1332059794e-01   1.8571560768e+00
-1.2927252780e+00   -4.7226286221e-01   1.8340881938e+00
-1.1744578154e+00   -3.3192297776e-01   1.8058779444e+00
-1.1710866737e+00   -3.2805179802e-01   1.8050268733e+00
-1.1372702675e+00   -2.8959299364e-01   1.7963615979e+00
-1.0188367648e+00   -1.5997895268e-01   1.7643743869e+00
-8.9654204818e-01   -3.3728974471e-02   1.7291649353e+00
-8.9309077838e-01   -3.0269865155e-02   1.7281449228e+00
-8.5858055320e-01   4.0197125580e-03   1.7178761225e+00
-7.3508501244e-01   1.2246332515e-01   1.6802341443e+00
-6.1023783988e-01   2.3591403074e-01   1.6411151522e+00
-6.0685401392e-01   2.3890642467e-01   1.6400441198e+00
-5.7310494464e-01   2.6852238276e-01   1.6293382161e+00
-4.4609554342e-01   3.7638583432e-01   1.5887754828e+00
-3.2016955284e-01   4.7808189468e-01   1.5484395494e+00
-1.8250938224e-01   5.8377016437e-01   1.5046793175e+00
-1.7944580960e-01   5.8606066255e-01   1.5037132862e+00
-1.4898153442e-01   6.0869668269e-01   1.4941316354e+00
-1.9449146949e-02   7.0217659169e-01   1.4540119789e+00
1.0506242081e-01   7.8802397862e-01   1.4167390543e+00
2.3423308742e-01   8.7317517435e-01   1.3799419110e+00
2.3678703739e-01   8.7481990391e-01   1.3792376588e+00
2.6212637353e-01   8.9105773861e-01   1.3723050745e+00
3.8067392352e-01   9.6509091766e-01   1.3413378049e+00
4.9055152932e-01   1.0308419262e+00   1.3152058729e+00
5.9188428096e-01   1.0889064385e+00   1.2938398881e+00
6.8487039629e-01   1.1397667466e+00   1.2770685455e+00
6.8668828308e-01   1.1407354178e+00   1.2767715704e+00
7.0468074004e-01   1.1502654922e+00   1.2739014616e+00
7.8776790273e-01   1.1927981937e+00   1.2624083711e+00
8.6305732603e-01   1.2288254994e+00   1.2548618854e+00
9.3079557042e-01   1.2585233907e+00   1.2508843116e+00
9.9121078829e-01   1.2820067495e+00   1.2500600221e+00
1.0445069200e+00   1.2993488462e+00   1.2519442561e+00
1.0908624260e+00   1.3106011970e+00   1.2560709995e+00
1.1304327389e+00   1.3158129671e+00   1.2619604944e+00
1.1633556237e+00   1.3150491598e+00   1.2691267780e+00
1.1897586489e+00   1.3084068796e+00   1.2770854901e+00
1.2097679906e+00   1.2960290094e+00   1.2853620240e+00
1.2235178198e+00   1.2781147272e+00   1.2934999408e+00
1.2311595639e+00   1.2549264063e+00   1.3010694323e+00
1.2328703946e+00   1.2267926166e+00   1.3076755113e+00
1.2288603776e+00   1.1941071468e+00   1.3129655443e+00
1.2193778236e+00   1.1573242027e+00   1.3166357210e+00
1.2047125164e+00   1.1169501680e+00   1.3184360845e+00
1.1851966347e+00   1.0735325289e+00   1.3181738187e+00
1.1612033417e+00   1.0276467301e+00   1.3157145989e+00
1.1331431706e+00   9.7988183152e-01   1.3109819430e+00
1.1014584635e+00   9.3082586855e-01   1.3039546380e+00
1.0666162392e+00   8.8105176876e-01   1.2946624451e+00
1.0290999358e+00   8.3110457041e-01   1.2831803904e+00
9.8940051611e-01   7.8149052567e-01   1.2696220229e+00
9.4800742207e-01   7.3266848272e-01   1.2541320511e+00
9.0539983025e-01   6.8504374320e-01   1.2368787717e+00
8.6203859847e-01   6.3896440658e-01   1.2180466643e+00
8.1835921051e-01   5.9472005474e-01   1.1978294688e+00
8.1746467311e-01   5.9383526647e-01   1.1974025393e+00
8.0852207968e-01   5.8503550010e-01   1.1931062329e+00
7.6500037328e-01   5.4334959374e-01   1.1714600490e+00
7.2201103632e-01   5.0393956329e-01   1.1488630414e+00
6.7987471882e-01   4.6691962045e-01   1.1255010751e+00
6.3887118803e-01   4.3235856909e-01   1.1015493546e+00
5.9923902594e-01   4.0028532857e-01   1.0771701686e+00
5.6117638576e-01   3.7069468318e-01   1.0525114635e+00
5.2484263536e-01   3.4355300378e-01   1.0277061328e+00
4.9036070660e-01   3.1880374464e-01   1.0028718978e+00
4.5781997127e-01   2.9637257261e-01   9.7811165781e-01
4.2727947590e-01   2.7617203535e-01   9.5351419046e-01
4.2667547238e-01   2.7578116149e-01   9.5301293378e-01
4.2068235566e-01   2.7192142949e-01   9.4800601329e-01
3.9263387704e-01   2.5432176084e-01   9.2370976646e-01
3.6662572219e-01   2.3873123203e-01   8.9972818499e-01
3.4264281817e-01   2.2504572036e-01   8.7611162461e-01
3.2065433354e-01   2.1316199101e-01   8.5290102816e-01
3.0061682722e-01   2.0297974726e-01   8.3012910012e-01
2.8247716502e-01   1.9440328056e-01   8.0782142213e-01
2.6617517847e-01   1.8734277049e-01   7.8599749053e-01
2.5164605433e-01   1.8171528481e-01   7.6467166566e-01
2.3882245357e-01   1.7744552753e-01   7.4385402891e-01
2.2763636750e-01   1.7446637978e-01   7.2355114857e-01
2.1802072455e-01   1.7271927436e-01   7.0376675887e-01
2.0991076594e-01   1.7215444013e-01   6.8450235906e-01
2.0324521115e-01   1.7273104857e-01   6.6575774095e-01
1.9796723565e-01   1.7441729000e-01   6.4753145393e-01
1.9402528407e-01   1.7719040330e-01   6.2982121709e-01
1.9137374162e-01   1.8103667913e-01   6.1262428796e-01
1.8997348576e-01   1.8595145341e-01   5.9593779713e-01
1.8979233894e-01   1.9193910452e-01   5.7975905793e-01
1.9080544177e-01   1.9901306545e-01   5.6408585992e-01
1.9299556403e-01   2.0719585923e-01   5.4891675457e-01
1.9635336956e-01   2.1651916423e-01   5.3425134168e-01
2.0087764863e-01   2.2702391357e-01   5.2009056466e-01
2.0657553021e-01   2.3876043133e-01   5.0643702321e-01
2.1346268410e-01   2.5178860610e-01   4.9329531211e-01
2.2156352128e-01   2.6617810058e-01   4.8067239542e-01
2.3091139906e-01   2.8200859377e-01   4.6857802636e-01
2.4154883527e-01   2.9937004959e-01   4.5702522384e-01
2.5352773383e-01   3.1836300262e-01   4.4603081850e-01
2.6690962166e-01   3.3909884755e-01   4.3561608220e-01
2.8176589376e-01   3.6170011366e-01   4.2580745725e-01
2.9817806033e-01   3.8630069898e-01   4.1663740329e-01
3.1623798529e-01   4.1304602997e-01   4.0814538214e-01
3.3604832793e-01   4.4209559292e-01   4.0038280806e-01
3.5772242325e-01   4.7361515604e-01   3.9340403489e-01
3.5818641060e-01   4.7428739951e-01   3.9326982450e-01
3.6287231495e-01   4.8107120885e-01   3.9194747081e-01
3.8699973287e-01   5.1586176871e-01   3.8602309072e-01
4.1328103652e-01   5.5353383403e-01   3.8105145011e-01
4.4186353956e-01   5.9428679356e-01   3.7713133995e-01
4.7290442009e-01   6.3832642511e-01   3.7437874485e-01
5.0656985558e-01   6.8586203484e-01   3.7292930233e-01
5.4303370962e-01   7.3710253079e-01   3.7294099880e-01
5.8247563610e-01   7.9225115186e-01   3.7459707194e-01
6.2507843612e-01   8.5149852138e-01   3.7810905934e-01
6.7102446807e-01   9.1501363785e-01   3.8371989057e-01
6.7200116274e-01   9.1635939356e-01   3.8385855416e-01
6.8184958768e-01   9.2991874148e-01   3.8530044077e-01
7.3213208285e-01   9.9884322353e-01   3.9386443587e-01
7.8613558644e-01   1.0722710650e+00   4.0519493310e-01
8.4400061497e-01   1.1502071926e+00   4.1965402699e-01
9.0583545171e-01   1.2325633682e+00   4.3764340232e-01
9.7170288741e-01   1.3191307784e+00   4.5960276474e-01
9.7309344543e-01   1.3209445546e+00   4.6009701616e-01
9.8709206866e-01   1.3391705393e+00   4.6514280651e-01
1.0578937562e+00   1.4303861814e+00   4.9261409244e-01
1.1326176685e+00   1.5247469877e+00   5.2514188100e-01
1.2110529993e+00   1.6214157690e+00   5.6323693863e-01
1.2928526365e+00   1.7192743846e+00   6.0739647407e-01
1.2945589235e+00   1.7212804427e+00   6.0836706492e-01
1.3116867256e+00   1.7413328707e+00   6.1822414236e-01
1.3968895861e+00   1.8386506237e+00   6.7042482564e-01
1.4840441236e+00   1.9334658094e+00   7.2958277425e-01
1.5721581549e+00   2.0235170704e+00   7.9590103256e-01
1.6599793847e+00   2.1061659104e+00   8.6937960769e-01
1.6617637514e+00   2.1077599812e+00   8.7095714430e-01
1.6795627614e+00   2.1234559960e+00   8.8689115925e-01
1.7649100728e+00   2.1929450371e+00   9.6874358022e-01
1.8461745620e+00   2.2480542629e+00   1.0566974463e+00
1.9212182515e+00   2.2853957533e+00   1.1496632277e+00
1.9876863152e+00   2.3016711398e+00   1.2461140936e+00
1.9889399319e+00   2.3017625306e+00   1.2481117477e+00
2.0012162047e+00   2.3021161927e+00   1.2681199437e+00
2.0537690499e+00   2.2885854052e+00   1.3661208174e+00
2.0921583385e+00   2.2482079641e+00   1.4627079157e+00
2.1139986640e+00   2.1796869413e+00   1.5551796262e+00
2.1171987114e+00   2.0828554172e+00   1.6407288892e+00
2.1001231909e+00   1.9588076801e+00   1.7166439937e+00
2.0995534509e+00   1.9559987097e+00   1.7180797166e+00
2.0933623427e+00   1.9273398949e+00   1.7321545632e+00
2.0513481613e+00   1.7770905760e+00   1.7917994110e+00
1.9869914432e+00   1.6030773910e+00   1.8387873829e+00
1.9854513765e+00   1.5993324352e+00   1.8395920789e+00
1.9695673620e+00   1.5615245840e+00   1.8472846282e+00
1.8955911187e+00   1.4007784468e+00   1.8719905250e+00
1.8001607426e+00   1.2186789451e+00   1.8864440380e+00
1.7978311079e+00   1.2144964029e+00   1.8866252998e+00
1.7741310242e+00   1.1725471450e+00   1.8880916047e+00
1.6802408170e+00   1.0157963816e+00   1.8881654305e+00
1.5723148395e+00   8.5069008172e-01   1.8796536258e+00
1.5694256508e+00   8.4645714511e-01   1.8793257319e+00
1.5402431654e+00   8.0419663513e-01   1.8757604243e+00
1.4338098706e+00   6.5707682019e-01   1.8593075817e+00
1.3184376596e+00   5.0843803458e-01   1.8365291683e+00
1.3151960802e+00   5.0440717769e-01   1.8358275811e+00
1.2826118458e+00   4.6430138596e-01   1.8286093503e+00
1.1676888059e+00   3.2848137931e-01   1.8009960513e+00
1.0473846440e+00   1.9480158408e-01   1.7691337604e+00
1.0439737842e+00   1.9112794032e-01   1.7681936300e+00
1.0098120314e+00   1.5467043469e-01   1.7586785747e+00
8.8884174629e-01   3.0253236180e-02   1.7237009603e+00
7.6522415086e-01   -8.9929335568e-02   1.6863088433e+00
7.6180391192e-01   -9.3161270164e-02   1.6852554366e+00
7.2764662101e-01   -1.2517410879e-01   1.6746881215e+00
6.0236567761e-01   -2.3864903012e-01   1.6353209437e+00
4.7689091478e-01   -3.4651130536e-01   1.5952593747e+00
3.4115011246e-01   -4.5724388832e-01   1.5516760768e+00
3.3795785208e-01   -4.5977791069e-01   1.5506519653e+00
3.0618201547e-01   -4.8483251940e-01   1.5404663480e+00
1.7724743524e-01   -5.8344959474e-01   1.4994076637e+00
5.1866350322e-02   -6.7493216379e-01   1.4602121233e+00
-8.6092209587e-02   -7.7093007434e-01   1.4184438797e+00
-8.8829801713e-02   -7.7278788961e-01   1.4176335615e+00
-1.1601168230e-01   -7.9113749279e-01   1.4096327998e+00
-2.4367186028e-01   -8.7501063355e-01   1.3732977586e+00
-3.6272422370e-01   -9.4988911570e-01   1.3416763162e+00
-4.7316726885e-01   -1.0164896558e+00   1.3148463154e+00
-5.7511737516e-01   -1.0754224358e+00   1.2927566821e+00
-5.7711685621e-01   -1.0765523992e+00   1.2923530865e+00
-5.9692074568e-01   -1.0876878313e+00   1.2884225896e+00
-6.8873474188e-01   -1.1378938402e+00   1.2719214514e+00
-7.7254398848e-01   -1.1813926575e+00   1.2597067868e+00
-8.4860480286e-01   -1.2184535529e+00   1.2514639814e+00
-9.1716807989e-01   -1.2492641723e+00   1.2468294273e+00
-9.7846733199e-01   -1.2739479440e+00   1.2454009725e+00
-1.0327120901e+00   -1.2925829398e+00   1.2467466599e+00
-1.0800858847e+00   -1.3052212631e+00   1.2504124386e+00
-1.1207480126e+00   -1.3119081581e+00   1.2559294123e+00
-1.1215112767e+00   -1.3119832392e+00   1.2560583330e+00
-1.1289927337e+00   -1.3125982697e+00   1.2573783188e+00
-1.1616210875e+00   -1.3120731680e+00   1.2645135889e+00
-1.1878327294e+00   -1.3057614528e+00   1.2724402195e+00
-1.2077512939e+00   -1.2937999042e+00   1.2806918929e+00
-1.2215076427e+00   -1.2763801044e+00   1.2888198127e+00
-1.2292489938e+00   -1.2537553215e+00   1.2964009038e+00
-1.2311473100e+00   -1.2262436205e+00   1.3030457751e+00
-1.2274063965e+00   -1.1942271165e+00   1.3084060710e+00
-1.2182672607e+00   -1.1581475061e+00   1.3121808206e+00
-1.2040114134e+00   -1.1184982373e+00   1.3141214175e+00
-1.1849619280e+00   -1.0758138863e+00   1.3140349304e+00
-1.1614822252e+00   -1.0306574722e+00   1.3117855486e+00
-1.1339726971e+00   -9.8360654622e-01   1.3072940925e+00
-1.1028654153e+00   -9.3523892502e-01   1.3005356495e+00
-1.0686172787e+00   -8.8611890009e-01   1.2915355228e+00
-1.0317020298e+00   -8.3678465351e-01   1.2803637831e+00
-9.9260161109e-01   -7.8773745773e-01   1.2671287841e+00
-9.5179733407e-01   -7.3943305781e-01   1.2519700391e+00
-9.5094761987e-01   -7.3845496055e-01   1.2516407625e+00
-9.4242300016e-01   -7.2870122935e-01   1.2483077220e+00
-9.0017312700e-01   -6.8185191601e-01   1.2310165102e+00
-8.5724580012e-01   -6.3656838817e-01   1.2121868245e+00
-8.1406555811e-01   -5.9312911837e-01   1.1920096317e+00
-7.7102583559e-01   -5.5175638150e-01   1.1706782720e+00
-7.2848472473e-01   -5.1261884313e-01   1.1483833769e+00
-6.8676207083e-01   -4.7583542327e-01   1.1253087242e+00
-6.4613785763e-01   -4.4148006586e-01   1.1016280346e+00
-6.0685178208e-01   -4.0958706915e-01   1.0775026670e+00
-5.6910387837e-01   -3.8015667319e-01   1.0530801291e+00
-5.6834844656e-01   -3.7957979842e-01   1.0525780562e+00
-5.6083364381e-01   -3.7386711789e-01   1.0475538048e+00
-5.2518719399e-01   -3.4741288829e-01   1.0229467886e+00
-4.9139041647e-01   -3.2332753466e-01   9.9831809242e-01
-4.5952902357e-01   -3.0153835788e-01   9.7376803422e-01
-4.2965940939e-01   -2.8196025281e-01   9.4938321041e-01
-4.0181202769e-01   -2.6449972820e-01   9.2523743039e-01
-3.7599483662e-01   -2.4905841246e-01   9.0139279674e-01
-3.5219670777e-01   -2.3553605451e-01   8.7790086055e-01
-3.3039071839e-01   -2.2383304590e-01   8.5480379617e-01
-3.1053726587e-01   -2.1385250259e-01   8.3213555338e-01
-2.9258696211e-01   -2.0550195129e-01   8.0992295725e-01
-2.7648328083e-01   -1.9869466889e-01   7.8818673606e-01
-2.6216494470e-01   -1.9335072324e-01   7.6694246603e-01
-2.4956804979e-01   -1.8939776241e-01   7.4620142831e-01
-2.3862793334e-01   -1.8677159629e-01   7.2597137857e-01
-2.2928079730e-01   -1.8541661055e-01   7.0625723302e-01
-2.2146510464e-01   -1.8528604886e-01   6.8706167753e-01
-2.1512276825e-01   -1.8634219491e-01   6.6838570770e-01
-2.1020015406e-01   -1.8855648106e-01   6.5022910889e-01
-2.0664892439e-01   -1.9190959768e-01   6.3259082010e-01
-2.0442673817e-01   -1.9639144135e-01   6.1546947678e-01
-2.0439486777e-01   -1.9649495198e-01   6.1512439169e-01
-2.0410589491e-01   -1.9755604283e-01   6.1168541795e-01
-2.0346397092e-01   -2.0342061508e-01   5.9519547639e-01
-2.0408116250e-01   -2.1042479445e-01   5.7921970004e-01
-2.0593794577e-01   -2.1858852479e-01   5.6375773348e-01
-2.0902266429e-01   -2.2794116798e-01   5.4881022337e-01
-2.1333181240e-01   -2.3852159725e-01   5.3437914268e-01
-2.1887028768e-01   -2.5037832139e-01   5.2046813123e-01
-2.2565162347e-01   -2.6356964050e-01   5.0708286187e-01
-2.3369821055e-01   -2.7816383162e-01   4.9423144224e-01
-2.4304151491e-01   -2.9423935945e-01   4.8192486247e-01
-2.5372229589e-01   -3.1188510477e-01   4.7017750023e-01
-2.6579082702e-01   -3.3120059908e-01   4.5900769526e-01
-2.7930711861e-01   -3.5229624953e-01   4.4843840682e-01
-2.9434113839e-01   -3.7529353292e-01   4.3849796863e-01
-3.1097302234e-01   -4.0032513034e-01   4.2922095726e-01
-3.2929326389e-01   -4.2753496580e-01   4.2064919107e-01
-3.4940286400e-01   -4.5707810131e-01   4.1283287800e-01
-3.7141341831e-01   -4.8912042777e-01   4.0583193119e-01
-3.9544710940e-01   -5.2383807473e-01   3.9971747131e-01
-4.2163656269e-01   -5.6141644189e-01   3.9457353357e-01
-4.5012451210e-01   -6.0204873086e-01   3.9049899428e-01
-4.8106320743e-01   -6.4593382632e-01   3.8760972698e-01
-4.8172323717e-01   -6.4686754559e-01   3.8756387863e-01
-4.8838401916e-01   -6.5628473285e-01   3.8713606312e-01
-5.2254529216e-01   -7.0442986378e-01   3.8588551763e-01
-5.5952479645e-01   -7.5627416320e-01   3.8615146400e-01
-5.9949659882e-01   -8.1200893071e-01   3.8812189356e-01
-6.4263653054e-01   -8.7180998308e-01   3.9201313503e-01
-6.8911828553e-01   -9.3582810830e-01   3.9807275343e-01
-7.3910828973e-01   -1.0041769690e+00   4.0658224930e-01
-7.9275906455e-01   -1.0769179893e+00   4.1785929627e-01
-7.9389649523e-01   -1.0784529497e+00   4.1812147673e-01
-8.0535844761e-01   -1.0939036338e+00   4.2081588743e-01
-8.6366858263e-01   -1.1720039079e+00   4.3597178016e-01
-9.2588289677e-01   -1.2543454621e+00   4.5473691837e-01
-9.9204003886e-01   -1.3406741653e+00   4.7754749565e-01
-1.0621126348e+00   -1.4305770018e+00   5.0486918798e-01
-1.1359875522e+00   -1.5234459991e+00   5.3718757113e-01
-1.1375381381e+00   -1.5253725298e+00   5.3790477862e-01
-1.1531262243e+00   -1.5446854602e+00   5.4520426394e-01
-1.2313440443e+00   -1.6400135360e+00   5.8431199511e-01
-1.3126842448e+00   -1.7360565185e+00   6.2948271991e-01
-1.3965866945e+00   -1.8313108404e+00   6.8112938189e-01
-1.4822920944e+00   -1.9239230940e+00   7.3957101132e-01
-1.4840587922e+00   -1.9257762962e+00   7.4083982238e-01
-1.5017429457e+00   -1.9441924200e+00   7.5368911606e-01
-1.5882866565e+00   -2.0305061791e+00   8.2067611550e-01
-1.6740921992e+00   -2.1087551421e+00   8.9456982083e-01
-1.7575917196e+00   -2.1759778528e+00   9.7501519633e-01
-1.8369482280e+00   -2.2289931801e+00   1.0613193968e+00
-1.8385151033e+00   -2.2299070141e+00   1.0631403386e+00
-1.8540365296e+00   -2.2386363367e+00   1.0814581940e+00
-1.9254520938e+00   -2.2698000682e+00   1.1734235562e+00
-1.9878135126e+00   -2.2796490750e+00   1.2682695357e+00
-2.0386867326e+00   -2.2654523293e+00   1.3639895395e+00
-2.0756395446e+00   -2.2251155944e+00   1.4582221411e+00
-2.0963772686e+00   -2.1574280954e+00   1.5483573785e+00
-2.0966176442e+00   -2.1557539583e+00   1.5501406035e+00
-2.0985972479e+00   -2.1383780343e+00   1.5678108324e+00
-2.0967777964e+00   -2.0371334451e+00   1.6492462462e+00
-2.0749002544e+00   -1.9099089708e+00   1.7207212348e+00
-2.0321312070e+00   -1.7592662669e+00   1.7800288700e+00
-2.0310353300e+00   -1.7559618953e+00   1.7811029756e+00
-2.0195911649e+00   -1.7224681689e+00   1.7915213197e+00
-1.9580867775e+00   -1.5644030368e+00   1.8305403974e+00
-1.8715505866e+00   -1.3775642327e+00   1.8590546493e+00
-1.8695706845e+00   -1.3736065958e+00   1.8594829586e+00
-1.8493395535e+00   -1.3338131856e+00   1.8634182069e+00
-1.7626824307e+00   -1.1746313251e+00   1.8728125619e+00
-1.6587344753e+00   -1.0020977150e+00   1.8725906005e+00
-1.6561048764e+00   -9.9794316676e-01   1.8724615576e+00
-1.6294779282e+00   -9.5639097446e-01   1.8708638419e+00
-1.5274929172e+00   -8.0510072221e-01   1.8604744933e+00
-1.4146020062e+00   -6.4998497385e-01   1.8427188317e+00
-1.4115415628e+00   -6.4593797509e-01   1.8421627372e+00
-1.3807251452e+00   -6.0561740118e-01   1.8363694926e+00
-1.2687666630e+00   -4.6526859460e-01   1.8126757866e+00
-1.1501569268e+00   -3.2595522823e-01   1.7838618213e+00
-1.1468592172e+00   -3.2220717395e-01   1.7830150844e+00
-1.1137878240e+00   -2.8497317107e-01   1.7744020191e+00
-9.9491281501e-01   -1.5617317068e-01   1.7418124634e+00
-8.7247947360e-01   -3.1061415028e-02   1.7060744186e+00
-8.6911385291e-01   -2.7722426565e-02   1.7050664333e+00
-8.3546745598e-01   5.3762008462e-03   1.6949238741e+00
-7.1168586524e-01   1.2292691519e-01   1.6567204357e+00
-5.8693986139e-01   2.3516685193e-01   1.6171574403e+00
-5.8365225094e-01   2.3804563819e-01   1.6161043712e+00
-5.5086893212e-01   2.6653838121e-01   1.6055809679e+00
-4.2377145531e-01   3.7346694440e-01   1.5645115974e+00
-2.9822807006e-01   4.7392643909e-01   1.5238265191e+00
-1.6064424283e-01   5.7862925758e-01   1.4795793818e+00
-1.5768867761e-01   5.8082016605e-01   1.4786365538e+00
-1.2830244573e-01   6.0247506159e-01   1.4692856170e+00
9.3843743992e-04   6.9503042827e-01   1.4287858607e+00
1.2457496884e-01   7.7970159424e-01   1.3913464748e+00
2.4844033388e-01   8.6097666392e-01   1.3556287921e+00
2.5088872634e-01   8.6254861476e-01   1.3549447115e+00
2.7517979560e-01   8.7807285558e-01   1.3482092624e+00
3.8881056324e-01   9.4898356775e-01   1.3180790335e+00
4.9414371545e-01   1.0121953623e+00   1.2925627586e+00
5.9133955223e-01   1.0682805247e+00   1.2715859358e+00
6.8062165057e-01   1.1177040187e+00   1.2549844442e+00
6.8236837607e-01   1.1186488549e+00   1.2546887616e+00
6.9965965695e-01   1.1279527927e+00   1.2518269508e+00
7.7959762938e-01   1.1696982359e+00   1.2402595075e+00
8.5220512027e-01   1.2054615270e+00   1.2324690031e+00
9.1773829453e-01   1.2354152499e+00   1.2281112691e+00
9.7643266701e-01   1.2596712405e+00   1.2268090641e+00
1.0284975477e+00   1.2782977637e+00   1.2281595013e+00
1.0741145704e+00   1.2913371065e+00   1.2317405564e+00
1.1134395922e+00   1.2988229260e+00   1.2371171681e+00
1.1466072657e+00   1.3007967433e+00   1.2438473143e+00
1.1737376038e+00   1.2973230046e+00   1.2514883181e+00
1.1949438797e+00   1.2885021594e+00   1.2596035017e+00
1.2103412243e+00   1.2744812524e+00   1.2677691714e+00
1.2200553166e+00   1.2554616016e+00   1.2755818024e+00
1.2242306025e+00   1.2317032534e+00   1.2826651880e+00
1.2230375366e+00   1.2035260515e+00   1.2886772500e+00
1.2166784175e+00   1.1713073389e+00   1.2933161691e+00
1.2053914862e+00   1.1354765045e+00   1.2963254974e+00
1.1894530689e+00   1.0965067681e+00   1.2974979522e+00
1.1691776702e+00   1.0549047667e+00   1.2966776669e+00
1.1449160510e+00   1.0111986183e+00   1.2937607694e+00
1.1170514468e+00   9.6592520908e-01   1.2886942721e+00
1.0859941876e+00   9.1961745099e-01   1.2814733682e+00
1.0521750610e+00   8.7279220524e-01   1.2721373312e+00
1.0160378190e+00   8.2593946173e-01   1.2607642921e+00
9.7803124348e-01   7.7951322614e-01   1.2474652201e+00
9.3860118363e-01   7.3392440782e-01   1.2323774549e+00
8.9818293892e-01   6.8953584113e-01   1.2156581286e+00
8.5719430547e-01   6.4665942378e-01   1.1974777823e+00
8.1602953279e-01   6.0555523148e-01   1.1780144302e+00
7.7505435968e-01   5.6643237423e-01   1.1574482611e+00
7.7421998239e-01   5.6565343285e-01   1.1570170082e+00
7.6588892419e-01   5.5791371995e-01   1.1526835022e+00
7.2559701759e-01   5.2143237242e-01   1.1310077460e+00
6.8618891764e-01   4.8722823150e-01   1.1086161033e+00
6.4791853304e-01   4.5536703648e-01   1.0856689445e+00
6.1100308608e-01   4.2587947141e-01   1.0623151871e+00
5.7562386312e-01   3.9876620852e-01   1.0386910687e+00
5.4192772827e-01   3.7400293261e-01   1.0149195300e+00
5.1002924531e-01   3.5154518097e-01   9.9111010221e-01
4.8001325557e-01   3.3133287770e-01   9.6735919824e-01
4.5193776862e-01   3.1329448201e-01   9.4375070773e-01
4.2583703705e-01   2.9735070465e-01   9.2035680979e-01
4.0172470406e-01   2.8341777496e-01   8.9723892664e-01
3.7959693123e-01   2.7141026293e-01   8.7444875568e-01
3.5943543252e-01   2.6124347303e-01   8.5202932873e-01
3.5904307048e-01   2.6105400128e-01   8.5157453648e-01
3.5516402743e-01   2.5919965743e-01   8.4703604660e-01
3.3736990323e-01   2.5117677852e-01   8.2511842738e-01
3.2146380422e-01   2.4481839304e-01   8.0364146263e-01
3.0739950602e-01   2.4005410936e-01   7.8262717768e-01
2.9512712247e-01   2.3682053153e-01   7.6209303457e-01
2.8459507250e-01   2.3506204715e-01   7.4205273523e-01
2.7575182046e-01   2.3473143276e-01   7.2251695378e-01
2.6854740102e-01   2.3579031208e-01   7.0349400193e-01
2.6293474373e-01   2.3820949832e-01   6.8499043380e-01
2.5887081467e-01   2.4196924839e-01   6.6701159817e-01
2.5631759446e-01   2.4705945285e-01   6.4956214704e-01
2.5524291202e-01   2.5347978146e-01   6.3264651013e-01
2.5562115339e-01   2.6123980101e-01   6.1626934544e-01
2.5743386416e-01   2.7035907832e-01   6.0043597592e-01
2.6067026264e-01   2.8086727802e-01   5.8515282296e-01
2.6532767931e-01   2.9280426143e-01   5.7042784703e-01
2.7141193624e-01   3.0622018954e-01   5.5627100647e-01
2.7893767770e-01   3.2117562951e-01   5.4269474570e-01
2.8792866110e-01   3.3774166045e-01   5.2971452422e-01
2.9841801435e-01   3.5599997001e-01   5.1734939885e-01
3.1044846287e-01   3.7604292865e-01   5.0562267182e-01
3.2407252603e-01   3.9797362254e-01   4.9456261841e-01
3.3935267888e-01   4.2190581979e-01   4.8420330835e-01
3.5636147053e-01   4.4796383621e-01   4.7458553589e-01
3.7518158527e-01   4.7628225732e-01   4.6575787397e-01
3.9590582611e-01   5.0700546111e-01   4.5777786772e-01
4.1863699309e-01   5.4028687197e-01   4.5071338207e-01
4.4348761954e-01   5.7628785855e-01   4.4464411618e-01
4.7057951879e-01   6.1517616778e-01   4.3966329431e-01
5.0004307580e-01   6.5712370113e-01   4.3587952957e-01
5.0067192418e-01   6.5801553967e-01   4.3581543301e-01
5.0701849994e-01   6.6700875272e-01   4.3520517976e-01
5.3957641226e-01   7.1294037377e-01   4.3306180655e-01
5.7482102261e-01   7.6231274221e-01   4.3242300378e-01
6.1290105972e-01   8.1528632604e-01   4.3346171840e-01
6.5396599898e-01   8.7200575516e-01   4.3637578055e-01
6.9816235047e-01   9.3259111607e-01   4.4139020955e-01
7.4562886637e-01   9.9712706791e-01   4.4875928241e-01
7.9649043935e-01   1.0656494139e+00   4.5876813344e-01
8.5085043936e-01   1.1381287672e+00   4.7173356803e-01
8.5200030160e-01   1.1396531145e+00   4.7203224667e-01
8.6358139575e-01   1.1549850394e+00   4.7509582527e-01
9.2232208881e-01   1.2321463006e+00   4.9216109691e-01
9.8466275123e-01   1.3128611061e+00   5.1299677796e-01
1.0505616765e+00   1.3967392093e+00   5.3800919244e-01
1.1199001041e+00   1.4832195428e+00   5.6761906012e-01
1.1924626313e+00   1.5715378417e+00   6.0224838921e-01
1.1939795395e+00   1.5733583171e+00   6.0301257798e-01
1.2092147329e+00   1.5915807336e+00   6.1078028536e-01
1.2852579970e+00   1.6807604378e+00   6.5210733226e-01
1.3635856488e+00   1.7691851911e+00   6.9929401109e-01
1.4435134907e+00   1.8552265247e+00   7.5260715332e-01
1.5241614653e+00   1.9369470136e+00   8.1219070211e-01
1.5258125311e+00   1.9385594426e+00   8.1347603166e-01
1.5423126700e+00   1.9545285151e+00   8.2647340817e-01
1.6223260160e+00   2.0278723729e+00   8.9368253609e-01
1.7003088055e+00   2.0915443380e+00   9.6679874517e-01
1.7746540824e+00   2.1427864029e+00   1.0452368881e+00
1.8435410654e+00   2.1787573752e+00   1.1280875126e+00
1.8448803675e+00   2.1793143761e+00   1.1298213019e+00
1.8580978427e+00   2.1844628965e+00   1.1472297697e+00
1.9175596865e+00   2.1979594600e+00   1.2337319654e+00
1.9669625005e+00   2.1903599148e+00   1.3213635266e+00
2.0041594117e+00   2.1597124379e+00   1.4081250114e+00
2.0270996549e+00   2.1047678173e+00   1.4917861842e+00
2.0339530480e+00   2.0251559731e+00   1.5700040379e+00
2.0339141691e+00   2.0232713098e+00   1.5715318484e+00
2.0331172538e+00   2.0038709273e+00   1.5866267537e+00
2.0182889609e+00   1.8949995705e+00   1.6550498654e+00
1.9847288792e+00   1.7642626907e+00   1.7131936565e+00
1.9321275750e+00   1.6144938801e+00   1.7594271830e+00
1.9308531081e+00   1.6112535725e+00   1.7602404339e+00
1.9176770848e+00   1.5785012789e+00   1.7680704720e+00
1.8471155664e+00   1.4204522206e+00   1.7968922078e+00
1.7551953155e+00   1.2424523976e+00   1.8143587851e+00
1.7531410031e+00   1.2387284368e+00   1.8145758279e+00
1.7322337340e+00   1.2013525833e+00   1.8164403988e+00
1.6393374588e+00   1.0452690477e+00   1.8183711829e+00
1.5308870798e+00   8.7939200815e-01   1.8108663315e+00
1.5282786945e+00   8.7558202122e-01   1.8105852099e+00
1.5019347513e+00   8.3752692108e-01   1.8075179333e+00
1.3953160244e+00   6.9073077837e-01   1.7913752832e+00
1.2793906972e+00   5.4247666324e-01   1.7683715158e+00
1.2764416677e+00   5.3884193920e-01   1.7677252374e+00
1.2468049559e+00   5.0266494133e-01   1.7610810298e+00
1.1313679428e+00   3.6746189711e-01   1.7328811751e+00
1.0108778831e+00   2.3506614681e-01   1.7001999058e+00
1.0077742366e+00   2.3176353484e-01   1.6993214047e+00
9.7669792794e-01   1.9897771849e-01   1.6904345360e+00
8.5532376288e-01   7.5612328220e-02   1.6543158782e+00
7.3209077041e-01   -4.2624003934e-02   1.6157818038e+00
7.2899233068e-01   -4.5512101147e-02   1.6147933154e+00
6.9805722309e-01   -7.4129187600e-02   1.6048784473e+00
5.7274655740e-01   -1.8616751719e-01   1.5639894881e+00
4.4838211918e-01   -2.9164155964e-01   1.5225841081e+00
3.1332054554e-01   -4.0034662809e-01   1.4771634112e+00
3.1046711251e-01   -4.0258191048e-01   1.4762022733e+00
2.8207022237e-01   -4.2469457686e-01   1.4666388075e+00
1.5401055020e-01   -5.2154206007e-01   1.4236599641e+00
3.1045891886e-02   -6.1041742175e-01   1.3829364317e+00
-9.0671237447e-02   -6.9478754540e-01   1.3435938263e+00
-9.3086152917e-02   -6.9642753245e-01   1.3428262476e+00
-1.1706462062e-01   -7.1264260238e-01   1.3352366346e+00
-2.2972506645e-01   -7.8721154209e-01   1.3004670985e+00
-3.3495563849e-01   -8.5459695874e-01   1.2696408589e+00
-4.3286158156e-01   -9.1545728775e-01   1.2428240892e+00
-5.2363869247e-01   -9.7036611671e-01   1.2199924828e+00
-5.2542416179e-01   -9.7143149550e-01   1.2195661758e+00
-5.4312089513e-01   -9.8196024772e-01   1.2153926050e+00
-6.2551477723e-01   -1.0302266967e+00   1.1973072075e+00
-7.0138802124e-01   -1.0734939704e+00   1.1829196605e+00
-7.7103833062e-01   -1.1120506765e+00   1.1720270617e+00
-8.3475465185e-01   -1.1461089242e+00   1.1643946103e+00
-8.9280601921e-01   -1.1758140436e+00   1.1597624169e+00
-9.4543422179e-01   -1.2012554958e+00   1.1578506376e+00
-9.9284978139e-01   -1.2224785104e+00   1.1583634132e+00
-1.0352307485e+00   -1.2394960929e+00   1.1609920471e+00
-1.0360467865e+00   -1.2398004911e+00   1.1610657267e+00
-1.0440948201e+00   -1.2427473782e+00   1.1618433433e+00
-1.0805045943e+00   -1.2546017875e+00   1.1666289776e+00
-1.1121682270e+00   -1.2622248031e+00   1.1728114938e+00
-1.1391760027e+00   -1.2656063824e+00   1.1800597361e+00
-1.1616017223e+00   -1.2647525371e+00   1.1880419962e+00
-1.1795093508e+00   -1.2596946437e+00   1.1964296700e+00
-1.1929600111e+00   -1.2504973340e+00   1.2049013158e+00
-1.2020189867e+00   -1.2372646902e+00   1.2131470441e+00
-1.2067624061e+00   -1.2201445135e+00   1.2208731049e+00
-1.2072833100e+00   -1.1993305046e+00   1.2278064931e+00
-1.2036968296e+00   -1.1750622786e+00   1.2336993610e+00
-1.1961442522e+00   -1.1476232458e+00   1.2383330115e+00
-1.1847958030e+00   -1.1173364975e+00   1.2415212563e+00
-1.1698520386e+00   -1.0845589437e+00   1.2431129482e+00
-1.1515438170e+00   -1.0496740425e+00   1.2429935433e+00
-1.1301308859e+00   -1.0130835324e+00   1.2410856065e+00
-1.1058991961e+00   -9.7519861896e-01   1.2373482395e+00
-1.0791571130e+00   -9.3643107249e-01   1.2317754754e+00
-1.0502307465e+00   -8.9718467298e-01   1.2243937466e+00
-1.0194586518e+00   -8.5784738032e-01   1.2152585794e+00
-9.8718617261e-01   -8.1878453518e-01   1.2044507064e+00
-9.5375969228e-01   -7.8033330588e-01   1.1920718038e+00
-9.1952104489e-01   -7.4279850334e-01   1.1782400621e+00
-8.8480230329e-01   -7.0644979682e-01   1.1630857870e+00
-8.4992112329e-01   -6.7152027915e-01   1.1467471999e+00
-8.4920754937e-01   -6.7082153847e-01   1.1464013771e+00
-8.4207554869e-01   -6.6387176451e-01   1.1429194029e+00
-8.0740113871e-01   -6.3094492199e-01   1.1253238964e+00
-7.7320054758e-01   -5.9982543212e-01   1.1068612186e+00
-7.3972186756e-01   -5.7063235848e-01   1.0876711236e+00
-7.0718741181e-01   -5.4345384456e-01   1.0678882219e+00
-6.7579308040e-01   -5.1835021313e-01   1.0476402347e+00
-6.4570841774e-01   -4.9535735304e-01   1.0270467451e+00
-6.1707727524e-01   -4.7449023731e-01   1.0062183972e+00
-5.9001898254e-01   -4.5574644173e-01   9.8525648747e-01
-5.6462992724e-01   -4.3910956019e-01   9.6425288813e-01
-5.4098544483e-01   -4.2455243855e-01   9.4329023911e-01
-5.1914192629e-01   -4.1204017317e-01   9.2244235135e-01
-4.9913905941e-01   -4.0153284041e-01   9.0177476764e-01
-4.8100213088e-01   -3.9298794099e-01   8.8134543453e-01
-4.6474432717e-01   -3.8636255683e-01   8.6120544660e-01
-4.5036898348e-01   -3.8161522119e-01   8.4139982730e-01
-4.5009436200e-01   -3.8153738171e-01   8.4099818651e-01
-4.4739142598e-01   -3.8080130706e-01   8.3699047941e-01
-4.3531585954e-01   -3.7830300174e-01   8.1764824240e-01
-4.2510554968e-01   -3.7760349054e-01   7.9872283507e-01
-4.1674613410e-01   -3.7867579849e-01   7.8024514275e-01
-4.1022161557e-01   -3.8149967130e-01   7.6224330323e-01
-4.0551591481e-01   -3.8606231153e-01   7.4474344398e-01
-4.0261426456e-01   -3.9235896517e-01   7.2777039764e-01
-4.0150444784e-01   -4.0039337642e-01   7.1134839944e-01
-4.0217788635e-01   -4.1017812550e-01   6.9550177268e-01
-4.0463058571e-01   -4.2173486004e-01   6.8025560954e-01
-4.0886394477e-01   -4.3509442651e-01   6.6563645588e-01
-4.1488543562e-01   -4.5029690311e-01   6.5167300939e-01
-4.2270915939e-01   -4.6739153015e-01   6.3839684091e-01
-4.3235628098e-01   -4.8643652810e-01   6.2584314904e-01
-4.4385534278e-01   -5.0749878656e-01   6.1405155805e-01
-4.5724245387e-01   -5.3065340002e-01   6.0306696861e-01
-4.7256134678e-01   -5.5598301779e-01   5.9294047002e-01
-4.8986328853e-01   -5.8357696552e-01   5.8373032116e-01
-5.0920682662e-01   -6.1353008499e-01   5.7550300491e-01
-5.3065734338e-01   -6.4594122640e-01   5.6833435759e-01
-5.5428638393e-01   -6.8091131339e-01   5.6231076981e-01
-5.8017071363e-01   -7.1854088585e-01   5.5753044874e-01
-6.0839105048e-01   -7.5892700937e-01   5.5410472186e-01
-6.3903040603e-01   -8.0215942289e-01   5.5215935044e-01
-6.7217195622e-01   -8.4831577916e-01   5.5183580452e-01
-6.7287707286e-01   -8.4929159693e-01   5.5184720438e-01
-6.7998792270e-01   -8.5911867484e-01   5.5200251175e-01
-7.1630449427e-01   -9.0893639915e-01   5.5388362418e-01
-7.5529429151e-01   -9.6177614021e-01   5.5776327979e-01
-7.9701913601e-01   -1.0176303971e+00   5.6384029797e-01
-8.4152450094e-01   -1.0764457303e+00   5.7233199492e-01
-8.8883317523e-01   -1.1381106549e+00   5.8347336421e-01
-9.3893774196e-01   -1.2024417721e+00   5.9751518329e-01
-9.9179177236e-01   -1.2691681989e+00   6.1472070083e-01
-9.9290183496e-01   -1.2705566645e+00   6.1510783865e-01
-1.0040635003e+00   -1.2844872785e+00   6.1905887809e-01
-1.0601498348e+00   -1.3536244506e+00   6.4050948056e-01
-1.1186890048e+00   -1.4241525340e+00   6.6572484470e-01
-1.1794331004e+00   -1.4953983005e+00   6.9496135682e-01
-1.2420440959e+00   -1.5665263875e+00   7.2844854331e-01
-1.3060797071e+00   -1.6365250984e+00   7.6637154302e-01
-1.3074016711e+00   -1.6379380793e+00   7.6719513552e-01
-1.3206402935e+00   -1.6520121765e+00   7.7553636152e-01
-1.3856444946e+00   -1.7189762252e+00   8.1904838250e-01
-1.4506481262e+00   -1.7818934530e+00   8.6713713231e-01
-1.5147889507e+00   -1.8391660685e+00   9.1968530868e-01
-1.5770603137e+00   -1.8890508858e+00   9.7642454531e-01
-1.6363148333e+00   -1.9297045182e+00   1.0369092421e+00
-1.6374874927e+00   -1.9304270459e+00   1.0381823114e+00
-1.6491128431e+00   -1.9373926505e+00   1.0509834551e+00
-1.7029215955e+00   -1.9641784111e+00   1.1151575994e+00
-1.7507373621e+00   -1.9776283689e+00   1.1813564067e+00
-1.7911038510e+00   -1.9761108343e+00   1.2484688583e+00
-1.8225583259e+00   -1.9582822229e+00   1.3151970024e+00
-1.8436944056e+00   -1.9232008875e+00   1.3800967689e+00
-1.8532329988e+00   -1.8704287728e+00   1.4416384707e+00
-1.8500965530e+00   -1.8001075836e+00   1.4982842466e+00
-1.8334803427e+00   -1.7129971553e+00   1.5485766515e+00
-1.8329954801e+00   -1.7110472772e+00   1.5495303468e+00
-1.8278241126e+00   -1.6911952660e+00   1.5588885567e+00
-1.7940894773e+00   -1.5854403095e+00   1.5996689452e+00
-1.7463463746e+00   -1.4666856706e+00   1.6315903009e+00
-1.6849932562e+00   -1.3373816835e+00   1.6540234893e+00
-1.6108199836e+00   -1.2002499658e+00   1.6667076763e+00
-1.6091752542e+00   -1.1973810140e+00   1.6668656589e+00
-1.5924608258e+00   -1.1685817771e+00   1.6682233005e+00
-1.5041733319e+00   -1.0257147046e+00   1.6691517459e+00
-1.4060103743e+00   -8.8122915830e-01   1.6610473805e+00
-1.2996726566e+00   -7.3764464838e-01   1.6447222575e+00
-1.2974232147e+00   -7.3473094295e-01   1.6443091333e+00
-1.2747857210e+00   -7.0566965118e-01   1.6400138638e+00
-1.1617122638e+00   -5.6707772250e-01   1.6152193032e+00
-1.0437653844e+00   -4.3273768872e-01   1.5844978493e+00
-9.2348911036e-01   -3.0490392372e-01   1.5492173605e+00
-9.2101463344e-01   -3.0236192433e-01   1.5484560742e+00
-8.9625759403e-01   -2.7711389828e-01   1.5407681052e+00
-7.7536493878e-01   -1.5839936306e-01   1.5015289327e+00
-6.5558269314e-01   -4.7623846093e-02   1.4602962433e+00
-5.3813711541e-01   5.5103077876e-02   1.4180632417e+00
-5.3576485976e-01   5.7122451039e-02   1.4171945866e+00
-5.1212138690e-01   7.7134040540e-02   1.4085066089e+00
-3.9888480010e-01   1.7021103090e-01   1.3662096880e+00
-2.8991892884e-01   2.5580279205e-01   1.3246449419e+00
-1.8575119602e-01   3.3439606400e-01   1.2843744595e+00
-8.6721378203e-02   4.0655405797e-01   1.2458381510e+00
-8.4749392239e-02   4.0796811882e-01   1.2450699288e+00
-6.5152425871e-02   4.2197542808e-01   1.2374360147e+00
2.7358129830e-02   4.8707070907e-01   1.2014666060e+00
1.1452737202e-01   5.4707908274e-01   1.1678444174e+00
1.9645502430e-01   6.0259175379e-01   1.1367157875e+00
2.7332523380e-01   6.5416724867e-01   1.1081677724e+00
3.4538481037e-01   7.0232147002e-01   1.0822410949e+00
3.4681160990e-01   7.0327482757e-01   1.0817378437e+00
3.6097595818e-01   7.1274124945e-01   1.0767659005e+00
4.2754025160e-01   7.5733526776e-01   1.0540555714e+00
4.8997444374e-01   7.9947621156e-01   1.0339445094e+00
5.4860902585e-01   8.3951355457e-01   1.0163908682e+00
6.0377296722e-01   8.7774351705e-01   1.0013415392e+00
6.5578462352e-01   9.1441015496e-01   9.8873631018e-01
7.0494449976e-01   9.4970692461e-01   9.7851079907e-01
7.5152960159e-01   9.8377850372e-01   9.7059834171e-01
7.9578912522e-01   1.0167227361e+00   9.6493099587e-01
7.9667241901e-01   1.0173857779e+00   9.6483795126e-01
8.0545723158e-01   1.0239915737e+00   9.6395752842e-01
8.4716157725e-01   1.0556224603e+00   9.6094670629e-01
8.8698034380e-01   1.0861858735e+00   9.6002562237e-01
9.2505572601e-01   1.1156425680e+00   9.6112108655e-01
9.6149421129e-01   1.1439154801e+00   9.6415611294e-01
9.9636643661e-01   1.1708923049e+00   9.6904829821e-01
1.0297075593e+00   1.1964284279e+00   9.7570799976e-01
1.0615181231e+00   1.2203503190e+00   9.8403640626e-01
1.0917654232e+00   1.2424594889e+00   9.9392359772e-01
1.1203853895e+00   1.2625370959e+00   1.0052467003e+00
1.1472850180e+00   1.2803492658e+00   1.0178682483e+00
1.1723453830e+00   1.2956531507e+00   1.0316348726e+00
1.1954252557e+00   1.3082037077e+00   1.0463764374e+00
1.2163653458e+00   1.3177611239e+00   1.0619057462e+00
1.2349931559e+00   1.3240987489e+00   1.0780189257e+00
1.2511284150e+00   1.3270113336e+00   1.0944965804e+00
1.2645890170e+00   1.3263233112e+00   1.1111057725e+00
1.2751973548e+00   1.3218967904e+00   1.1276028757e+00
1.2827868953e+00   1.3136389106e+00   1.1437372327e+00
1.2829096391e+00   1.3134294691e+00   1.1440619322e+00
1.2840637704e+00   1.3112456694e+00   1.1472942477e+00
1.2877542421e+00   1.2982428330e+00   1.1626390890e+00
1.2881282813e+00   1.2813933790e+00   1.1770614632e+00
1.2850989383e+00   1.2607852177e+00   1.1903209200e+00
1.2786158667e+00   1.2365669332e+00   1.2021917529e+00
1.2686694958e+00   1.2089463405e+00   1.2124684690e+00
1.2552940058e+00   1.1781868544e+00   1.2209708188e+00
1.2385689379e+00   1.1446017918e+00   1.2275481167e+00
1.2186193360e+00   1.1085468582e+00   1.2320826170e+00
1.1956143912e+00   1.0704111845e+00   1.2344917697e+00
1.1697646363e+00   1.0306073635e+00   1.2347292482e+00
1.1413178174e+00   9.8956099084e-01   1.2327847210e+00
1.1105536354e+00   9.4770021973e-01   1.2286824208e+00
1.0777776059e+00   9.0544581649e-01   1.2224786327e+00
1.0433143226e+00   8.6320213652e-01   1.2142582859e+00
1.0075004252e+00   8.2134935479e-01   1.2041308698e+00
1.0067556100e+00   8.2049922895e-01   1.2039045247e+00
9.9928485535e-01   8.1201573138e-01   1.2016003415e+00
9.6228189084e-01   7.7111503317e-01   1.1893146702e+00
9.2468554129e-01   7.3133514017e-01   1.1754305882e+00
8.8682517396e-01   6.9294354184e-01   1.1601054107e+00
8.4901552716e-01   6.5616787178e-01   1.1435017280e+00
8.1155223096e-01   6.2119609729e-01   1.1257834524e+00
7.7470826675e-01   5.8817787450e-01   1.1071123810e+00
7.3873138527e-01   5.5722684336e-01   1.0876453289e+00
7.0384245862e-01   5.2842363088e-01   1.0675318550e+00
6.7023470551e-01   5.0181934040e-01   1.0469125627e+00
6.3807370233e-01   4.7743932504e-01   1.0259179407e+00
6.0749807433e-01   4.5528707109e-01   1.0046676843e+00
6.0688958669e-01   4.5485680722e-01   1.0042308049e+00
6.0084408290e-01   4.5060515822e-01   9.9985883714e-01
5.7236225271e-01   4.3116094771e-01   9.7844234355e-01
5.4568459118e-01   4.1389301672e-01   9.5699702641e-01
5.2087345530e-01   3.9875970149e-01   9.3560760910e-01
4.9797205674e-01   3.8571238059e-01   9.1434890844e-01
4.7700688775e-01   3.7469828820e-01   8.9328657495e-01
4.5799018606e-01   3.6566300245e-01   8.7247792219e-01
4.4092237448e-01   3.5855261380e-01   8.5197280554e-01
4.2579442414e-01   3.5331558895e-01   8.3181451894e-01
4.1259010290e-01   3.4990435229e-01   8.1204068658e-01
4.0128808139e-01   3.4827661104e-01   7.9268413315e-01
3.9186387924e-01   3.4839645230e-01   7.7377372260e-01
3.8429164171e-01   3.5023524010e-01   7.5533516045e-01
3.7854574410e-01   3.5377233953e-01   7.3739175865e-01
3.7460222583e-01   3.5899569263e-01   7.1996516563e-01
3.7244006045e-01   3.6590226808e-01   7.0307606639e-01
3.7204226985e-01   3.7449840288e-01   6.8674485966e-01
3.7339689260e-01   3.8480005058e-01   6.7099232069e-01
3.7649781671e-01   3.9683294632e-01   6.5584025908e-01
3.8134548676e-01   4.1063269420e-01   6.4131218200e-01
3.8794749394e-01   4.2624477782e-01   6.2743397366e-01
3.9631905592e-01   4.4372448927e-01   6.1423460224e-01
4.0648339069e-01   4.6313676602e-01   6.0174686577e-01
4.1847198535e-01   4.8455591861e-01   5.9000818834e-01
4.3232475706e-01   5.0806522433e-01   5.7906147807e-01
4.4809009849e-01   5.3375635351e-01   5.6895605754e-01
4.6582479477e-01   5.6172858475e-01   5.5974867684e-01
4.8559379237e-01   5.9208775366e-01   5.5150461712e-01
5.0746979274e-01   6.2494486561e-01   5.4429889035e-01
5.3153263469e-01   6.6041428741e-01   5.3821753640e-01
5.5786841899e-01   6.9861141459e-01   5.3335901214e-01
5.8656831696e-01   7.3964969140e-01   5.2983565824e-01
6.1772699138e-01   7.8363684000e-01   5.2777521655e-01
6.1839116618e-01   7.8456875566e-01   5.2774933228e-01
6.2509197587e-01   7.9395830101e-01   5.2752779181e-01
6.5939391392e-01   8.4168848767e-01   5.2745985927e-01
6.9636631348e-01   8.9256030804e-01   5.2920139311e-01
7.3609791692e-01   9.4662476244e-01   5.3293912798e-01
7.7866777661e-01   1.0038986237e+00   5.3888041676e-01
8.2413993980e-01   1.0643536665e+00   5.4725359211e-01
8.7255699099e-01   1.1279039734e+00   5.5830757204e-01
9.2393230215e-01   1.1943912087e+00   5.7231040428e-01
9.2501475311e-01   1.1957813085e+00   5.7262981759e-01
9.3590686314e-01   1.2097439228e+00   5.7589899079e-01
9.9086765564e-01   1.2794813613e+00   5.9390347766e-01
1.0486629084e+00   1.3514559439e+00   6.1550435599e-01
1.1091415202e+00   1.4251526768e+00   6.4100138922e-01
1.1720740328e+00   1.4999029832e+00   6.7068584652e-01
1.2371374000e+00   1.5748644415e+00   7.0482611890e-01
1.2384886655e+00   1.5763941799e+00   7.0557319996e-01
1.2520397596e+00   1.5916708312e+00   7.1315242929e-01
1.3191116339e+00   1.6654606947e+00   7.5305541119e-01
1.3871794026e+00   1.7368812082e+00   7.9782995161e-01
1.4555117928e+00   1.8044373683e+00   8.4752446978e-01
1.5232234100e+00   1.8664343798e+00   9.0205985774e-01
1.5892687131e+00   1.9210032758e+00   9.6119744671e-01
1.5905950506e+00   1.9220288242e+00   9.6245339982e-01
1.6037901199e+00   1.9320633288e+00   9.7510849445e-01
1.6661367896e+00   1.9748003582e+00   1.0392777738e+00
1.7239381619e+00   2.0055890347e+00   1.1067966217e+00
1.7756945315e+00   2.0224207513e+00   1.1767309326e+00
1.8198294306e+00   2.0234549029e+00   1.2479104128e+00
1.8547447310e+00   2.0071474594e+00   1.3189482113e+00
1.8788892074e+00   1.9723821134e+00   1.3882830837e+00
1.8908373899e+00   1.9185900090e+00   1.4542447909e+00
1.8909455838e+00   1.9172894885e+00   1.4555478239e+00
1.8917158367e+00   1.9038469383e+00   1.4684580827e+00
1.8870924260e+00   1.8269110917e+00   1.5279848810e+00
1.8679719591e+00   1.7320485851e+00   1.5804869509e+00
1.8338823870e+00   1.6208563259e+00   1.6245854208e+00
1.7847757710e+00   1.4955352065e+00   1.6592007161e+00
1.7836157389e+00   1.4928404917e+00   1.6598045695e+00
1.7716788602e+00   1.4656343001e+00   1.6656065233e+00
1.7047603290e+00   1.3266882451e+00   1.6876802667e+00
1.6242991827e+00   1.1799756388e+00   1.6992600872e+00
1.5316062185e+00   1.0286102903e+00   1.7005617591e+00
1.5295920109e+00   1.0254847915e+00   1.7004846444e+00
1.5092083815e+00   9.9419801207e-01   1.6994912140e+00
1.4066353465e+00   8.4519997624e-01   1.6894310063e+00
1.2930667344e+00   6.9383424527e-01   1.6706603153e+00
1.2906684704e+00   6.9076969387e-01   1.6701946765e+00
1.2665425856e+00   6.6021938733e-01   1.6653703186e+00
1.1527542685e+00   5.2246185593e-01   1.6395480979e+00
1.0327996776e+00   3.8722421001e-01   1.6078222704e+00
9.0585549474e-01   2.5366975887e-01   1.5703631620e+00
9.0324666611e-01   2.5101868474e-01   1.5695581407e+00
8.7715183568e-01   2.2469738159e-01   1.5614357315e+00
7.5459690108e-01   1.0561207304e-01   1.5217421086e+00
6.3226806425e-01   -6.4242595027e-03   1.4799974102e+00
5.0898906008e-01   -1.1318000946e-01   1.4362773431e+00
5.0650116775e-01   -1.1527559853e-01   1.4353810466e+00
4.8171006365e-01   -1.3603614661e-01   1.4264232953e+00
3.6310334559e-01   -2.3244307210e-01   1.3829917108e+00
2.4917607450e-01   -3.2086671120e-01   1.3406186397e+00
1.4046576345e-01   -4.0185582391e-01   1.2998844768e+00
1.3829764422e-01   -4.0344029426e-01   1.2990711173e+00
1.1674523987e-01   -4.1912906211e-01   1.2909865029e+00
1.4868652779e-02   -4.9185557029e-01   1.2528555363e+00
-8.1272165528e-02   -5.5855830973e-01   1.2171964250e+00
-1.7168505675e-01   -6.1987742519e-01   1.1842166914e+00
-2.5648765919e-01   -6.7642363435e-01   1.1540450692e+00
-2.5816626915e-01   -6.7753535852e-01   1.1534573418e+00
-2.7482805120e-01   -6.8855678621e-01   1.1476464617e+00
-3.5303808249e-01   -7.4002271368e-01   1.1209997726e+00
-4.2616554906e-01   -7.8790405938e-01   1.0972423328e+00
-4.9451773558e-01   -8.3264277991e-01   1.0763470853e+00
-5.5842027790e-01   -8.7462013421e-01   1.0582614850e+00
-6.1820312761e-01   -9.1415688993e-01   1.0429147509e+00
-6.7418917032e-01   -9.5151481670e-01   1.0302233569e+00
-7.2668521133e-01   -9.8689901385e-01   1.0200949945e+00
-7.2772539568e-01   -9.8760386736e-01   1.0199137528e+00
-7.3805391050e-01   -9.9461073009e-01   1.0181579525e+00
-7.8665811882e-01   -1.0277777387e+00   1.0110350953e+00
-8.3236492277e-01   -1.0592389659e+00   1.0062501826e+00
-8.7539046130e-01   -1.0890376766e+00   1.0036956260e+00
-9.1591620959e-01   -1.1171743212e+00   1.0032599770e+00
-9.5408787941e-01   -1.1436103575e+00   1.0048273178e+00
-9.9001521417e-01   -1.1682723127e+00   1.0082762981e+00
-1.0237725677e+00   -1.1910561415e+00   1.0134789531e+00
-1.0554001856e+00   -1.2118319427e+00   1.0202994276e+00
-1.0849061338e+00   -1.2304490842e+00   1.0285927273e+00
-1.1122688337e+00   -1.2467417702e+00   1.0382036151e+00
-1.1374401775e+00   -1.2605350542e+00   1.0489657655e+00
-1.1603491959e+00   -1.2716512661e+00   1.0607012826e+00
-1.1809062487e+00   -1.2799167800e+00   1.0732206815e+00
-1.1990076948e+00   -1.2851690010e+00   1.0863234134e+00
-1.2145409813e+00   -1.2872634043e+00   1.0997989980e+00
-1.2273900668e+00   -1.2860804122e+00   1.1134287919e+00
-1.2374410717e+00   -1.2815318847e+00   1.1269884197e+00
-1.2376168261e+00   -1.2814031973e+00   1.1272636562e+00
-1.2393072287e+00   -1.2800374527e+00   1.1300087391e+00
-1.2457869282e+00   -1.2713004100e+00   1.1431728640e+00
-1.2492517874e+00   -1.2591423542e+00   1.1557630645e+00
-1.2496333710e+00   -1.2436109180e+00   1.1675595846e+00
-1.2468882552e+00   -1.2248020256e+00   1.1783526976e+00
-1.2410022093e+00   -1.2028601665e+00   1.1879470092e+00
-1.2319935301e+00   -1.1779769805e+00   1.1961655886e+00
-1.2199153786e+00   -1.1503881723e+00   1.2028537216e+00
-1.2048570095e+00   -1.1203688707e+00   1.2078820930e+00
-1.1869438314e+00   -1.0882276343e+00   1.2111492346e+00
-1.1663362888e+00   -1.0542993847e+00   1.2125831169e+00
-1.1432276163e+00   -1.0189376056e+00   1.2121418139e+00
-1.1178405670e+00   -9.8250617783e-01   1.2098132249e+00
-1.0904232690e+00   -9.4537122722e-01   1.2056138954e+00
-1.0612443980e+00   -9.0789334002e-01   1.1995870276e+00
-1.0305878840e+00   -8.7042045757e-01   1.1917998120e+00
-9.9874737767e-01   -8.3328169899e-01   1.1823402419e+00
-9.6602070181e-01   -7.9678228853e-01   1.1713135847e+00
-9.6534362518e-01   -7.9604382601e-01   1.1710723180e+00
-9.5855983992e-01   -7.8868088103e-01   1.1686264925e+00
-9.2515127028e-01   -7.5333991789e-01   1.1558429735e+00
-8.9150774232e-01   -7.1921409386e-01   1.1417699396e+00
-8.5790618386e-01   -6.8651137010e-01   1.1265434402e+00
-8.2460833098e-01   -6.5540757666e-01   1.1103019015e+00
-7.9185778353e-01   -6.2604722995e-01   1.0931832945e+00
-7.5987780169e-01   -5.9854512344e-01   1.0753227260e+00
-7.2886983395e-01   -5.7298852296e-01   1.0568504744e+00
-6.9901273858e-01   -5.4943980054e-01   1.0378904710e+00
-6.7046263903e-01   -5.2793935234e-01   1.0185592031e+00
-6.4335333821e-01   -5.0850866326e-01   9.9896500496e-01
-6.1779720762e-01   -4.9115340204e-01   9.7920769153e-01
-5.9388646335e-01   -4.7586645239e-01   9.5937848412e-01
-5.7169474205e-01   -4.6263080793e-01   9.3956017838e-01
-5.5127889413e-01   -4.5142227436e-01   9.1982750464e-01
-5.5087984879e-01   -4.5121381032e-01   9.1942495611e-01
-5.4693137982e-01   -4.4917516775e-01   9.1540312483e-01
-5.2874717449e-01   -4.4041051508e-01   8.9586620402e-01
-5.1241500415e-01   -4.3360554029e-01   8.7655499082e-01
-4.9795106046e-01   -4.2872856908e-01   8.5752215340e-01
-4.8536316586e-01   -4.2574956728e-01   8.3881501070e-01
-4.7465268729e-01   -4.2464159932e-01   8.2047629494e-01
-4.6581634869e-01   -4.2538206727e-01   8.0254491991e-01
-4.5884792296e-01   -4.2795374746e-01   7.8505674513e-01
-4.5373979031e-01   -4.3234564177e-01   7.6804533051e-01
-4.5048435541e-01   -4.3855366010e-01   7.5154267930e-01
-4.4907531989e-01   -4.4658114880e-01   7.3557997055e-01
-4.4950880947e-01   -4.5643927684e-01   7.2018828423e-01
-4.5178435728e-01   -4.6814728816e-01   7.0539932415e-01
-4.5590574551e-01   -4.8173262440e-01   6.9124614517e-01
-4.6188170760e-01   -4.9723091757e-01   6.7776389192e-01
-4.6972649206e-01   -5.1468584635e-01   6.6499055690e-01
-4.7946028743e-01   -5.3414884425e-01   6.5296776591e-01
-4.9110950498e-01   -5.5567864033e-01   6.4174159799e-01
-5.0470691236e-01   -5.7934060598e-01   6.3136344684e-01
-5.2029160718e-01   -6.0520587243e-01   6.2189092843e-01
-5.3790881429e-01   -6.3335017433e-01   6.1338883774e-01
-5.5760948446e-01   -6.6385236390e-01   6.0593015378e-01
-5.7944966534e-01   -6.9679252885e-01   5.9959708782e-01
-6.0348960770e-01   -7.3224963497e-01   5.9448216287e-01
-6.2979256134e-01   -7.7029860122e-01   5.9068930437e-01
-6.5842320556e-01   -8.1100670282e-01   5.8833491057e-01
-6.8944564943e-01   -8.5442918607e-01   5.8754885697e-01
-7.2292092559e-01   -9.0060395629e-01   5.8847536143e-01
-7.2363218335e-01   -9.0157804857e-01   5.8851330761e-01
-7.3080266753e-01   -9.1138278696e-01   5.8893619407e-01
-7.6735692958e-01   -9.6094597569e-01   5.9217949808e-01
-8.0647209314e-01   -1.0132497707e+00   5.9751058303e-01
-8.4817458774e-01   -1.0682268927e+00   6.0512252975e-01
-8.9246955256e-01   -1.1257574414e+00   6.1522248406e-01
-9.3933420895e-01   -1.1856570410e+00   6.2802971262e-01
-9.8871018431e-01   -1.2476636905e+00   6.4377243329e-01
-1.0404947616e+00   -1.3114235413e+00   6.6268310425e-01
-1.0415789493e+00   -1.3127439765e+00   6.6310492442e-01
-1.0524724864e+00   -1.3259773614e+00   6.6740188627e-01
-1.1069877929e+00   -1.3912452049e+00   6.9050655652e-01
-1.1634731382e+00   -1.4570741318e+00   7.1727486283e-01
-1.2216118374e+00   -1.5227141178e+00   7.4789629174e-01
-1.2809967297e+00   -1.5872657196e+00   7.8252012254e-01
-1.3411190323e+00   -1.6496734809e+00   8.2123788601e-01
-1.4013585637e+00   -1.7087258385e+00   8.6406330277e-01
-1.4025879036e+00   -1.7098902731e+00   8.6498243186e-01
-1.4148656897e+00   -1.7214235102e+00   8.7426636097e-01
-1.4742292152e+00   -1.7744990617e+00   9.2199503636e-01
-1.5318995212e+00   -1.8210253058e+00   9.7347094803e-01
-1.5868694351e+00   -1.8594078968e+00   1.0283066967e+00
-1.6380237874e+00   -1.8880210249e+00   1.0859493258e+00
-1.6841589792e+00   -1.9052750964e+00   1.1456700382e+00
-1.7240123706e+00   -1.9096979075e+00   1.2065638506e+00
-1.7563017984e+00   -1.9000251907e+00   1.2675620653e+00
-1.7568748415e+00   -1.8996725818e+00   1.2688035079e+00
-1.7623996166e+00   -1.8957972550e+00   1.2811903561e+00
-1.7837218879e+00   -1.8675807319e+00   1.3406633092e+00
-1.7948158624e+00   -1.8236637500e+00   1.3974376967e+00
-1.7947026279e+00   -1.7640438903e+00   1.4501802935e+00
-1.7826232330e+00   -1.6892311979e+00   1.4976066272e+00
-1.7580915053e+00   -1.6002518643e+00   1.5385548503e+00
-1.7209345938e+00   -1.4986128871e+00   1.5720559847e+00
-1.7200426907e+00   -1.4964129792e+00   1.5726584435e+00
-1.7108364898e+00   -1.4741696691e+00   1.5784932481e+00
-1.6584701709e+00   -1.3596636874e+00   1.6019222190e+00
-1.5943059905e+00   -1.2371587865e+00   1.6167094264e+00
-1.5192385297e+00   -1.1090715180e+00   1.6228113039e+00
-1.4344357965e+00   -9.7783302924e-01   1.6204850300e+00
-1.4326076352e+00   -9.7513030118e-01   1.6203526636e+00
-1.4141360700e+00   -9.4808851854e-01   1.6188476955e+00
-1.3193089335e+00   -8.1613378130e-01   1.6069352137e+00
-1.2180206218e+00   -6.8589417770e-01   1.5880564519e+00
-1.1118871731e+00   -5.5911427940e-01   1.5631433584e+00
-1.1096754067e+00   -5.5656569871e-01   1.5625774252e+00
-1.0874862571e+00   -5.3119487694e-01   1.5568043562e+00
-9.7760223912e-01   -4.1052750476e-01   1.5258864473e+00
-8.6635105333e-01   -2.9595615067e-01   1.4912242253e+00
-7.5512017317e-01   -1.8811386756e-01   1.4538240799e+00
-7.5285241378e-01   -1.8597942726e-01   1.4530366401e+00
-7.3020600869e-01   -1.6479857962e-01   1.4451225879e+00
-6.2065185071e-01   -6.5625629774e-02   1.4056352772e+00
-5.1359427034e-01   2.6425384637e-02   1.3653636091e+00
-4.0984086126e-01   1.1152878366e-01   1.3250161008e+00
-4.0775620846e-01   1.1320035760e-01   1.3241937773e+00
-3.8700140824e-01   1.2976400404e-01   1.3159837378e+00
-2.8812123442e-01   2.0680971851e-01   1.2763438825e+00
-1.9368136277e-01   2.7777223503e-01   1.2378055245e+00
-1.0392714043e-01   3.4316382563e-01   1.2007331274e+00
-1.8966100665e-02   4.0352888976e-01   1.1654042943e+00
-1.7277124563e-02   4.0471595877e-01   1.1647008689e+00
-4.9767011011e-04   4.1648461248e-01   1.1577119159e+00
7.8613774292e-02   4.7144455180e-01   1.1247899227e+00
1.5308135379e-01   5.2259470442e-01   1.0939813311e+00
2.2310078109e-01   5.7045047121e-01   1.0653686504e+00
2.8892161256e-01   6.1549452457e-01   1.0389978186e+00
3.5083135709e-01   6.5817149383e-01   1.0148873457e+00
4.0914167309e-01   6.9888484141e-01   9.9303603631e-01
4.1029995997e-01   6.9970034650e-01   9.9261225082e-01
4.2180795778e-01   7.0781917559e-01   9.8842610295e-01
4.7615051306e-01   7.4661405490e-01   9.6932188576e-01
5.2761732845e-01   7.8418910239e-01   9.5243359931e-01
5.7652722793e-01   8.2080913193e-01   9.3773355199e-01
6.2318555301e-01   8.5669655001e-01   9.2519320048e-01
6.6787908875e-01   8.9203201675e-01   9.1478503855e-01
7.1087200582e-01   9.2695506630e-01   9.0648375312e-01
7.5240262237e-01   9.6156460344e-01   9.0026674275e-01
7.9268081430e-01   9.9591923889e-01   8.9611407522e-01
8.3188592987e-01   1.0300374650e+00   8.9400794513e-01
8.7016509349e-01   1.0638977076e+00   8.9393167847e-01
8.7093985448e-01   1.0645877677e+00   8.9395120119e-01
8.7866898561e-01   1.0714809206e+00   8.9419278882e-01
9.1596488809e-01   1.1049369640e+00   8.9658016707e-01
9.5253993404e-01   1.1379432990e+00   9.0095663783e-01
9.8842905173e-01   1.1703494971e+00   9.0729765906e-01
1.0236306683e+00   1.2019659774e+00   9.1557139201e-01
1.0581063329e+00   1.2325651301e+00   9.2573589787e-01
1.0917806684e+00   1.2618831460e+00   9.3773613280e-01
1.1245417360e+00   1.2896227501e+00   9.5150082573e-01
1.1562419176e+00   1.3154570249e+00   9.6693934871e-01
1.1866994337e+00   1.3390344956e+00   9.8393871799e-01
1.2157006201e+00   1.3599856049e+00   1.0023608921e+00
1.2430030835e+00   1.3779306518e+00   1.0220405592e+00
1.2683398404e+00   1.3924891832e+00   1.0427836237e+00
1.2914245131e+00   1.4032907279e+00   1.0643666114e+00
1.3119576158e+00   1.4099866421e+00   1.0865371994e+00
1.3123491329e+00   1.4100785431e+00   1.0869952472e+00
1.3161978830e+00   1.4108950522e+00   1.0915823228e+00
1.3331888794e+00   1.4121371259e+00   1.1140895593e+00
1.3469534694e+00   1.4086400759e+00   1.1365309664e+00
1.3572045289e+00   1.4002117874e+00   1.1585810806e+00
1.3636783883e+00   1.3867337225e+00   1.1799033017e+00
1.3661446056e+00   1.3681701042e+00   1.2001576793e+00
1.3644154022e+00   1.3445744701e+00   1.2190096553e+00
1.3583543002e+00   1.3160930053e+00   1.2361393595e+00
1.3478834902e+00   1.2829642381e+00   1.2512509731e+00
1.3329894858e+00   1.2455149095e+00   1.2640816241e+00
1.3137266961e+00   1.2041520902e+00   1.2744092816e+00
1.2902186446e+00   1.1593518951e+00   1.2820591577e+00
1.2626567018e+00   1.1116453937e+00   1.2869082281e+00
1.2312963448e+00   1.0616025195e+00   1.2888876096e+00
1.1964511128e+00   1.0098149075e+00   1.2879826977e+00
1.1584845657e+00   9.5687863367e-01   1.2842311288e+00
1.1178006691e+00   9.0337778289e-01   1.2777187829e+00
1.1169424994e+00   9.0228070396e-01   1.2775574775e+00
1.1083089805e+00   8.9131083866e-01   1.2758839745e+00
1.0648891448e+00   8.3787413129e-01   1.2661681922e+00
1.0197410519e+00   7.8505825650e-01   1.2540256712e+00
9.7332432211e-01   7.3331984536e-01   1.2396543597e+00
9.2609285904e-01   6.8305814578e-01   1.2232709850e+00
8.7848531376e-01   6.3461147489e-01   1.2051035218e+00
8.3091685275e-01   5.8825625878e-01   1.1853842431e+00
7.8377242817e-01   5.4420831616e-01   1.1643435975e+00
7.3740164453e-01   5.0262597025e-01   1.1422050693e+00
7.3646277015e-01   5.0180135834e-01   1.1417419437e+00
7.2709963956e-01   4.9361472661e-01   1.1370906951e+00
6.8209607962e-01   4.5519174404e-01   1.1138952404e+00
6.3850172392e-01   4.1940451587e-01   1.0900551354e+00
5.9653554177e-01   3.8626077084e-01   1.0657486950e+00
5.5637580586e-01   3.5573430561e-01   1.0411367079e+00
5.1816185571e-01   3.2777108821e-01   1.0163621422e+00
4.8199660480e-01   3.0229504408e-01   9.9155042838e-01
4.4794958972e-01   2.7921338717e-01   9.6681018651e-01
4.1606037571e-01   2.5842141162e-01   9.4223427007e-01
3.8634215556e-01   2.3980670362e-01   9.1790101878e-01
3.5878540337e-01   2.2325276716e-01   8.9387562703e-01
3.3336147106e-01   2.0864208348e-01   8.7021155456e-01
3.3286303121e-01   2.0836247814e-01   8.6973124452e-01
3.2792669034e-01   2.0560831263e-01   8.6493755339e-01
3.0505408162e-01   1.9322063407e-01   8.4177399000e-01
2.8419904896e-01   1.8252308126e-01   8.1905555913e-01
2.6529367170e-01   1.7340972633e-01   7.9680705575e-01
2.4826387876e-01   1.6578130742e-01   7.7504692794e-01
2.3303180761e-01   1.5954610133e-01   7.5378829487e-01
2.1951787563e-01   1.5462054453e-01   7.3303985353e-01
2.0764257469e-01   1.5092964972e-01   7.1280667788e-01
1.9732800559e-01   1.4840726031e-01   6.9309091791e-01
1.8849917344e-01   1.4699618036e-01   6.7389240726e-01
1.8108506728e-01   1.4664821241e-01   6.5520918979e-01
1.7501954853e-01   1.4732413120e-01   6.3703797550e-01
1.7024207303e-01   1.4899361697e-01   6.1937453621e-01
1.6669827091e-01   1.5163516814e-01   6.0221405135e-01
1.6434040750e-01   1.5523601009e-01   5.8555141340e-01
1.6312774691e-01   1.5979201333e-01   5.6938150209e-01
1.6302683821e-01   1.6530763226e-01   5.5369943608e-01
1.6401174263e-01   1.7179587320e-01   5.3850081007e-01
1.6606421790e-01   1.7927829837e-01   5.2378192519e-01
1.6917387427e-01   1.8778507112e-01   5.0954002001e-01
1.7333831498e-01   1.9735504581e-01   4.9577350959e-01
1.7856327196e-01   2.0803590439e-01   4.8248223995e-01
1.8486274604e-01   2.1988434053e-01   4.6966776577e-01
1.9225915931e-01   2.3296629020e-01   4.5733365915e-01
2.0078352536e-01   2.4735720652e-01   4.4548585842e-01
2.1047564189e-01   2.6314237419e-01   4.3413306659e-01
2.2138430803e-01   2.8041725696e-01   4.2328720996e-01
2.3356756712e-01   2.9928786830e-01   4.1296396919e-01
2.4709297321e-01   3.1987115185e-01   4.0318339610e-01
2.6203787749e-01   3.4229535340e-01   3.9397063167e-01
2.7848972711e-01   3.6670035994e-01   3.8535674227e-01
2.9654636587e-01   3.9323797359e-01   3.7737969325e-01
3.1631632093e-01   4.2207207800e-01   3.7008548090e-01
3.3791905426e-01   4.5337864247e-01   3.6352944532e-01
3.6148511168e-01   4.8734498378e-01   3.5777886015e-01
3.6198899221e-01   4.8806943587e-01   3.5767007853e-01
3.6707656758e-01   4.9538020542e-01   3.5660275235e-01
3.9324230365e-01   5.3287743164e-01   3.5194657968e-01
4.2170175699e-01   5.7349074652e-01   3.4829012278e-01
4.5262089478e-01   6.1743948630e-01   3.4574752263e-01
4.8617571673e-01   6.6494860333e-01   3.4445281502e-01
5.2255115889e-01   7.1624506880e-01   3.4456279289e-01
5.6193943643e-01   7.7155294647e-01   3.4626012965e-01
6.0453765823e-01   8.3108679232e-01   3.4975671627e-01
6.5054450908e-01   8.9504297167e-01   3.5529712401e-01
7.0015575278e-01   9.6358842018e-01   3.6316204780e-01
7.0121027830e-01   9.6504043737e-01   3.6334950157e-01
7.1184327837e-01   9.7966950744e-01   3.6528555164e-01
7.6612372033e-01   1.0539995809e+00   3.7643887111e-01
8.2440068689e-01   1.1331066417e+00   3.9068617152e-01
8.8681010359e-01   1.2169456398e+00   4.0844282524e-01
9.5344543012e-01   1.3053537029e+00   4.3016733100e-01
1.0243413039e+00   1.3980167569e+00   4.5635801968e-01
1.0258368907e+00   1.3999548372e+00   4.5694448002e-01
1.0408899504e+00   1.4194213611e+00   4.6292523974e-01
1.1169357332e+00   1.5165877523e+00   4.9531400817e-01
1.1970018760e+00   1.6165656222e+00   5.3337651131e-01
1.2807789410e+00   1.7182691639e+00   5.7766220968e-01
1.3677894865e+00   1.8202757258e+00   6.2868687882e-01
1.3695999695e+00   1.8223549828e+00   6.2980502637e-01
1.3877626025e+00   1.8431099908e+00   6.4115297088e-01
1.4777851326e+00   1.9429906834e+00   7.0102549626e-01
1.5692038376e+00   2.0386059009e+00   7.6844612794e-01
1.6607701684e+00   2.1272308764e+00   8.4349638372e-01
1.6626357210e+00   2.1289507164e+00   8.4511155491e-01
1.6812563487e+00   2.1459105677e+00   8.6143468009e-01
1.7708629568e+00   2.2216887937e+00   9.4553839740e-01
1.8567533884e+00   2.2831184232e+00   1.0363672835e+00
1.9367068365e+00   2.3265485131e+00   1.1328668271e+00
2.0082489302e+00   2.3483679453e+00   1.2335076404e+00
2.0096070855e+00   2.3485647347e+00   1.2355976503e+00
2.0229286396e+00   2.3499512020e+00   1.2565433080e+00
2.0805388400e+00   2.3408244262e+00   1.3594628789e+00
2.1237535388e+00   2.3035308032e+00   1.4614346952e+00
2.1499646146e+00   2.2364599821e+00   1.5595802039e+00
2.1568482773e+00   2.1392070445e+00   1.6508672647e+00
2.1567732602e+00   2.1369053905e+00   1.6526430433e+00
2.1555306855e+00   2.1132161364e+00   1.6701684030e+00
2.1362625836e+00   1.9804487368e+00   1.7490348957e+00
2.0944053659e+00   1.8215649869e+00   1.8148855228e+00
2.0296769689e+00   1.6405012996e+00   1.8657552741e+00
2.0281155786e+00   1.6365964593e+00   1.8666302274e+00
2.0119878355e+00   1.5971587656e+00   1.8750038186e+00
1.9394723631e+00   1.4355339970e+00   1.9012884468e+00
1.8457500355e+00   1.2522736127e+00   1.9175947030e+00
1.8433721379e+00   1.2479006430e+00   1.9178275945e+00
1.8191583033e+00   1.2040271541e+00   1.9197860517e+00
1.7267190043e+00   1.0461452900e+00   1.9214065827e+00
1.6200754366e+00   8.7927627675e-01   1.9145376024e+00
1.6171092813e+00   8.7483192865e-01   1.9142407253e+00
1.5871278490e+00   8.3044936968e-01   1.9109618418e+00
1.4819993494e+00   6.8195178964e-01   1.8959397605e+00
1.3675749418e+00   5.3129064898e-01   1.8745579215e+00
1.3642279893e+00   5.2703723974e-01   1.8738670658e+00
1.3305646438e+00   4.8470920469e-01   1.8667352725e+00
1.2167316764e+00   3.4730499435e-01   1.8404126712e+00
1.0970171133e+00   2.1141547539e-01   1.8097137792e+00
1.0934739942e+00   2.0751718492e-01   1.8087658858e+00
1.0579697790e+00   1.6882588761e-01   1.7991569349e+00
9.3782413242e-01   4.2672293284e-02   1.7653204928e+00
8.1440385384e-01   -7.9841500759e-02   1.7288690960e+00
8.1082712272e-01   -8.3292177606e-02   1.7277923284e+00
7.7509167739e-01   -1.1747269634e-01   1.7169807543e+00
6.5031512286e-01   -2.3277746056e-01   1.6785955538e+00
5.2457988803e-01   -3.4303672120e-01   1.6392472742e+00
5.2111043337e-01   -3.4599964706e-01   1.6381559759e+00
4.8653024944e-01   -3.7530644351e-01   1.6272698953e+00
3.5853499903e-01   -4.8035357875e-01   1.5869457838e+00
2.3194010812e-01   -5.7925342489e-01   1.5473189418e+00
9.2783205007e-02   -6.8266495695e-01   1.5045339758e+00
8.9683124711e-02   -6.8490859306e-01   1.5035941074e+00
5.8871950373e-02   -7.0706951330e-01   1.4942908052e+00
-7.1285910531e-02   -7.9798466746e-01   1.4558794590e+00
-1.9606788422e-01   -8.8119973213e-01   1.4207717367e+00
-3.2536579420e-01   -9.6349358768e-01   1.3867399608e+00
-3.2791637115e-01   -9.6507703939e-01   1.3860970953e+00
-3.5320932430e-01   -9.8069556451e-01   1.3797879748e+00
-4.7121098492e-01   -1.0515195210e+00   1.3520926029e+00
-5.8003875823e-01   -1.1137099548e+00   1.3295350299e+00
-6.7983828372e-01   -1.1677896639e+00   1.3119476992e+00
-7.7081109631e-01   -1.2141621977e+00   1.2990622217e+00
-7.7258269934e-01   -1.2150331973e+00   1.2988452307e+00
-7.9010098298e-01   -1.2235730255e+00   1.2967750299e+00
-8.7057015886e-01   -1.2608970084e+00   1.2891677264e+00
-9.4272182750e-01   -1.2910521729e+00   1.2854002047e+00
-1.0067720899e+00   -1.3141632877e+00   1.2849996185e+00
-1.0629167643e+00   -1.3303145231e+00   1.2874568867e+00
-1.1113299554e+00   -1.3395731566e+00   1.2922370361e+00
-1.1521670340e+00   -1.3420125428e+00   1.2987891935e+00
-1.1855710164e+00   -1.3377333051e+00   1.3065566614e+00
-1.2116813358e+00   -1.3268817906e+00   1.3149873022e+00
-1.2306440155e+00   -1.3096649324e+00   1.3235442365e+00
-1.2426222889e+00   -1.2863608144e+00   1.3317166713e+00
-1.2478067763e+00   -1.2573244396e+00   1.3390305032e+00
-1.2464244192e+00   -1.2229884700e+00   1.3450582337e+00
-1.2387455026e+00   -1.1838590121e+00   1.3494276750e+00
-1.2250882574e+00   -1.1405068428e+00   1.3518289423e+00
-1.2058207212e+00   -1.0935547739e+00   1.3520193015e+00
-1.1813597442e+00   -1.0436621021e+00   1.3498255790e+00
-1.1521672286e+00   -9.9150725770e-01   1.3451440060e+00
-1.1187438819e+00   -9.3776983003e-01   1.3379375577e+00
-1.0816209185e+00   -8.8311310962e-01   1.3282310251e+00
-1.0413502628e+00   -8.2816814984e-01   1.3161042045e+00
-9.9849386309e-01   -7.7352014325e-01   1.3016836968e+00
-9.5361274036e-01   -7.1969765337e-01   1.2851338608e+00
-9.0725635417e-01   -6.6716497552e-01   1.2666474625e+00
-9.0629579147e-01   -6.6610600634e-01   1.2662502866e+00
-8.9666936233e-01   -6.5555596354e-01   1.2622391786e+00
-8.4922244987e-01   -6.0513548696e-01   1.2416704030e+00
-8.0143374842e-01   -5.5678921563e-01   1.2196506255e+00
-7.5375516239e-01   -5.1075799541e-01   1.1964054096e+00
-7.0659511107e-01   -4.6721768813e-01   1.1721556225e+00
-6.6031517024e-01   -4.2628437331e-01   1.1471124611e+00
-6.1522833612e-01   -3.8802059638e-01   1.1214737107e+00
-5.7159876716e-01   -3.5244220920e-01   1.0954211607e+00
-5.2964280959e-01   -3.1952541286e-01   1.0691190515e+00
-5.2880272735e-01   -3.1887905684e-01   1.0685790995e+00
-5.2044476524e-01   -3.1247544646e-01   1.0631774845e+00
-4.8076739511e-01   -2.8273970944e-01   1.0367667920e+00
-4.4308529803e-01   -2.5550479132e-01   1.0104067212e+00
-4.0747868634e-01   -2.3066419463e-01   9.8420368214e-01
-3.7399331953e-01   -2.0809790692e-01   9.5824775500e-01
-3.4264465343e-01   -1.8767701207e-01   9.3261399746e-01
-3.1342200899e-01   -1.6926762308e-01   9.0736388758e-01
-2.8629263896e-01   -1.5273416367e-01   8.8254681570e-01
-2.6120559902e-01   -1.3794204499e-01   8.5820156036e-01
-2.3809535582e-01   -1.2475979574e-01   8.3435770108e-01
-2.1688508754e-01   -1.1306070927e-01   8.1103693618e-01
-1.9748965164e-01   -1.0272407280e-01   7.8825428644e-01
-1.7981821067e-01   -9.3636041684e-02   7.6601917545e-01
-1.6377651917e-01   -8.5690217878e-02   7.4433638484e-01
-1.4926888438e-01   -7.8787986182e-02   7.2320688808e-01
-1.3619981976e-01   -7.2838651260e-02   7.0262856134e-01
-1.3594665663e-01   -7.2726225138e-02   7.0221305111e-01
-1.3344583448e-01   -7.1621853990e-02   6.9807053815e-01
-1.2201151125e-01   -6.6727950897e-02   6.7816102116e-01
-1.1181055973e-01   -6.2613353195e-02   6.5878983362e-01
-1.0275624925e-01   -5.9212321995e-02   6.3994861296e-01
-9.4766243178e-02   -5.6466358510e-02   6.2162791071e-01
-8.7763075531e-02   -5.4323889081e-02   6.0381747968e-01
-8.1674485384e-02   -5.2739932925e-02   5.8650650966e-01
-7.6433632365e-02   -5.1675765990e-02   5.6968381996e-01
-7.1979214734e-02   -5.1098591639e-02   5.5333801601e-01
-6.8255509323e-02   -5.0981226515e-02   5.3745761632e-01
-6.5212350545e-02   -5.1301808113e-02   5.2203115548e-01
-6.2805063585e-02   -5.2043528990e-02   5.0704726770e-01
-6.0994365020e-02   -5.3194401333e-02   4.9249475510e-01
-5.9746242284e-02   -5.4747054633e-02   4.7836264417e-01
-5.9031821801e-02   -5.6698568434e-02   4.6464023330e-01
-5.8827234174e-02   -5.9050341602e-02   4.5131713395e-01
-5.9113483517e-02   -6.1807999123e-02   4.3838330771e-01
-5.9876326941e-02   -6.4981337197e-02   4.2582910125e-01
-6.1106169241e-02   -6.8584307206e-02   4.1364528086e-01
-6.2797977030e-02   -7.2635039104e-02   4.0182306836e-01
-6.4951215924e-02   -7.7155904723e-02   3.9035418004e-01
-6.7569813808e-02   -8.2173621601e-02   3.7923087022e-01
-7.0662152822e-02   -8.7719397974e-02   3.6844598125e-01
-7.4241092339e-02   -9.3829119758e-02   3.5799300186e-01
-7.8324024962e-02   -1.0054358041e-01   3.4786613585e-01
-8.2932967402e-02   -1.0790875474e-01   3.3806038368e-01
-8.8094687943e-02   -1.1597611785e-01   3.2857163957e-01
-9.3840872114e-02   -1.2480301041e-01   3.1939680739e-01
-1.0020832814e-01   -1.3445305148e-01   3.1053393905e-01
-1.0723923365e-01   -1.4499660014e-01   3.0198239989e-01
-1.1498142507e-01   -1.5651126667e-01   2.9374306619e-01
-1.2348873099e-01   -1.6908247405e-01   2.8581856110e-01
-1.3282135060e-01   -1.8280406942e-01   2.7821353625e-01
-1.4304627803e-01   -1.9777898456e-01   2.7093500769e-01
-1.5423777290e-01   -2.1411994289e-01   2.6399275643e-01
-1.6647787674e-01   -2.3195020837e-01   2.5739980563e-01
-1.7985697406e-01   -2.5140436924e-01   2.5117298845e-01
-1.9447439528e-01   -2.7262914566e-01   2.4533362329e-01
-2.1043905701e-01   -2.9578420525e-01   2.3990831560e-01
-2.2787013254e-01   -3.2104296428e-01   2.3492990846e-01
-2.4689774182e-01   -3.4859334319e-01   2.3043860765e-01
-2.6766355139e-01   -3.7863732221e-01   2.2648389062e-01
-2.6810784290e-01   -3.7927988451e-01   2.2640893332e-01
-2.7259464368e-01   -3.8576842813e-01   2.2567317862e-01
-2.9570120466e-01   -4.1916796984e-01   2.2245709046e-01
-3.2090628756e-01   -4.5557003292e-01   2.1992542980e-01
-3.4839340168e-01   -4.9522865592e-01   2.1816724989e-01
-3.7835998485e-01   -5.3841310994e-01   2.1728898439e-01
-4.1101752757e-01   -5.8540659991e-01   2.1741744918e-01
-4.4659136446e-01   -6.3650404923e-01   2.1870328757e-01
-4.8532000287e-01   -6.9200866511e-01   2.2132488601e-01
-5.2745382055e-01   -7.5222690282e-01   2.2549276906e-01
-5.7325291808e-01   -8.1746135278e-01   2.3145445155e-01
-5.7423057593e-01   -8.1885116231e-01   2.3159718228e-01
-5.8409827185e-01   -8.3287209576e-01   2.3307300990e-01
-6.3475160407e-01   -9.0464370173e-01   2.4163212497e-01
-6.8966510411e-01   -9.8203630515e-01   2.5269537001e-01
-7.4910000828e-01   -1.0652551374e+00   2.6666609128e-01
-8.1330136854e-01   -1.1544329781e+00   2.8400693262e-01
-8.8248540369e-01   -1.2495999983e+00   3.0524358060e-01
-8.8395494316e-01   -1.2516101337e+00   3.0572302639e-01
-8.9876949925e-01   -1.2718469557e+00   3.1062193341e-01
-9.7428490982e-01   -1.3741837869e+00   3.3744288556e-01
-1.0550706564e+00   -1.4820060906e+00   3.6955857354e-01
-1.1411142420e+00   -1.5947147875e+00   4.0768947901e-01
-1.2322708608e+00   -1.7113921378e+00   4.5259377509e-01
-1.2341883540e+00   -1.7138135252e+00   4.5358913988e-01
-1.2534734373e+00   -1.7380867034e+00   4.6371811510e-01
-1.3504415373e+00   -1.8577983664e+00   5.1796781228e-01
-1.4515170134e+00   -1.9779315234e+00   5.8065869343e-01
-1.5558314582e+00   -2.0960564938e+00   6.5241862782e-01
-1.5579927903e+00   -2.0984333204e+00   6.5398584262e-01
-1.5796512046e+00   -2.1220804472e+00   6.6987850431e-01
-1.6862609199e+00   -2.2335601767e+00   7.5333721385e-01
-1.7929184328e+00   -2.3354725577e+00   8.4648177016e-01
-1.8975279521e+00   -2.4234890927e+00   9.4900030532e-01
-1.8996308401e+00   -2.4251127090e+00   9.5119188563e-01
-1.9205496886e+00   -2.4409099642e+00   9.7330338901e-01
-2.0191516116e+00   -2.5053816768e+00   1.0860992262e+00
-2.1094998316e+00   -2.5450931345e+00   1.2055315457e+00
-2.1882182532e+00   -2.5552371760e+00   1.3292659757e+00
-2.1896831372e+00   -2.5551049203e+00   1.3318235373e+00
-2.2039745873e+00   -2.5529950012e+00   1.3574230824e+00
-2.2635563157e+00   -2.5212855680e+00   1.4822246857e+00
-2.3035364385e+00   -2.4521671147e+00   1.6037668455e+00
-2.3206168229e+00   -2.3444331546e+00   1.7179509479e+00
-2.3207066961e+00   -2.3418261271e+00   1.7201820776e+00
-2.3210082172e+00   -2.3148823417e+00   1.7422203922e+00
-2.3092197018e+00   -2.1791052685e+00   1.8319058737e+00
-2.2713719164e+00   -2.0008345513e+00   1.9148760022e+00
-2.2702837662e+00   -1.9967459418e+00   1.9164499520e+00
-2.2587418651e+00   -1.9551806948e+00   1.9317553180e+00
-2.2063590524e+00   -1.7934929451e+00   1.9807279066e+00
-2.1312654493e+00   -1.6023357217e+00   2.0210405760e+00
-2.1291440390e+00   -1.5973692721e+00   2.0218725118e+00
-2.1073072417e+00   -1.5473140886e+00   2.0297029599e+00
-2.0298291508e+00   -1.3826567688e+00   2.0488240264e+00
-1.9350208833e+00   -1.2014681480e+00   2.0593170335e+00
-1.9320818785e+00   -1.1961334109e+00   2.0594721636e+00
-1.9021705179e+00   -1.1426770224e+00   2.0605645500e+00
-1.8086185681e+00   -9.8426052354e-01   2.0590553113e+00
-1.7026967980e+00   -8.1828157456e-01   2.0503024051e+00
-1.6991555431e+00   -8.1294485556e-01   2.0499047224e+00
-1.6633550959e+00   -7.5969786563e-01   2.0455510920e+00
-1.5587478711e+00   -6.1090845638e-01   2.0297517021e+00
-1.4451006711e+00   -4.5938438518e-01   2.0083511338e+00
-1.4411555152e+00   -4.5429542047e-01   2.0075419335e+00
-1.4014597056e+00   -4.0368905048e-01   1.9991806307e+00
-1.2886505137e+00   -2.6547705763e-01   1.9734793404e+00
-1.1692860412e+00   -1.2744231123e-01   1.9437310585e+00
-1.1651176415e+00   -1.2276299758e-01   1.9426527558e+00
-1.1233280757e+00   -7.6351494336e-02   1.9317135917e+00
-1.0041224273e+00   5.1269964125e-02   1.8993843188e+00
-8.8032056142e-01   1.7688903927e-01   1.8644402184e+00
-8.7609183016e-01   1.8106295080e-01   1.8632276118e+00
-8.3382229045e-01   2.2237744467e-01   1.8510505075e+00
-7.0953909220e-01   3.3972982678e-01   1.8147821214e+00
-5.8243682117e-01   4.5377596528e-01   1.7772907283e+00
-5.7829301200e-01   4.5739784315e-01   1.7760660779e+00
-5.3697405087e-01   4.9319120916e-01   1.7638566808e+00
-4.0873634721e-01   6.0067938270e-01   1.7260992599e+00
-2.7954744396e-01   7.0374014727e-01   1.6885647466e+00
-2.7561604006e-01   7.0679769202e-01   1.6874344857e+00
-2.3649711443e-01   7.3697454658e-01   1.6762351366e+00
-1.0541810256e-01   8.3489654386e-01   1.6394515180e+00
2.4439893287e-02   9.2722147953e-01   1.6044581394e+00
1.6927900963e-01   1.0248759982e+00   1.5676677412e+00
1.7269903567e-01   1.0271148269e+00   1.5668326523e+00
2.0663833866e-01   1.0491646921e+00   1.5586384766e+00
3.3940008391e-01   1.1324692407e+00   1.5283654026e+00
4.6672987298e-01   1.2078133317e+00   1.5024394030e+00
6.0548010652e-01   1.2843947746e+00   1.4784308964e+00
6.0819320873e-01   1.2858296226e+00   1.4780118763e+00
6.3504292052e-01   1.2998902803e+00   1.4739787194e+00
7.5884976488e-01   1.3611677303e+00   1.4582802418e+00
8.7044986587e-01   1.4104091777e+00   1.4488577323e+00
9.6989911092e-01   1.4478748170e+00   1.4450818864e+00
1.0572802577e+00   1.4737297544e+00   1.4461961992e+00
1.1326856716e+00   1.4880925866e+00   1.4513463765e+00
1.1341048105e+00   1.4882673695e+00   1.4514875447e+00
1.1480226051e+00   1.4897533472e+00   1.4529692234e+00
1.2088882033e+00   1.4902086364e+00   1.4617997265e+00
1.2580064233e+00   1.4795232217e+00   1.4725563733e+00
1.2955107006e+00   1.4579981892e+00   1.4842621142e+00
1.3215765480e+00   1.4260734312e+00   1.4959635265e+00
1.3364408246e+00   1.3843484794e+00   1.5067604536e+00
1.3404200647e+00   1.3335898899e+00   1.5158342505e+00
1.3339255878e+00   1.2747247133e+00   1.5224729993e+00
1.3174735412e+00   1.2088208133e+00   1.5260919973e+00
1.2916886043e+00   1.1370560027e+00   1.5262480312e+00
1.2573007551e+00   1.0606789635e+00   1.5226464180e+00
1.2151351952e+00   9.8096556765e-01   1.5151404251e+00
1.1660961837e+00   8.9917442180e-01   1.5037233817e+00
1.1650272590e+00   8.9748703638e-01   1.5034494659e+00
1.1542035818e+00   8.8059531040e-01   1.5006230613e+00
1.0980591685e+00   7.9788484048e-01   1.4845881171e+00
1.0372263122e+00   7.1563400041e-01   1.4650506159e+00
9.7270804321e-01   6.3479435265e-01   1.4423369323e+00
9.0548515596e-01   5.5617248974e-01   1.4168293756e+00
8.3649354764e-01   4.8042185843e-01   1.3889435498e+00
8.3506907553e-01   4.7890500919e-01   1.3883508977e+00
8.2080540198e-01   4.6381528323e-01   1.3823802600e+00
7.5082709296e-01   3.9224899509e-01   1.3521643849e+00
6.8091006714e-01   3.2446809694e-01   1.3205154841e+00
6.1173461162e-01   2.6066262911e-01   1.2878326986e+00
5.4388309112e-01   2.0090633283e-01   1.2544842516e+00
4.7783824243e-01   1.4517377022e-01   1.2208012900e+00
4.7650804579e-01   1.4407431950e-01   1.2201104229e+00
4.6325738946e-01   1.3316991928e-01   1.2132013316e+00
3.9994084034e-01   8.2213994553e-02   1.1795008312e+00
3.3916031689e-01   3.4956152752e-02   1.1460572788e+00
2.8110148203e-01   -8.8348024116e-03   1.1130720526e+00
2.2587277765e-01   -4.9423322550e-02   1.0807099276e+00
1.7351428742e-01   -8.7095879955e-02   1.0491026481e+00
1.2400684025e-01   -1.2215169047e-01   1.0183529293e+00
7.7280973004e-02   -1.5489528408e-01   9.8853859366e-01
7.6352827847e-02   -1.5554354020e-01   9.8793849650e-01
6.7132733641e-02   -1.6198040163e-01   9.8196051581e-01
2.3659558067e-02   -1.9230522413e-01   9.5336805239e-01
-1.7324921648e-02   -2.2098768581e-01   9.2581497158e-01
-5.5997599282e-02   -2.4831728797e-01   8.9932519206e-01
-9.2554447986e-02   -2.7457339396e-01   8.7391297503e-01
-1.2720522985e-01   -3.0002420323e-01   8.4958563692e-01
-1.6016902124e-01   -3.2492634137e-01   8.2634591213e-01
-1.9167050434e-01   -3.4952491471e-01   8.0419399696e-01
-2.2193695898e-01   -3.7405389952e-01   7.8312931374e-01
-2.5119587956e-01   -3.9873675489e-01   7.6315203781e-01
-2.7967313693e-01   -4.2378716477e-01   7.4426443082e-01
-3.0759160366e-01   -4.4940982799e-01   7.2647202156e-01
-3.3517016261e-01   -4.7580122676e-01   7.0978467266e-01
-3.3573266093e-01   -4.7635082920e-01   7.0945472110e-01
-3.4135515602e-01   -4.8186928676e-01   7.0618104561e-01
-3.6880873821e-01   -5.0945934099e-01   6.9086890379e-01
-3.9639202953e-01   -5.3822904946e-01   6.7670423632e-01
-4.2430741804e-01   -5.6835218601e-01   6.6371740052e-01
-4.5275160610e-01   -5.9999587737e-01   6.5194704105e-01
-4.8191541310e-01   -6.3332025172e-01   6.4144101143e-01
-5.1198351393e-01   -6.6847767257e-01   6.3225731285e-01
-5.4313404394e-01   -7.0561147946e-01   6.2446504855e-01
-5.7553799857e-01   -7.4485414806e-01   6.1814538256e-01
-6.0935835244e-01   -7.8632477212e-01   6.1339248005e-01
-6.4474881748e-01   -8.3012576064e-01   6.1031439297e-01
-6.8185215461e-01   -8.7633863516e-01   6.0903383700e-01
-6.8263048700e-01   -8.7731024465e-01   6.0902734217e-01
-6.9045653220e-01   -8.8708333700e-01   6.0900724649e-01
-7.2983348985e-01   -9.3632353532e-01   6.1011863526e-01
-7.7118945226e-01   -9.8805391510e-01   6.1335578849e-01
-8.1461333496e-01   -1.0422471516e+00   6.1889112308e-01
-8.6016887665e-01   -1.0988247348e+00   6.2691158528e-01
-9.0788907286e-01   -1.1576463875e+00   6.3761698094e-01
-9.5776959873e-01   -1.2184981859e+00   6.5121722328e-01
-1.0097611846e+00   -1.2810795620e+00   6.6792821074e-01
-1.0108468797e+00   -1.2823760343e+00   6.6830430190e-01
-1.0217499777e+00   -1.2953707253e+00   6.7214230194e-01
-1.0761814815e+00   -1.3595130952e+00   6.9295841865e-01
-1.1324079456e+00   -1.4243353683e+00   7.1735468813e-01
-1.1901717219e+00   -1.4891637379e+00   7.4551612528e-01
-1.2491284371e+00   -1.5531825427e+00   7.7759407850e-01
-1.3088364475e+00   -1.6154266943e+00   8.1369030397e-01
-1.3687472921e+00   -1.6747795802e+00   8.5383855371e-01
-1.3699713259e+00   -1.6759556936e+00   8.5470249984e-01
-1.3821999177e+00   -1.6876188222e+00   8.6343408785e-01
-1.4414436410e+00   -1.7416945882e+00   9.0846144431e-01
-1.4992533645e+00   -1.7898944155e+00   9.5726726590e-01
-1.5547030342e+00   -1.8307046389e+00   1.0095238912e+00
-1.6067569596e+00   -1.8625618036e+00   1.0647503646e+00
-1.6542856743e+00   -1.8839121542e+00   1.1223000708e+00
-1.6960908153e+00   -1.8932846982e+00   1.1813567257e+00
-1.7309395781e+00   -1.8893747720e+00   1.2409415444e+00
-1.7315716023e+00   -1.8891480921e+00   1.2421590917e+00
-1.7377009438e+00   -1.8865486760e+00   1.2543188717e+00
-1.7623643315e+00   -1.8649681247e+00   1.3130114313e+00
-1.7774376912e+00   -1.8282432370e+00   1.3695981091e+00
-1.7819110025e+00   -1.7761850513e+00   1.4227900330e+00
-1.7749634386e+00   -1.7090843306e+00   1.4713177797e+00
-1.7560170612e+00   -1.6277292609e+00   1.5140009125e+00
-1.7247808811e+00   -1.5333872229e+00   1.5498170178e+00
-1.6812804681e+00   -1.4277497900e+00   1.5779629887e+00
-1.6802638451e+00   -1.4254832130e+00   1.5784547544e+00
-1.6698235146e+00   -1.4026075493e+00   1.5831819850e+00
-1.6118124691e+00   -1.2859209939e+00   1.6012283586e+00
-1.5427570710e+00   -1.1627444019e+00   1.6108097374e+00
-1.4636815203e+00   -1.0354338036e+00   1.6120447843e+00
-1.4619666924e+00   -1.0328009907e+00   1.6119852147e+00
-1.4446187212e+00   -1.0064352088e+00   1.6112067539e+00
-1.3549998359e+00   -8.7718470234e-01   1.6027750274e+00
-1.2583869415e+00   -7.4869581832e-01   1.5871811822e+00
-1.1563286864e+00   -6.2279822817e-01   1.5652630219e+00
-1.1541937556e+00   -6.2025940339e-01   1.5647548336e+00
-1.1327581702e+00   -5.9496896164e-01   1.5595507748e+00
-1.0261658457e+00   -4.7427732197e-01   1.5311803500e+00
-9.1756139972e-01   -3.5908857259e-01   1.4986549784e+00
-8.0835399088e-01   -2.5017173870e-01   1.4629647432e+00
-8.0612140564e-01   -2.4801146137e-01   1.4622078371e+00
-7.8381340413e-01   -2.2656497014e-01   1.4545893418e+00
-6.7557737393e-01   -1.2593386168e-01   1.4162942795e+00
-5.6932668261e-01   -3.2240681652e-02   1.3768139142e+00
-4.6593629214e-01   5.4590402325e-02   1.3368866694e+00
-4.6385493319e-01   5.6297637178e-02   1.3360693173e+00
-4.4312462040e-01   7.3217838960e-02   1.3279013268e+00
-3.4416085127e-01   1.5198799992e-01   1.2882759017e+00
-2.4935177119e-01   2.2460528211e-01   1.2494630134e+00
-1.5900993339e-01   2.9153924484e-01   1.2118646261e+00
-7.3304384261e-02   3.5330592679e-01   1.1757936029e+00
-7.1598925627e-02   3.5452008464e-01   1.1750729581e+00
-5.4652395362e-02   3.6655597350e-01   1.1679076301e+00
2.5322314199e-02   4.2272421921e-01   1.1340217901e+00
1.0069947135e-01   4.7491979272e-01   1.1020991457e+00
1.7163791934e-01   5.2366210479e-01   1.0722455881e+00
2.3835820002e-01   5.6944413770e-01   1.0445266845e+00
3.0112626214e-01   6.1272581702e-01   1.0189771631e+00
3.6023912100e-01   6.5392984575e-01   9.9560907419e-01
3.6141318457e-01   6.5475435684e-01   9.9515350781e-01
3.7307745150e-01   6.6296117430e-01   9.9064802949e-01
4.2814345586e-01   7.0213781855e-01   9.6994625513e-01
4.8026710977e-01   7.4003386349e-01   9.5140397835e-01
5.2977076888e-01   7.7694165323e-01   9.3500054426e-01
5.7696773471e-01   8.1311292968e-01   9.2071356100e-01
6.2215669766e-01   8.4875931385e-01   9.0852125237e-01
6.6561725470e-01   8.8405279373e-01   8.9840405933e-01
7.0760630037e-01   9.1912610169e-01   8.9034558726e-01
7.4835510964e-01   9.5407291139e-01   8.8433297820e-01
7.8806695437e-01   9.8894782413e-01   8.8035676973e-01
7.8887029768e-01   9.8966113839e-01   8.8029659513e-01
7.9688418164e-01   9.9679304057e-01   8.7974161293e-01
8.3555856681e-01   1.0315966869e+00   8.7825144653e-01
8.7353825654e-01   1.0663083728e+00   8.7878506247e-01
9.1092408768e-01   1.1008544586e+00   8.8133764077e-01
9.4778219968e-01   1.1351205599e+00   8.8590233112e-01
9.8414292915e-01   1.1689512352e+00   8.9246794334e-01
1.0199998718e+00   1.2021499930e+00   9.0101628729e-01
1.0553091555e+00   1.2344798036e+00   9.1151919691e-01
1.0899889954e+00   1.2656643248e+00   9.2393529066e-01
1.1239196281e+00   1.2953900611e+00   9.3820654440e-01
1.1569437431e+00   1.3233096813e+00   9.5425478210e-01
1.1888675493e+00   1.3490467043e+00   9.7197822255e-01
1.2194626237e+00   1.3722017322e+00   9.9124825527e-01
1.2200732473e+00   1.3726458493e+00   9.9165780673e-01
1.2261423944e+00   1.3770171830e+00   9.9578504798e-01
1.2547518057e+00   1.3964431791e+00   1.0167310274e+00
1.2814156369e+00   1.4123588098e+00   1.0388281299e+00
1.3058182600e+00   1.4243531494e+00   1.0618460252e+00
1.3276289086e+00   1.4320368535e+00   1.0855216419e+00
1.3465094649e+00   1.4350561265e+00   1.1095609145e+00
1.3621233936e+00   1.4331071359e+00   1.1336421578e+00
1.3741456374e+00   1.4259501856e+00   1.1574211555e+00
1.3822731895e+00   1.4134228540e+00   1.1805379395e+00
1.3862359612e+00   1.3954512426e+00   1.2026251075e+00
1.3858074788e+00   1.3720584949e+00   1.2233173850e+00
1.3808148848e+00   1.3433698379e+00   1.2422620055e+00
1.3711476957e+00   1.3096135790e+00   1.2591293677e+00
1.3567647838e+00   1.2711177394e+00   1.2736233571e+00
1.3376991202e+00   1.2283023144e+00   1.2854906967e+00
1.3140599224e+00   1.1816674728e+00   1.2945287300e+00
1.2860319998e+00   1.1317783254e+00   1.3005911385e+00
1.2538722647e+00   1.0792471466e+00   1.3035912466e+00
1.2179035541e+00   1.0247141156e+00   1.3035027476e+00
1.1785060813e+00   9.6882771511e-01   1.3003578864e+00
1.1361069804e+00   9.1222589541e-01   1.2942433190e+00
1.1352109243e+00   9.1106414092e-01   1.2940880104e+00
1.1261926993e+00   8.9944536929e-01   1.2924698172e+00
1.0807487652e+00   8.4279490971e-01   1.2829051850e+00
1.0333613265e+00   7.8672831546e-01   1.2707259498e+00
9.8452579413e-01   7.3174656232e-01   1.2561462810e+00
9.3473283978e-01   6.7828718563e-01   1.2394018852e+00
8.8445753859e-01   6.2672001413e-01   1.2207414275e+00
8.3414996224e-01   5.7734590860e-01   1.2004185985e+00
7.8422746339e-01   5.3039810754e-01   1.1786851248e+00
7.8321230726e-01   5.2946372269e-01   1.1782272415e+00
7.7307910242e-01   5.2018005587e-01   1.1736219929e+00
7.2414032470e-01   4.7642920759e-01   1.1504915039e+00
6.7637086629e-01   4.3540097232e-01   1.1264757160e+00
6.3005136983e-01   3.9714141501e-01   1.1017862031e+00
5.8541665144e-01   3.6165201999e-01   1.0766159398e+00
5.4265656445e-01   3.2889669964e-01   1.0511382074e+00
5.0191794314e-01   2.9880864309e-01   1.0255063208e+00
4.6330738445e-01   2.7129677793e-01   9.9985401262e-01
4.2689463506e-01   2.4625169004e-01   9.7429631456e-01
3.9271637083e-01   2.2355090898e-01   9.4893078984e-01
3.6078018182e-01   2.0306351674e-01   9.2383899072e-01
3.6014978157e-01   2.0266630907e-01   9.2332871582e-01
3.5389703134e-01   1.9874186523e-01   9.1823395896e-01
3.2468172805e-01   1.8078145858e-01   8.9356766206e-01
2.9764127779e-01   1.6473168328e-01   8.6930711365e-01
2.7271640209e-01   1.5045795243e-01   8.4549303379e-01
2.4983479422e-01   1.3782966431e-01   8.2215672312e-01
2.2891428755e-01   1.2672175271e-01   7.9932143288e-01
2.0986569894e-01   1.1701583557e-01   7.7700360809e-01
1.9259533946e-01   1.0860102471e-01   7.5521399764e-01
1.7700719649e-01   1.0137445491e-01   7.3395863192e-01
1.6300480091e-01   9.5241585300e-02   7.1323967373e-01
1.5049279913e-01   9.0116319929e-02   6.9305615099e-01
1.3937825405e-01   8.5920988489e-02   6.7340458213e-01
1.2957170168e-01   8.2586222381e-02   6.5427950546e-01
1.2098799088e-01   8.0050755937e-02   6.3567392427e-01
1.1354693392e-01   7.8261177805e-02   6.1757967894e-01
1.0717379443e-01   7.7171653127e-02   5.9998775671e-01
1.0179963813e-01   7.6743633449e-02   5.8288854877e-01
9.7361569700e-02   7.6945568003e-02   5.6627206352e-01
9.3802877403e-02   7.7752627278e-02   5.5012810383e-01
9.1073104721e-02   7.9146447495e-02   5.3444641503e-01
8.9128066388e-02   8.1114902673e-02   5.1921680978e-01
8.7929824056e-02   8.3651909450e-02   5.0442927484e-01
8.7446634936e-02   8.6757268600e-02   4.9007406430e-01
8.7652885030e-02   9.0436546242e-02   4.7614178310e-01
8.8529016948e-02   9.4700997087e-02   4.6262346430e-01
9.0061460919e-02   9.9567531639e-02   4.4951064300e-01
9.2242576378e-02   1.0505872900e-01   4.3679542976e-01
9.5070610500e-02   1.1120289696e-01   4.2447058617e-01
9.8549885965e-02   1.1803662478e-01   4.1252973561e-01
1.0269070516e-01   1.2559897770e-01   4.0096734188e-01
1.0750917066e-01   1.3393677729e-01   3.8977883396e-01
1.0761502763e-01   1.3411591519e-01   3.8955368390e-01
1.0868976141e-01   1.3592649064e-01   3.8731071275e-01
1.1436928558e-01   1.4528783680e-01   3.7657570354e-01
1.2078418445e-01   1.5555291291e-01   3.6620866668e-01
1.2797057923e-01   1.6679101534e-01   3.5620925733e-01
1.3597118974e-01   1.7907926370e-01   3.4657887115e-01
1.4483559629e-01   1.9250309481e-01   3.3732091419e-01
1.5462054731e-01   2.0715680528e-01   3.2844112235e-01
1.6539031283e-01   2.2314413953e-01   3.1994793994e-01
1.7721708342e-01   2.4057891799e-01   3.1185296812e-01
1.9018141293e-01   2.5958569765e-01   3.0417149598e-01
2.0437270199e-01   2.8030045381e-01   2.9692312908e-01
2.1988971754e-01   3.0287126740e-01   2.9013253254e-01
2.3684114093e-01   3.2745899598e-01   2.8383030854e-01
2.5534613428e-01   3.5423789895e-01   2.7805403075e-01
2.7553490994e-01   3.8339617686e-01   2.7284946142e-01
2.9754928291e-01   4.1513637173e-01   2.6827197968e-01
3.2154317813e-01   4.4967555774e-01   2.6438825277e-01
3.4768305554e-01   4.8724523009e-01   2.6127818384e-01
3.7614820325e-01   5.2809077178e-01   2.5903717181e-01
4.0713083376e-01   5.7247034302e-01   2.5777871759e-01
4.0779276227e-01   5.7341758055e-01   2.5776412639e-01
4.1447516536e-01   5.8297810438e-01   2.5764419142e-01
4.4882277259e-01   6.3205510198e-01   2.5777542661e-01
4.8616039036e-01   6.8527528623e-01   2.5922243840e-01
5.2671844821e-01   7.4291948516e-01   2.6217948345e-01
5.7073607379e-01   8.0526460979e-01   2.6687426889e-01
6.1845808663e-01   8.7257485983e-01   2.7357254656e-01
6.7013070427e-01   9.4508998424e-01   2.8258290173e-01
7.2599560338e-01   1.0230098909e+00   2.9426152049e-01
7.2718458757e-01   1.0246624751e+00   2.9453122818e-01
7.3917678323e-01   1.0413164583e+00   2.9729992584e-01
8.0048814059e-01   1.1260411818e+00   3.1280966136e-01
8.6646874561e-01   1.2163640047e+00   3.3197191207e-01
9.3727715594e-01   1.3121929704e+00   3.5532086636e-01
1.0130130711e+00   1.4132720306e+00   3.8344690049e-01
1.0146151449e+00   1.4153930836e+00   3.8407696554e-01
1.0307499985e+00   1.4367132078e+00   3.9050365977e-01
1.1125367792e+00   1.5435611218e+00   4.2536029062e-01
1.1991381103e+00   1.6542497179e+00   4.6647097301e-01
1.2902818898e+00   1.7676357911e+00   5.1453447605e-01
1.2921921634e+00   1.7699748482e+00   5.1559580532e-01
1.3113882673e+00   1.7933894045e+00   5.2638632681e-01
1.4074431736e+00   1.9079225100e+00   5.8388708742e-01
1.5066857939e+00   2.0210647005e+00   6.4975228166e-01
1.6080681833e+00   2.1301615106e+00   7.2442402516e-01
1.6101567194e+00   2.1323308900e+00   7.2604653350e-01
1.6310572486e+00   2.1538520871e+00   7.4248025453e-01
1.7331383602e+00   2.2535740048e+00   8.2820333593e-01
1.8337722429e+00   2.3414155640e+00   9.2276127858e-01
1.9307217404e+00   2.4131156869e+00   1.0255129775e+00
1.9326499968e+00   2.4143832423e+00   1.0276945801e+00
1.9517825315e+00   2.4265741099e+00   1.0496705033e+00
2.0406066504e+00   2.4723378174e+00   1.1607860065e+00
2.1194546825e+00   2.4919461732e+00   1.2766224658e+00
2.1850743239e+00   2.4813467080e+00   1.3946040460e+00
2.2341404218e+00   2.4373090054e+00   1.5115783903e+00
2.2349489467e+00   2.4360417223e+00   1.5139376540e+00
2.2425724628e+00   2.4225468569e+00   1.5374177837e+00
2.2670252374e+00   2.3349716427e+00   1.6482468500e+00
2.2683077408e+00   2.2116884367e+00   1.7498520449e+00
2.2443320638e+00   2.0544984952e+00   1.8386221812e+00
2.2435671611e+00   2.0509491587e+00   1.8402822376e+00
2.2353044254e+00   2.0147632767e+00   1.8565089136e+00
2.1909715499e+00   1.8579600466e+00   1.9143189465e+00
2.1218415263e+00   1.6672224938e+00   1.9634718521e+00
2.1200176013e+00   1.6626746177e+00   1.9644122319e+00
2.1011814015e+00   1.6167668151e+00   1.9733653822e+00
2.0278140537e+00   1.4526348070e+00   1.9979781781e+00
1.9353085643e+00   1.2690341086e+00   2.0134717544e+00
1.9326387933e+00   1.2640288168e+00   2.0137332572e+00
1.9054322066e+00   1.2138213397e+00   2.0159106871e+00
1.8139719061e+00   1.0544382317e+00   2.0176858950e+00
1.7090545180e+00   8.8617796032e-01   2.0116446179e+00
1.7057594595e+00   8.8110816625e-01   2.0113429654e+00
1.6724248465e+00   8.3048506550e-01   2.0079588605e+00
1.5689232569e+00   6.8040204277e-01   1.9940490146e+00
1.4559340965e+00   5.2727100271e-01   1.9741053293e+00
1.4522171405e+00   5.2240370001e-01   1.9733789764e+00
1.4148013252e+00   4.7397157698e-01   1.9658466942e+00
1.3026396913e+00   3.3455960504e-01   1.9411218110e+00
1.1838292092e+00   1.9542634196e-01   1.9120556732e+00
1.1798745204e+00   1.9093434986e-01   1.9110457295e+00
1.1402158048e+00   1.4635758324e-01   1.9007844527e+00
1.0214631163e+00   1.7748294951e-02   1.8687809563e+00
8.9824953949e-01   -1.0856804097e-01   1.8339734875e+00
8.9422229304e-01   -1.1258218209e-01   1.8328139908e+00
8.5395807073e-01   -1.5233362928e-01   1.8211578324e+00
7.3007868472e-01   -2.7045584323e-01   1.7847014778e+00
6.0367486593e-01   -3.8490410484e-01   1.7469059682e+00
5.9972148333e-01   -3.8838996065e-01   1.7457185944e+00
5.6029454808e-01   -4.2285458634e-01   1.7338687830e+00
4.3250578169e-01   -5.3094152900e-01   1.6954739581e+00
3.0417958403e-01   -6.3422187030e-01   1.6572350673e+00
3.0042759298e-01   -6.3716589120e-01   1.6561257561e+00
2.6308809450e-01   -6.6623683158e-01   1.6451209219e+00
1.3257224757e-01   -7.6468449570e-01   1.6072706189e+00
3.7761457618e-03   -8.5720158714e-01   1.5711753599e+00
-1.3985303997e-01   -9.5517660135e-01   1.5329327756e+00
-1.4311213808e-01   -9.5733742388e-01   1.5320944444e+00
-1.7546054820e-01   -9.7863582667e-01   1.5238524579e+00
-3.0741992388e-01   -1.0627099363e+00   1.4918712999e+00
-4.3341371935e-01   -1.1386934992e+00   1.4642343637e+00
-5.6563861534e-01   -1.2136275448e+00   1.4389929163e+00
-5.6822822129e-01   -1.2150422656e+00   1.4385427246e+00
-5.9386581539e-01   -1.2289318916e+00   1.4341854639e+00
-7.1236334688e-01   -1.2901724321e+00   1.4166021321e+00
-8.1971347222e-01   -1.3407308634e+00   1.4048705977e+00
-9.1602802090e-01   -1.3809069932e+00   1.3984827891e+00
-1.0014422802e+00   -1.4108981300e+00   1.3968207470e+00
-1.0760959980e+00   -1.4308365010e+00   1.3991806721e+00
-1.0775127342e+00   -1.4311403999e+00   1.3992656756e+00
-1.0914354907e+00   -1.4339503611e+00   1.4001892909e+00
-1.1530899678e+00   -1.4417198909e+00   1.4064257912e+00
-1.2042805482e+00   -1.4397015741e+00   1.4149207210e+00
-1.2451438256e+00   -1.4280891142e+00   1.4248415393e+00
-1.2758345921e+00   -1.4071686096e+00   1.4353618543e+00
-1.2965412653e+00   -1.3773417838e+00   1.4456839093e+00
-1.3075018633e+00   -1.3391398810e+00   1.4550607592e+00
-1.3090186805e+00   -1.2932273276e+00   1.4628171489e+00
-1.3014700555e+00   -1.2403950477e+00   1.4683679175e+00
-1.2853179661e+00   -1.1815441608e+00   1.4712327426e+00
-1.2611106122e+00   -1.1176615935e+00   1.4710462157e+00
-1.2294796352e+00   -1.0497897871e+00   1.4675625743e+00
-1.1911321110e+00   -9.7899310278e-01   1.4606548539e+00
-1.1468379078e+00   -9.0632364918e-01   1.4503087019e+00
-1.0974133689e+00   -8.3278908627e-01   1.4366115352e+00
-1.0963539748e+00   -8.3128152656e-01   1.4362972502e+00
-1.0856628467e+00   -8.1620940114e-01   1.4330814757e+00
-1.0311044712e+00   -7.4288026748e-01   1.4155244926e+00
-9.7330239895e-01   -6.7063562705e-01   1.3950995481e+00
-9.1309104001e-01   -6.0017820772e-01   1.3721137715e+00
-8.5127037194e-01   -5.3208932006e-01   1.3469052177e+00
-7.8859026124e-01   -4.6682717800e-01   1.3198266574e+00
-7.2573776607e-01   -4.0473047292e-01   1.2912314525e+00
-7.2445383179e-01   -4.0349419298e-01   1.2906327053e+00
-7.1162591703e-01   -3.9121008436e-01   1.2846188381e+00
-6.4939237695e-01   -3.3329024669e-01   1.2546302276e+00
-5.8824747053e-01   -2.7890406375e-01   1.2238588103e+00
-5.2862809286e-01   -2.2807045107e-01   1.1925940992e+00
-4.7089011769e-01   -1.8073595593e-01   1.1610947646e+00
-4.1531114815e-01   -1.3678793367e-01   1.1295871609e+00
-3.6209505652e-01   -9.6066974999e-02   1.0982654475e+00
-3.1137782424e-01   -5.8378196071e-02   1.0672929157e+00
-3.1036636594e-01   -5.7636860533e-02   1.0666635485e+00
-3.0031128011e-01   -5.0287900135e-02   1.0603813015e+00
-2.5275182601e-01   -1.6011694254e-02   1.0300173355e+00
-2.0778464814e-01   1.5745340278e-02   1.0002669605e+00
-1.6537403994e-01   4.5232166311e-02   9.7121108664e-01
-1.2544607200e-01   7.2701016415e-02   9.4291142866e-01
-8.7895194353e-02   9.8403233000e-02   9.1541349962e-01
-5.2590305245e-02   1.2258617538e-01   8.8874942327e-01
-1.9380205619e-02   1.4549104139e-01   8.6294051081e-01
1.1901600290e-02   1.6735145578e-01   8.3799957548e-01
4.1432765529e-02   1.8839268818e-01   8.1393298056e-01
6.9398605052e-02   2.0883137733e-01   7.9074243136e-01
9.5989209885e-02   2.2887565464e-01   7.6842653193e-01
9.6520508144e-02   2.2928326206e-01   7.6797884036e-01
1.0180659790e-01   2.3335524062e-01   7.6352200345e-01
1.2697486031e-01   2.5318821010e-01   7.4227332713e-01
1.5119705793e-01   2.7306186915e-01   7.2189161176e-01
1.7466534906e-01   2.9316085940e-01   7.0237380245e-01
1.9757004088e-01   3.1366433688e-01   6.8371839148e-01
2.2009903333e-01   3.3474694709e-01   6.6592622834e-01
2.4243753576e-01   3.5657980424e-01   6.4900127880e-01
2.6476800516e-01   3.7933143788e-01   6.3295135869e-01
2.8727025784e-01   4.0316867296e-01   6.1778886616e-01
3.1012170870e-01   4.2825740881e-01   6.0353153404e-01
3.3349769435e-01   4.5476326122e-01   5.9020322210e-01
3.5757183723e-01   4.8285202765e-01   5.7783476736e-01
3.8251640804e-01   5.1268993007e-01   5.6646490818e-01
4.0850264253e-01   5.4444358163e-01   5.5614129571e-01
4.3570096593e-01   5.7827961314e-01   5.4692160341e-01
4.6428107458e-01   6.1436388576e-01   5.3887474095e-01
4.6488173096e-01   6.1512717005e-01   5.3872282129e-01
4.7092435078e-01   6.2281591428e-01   5.3723267230e-01
5.0142742610e-01   6.6187756237e-01   5.3073517367e-01
5.3368626122e-01   7.0354621376e-01   5.2561098464e-01
5.6786594206e-01   7.4797305949e-01   5.2197472575e-01
6.0412812908e-01   7.9529812852e-01   5.1995840607e-01
6.4262925255e-01   8.4564538340e-01   5.1971297532e-01
6.8351804026e-01   8.9911650272e-01   5.2140978624e-01
7.2693224377e-01   9.5578313553e-01   5.2524185314e-01
7.7299441380e-01   1.0156774061e+00   5.3142475062e-01
8.2180656318e-01   1.0787804563e+00   5.4019694391e-01
8.2283505128e-01   1.0801052299e+00   5.4040535222e-01
8.3318520954e-01   1.0934249127e+00   5.4255559501e-01
8.8546516610e-01   1.1603376366e+00   5.5485784305e-01
9.4061271162e-01   1.2301620123e+00   5.7035770808e-01
9.9861100678e-01   1.3026107172e+00   5.8935736462e-01
1.0593842026e+00   1.3772729530e+00   6.1216941033e-01
1.1227839973e+00   1.4535924451e+00   6.3910811267e-01
1.1885746103e+00   1.5308449423e+00   6.7047724970e-01
1.1899441229e+00   1.5324299652e+00   6.7116766488e-01
1.2036859955e+00   1.5482791037e+00   6.7818088186e-01
1.2719309098e+00   1.6254081455e+00   7.1535146972e-01
1.3416447568e+00   1.7011518487e+00   7.5750236473e-01
1.4121965566e+00   1.7741169955e+00   8.0477090634e-01
1.4827994754e+00   1.8426869328e+00   8.5718533908e-01
1.5524998049e+00   1.9050348487e+00   9.1463123970e-01
1.5539095214e+00   1.9062322783e+00   9.1585799683e-01
1.5679579638e+00   1.9180132671e+00   9.2823444644e-01
1.6350006274e+00   1.9699906445e+00   9.9142602808e-01
1.6984074479e+00   2.0111217907e+00   1.0587101370e+00
1.7566991090e+00   2.0392342419e+00   1.1292914195e+00
1.8082792049e+00   2.0522398074e+00   1.2021199990e+00
1.8514815769e+00   2.0482638321e+00   1.2758964351e+00
1.8846334424e+00   2.0257863656e+00   1.3490990046e+00
1.8851956078e+00   2.0251248130e+00   1.3505797886e+00
1.8905455075e+00   2.0180567451e+00   1.3653322718e+00
1.9092140188e+00   1.9715757856e+00   1.4355147900e+00
1.9144906167e+00   1.9051647798e+00   1.5012436441e+00
1.9052464472e+00   1.8192891745e+00   1.5607581313e+00
1.8807039334e+00   1.7151586381e+00   1.6124411273e+00
1.8405040041e+00   1.5946891705e+00   1.6549300563e+00
1.8395174779e+00   1.5920693479e+00   1.6556959704e+00
1.8292935028e+00   1.5655571234e+00   1.6631175842e+00
1.7700984657e+00   1.4285565342e+00   1.6930040332e+00
1.6961171297e+00   1.2814235542e+00   1.7120173827e+00
1.6084729749e+00   1.1274215700e+00   1.7201143550e+00
1.6065462197e+00   1.1242206256e+00   1.7201681317e+00
1.5870011527e+00   1.0921347648e+00   1.7204637684e+00
1.4888534060e+00   9.4028387115e-01   1.7161255500e+00
1.3769930622e+00   7.8241570568e-01   1.7022394775e+00
1.3746130884e+00   7.7920430838e-01   1.7018627915e+00
1.3506339089e+00   7.4715898917e-01   1.6979033141e+00
1.2396427978e+00   6.0561437751e-01   1.6761272586e+00
1.1209047090e+00   4.6496081764e-01   1.6477313664e+00
1.1182801873e+00   4.6196394594e-01   1.6470542643e+00
1.0919564135e+00   4.3215644165e-01   1.6401571033e+00
9.7322230608e-01   3.0305268350e-01   1.6068879122e+00
8.5154860839e-01   1.7896267514e-01   1.5697367640e+00
7.2053512399e-01   5.3517079363e-02   1.5270471694e+00
7.1786743947e-01   5.1043729102e-02   1.5261537694e+00
6.9123566783e-01   2.6520472905e-02   1.5171878506e+00
5.6647043180e-01   -8.4473451254e-02   1.4741695956e+00
4.4405040529e-01   -1.8763315717e-01   1.4306624439e+00
3.2290508609e-01   -2.8470482305e-01   1.3867431509e+00
3.2047570598e-01   -2.8660421953e-01   1.3858562359e+00
2.9629949901e-01   -3.0540980775e-01   1.3770201345e+00
1.8139947541e-01   -3.9250112765e-01   1.3348618207e+00
7.2129475472e-02   -4.7212412355e-01   1.2947477295e+00
-3.1244511739e-02   -5.4494107918e-01   1.2570763712e+00
-1.2862255122e-01   -6.1162299195e-01   1.2221294167e+00
-1.3055330250e-01   -6.1292853256e-01   1.2214439511e+00
-1.4972343766e-01   -6.2585883553e-01   1.2146567325e+00
-2.3981516223e-01   -6.8590852393e-01   1.1832901211e+00
-3.2413145821e-01   -7.4121745999e-01   1.1549511852e+00
-4.0290691266e-01   -7.9233190399e-01   1.1296697582e+00
-4.7642585774e-01   -8.3973648691e-01   1.1074298981e+00
-5.4500226747e-01   -8.8385106831e-01   1.0881811973e+00
-6.0896292217e-01   -9.2503025079e-01   1.0718478284e+00
-6.1022629338e-01   -9.2584468240e-01   1.0715432963e+00
-6.2276176952e-01   -9.3392864897e-01   1.0685628215e+00
-6.8151044982e-01   -9.7190138640e-01   1.0556713052e+00
-7.3635127509e-01   -1.0075023479e+00   1.0454677129e+00
-7.8757228425e-01   -1.0408905159e+00   1.0378331312e+00
-8.3543368721e-01   -1.0721718494e+00   1.0326417953e+00
-8.8016378844e-01   -1.1014036465e+00   1.0297622316e+00
-9.2195643286e-01   -1.1285991668e+00   1.0290576454e+00
-9.6096974749e-01   -1.1537324926e+00   1.0303857483e+00
-9.9732599213e-01   -1.1767436426e+00   1.0335982073e+00
-1.0311123691e+00   -1.1975439626e+00   1.0385398766e+00
-1.0623826741e+00   -1.2160218223e+00   1.0450479608e+00
-1.0911596938e+00   -1.2320486321e+00   1.0529512478e+00
-1.0917227265e+00   -1.2323501331e+00   1.0531263485e+00
-1.0972954839e+00   -1.2353051848e+00   1.0549050257e+00
-1.1230082194e+00   -1.2481387248e+00   1.0642710926e+00
-1.1461835498e+00   -1.2582066345e+00   1.0746187731e+00
-1.1667681216e+00   -1.2653700213e+00   1.0857475130e+00
-1.1846943238e+00   -1.2695012001e+00   1.0974484864e+00
-1.1998854313e+00   -1.2704904622e+00   1.1095058921e+00
-1.2122610112e+00   -1.2682525304e+00   1.1216988237e+00
-1.2217424692e+00   -1.2627324755e+00   1.1338037014e+00
-1.2282585951e+00   -1.2539108577e+00   1.1455972171e+00
-1.2317509461e+00   -1.2418078588e+00   1.1568597096e+00
-1.2321788999e+00   -1.2264861944e+00   1.1673788475e+00
-1.2295242026e+00   -1.2080526345e+00   1.1769534728e+00
-1.2237948419e+00   -1.1866580204e+00   1.1853974305e+00
-1.2150280950e+00   -1.1624957368e+00   1.1925432027e+00
-1.2032926242e+00   -1.1357986775e+00   1.1982451668e+00
-1.1886895337e+00   -1.1068348276e+00   1.2023823085e+00
-1.1713523419e+00   -1.0759016583e+00   1.2048602552e+00
-1.1514458745e+00   -1.0433195984e+00   1.2056125266e+00
-1.1291641350e+00   -1.0094248908e+00   1.2046009500e+00
-1.1047272533e+00   -9.7456216765e-01   1.2018152354e+00
-1.0783776588e+00   -9.3907707700e-01   1.1972717528e+00
-1.0503756529e+00   -9.0330927561e-01   1.1910115992e+00
-1.0209945780e+00   -8.6758605703e-01   1.1830980758e+00
-9.9051578846e-01   -8.3221683146e-01   1.1736137188e+00
-9.5922362458e-01   -7.9748860785e-01   1.1626570420e+00
-9.2740057561e-01   -7.6366256246e-01   1.1503391454e+00
-8.9532279354e-01   -7.3097171346e-01   1.1367803373e+00
-8.6325608838e-01   -6.9961964988e-01   1.1221069047e+00
-8.6260159840e-01   -6.9899313027e-01   1.1217958048e+00
-8.5606325374e-01   -6.9276314927e-01   1.1186623424e+00
-8.2435203499e-01   -6.6328539016e-01   1.1027995855e+00
-7.9318994429e-01   -6.3549386136e-01   1.0861100283e+00
-7.6278938432e-01   -6.0949959407e-01   1.0687205569e+00
-7.3334240549e-01   -5.8538824101e-01   1.0507538188e+00
-7.0502002977e-01   -5.6322248620e-01   1.0323268231e+00
-6.7797214812e-01   -5.4304471527e-01   1.0135499232e+00
-6.5232792439e-01   -5.2487982369e-01   9.9452615130e-01
-6.2819663051e-01   -5.0873805833e-01   9.7535086465e-01
-6.0566883410e-01   -4.9461780693e-01   9.5611166124e-01
-5.8481786044e-01   -4.8250826950e-01   9.3688851837e-01
-5.6570145447e-01   -4.7239196299e-01   9.1775411144e-01
-5.4836357447e-01   -4.6424702708e-01   8.9877427275e-01
-5.3283625683e-01   -4.5804931171e-01   8.8000855442e-01
-5.1914149972e-01   -4.5377423851e-01   8.6151086534e-01
-5.0729312204e-01   -4.5139843612e-01   8.4333015718e-01
-4.9729856238e-01   -4.5090115601e-01   8.2551113995e-01
-4.8916059068e-01   -4.5226547883e-01   8.0809501264e-01
-4.8287891186e-01   -4.5547932374e-01   7.9112019905e-01
-4.7845164702e-01   -4.6053627354e-01   7.7462308234e-01
-4.7587668212e-01   -4.6743622774e-01   7.5863873563e-01
-4.7515288458e-01   -4.7618597716e-01   7.4320150834e-01
-4.7628117756e-01   -4.8679942573e-01   7.2834609541e-01
-4.7926546403e-01   -4.9929787851e-01   7.1410796935e-01
-4.8411341804e-01   -5.1371008306e-01   7.0052420220e-01
-4.9083713063e-01   -5.3007214191e-01   6.8763421474e-01
-4.9945361131e-01   -5.4842726717e-01   6.7548054567e-01
-5.0998514128e-01   -5.6882536171e-01   6.6410964695e-01
-5.2245947204e-01   -5.9132240390e-01   6.5357271038e-01
-5.3690985929e-01   -6.1597960536e-01   6.4392652933e-01
-5.5337491748e-01   -6.4286230247e-01   6.3523439727e-01
-5.7189827544e-01   -6.7203853285e-01   6.2756704156e-01
-5.9252800707e-01   -7.0357723800e-01   6.2100358665e-01
-6.1531580463e-01   -7.3754602265e-01   6.1563253495e-01
-6.4031585393e-01   -7.7400838916e-01   6.1155274576e-01
-6.6758336406e-01   -8.1302035804e-01   6.0887438270e-01
-6.9717269334e-01   -8.5462637079e-01   6.0771978684e-01
-7.2913500730e-01   -8.9885436964e-01   6.0822421673e-01
-7.6351539481e-01   -9.4570994313e-01   6.1053637637e-01
-8.0034936326e-01   -9.9516943192e-01   6.1481862800e-01
-8.0112916248e-01   -9.9620870905e-01   6.1492807638e-01
-8.0898426042e-01   -1.0066600161e+00   6.1607233555e-01
-8.4885207306e-01   -1.0592221294e+00   6.2300921386e-01
-8.9119560352e-01   -1.1141881644e+00   6.3232433739e-01
-9.3598669585e-01   -1.1713794286e+00   6.4421913202e-01
-9.8316413091e-01   -1.2305460323e+00   6.5890247987e-01
-1.0326257064e+00   -1.2913542063e+00   6.7658638406e-01
-1.0842194163e+00   -1.3533730928e+00   6.9747997225e-01
-1.1377338462e+00   -1.4160615907e+00   7.2178154877e-01
-1.1388475017e+00   -1.4173473726e+00   7.2231589253e-01
-1.1500213899e+00   -1.4302041981e+00   7.2774232744e-01
-1.2054980313e+00   -1.4927950891e+00   7.5645783014e-01
-1.2621601125e+00   -1.5543971856e+00   7.8892870938e-01
-1.3195351127e+00   -1.6140427031e+00   8.2523703364e-01
-1.3770496724e+00   -1.6706233132e+00   8.6539499401e-01
-1.4340231095e+00   -1.7228977058e+00   9.0932561598e-01
-1.4896642941e+00   -1.7695089299e+00   9.5684283778e-01
-1.4907832053e+00   -1.7703938681e+00   9.5785100421e-01
-1.5019192591e+00   -1.7790767626e+00   9.6800762419e-01
-1.5546907751e+00   -1.8167763321e+00   1.0194761570e+00
-1.6039906359e+00   -1.8455452117e+00   1.0736337116e+00
-1.6487146683e+00   -1.8639176293e+00   1.1298298321e+00
-1.6521074018e+00   -1.8649095512e+00   1.1344548984e+00
