X    Y    Z
1.0000000000e-01   0.0000000000e+00   0.0000000000e+00
9.9600559350e-02   -1.1992815652e-04   -3.5882584882e-09
9.5666901144e-02   -1.3114952186e-03   -4.2021452147e-07
7.7931864075e-02   -6.9568588666e-03   -1.0594336392e-05
6.2364185046e-02   -1.2384038746e-02   -2.9678883694e-05
4.8609240518e-02   -1.7686061798e-02   -5.2701160634e-05
3.6359519445e-02   -2.2948830707e-02   -7.5888475130e-05
2.5347370059e-02   -2.8252788276e-02   -9.6288966728e-05
1.5338754695e-02   -3.3674412152e-02   -1.1148359529e-04
6.1278611056e-03   -3.9287568949e-02   -1.1936245018e-04
-2.4675592328e-03   -4.5164754008e-02   -1.1794522519e-04
-1.0610236775e-02   -5.1378240433e-02   -1.0523049186e-04
-1.8446908737e-02   -5.8001158583e-02   -7.9061776300e-05
-2.6111404991e-02   -6.5108525103e-02   -3.7000752429e-05
-3.3727365565e-02   -7.2778238669e-02   2.3800641404e-05
-4.1410650690e-02   -8.1092057983e-02   1.0673649832e-04
-4.9271496128e-02   -9.0136576144e-02   2.1589864534e-04
-5.7416459532e-02   -1.0000420419e-01   3.5625084135e-04
-6.5950197653e-02   -1.1079417546e-01   5.3383304483e-04
-7.4977109090e-02   -1.2261358121e-01   7.5600418215e-04
-8.4602872845e-02   -1.3557844671e-01   1.0317330757e-03
-9.4935909126e-02   -1.4981485564e-01   1.3719488119e-03
-1.0608878534e-01   -1.6546012890e-01   1.7899638767e-03
-1.1817958706e-01   -1.8266406170e-01   2.3019859113e-03
-1.3133327069e-01   -2.0159021999e-01   2.9277369987e-03
-1.4568301139e-01   -2.2241729329e-01   3.6912030605e-03
-1.6137155646e-01   -2.4534049579e-01   4.6215402841e-03
-1.7855259047e-01   -2.7057300016e-01   5.7541705966e-03
-1.9739211378e-01   -2.9834737913e-01   7.1321040994e-03
-2.1806983012e-01   -3.2891701610e-01   8.8075331073e-03
-2.4078053117e-01   -3.6255742880e-01   1.0843749962e-02
-2.6573545657e-01   -3.9956742572e-01   1.3317448975e-02
-2.9316359240e-01   -4.4026996350e-01   1.6321481232e-02
-2.9375258801e-01   -4.4114411384e-01   1.6389265424e-02
-2.9970570570e-01   -4.4997936136e-01   1.7082107212e-02
-3.3050390960e-01   -4.9568219807e-01   2.0891258080e-02
-3.6435424308e-01   -5.4588417956e-01   2.5512887593e-02
-4.0154990688e-01   -6.0098552608e-01   3.1117582362e-02
-4.4240499082e-01   -6.6140652656e-01   3.7910600071e-02
-4.8725392900e-01   -7.2758282074e-01   4.6138337365e-02
-5.3644998618e-01   -7.9995806841e-01   5.6095727799e-02
-5.9036240659e-01   -8.7897313004e-01   6.8134562893e-02
-5.9151791781e-01   -8.8066294230e-01   6.8405552714e-02
-6.0319121205e-01   -8.9772466921e-01   7.1173766745e-02
-6.6340132581e-01   -9.8544721183e-01   8.6339779996e-02
-7.2917936526e-01   -1.0806932857e+00   1.0462117045e-01
-8.0090080953e-01   -1.1837570306e+00   1.2661769169e-01
-8.7891664565e-01   -1.2948153526e+00   1.5302583886e-01
-8.8058162486e-01   -1.2971726208e+00   1.5361793546e-01
-8.9738416931e-01   -1.3209299509e+00   1.5966042520e-01
-9.8352107832e-01   -1.4417693130e+00   1.9257493608e-01
-1.0765279160e+00   -1.5702862637e+00   2.3182561178e-01
-1.1764954785e+00   -1.7058442093e+00   2.7844171405e-01
-1.1786143193e+00   -1.7086858983e+00   2.7948057645e-01
-1.1999614402e+00   -1.7372386406e+00   2.9006661519e-01
-1.3058810704e+00   -1.8767155246e+00   3.4587069706e-01
-1.4205839665e+00   -2.0231654326e+00   4.1269675978e-01
-1.4229955147e+00   -2.0261878689e+00   4.1417589698e-01
-1.4472439445e+00   -2.0564408782e+00   4.2922320439e-01
-1.5549436726e+00   -2.1875791528e+00   5.0000088967e-01
-1.6690967576e+00   -2.3200883716e+00   5.8247298518e-01
-1.6717013891e+00   -2.3230248714e+00   5.8444966471e-01
-1.6978176261e+00   -2.3522379022e+00   6.0451360222e-01
-1.8057162760e+00   -2.4681312979e+00   6.9233222765e-01
-1.9158989763e+00   -2.5772659055e+00   7.9098721120e-01
-1.9185441338e+00   -2.5797548541e+00   7.9347801841e-01
-1.9449562199e+00   -2.6042374718e+00   8.1868548271e-01
-2.0498253325e+00   -2.6941086216e+00   9.2528830200e-01
-2.0524014041e+00   -2.6961525294e+00   9.2804911364e-01
-2.0780387315e+00   -2.7160159390e+00   9.5593103838e-01
-2.0805893966e+00   -2.7179433350e+00   9.5874630952e-01
-2.1059523678e+00   -2.7366035930e+00   9.8716413378e-01
-2.2250746916e+00   -2.8098963458e+00   1.1324021182e+00
-2.2274116252e+00   -2.8110551102e+00   1.1354758389e+00
-2.2505139913e+00   -2.8218194993e+00   1.1664082606e+00
-2.2527966370e+00   -2.8228122347e+00   1.1695204143e+00
-2.2753313577e+00   -2.8318786305e+00   1.2008199479e+00
-2.3765766564e+00   -2.8519500796e+00   1.3574442983e+00
-2.3784742834e+00   -2.8519124980e+00   1.3606971829e+00
-2.3970162159e+00   -2.8504884014e+00   1.3932863378e+00
-2.3988259921e+00   -2.8502400710e+00   1.3965503594e+00
-2.4164623445e+00   -2.8466790686e+00   1.4292250689e+00
-2.4892769161e+00   -2.7999097278e+00   1.5884313316e+00
-2.4905140074e+00   -2.7984250482e+00   1.5916590890e+00
-2.5022778844e+00   -2.7823831844e+00   1.6238124527e+00
-2.5033926313e+00   -2.7806590144e+00   1.6270142222e+00
-2.5139074785e+00   -2.7622101948e+00   1.6588760276e+00
-2.5475885938e+00   -2.6402572180e+00   1.8089209715e+00
-2.5479524457e+00   -2.6372083911e+00   1.8118684704e+00
-2.5508338129e+00   -2.6055108998e+00   1.8410113469e+00
-2.5492458144e+00   -2.4713179525e+00   1.9416594083e+00
-2.5157541354e+00   -2.2493074863e+00   2.0587028281e+00
-2.5146804638e+00   -2.2442909867e+00   2.0608576767e+00
-2.5030748523e+00   -2.1931556339e+00   2.0818323598e+00
-2.4583221622e+00   -2.0283923486e+00   2.1386556630e+00
-2.3935097706e+00   -1.8348463650e+00   2.1883542704e+00
-2.3912673585e+00   -1.8287253436e+00   2.1896702721e+00
-2.3679930945e+00   -1.7668939582e+00   2.2021663178e+00
-2.2988438685e+00   -1.5979077576e+00   2.2294440513e+00
-2.2131106694e+00   -1.4103267466e+00   2.2492181838e+00
-2.2098926193e+00   -1.4036529539e+00   2.2497354360e+00
-2.1769587212e+00   -1.3366551218e+00   2.2542573872e+00
-2.0915044522e+00   -1.1725440715e+00   2.2604030752e+00
-1.9926766940e+00   -9.9708903466e-01   2.2597351837e+00
-1.9886887079e+00   -9.9028533584e-01   2.2595662641e+00
-1.9481986729e+00   -9.2230300726e-01   2.2573113751e+00
-1.8510702729e+00   -7.6667506238e-01   2.2483739064e+00
-1.7431506036e+00   -6.0450886978e-01   2.2337021640e+00
-1.7385918967e+00   -5.9788241631e-01   2.2329901197e+00
-1.6925603111e+00   -5.3191586775e-01   2.2254304955e+00
-1.5864391266e+00   -3.8597009603e-01   2.2057207691e+00
-1.4715194362e+00   -2.3663196013e-01   2.1814279228e+00
-1.4665772959e+00   -2.3039683557e-01   2.1803252239e+00
-1.4168817928e+00   -1.6851068589e-01   2.1690032960e+00
-1.3034437855e+00   -3.2495020191e-02   2.1417545901e+00
-1.1827690269e+00   1.0481239645e-01   2.1110538665e+00
-1.1776175944e+00   1.1051514671e-01   2.1097113992e+00
-1.1259914320e+00   1.6698072503e-01   2.0961357154e+00
-1.0064068776e+00   2.9318355481e-01   2.0639796953e+00
-8.8086424787e-01   4.1922309851e-01   2.0294833361e+00
-8.7566412379e-01   4.2430882829e-01   2.0280438256e+00
-8.2369601842e-01   4.7456558675e-01   2.0136283842e+00
-6.9888629537e-01   5.9119081054e-01   1.9789067695e+00
-5.6932474651e-01   7.0649899004e-01   1.9429978800e+00
-5.6422280100e-01   7.1092486107e-01   1.9415914966e+00
-5.1335828554e-01   7.5458738210e-01   1.9276160690e+00
-3.8414464229e-01   8.6183153967e-01   1.8925991729e+00
-2.5152426210e-01   9.6664298144e-01   1.8576642398e+00
-2.4665383031e-01   9.7039384865e-01   1.8564052717e+00
-1.9820024292e-01   1.0073372507e+00   1.8439855616e+00
-6.5426934045e-02   1.1051562306e+00   1.8110514056e+00
6.9055608208e-02   1.1992284001e+00   1.7796452368e+00
7.3573412150e-02   1.2023019609e+00   1.7786291350e+00
1.1843085704e-01   1.2325138470e+00   1.7686897032e+00
2.5371842432e-01   1.3202482531e+00   1.7404985824e+00
3.8841341272e-01   1.4024313248e+00   1.7154769417e+00
3.9246615997e-01   1.4048215055e+00   1.7147766859e+00
4.3262620323e-01   1.4282377631e+00   1.7080159577e+00
5.6881163985e-01   1.5038507390e+00   1.6876842681e+00
7.0111891363e-01   1.5711484253e+00   1.6722794678e+00
8.5727376162e-01   1.6412298823e+00   1.6606724905e+00
8.6040589160e-01   1.6425146175e+00   1.6605221966e+00
8.9132009163e-01   1.6549070344e+00   1.6592285669e+00
1.0220360924e+00   1.7007165917e+00   1.6579009135e+00
1.1400934315e+00   1.7301700701e+00   1.6634443356e+00
1.2462032922e+00   1.7419713997e+00   1.6753784791e+00
1.3337847819e+00   1.7342858964e+00   1.6918974443e+00
1.4026918611e+00   1.7074163689e+00   1.7111795717e+00
1.4039068356e+00   1.7066695930e+00   1.7115900374e+00
1.4156250470e+00   1.6987742892e+00   1.7157119506e+00
1.4616115804e+00   1.6492547659e+00   1.7358493248e+00
1.4890381625e+00   1.5823982761e+00   1.7546905866e+00
1.4982512603e+00   1.4996838481e+00   1.7706043790e+00
1.4898356263e+00   1.4029910651e+00   1.7821915902e+00
1.4646384267e+00   1.2945425828e+00   1.7883482837e+00
1.4237754754e+00   1.1768110060e+00   1.7883077466e+00
1.4227846207e+00   1.1743223130e+00   1.7882386795e+00
1.4125490371e+00   1.1492864588e+00   1.7873946100e+00
1.3543847815e+00   1.0237360028e+00   1.7792352638e+00
1.2839019343e+00   8.9469499087e-01   1.7644296965e+00
1.2028951927e+00   7.6461656406e-01   1.7432891406e+00
1.2011402716e+00   7.6195908004e-01   1.7427938073e+00
1.1833956738e+00   7.3541577157e-01   1.7377083285e+00
1.0920768658e+00   6.0704928795e-01   1.7095910791e+00
9.9447388446e-01   4.8213184806e-01   1.6766326372e+00
8.9245333075e-01   3.6211988866e-01   1.6397153572e+00
8.9033144527e-01   3.5972275228e-01   1.6389247988e+00
8.6905481524e-01   3.3589184657e-01   1.6309510505e+00
7.6400605281e-01   2.2333530215e-01   1.5904427283e+00
6.5824483460e-01   1.1762654532e-01   1.5480116993e+00
5.5314954957e-01   1.9117091178e-02   1.5045017893e+00
5.5101380992e-01   1.7176827222e-02   1.5036053684e+00
5.2970115462e-01   -2.0574923152e-03   1.4946352733e+00
4.2699679386e-01   -9.1646478111e-02   1.4508256333e+00
3.2727626000e-01   -1.7411843888e-01   1.4074830850e+00
2.3124644811e-01   -2.4978587473e-01   1.3651321214e+00
1.3942292600e-01   -3.1906792226e-01   1.3241930577e+00
1.3758991872e-01   -3.2042278102e-01   1.3233722162e+00
1.1936545472e-01   -3.3383635248e-01   1.3152044882e+00
3.3146790129e-02   -3.9596436492e-01   1.2764279190e+00
-4.8306527563e-02   -4.5284034280e-01   1.2396688518e+00
-1.2495739490e-01   -5.0500176526e-01   1.2050775006e+00
-1.9687002350e-01   -5.5297635847e-01   1.1727457163e+00
-2.6418900562e-01   -5.9726950778e-01   1.1427185689e+00
-2.6552040791e-01   -5.9814113511e-01   1.1421280981e+00
-2.7873366806e-01   -6.0678442968e-01   1.1362767407e+00
-3.4071016858e-01   -6.4721031787e-01   1.1090821334e+00
-3.9861018016e-01   -6.8496073862e-01   1.0841753224e+00
-4.5271870300e-01   -7.2042547621e-01   1.0615148258e+00
-5.0333561169e-01   -7.5395361489e-01   1.0410472099e+00
-5.5076579052e-01   -7.8585368036e-01   1.0227118849e+00
-5.9531111550e-01   -8.1639449767e-01   1.0064448016e+00
-6.3726405437e-01   -8.4580647265e-01   9.9218119778e-01
-6.7690265206e-01   -8.7428308460e-01   9.7985753524e-01
-7.1448667880e-01   -9.0198244349e-01   9.6941275664e-01
-7.1523628213e-01   -9.0254226222e-01   9.6921816303e-01
-7.2269093579e-01   -9.0812566279e-01   9.6731408163e-01
-7.5808065498e-01   -9.3503880123e-01   9.5909269892e-01
-7.9191483088e-01   -9.6140717337e-01   9.5262600797e-01
-8.2437826936e-01   -9.8728475421e-01   9.4786340691e-01
-8.5562982634e-01   -1.0126959449e+00   9.4475687636e-01
-8.8580186931e-01   -1.0376367064e+00   9.4326016556e-01
-9.1500003184e-01   -1.0620756603e+00   9.4332776457e-01
-9.4330320811e-01   -1.0859552099e+00   9.4491370044e-01
-9.7076375402e-01   -1.1091927441e+00   9.4797019207e-01
-9.9740787921e-01   -1.1316819944e+00   9.5244619796e-01
-1.0232362300e+00   -1.1532946180e+00   9.5828589316e-01
-1.0482246765e+00   -1.1738820811e+00   9.6542711547e-01
-1.0723253267e+00   -1.1932779150e+00   9.7379982657e-01
-1.0954678012e+00   -1.2113004070e+00   9.8332464047e-01
-1.1175608022e+00   -1.2277557795e+00   9.9391147869e-01
-1.1384940165e+00   -1.2424418889e+00   1.0054584180e+00
-1.1581403849e+00   -1.2551524496e+00   1.0178508009e+00
-1.1585281340e+00   -1.2553905480e+00   1.0181124264e+00
-1.1623724569e+00   -1.2577208677e+00   1.0207449877e+00
-1.1802486390e+00   -1.2677311617e+00   1.0339974080e+00
-1.1965092602e+00   -1.2753166728e+00   1.0477923011e+00
-1.2109934795e+00   -1.2802921723e+00   1.0619723558e+00
-1.2235377273e+00   -1.2824908373e+00   1.0763683042e+00
-1.2339799898e+00   -1.2817700462e+00   1.0908004845e+00
-1.2421643449e+00   -1.2780169614e+00   1.1050809843e+00
-1.2479456462e+00   -1.2711536615e+00   1.1190163421e+00
-1.2511942269e+00   -1.2611415763e+00   1.1324107495e+00
-1.2518004726e+00   -1.2479849824e+00   1.1450696643e+00
-1.2496791005e+00   -1.2317333419e+00   1.1568037096e+00
-1.2447729739e+00   -1.2124823121e+00   1.1674327061e+00
-1.2370562880e+00   -1.1903733100e+00   1.1767896662e+00
-1.2265369770e+00   -1.1655915909e+00   1.1847245669e+00
-1.2132582181e+00   -1.1383628801e+00   1.1911077225e+00
-1.1972989480e+00   -1.1089486787e+00   1.1958325945e+00
-1.1787733471e+00   -1.0776404397e+00   1.1988179049e+00
-1.1578292968e+00   -1.0447528746e+00   1.2000089559e+00
-1.1346458676e+00   -1.0106166967e+00   1.1993781086e+00
-1.1094299373e+00   -9.7557112694e-01   1.1969244175e+00
-1.0824120832e+00   -9.3995649120e-01   1.1926724698e+00
-1.0538419216e+00   -9.0410721393e-01   1.1866705170e+00
-1.0239830877e+00   -8.6834547074e-01   1.1789880212e+00
-9.9310805687e-01   -8.3297570804e-01   1.1697127613e+00
-9.6149300299e-01   -7.9828017341e-01   1.1589476544e+00
-9.2941287577e-01   -7.6451553433e-01   1.1468074485e+00
-9.2875324591e-01   -7.6383575399e-01   1.1465454322e+00
-9.2215295108e-01   -7.5706513484e-01   1.1438966492e+00
-8.8986901484e-01   -7.2474992368e-01   1.1302403835e+00
-8.5770521806e-01   -6.9383506258e-01   1.1154903991e+00
-8.2590424418e-01   -6.6448441520e-01   1.0997780431e+00
-7.9469216056e-01   -6.3683338150e-01   1.0832340246e+00
-7.6427644140e-01   -6.1099037032e-01   1.0659862832e+00
-7.3484465433e-01   -5.8703880747e-01   1.0481582544e+00
-7.0656377430e-01   -5.6503953319e-01   1.0298675280e+00
-6.7958007003e-01   -5.4503345321e-01   1.0112248821e+00
-6.5401949484e-01   -5.2704432212e-01   9.9233366086e-01
-6.2998850639e-01   -5.1108155636e-01   9.7328945812e-01
-6.0757523628e-01   -4.9714299304e-01   9.5418006234e-01
-5.8685093161e-01   -4.8521752956e-01   9.3508561968e-01
-5.6787159464e-01   -4.7528759695e-01   9.1607897204e-01
-5.5067975252e-01   -4.6733143511e-01   8.9722613093e-01
-5.3530629672e-01   -4.6132514578e-01   8.7858685040e-01
-5.3501075767e-01   -4.6122239111e-01   8.7820792469e-01
-5.3209780649e-01   -4.6023917638e-01   8.7442494329e-01
-5.1898011510e-01   -4.5658894199e-01   8.5612059848e-01
-5.0771714659e-01   -4.5483668118e-01   8.3814366464e-01
-4.9831474699e-01   -4.5496299358e-01   8.2053832642e-01
-4.9077464393e-01   -4.5695260669e-01   8.0334547147e-01
-4.8509600007e-01   -4.6079532425e-01   7.8660342922e-01
-4.8127684241e-01   -4.6648679579e-01   7.7034870736e-01
-4.7931535920e-01   -4.7402911950e-01   7.5461672443e-01
-4.7921105905e-01   -4.8343128828e-01   7.3944253922e-01
-4.8096578975e-01   -4.9470948626e-01   7.2486157993e-01
-4.8458461545e-01   -5.0788723921e-01   7.1091037737e-01
-4.9007655140e-01   -5.2299541790e-01   6.9762730769e-01
-4.9745515501e-01   -5.4007208831e-01   6.8505335050e-01
-5.0673897042e-01   -5.5916219690e-01   6.7323286843e-01
-5.1795182197e-01   -5.8031707255e-01   6.6221441384e-01
-5.3112294827e-01   -6.0359371949e-01   6.5205156700e-01
-5.4628696550e-01   -6.2905386767e-01   6.4280380889e-01
-5.6348364300e-01   -6.5676273781e-01   6.3453742867e-01
-5.8275746965e-01   -6.8678746911e-01   6.2732646264e-01
-6.0415698228e-01   -7.1919514709e-01   6.2125365635e-01
-6.2773382120e-01   -7.5405035843e-01   6.1641143502e-01
-6.5354146957e-01   -7.9141218883e-01   6.1290285860e-01
-6.8163362547e-01   -8.3133057028e-01   6.1084252692e-01
-7.1206214715e-01   -8.7384187531e-01   6.1035738595e-01
-7.4487450365e-01   -9.1896364990e-01   6.1158736914e-01
-7.4557136829e-01   -9.1991455526e-01   6.1163151572e-01
-7.5259596084e-01   -9.2948361433e-01   6.1211631933e-01
-7.8838232187e-01   -9.7779026888e-01   6.1565797176e-01
-8.2662562454e-01   -1.0286457370e+00   6.2127410640e-01
-8.6733452906e-01   -1.0819588893e+00   6.2914710722e-01
-9.1049530461e-01   -1.1375858556e+00   6.3947071228e-01
-9.5606544789e-01   -1.1953189977e+00   6.5244771073e-01
-1.0039663819e+00   -1.2548748749e+00   6.6828644224e-01
-1.0540752418e+00   -1.3158814751e+00   6.8719582279e-01
-1.0551228932e+00   -1.3171422892e+00   6.8761641450e-01
-1.0656459574e+00   -1.3297721592e+00   6.9189817066e-01
-1.1182134554e+00   -1.3918990688e+00   7.1484467390e-01
-1.1725097542e+00   -1.4542657896e+00   7.4129156723e-01
-1.2282044138e+00   -1.5161291616e+00   7.7139311645e-01
-1.2848813770e+00   -1.5766101886e+00   8.0526087510e-01
-1.3420296592e+00   -1.6346905915e+00   8.4294744485e-01
-1.3990356376e+00   -1.6892157690e+00   8.8442830709e-01
-1.4001961780e+00   -1.6902859627e+00   8.8531638531e-01
-1.4117804127e+00   -1.7008741419e+00   8.9428170411e-01
-1.4676176059e+00   -1.7492883180e+00   9.4023477159e-01
-1.5215592013e+00   -1.7911628644e+00   9.8955293833e-01
-1.5726475217e+00   -1.8250365872e+00   1.0418332025e+00
-1.6198337994e+00   -1.8494387109e+00   1.0965221247e+00
-1.6619982184e+00   -1.8629516439e+00   1.1529094649e+00
-1.6979785569e+00   -1.8642843386e+00   1.2101310560e+00
-1.7266074419e+00   -1.8523522063e+00   1.2671831573e+00
-1.7467573309e+00   -1.8263576157e+00   1.3229497467e+00
-1.7470737344e+00   -1.8256748673e+00   1.3240695795e+00
-1.7500163564e+00   -1.8185120037e+00   1.3352086557e+00
-1.7583782440e+00   -1.7747344820e+00   1.3877779056e+00
-1.7561556050e+00   -1.7164962251e+00   1.4363975906e+00
-1.7427029162e+00   -1.6443355985e+00   1.4799188077e+00
-1.7176267428e+00   -1.5592456351e+00   1.5173115258e+00
-1.6808189215e+00   -1.4626384025e+00   1.5477242572e+00
-1.6324745761e+00   -1.3562777572e+00   1.5705332245e+00
-1.6313674722e+00   -1.3540125773e+00   1.5709176837e+00
-1.6200427575e+00   -1.3311863506e+00   1.5745777473e+00
-1.5582739613e+00   -1.2156505810e+00   1.5876044397e+00
-1.4864648988e+00   -1.0950530544e+00   1.5925947041e+00
-1.4057013031e+00   -9.7159073311e-01   1.5897870072e+00
-1.4039632516e+00   -9.6904856608e-01   1.5896510579e+00
-1.3864080837e+00   -9.4361338507e-01   1.5881235262e+00
-1.2964266491e+00   -8.1948285793e-01   1.5764290608e+00
-1.2004990819e+00   -6.9689028165e-01   1.5582497512e+00
-1.1001036580e+00   -5.7742402729e-01   1.5344193269e+00
-1.0980123147e+00   -5.7502078913e-01   1.5338788187e+00
-1.0770326548e+00   -5.5109278565e-01   1.5283661882e+00
-9.7316229698e-01   -4.3717684822e-01   1.4988560539e+00
-8.6800726585e-01   -3.2882037701e-01   1.4657500841e+00
-7.6284181514e-01   -2.2662531071e-01   1.4299573248e+00
-7.6069718798e-01   -2.2460048591e-01   1.4292026958e+00
-7.3927899069e-01   -2.0450265885e-01   1.4216157778e+00
-6.3562392560e-01   -1.1028196546e-01   1.3836829146e+00
-5.3424733667e-01   -2.2642641576e-02   1.3448447845e+00
-4.3590305670e-01   5.8549918539e-02   1.3057556610e+00
-3.4117358916e-01   1.3357257867e-01   1.2669707574e+00
-3.3927545290e-01   1.3504638786e-01   1.2661833941e+00
-3.2038799043e-01   1.4965173911e-01   1.2583282792e+00
-2.3064408801e-01   2.1764224367e-01   1.2205317209e+00
-1.4524782654e-01   2.8040342615e-01   1.1839377469e+00
-6.4310285374e-02   3.3843490094e-01   1.1488171412e+00
1.2167494544e-02   3.9225108937e-01   1.1153729546e+00
8.4276000430e-02   4.4236443681e-01   1.0837515272e+00
8.5707472459e-02   4.4335512090e-01   1.0831240484e+00
9.9925550208e-02   4.5318906639e-01   1.0768937930e+00
1.6691095733e-01   4.9944235909e-01   1.0476382534e+00
2.2996892636e-01   5.4306839985e-01   1.0203797543e+00
2.8937086003e-01   5.8450519441e-01   9.9514917252e-01
3.4541466891e-01   6.2415689513e-01   9.7195860677e-01
3.9841386354e-01   6.6239188976e-01   9.5080740969e-01
4.4868834512e-01   6.9954193227e-01   9.3168712967e-01
4.9655674249e-01   7.3590193796e-01   9.1458546505e-01
4.9751368500e-01   7.3663985513e-01   9.1425638415e-01
5.0703542818e-01   7.4400728971e-01   9.1101176807e-01
5.5237875191e-01   7.7974764475e-01   8.9636555100e-01
5.9599036800e-01   8.1522303147e-01   8.8371114017e-01
6.3814743525e-01   8.5061109417e-01   8.7304107262e-01
6.7910615019e-01   8.8605347630e-01   8.6435229908e-01
7.1909906505e-01   9.2165563799e-01   8.5764662046e-01
7.5833282337e-01   9.5748638623e-01   8.5293066580e-01
7.9698618706e-01   9.9357710949e-01   8.5021544143e-01
8.3520825201e-01   1.0299207377e+00   8.4951546638e-01
8.7311677439e-01   1.0664704781e+00   8.5084749820e-01
9.1079655490e-01   1.1031384062e+00   8.5422884504e-01
9.1156588559e-01   1.1038893900e+00   8.5431958127e-01
9.1925520616e-01   1.1113987363e+00   8.5527456986e-01
9.5671958860e-01   1.1480291177e+00   8.6118778141e-01
9.9401772244e-01   1.1844273653e+00   8.6917947624e-01
1.0311175511e+00   1.2203639590e+00   8.7925220795e-01
1.0679478029e+00   1.2555639281e+00   8.9139728040e-01
1.1043969128e+00   1.2897073182e+00   9.0559091823e-01
1.1403123156e+00   1.3224307675e+00   9.2179014614e-01
1.1755002690e+00   1.3533304868e+00   9.3992848932e-01
1.2097263878e+00   1.3819669333e+00   9.5991165265e-01
1.2427170883e+00   1.4078714363e+00   9.8161338607e-01
1.2741621470e+00   1.4305549709e+00   1.0048717935e+00
1.3037185684e+00   1.4495191800e+00   1.0294863867e+00
1.3043012974e+00   1.4498650308e+00   1.0300027879e+00
1.3100758399e+00   1.4532254698e+00   1.0351920830e+00
1.3368111735e+00   1.4669605093e+00   1.0611355977e+00
1.3608065070e+00   1.4759037454e+00   1.0878434838e+00
1.3816576219e+00   1.4796263266e+00   1.1149857507e+00
1.3989609559e+00   1.4777571753e+00   1.1421971753e+00
1.4123253790e+00   1.4700007701e+00   1.1690833228e+00
1.4213849482e+00   1.4561537814e+00   1.1952287855e+00
1.4258121581e+00   1.4361194178e+00   1.2202074642e+00
1.4253310879e+00   1.4099183431e+00   1.2435945215e+00
1.4197297588e+00   1.3776951442e+00   1.2649794487e+00
1.4088709752e+00   1.3397195674e+00   1.2839795256e+00
1.3927009461e+00   1.2963820897e+00   1.3002528463e+00
1.3712550667e+00   1.2481838173e+00   1.3135100548e+00
1.3446603913e+00   1.1957211570e+00   1.3235239880e+00
1.3131345324e+00   1.1396661389e+00   1.3301365678e+00
1.2769809568e+00   1.0807436209e+00   1.3332624962e+00
1.2365808952e+00   1.0197068333e+00   1.3328895724e+00
1.2357126028e+00   1.0184406712e+00   1.3328456867e+00
1.2269429434e+00   1.0057492271e+00   1.3323275863e+00
1.1819565895e+00   9.4315244429e-01   1.3277536514e+00
1.1337918426e+00   8.8009721905e-01   1.3198964890e+00
1.0829951432e+00   8.1726950772e-01   1.3089454404e+00
1.0301323599e+00   7.5529475156e-01   1.2951333959e+00
9.7577343202e-01   6.9472583244e-01   1.2787257625e+00
9.2047799646e-01   6.3603534556e-01   1.2600093706e+00
9.1934014340e-01   6.3485645045e-01   1.2596042180e+00
9.0795344176e-01   6.2312055448e-01   1.2555069101e+00
8.5223867800e-01   5.6725270141e-01   1.2343680320e+00
7.9673407048e-01   5.1401426822e-01   1.2115839107e+00
7.4188912999e-01   4.6361207458e-01   1.1874444587e+00
6.8810344634e-01   4.1617937813e-01   1.1622250424e+00
6.3572316463e-01   3.7178340686e-01   1.1361818716e+00
5.8503951456e-01   3.3043378209e-01   1.1095488965e+00
5.3628913408e-01   2.9209127880e-01   1.0825360540e+00
5.3531278732e-01   2.9133731751e-01   1.0819804795e+00
5.2559850029e-01   2.8386505090e-01   1.0764206216e+00
4.7946216416e-01   2.4909509718e-01   1.0491924808e+00
4.3560074903e-01   2.1711272327e-01   1.0219637995e+00
3.9409267172e-01   1.8777751021e-01   9.9486726630e-01
3.5497591678e-01   1.6093268160e-01   9.6801420791e-01
3.1825283853e-01   1.3641072866e-01   9.4149648734e-01
2.8389502742e-01   1.1403814683e-01   9.1538854516e-01
2.5184807486e-01   9.3639324532e-02   8.8974947238e-01
2.2203610979e-01   7.5039650434e-02   8.6462503095e-01
1.9436601605e-01   5.8067919510e-02   8.4004956295e-01
1.6873127065e-01   4.2558124862e-02   8.1604775065e-01
1.4501536920e-01   2.8350722042e-02   7.9263620678e-01
1.4454908666e-01   2.8072415146e-02   7.9216321768e-01
1.3992740688e-01   2.5315557950e-02   7.8744718252e-01
1.1839359454e-01   1.2497040676e-02   7.6477181057e-01
9.8498076071e-02   6.5266487344e-04   7.4270158218e-01
8.0110487828e-02   -1.0352445518e-02   7.2123583086e-01
6.3100378569e-02   -2.0645420134e-02   7.0037063807e-01
4.7338573425e-02   -3.0345957132e-02   6.8009957856e-01
3.2698226761e-02   -3.9566775408e-02   6.6041434618e-01
1.9055597977e-02   -4.8414169824e-02   6.4130527629e-01
6.2905837928e-03   -5.6988641692e-02   6.2276178044e-01
-5.7129610242e-03   -6.5385582377e-02   6.0477270766e-01
-1.7067084700e-02   -7.3695992768e-02   5.8732664559e-01
-2.7879754127e-02   -8.2007225521e-02   5.7041217326e-01
-3.8255000825e-02   -9.0403740438e-02   5.5401807625e-01
-4.8293175742e-02   -9.8967866267e-02   5.3813353344e-01
-5.8091294285e-02   -1.0778056453e-01   5.2274828397e-01
-6.7743455678e-02   -1.1692219296e-01   5.0785278186e-01
-7.7341323261e-02   -1.2647326755e-01   4.9343834529e-01
-8.6974654699e-02   -1.3651522344e-01   4.7949730691e-01
-9.6731873096e-02   -1.4713117568e-01   4.6602317149e-01
-1.0670067187e-01   -1.5840668141e-01   4.5301078686e-01
-1.1696864785e-01   -1.7043050529e-01   4.4045653458e-01
-1.2762395825e-01   -1.8329539005e-01   4.2835854683e-01
-1.3875599843e-01   -1.9709883359e-01   4.1671695654e-01
-1.5045609798e-01   -2.1194387356e-01   4.0553418885e-01
-1.6281822182e-01   -2.2793974089e-01   3.9481517627e-01
-1.6307886706e-01   -2.2828000288e-01   3.9460065363e-01
-1.6570299937e-01   -2.3171204272e-01   3.9246631457e-01
-1.7900929105e-01   -2.4927747592e-01   3.8232691351e-01
-1.9319986069e-01   -2.6826376906e-01   3.7267410228e-01
-2.0838219482e-01   -2.8880600963e-01   3.6352447569e-01
-2.2466954860e-01   -3.1104889161e-01   3.5489948004e-01
-2.4218169306e-01   -3.3514742698e-01   3.4682620247e-01
-2.6104565022e-01   -3.6126759016e-01   3.3933829715e-01
-2.8139640345e-01   -3.8958686080e-01   3.3247706963e-01
-3.0337756531e-01   -4.2029461875e-01   3.2629274328e-01
-3.2714197881e-01   -4.5359233004e-01   3.2084593367e-01
-3.5285221986e-01   -4.8969344412e-01   3.1620935827e-01
-3.8068095805e-01   -5.2882289853e-01   3.1246980951e-01
-4.1081111956e-01   -5.7121609837e-01   3.0973041824e-01
-4.4343577914e-01   -6.1711720115e-01   3.0811323097e-01
-4.7875768721e-01   -6.6677649401e-01   3.0776211711e-01
-4.7951037202e-01   -6.6783405012e-01   3.0776929487e-01
-4.8710464847e-01   -6.7850252663e-01   3.0787443610e-01
-5.2602016847e-01   -7.3311041449e-01   3.0930760478e-01
-5.6811297262e-01   -7.9203388116e-01   3.1242214885e-01
-6.1360698111e-01   -8.5550890485e-01   3.1745591238e-01
-6.6272638473e-01   -9.2374918725e-01   3.2468407669e-01
-7.1569047835e-01   -9.9693290191e-01   3.3442312491e-01
-7.7270672902e-01   -1.0751857292e+00   3.4703448059e-01
-7.7391753388e-01   -1.0768410264e+00   3.4732542913e-01
-7.8612365382e-01   -1.0935122135e+00   3.5031127050e-01
-8.4835567779e-01   -1.1780365261e+00   3.6700460587e-01
-9.1500893399e-01   -1.2676053050e+00   3.8754826817e-01
-9.8617661475e-01   -1.3620026027e+00   4.1246038560e-01
-1.0618811503e+00   -1.4608321746e+00   4.4230275569e-01
-1.0634778918e+00   -1.4628975725e+00   4.4296927046e-01
-1.0795481911e+00   -1.4836384492e+00   4.4976289171e-01
-1.1607012683e+00   -1.5870228548e+00   4.8646025426e-01
-1.2460613541e+00   -1.6930720894e+00   5.2943620858e-01
-1.3352399749e+00   -1.8004744027e+00   5.7929232836e-01
-1.3371015926e+00   -1.8026757830e+00   5.8038875149e-01
-1.3557913413e+00   -1.8246786070e+00   5.9152538289e-01
-1.4488233846e+00   -1.9313671853e+00   6.5055221104e-01
-1.5440368041e+00   -2.0350065196e+00   7.1754057403e-01
-1.6402606685e+00   -2.1328739071e+00   7.9272933205e-01
-1.6422310248e+00   -2.1347953144e+00   7.9435449591e-01
-1.6619210482e+00   -2.1537972465e+00   8.1079500202e-01
-1.7573182284e+00   -2.2402051521e+00   8.9597232892e-01
-1.8499471947e+00   -2.3131967605e+00   9.8883425820e-01
-1.9375585283e+00   -2.3688199341e+00   1.0884873955e+00
-1.9392819864e+00   -2.3697486541e+00   1.0905892752e+00
-1.9563372272e+00   -2.3785347295e+00   1.1117300442e+00
-2.0342809325e+00   -2.4073925108e+00   1.2177323282e+00
-2.1011752660e+00   -2.4101800621e+00   1.3266524214e+00
-2.1540494705e+00   -2.3836943865e+00   1.4358894222e+00
-2.1899706170e+00   -2.3256506893e+00   1.5424106575e+00
-2.1905092069e+00   -2.3241231549e+00   1.5445398108e+00
-2.1954364003e+00   -2.3080930761e+00   1.5656864065e+00
-2.2069349416e+00   -2.2101105912e+00   1.6643735785e+00
-2.2069429420e+00   -2.2077668182e+00   1.6662993746e+00
-2.2065025467e+00   -2.1835952377e+00   1.6853183734e+00
-2.1903557493e+00   -2.0468694948e+00   1.7712235183e+00
-2.1897767418e+00   -2.0437588919e+00   1.7728479231e+00
-2.1834282994e+00   -2.0119952353e+00   1.7887701728e+00
-2.1376771472e+00   -1.8406282340e+00   1.8575549442e+00
-2.0674086852e+00   -1.6458499555e+00   1.9099741685e+00
-2.0657174436e+00   -1.6416557783e+00   1.9108660694e+00
-2.0482564025e+00   -1.5993117094e+00   1.9193767703e+00
-1.9749099969e+00   -1.4365042516e+00   1.9444201554e+00
-1.8589138378e+00   -1.2121682750e+00   1.9617140382e+00
-1.8563226909e+00   -1.2074958186e+00   1.9618854030e+00
-1.8299579920e+00   -1.1606520691e+00   1.9632055529e+00
-1.7361277363e+00   -1.0030571928e+00   1.9625564732e+00
-1.6291516528e+00   -8.3764953408e-01   1.9539701079e+00
-1.6259825757e+00   -8.3294740154e-01   1.9536135359e+00
-1.5939604113e+00   -7.8601515912e-01   1.9497235384e+00
-1.4883200524e+00   -6.3809544012e-01   1.9336156629e+00
-1.3737539245e+00   -4.8818395891e-01   1.9115374438e+00
-1.3702097681e+00   -4.8370288691e-01   1.9107907691e+00
-1.3345681825e+00   -4.3912761471e-01   1.9030935700e+00
-1.2205733427e+00   -3.0217655221e-01   1.8764215748e+00
-1.1006784318e+00   -1.6650883123e-01   1.8456028790e+00
-1.0969410218e+00   -1.6240687044e-01   1.8446042419e+00
-1.0594922721e+00   -1.2170837060e-01   1.8344863214e+00
-9.3927004251e-01   4.2242628520e-03   1.8007971697e+00
-8.1550417003e-01   1.2691701508e-01   1.7646013462e+00
-8.1173475573e-01   1.3055022712e-01   1.7634800781e+00
-7.7407508246e-01   1.6652706033e-01   1.7522266868e+00
-6.4915716350e-01   2.8183568163e-01   1.7143616512e+00
-5.2282879166e-01   3.9255985501e-01   1.6755525649e+00
-5.1916830661e-01   3.9568486368e-01   1.6744243700e+00
-4.8268449180e-01   4.2658415499e-01   1.6631763614e+00
-3.5437794785e-01   5.3179922463e-01   1.6236840416e+00
-2.2687554908e-01   6.3132554689e-01   1.5848408212e+00
-2.2344438151e-01   6.3393787011e-01   1.5838047621e+00
-1.8931481616e-01   6.5973953785e-01   1.5735323539e+00
-5.8925058973e-02   7.5533391100e-01   1.5349628096e+00
6.8161224224e-02   8.4414953188e-01   1.4987331686e+00
2.1134307342e-01   9.3928681409e-01   1.4601145797e+00
2.1425278971e-01   9.4116708597e-01   1.4593587854e+00
2.4312299616e-01   9.5970913193e-01   1.4519296774e+00
3.7364430270e-01   1.0409406754e+00   1.4200963866e+00
4.9623694650e-01   1.1132590209e+00   1.3932983736e+00
6.1179598916e-01   1.1776037249e+00   1.3714524847e+00
6.1405713515e-01   1.1788224412e+00   1.3710630255e+00
6.3643948888e-01   1.1907969366e+00   1.3672933725e+00
7.3983152000e-01   1.2438359639e+00   1.3520634132e+00
8.3347367953e-01   1.2880613474e+00   1.3418409021e+00
9.1755686268e-01   1.3237271088e+00   1.3361715327e+00
9.9227508718e-01   1.3510034778e+00   1.3345271736e+00
1.0578126600e+00   1.3700056067e+00   1.3363225176e+00
1.1143388879e+00   1.3808238127e+00   1.3409301666e+00
1.1154029725e+00   1.3809604167e+00   1.3410492832e+00
1.1258400187e+00   1.3821401851e+00   1.3422889334e+00
1.1715365480e+00   1.3830646196e+00   1.3494475627e+00
1.2085573758e+00   1.3760650831e+00   1.3579442809e+00
1.2370533569e+00   1.3613434189e+00   1.3671146170e+00
1.2571915733e+00   1.3391822863e+00   1.3763140533e+00
1.2691680225e+00   1.3099574557e+00   1.3849331339e+00
1.2732196205e+00   1.2741433281e+00   1.3924119968e+00
1.2696344130e+00   1.2323114481e+00   1.3982536213e+00
1.2587590838e+00   1.1851222734e+00   1.4020350359e+00
1.2410031061e+00   1.1333109512e+00   1.4034157840e+00
1.2168391718e+00   1.0776682939e+00   1.4021431042e+00
1.1867998423e+00   1.0190184702e+00   1.3980535154e+00
1.1514706637e+00   9.5819511144e-01   1.3910707684e+00
1.1114802489e+00   8.9601753827e-01   1.3812004140e+00
1.0674880328e+00   8.3326866458e-01   1.3685214816e+00
1.0665504596e+00   8.3198345765e-01   1.3682335119e+00
1.0570993733e+00   8.1913642628e-01   1.3652925901e+00
1.0091269990e+00   7.5667207581e-01   1.3493716691e+00
9.5866044461e-01   6.9515711246e-01   1.3310263453e+00
9.0636311174e-01   6.3514670413e-01   1.3104949902e+00
8.5287106080e-01   5.7710675019e-01   1.2880393224e+00
7.9878182609e-01   5.2141240239e-01   1.2639330384e+00
7.4464528878e-01   4.6835013735e-01   1.2384517973e+00
7.4354020375e-01   4.6729300721e-01   1.2379177480e+00
7.3250066780e-01   4.5678748351e-01   1.2325522951e+00
6.7897542486e-01   4.0721831960e-01   1.2057522765e+00
6.2642432426e-01   3.6062870134e-01   1.1781580931e+00
5.7520824600e-01   3.1706237586e-01   1.1500034629e+00
5.2562642543e-01   2.7650619117e-01   1.1215003686e+00
4.7791815560e-01   2.3889945599e-01   1.0928375086e+00
4.3226582302e-01   2.0414296048e-01   1.0641798920e+00
3.8879895096e-01   1.7210736060e-01   1.0356693362e+00
3.4759893945e-01   1.4264073345e-01   1.0074256321e+00
3.4677959030e-01   1.4206322363e-01   1.0068510030e+00
3.3863932960e-01   1.3634315094e-01   1.0011133548e+00
3.0026503796e-01   1.0979396373e-01   9.7333013446e-01
2.6419236217e-01   8.5426656416e-02   9.4600991766e-01
2.3038318456e-01   6.3056766964e-02   9.1921371964e-01
1.9877327014e-01   4.2498812913e-02   8.9298861777e-01
1.6927699245e-01   2.3569129042e-02   8.6736972831e-01
1.4179165859e-01   6.0880043790e-03   8.4238205475e-01
1.1620138896e-01   -1.0118787148e-02   8.1804217627e-01
9.2380531513e-02   -2.5218970958e-02   7.9435976130e-01
7.0196609720e-02   -3.9373185833e-02   7.7133890309e-01
4.9512817840e-02   -5.2734750816e-02   7.4897928298e-01
3.0190087611e-02   -6.5449717282e-02   7.2727717301e-01
1.2088757275e-02   -7.7657147761e-02   7.0622629291e-01
-4.9301220537e-03   -8.9489572063e-02   6.8581853867e-01
-2.1003805893e-02   -1.0107357953e-01   6.6604460027e-01
-2.1323915457e-02   -1.0130897146e-01   6.6564637795e-01
-2.4506593405e-02   -1.0366019474e-01   6.6167851259e-01
-3.9605812547e-02   -1.1510478477e-01   6.4266744635e-01
-5.4056073026e-02   -1.2656495403e-01   6.2426767588e-01
-6.7985686187e-02   -1.3815321417e-01   6.0646920469e-01
-8.1519908111e-02   -1.4997948180e-01   5.8926259783e-01
-9.4781102411e-02   -1.6215196613e-01   5.7263928234e-01
-1.0788903291e-01   -1.7477806863e-01   5.5659182942e-01
-1.2096126461e-01   -1.8796528788e-01   5.4111422967e-01
-1.3411365417e-01   -2.0182212439e-01   5.2620217193e-01
-1.4746091361e-01   -2.1645898105e-01   5.1185333611e-01
-1.6111723307e-01   -2.3198905549e-01   4.9806771030e-01
-1.7519695038e-01   -2.4852922036e-01   4.8484794235e-01
-1.8981525658e-01   -2.6620088654e-01   4.7219973682e-01
-2.0508892737e-01   -2.8513084279e-01   4.6013230854e-01
-2.2113707094e-01   -3.0545206304e-01   4.4865890523e-01
-2.3808188245e-01   -3.2730446882e-01   4.3779741240e-01
-2.5604939463e-01   -3.5083563001e-01   4.2757105519e-01
-2.7517021203e-01   -3.7620138084e-01   4.1800921336e-01
-2.9558021436e-01   -4.0356632058e-01   4.0914836666e-01
-3.1742121020e-01   -4.3310415829e-01   4.0103318983e-01
-3.4084151756e-01   -4.6499784839e-01   3.9371781703e-01
-3.4133850640e-01   -4.6567665389e-01   3.9357686176e-01
-3.4634865765e-01   -4.7252378378e-01   3.9218735139e-01
-3.7191633397e-01   -5.0756650619e-01   3.8594177263e-01
-3.9941890713e-01   -5.4540409517e-01   3.8065805922e-01
-4.2902815173e-01   -5.8624635548e-01   3.7643184418e-01
-4.6092313403e-01   -6.3030865277e-01   3.7337588129e-01
-4.9528968092e-01   -6.7780932006e-01   3.7162248884e-01
-5.3231938945e-01   -7.2896600448e-01   3.7132623743e-01
-5.7220804583e-01   -7.8399068095e-01   3.7266685471e-01
-6.1515329333e-01   -8.4308300630e-01   3.7585229125e-01
-6.6135135321e-01   -9.0642163064e-01   3.8112185066e-01
-6.6233235616e-01   -9.0776362218e-01   3.8125334921e-01
-6.7222210926e-01   -9.2128509721e-01   3.8262315625e-01
-7.2266380190e-01   -9.9002140284e-01   3.9082294915e-01
-7.7676501714e-01   -1.0632650752e+00   4.0176670826e-01
-8.3467915678e-01   -1.1410351115e+00   4.1581343404e-01
-8.9652779248e-01   -1.2232595069e+00   4.3336227218e-01
-9.6238775129e-01   -1.3097481904e+00   4.5485125239e-01
-9.6377803822e-01   -1.3115610556e+00   4.5533555781e-01
-9.7777383585e-01   -1.3297796874e+00   4.6028118826e-01
-1.0485627333e+00   -1.4210112502e+00   4.8724513441e-01
-1.1232881773e+00   -1.5154929407e+00   5.1923728949e-01
-1.2017579724e+00   -1.6124155206e+00   5.5677277724e-01
-1.2836455018e+00   -1.7106911578e+00   6.0035640665e-01
-1.2853543003e+00   -1.7127076793e+00   6.0131511204e-01
-1.3025090056e+00   -1.7328692944e+00   6.1105324336e-01
-1.3878959089e+00   -1.8308473237e+00   6.6267430353e-01
-1.4753399653e+00   -1.9265562239e+00   7.2126866552e-01
-1.5638743613e+00   -2.0177628908e+00   7.8706233590e-01
-1.5656898898e+00   -2.0195651019e+00   7.8848493388e-01
-1.5838399640e+00   -2.0374185065e+00   8.0287780318e-01
-1.6720094048e+00   -2.1195054666e+00   8.7750525616e-01
-1.7581568866e+00   -2.1907954457e+00   9.5903006363e-01
-1.8404258903e+00   -2.2479943499e+00   1.0468044958e+00
-1.8420549071e+00   -2.2489940435e+00   1.0486598687e+00
-1.8582028808e+00   -2.2585809306e+00   1.0673318523e+00
-1.9327988716e+00   -2.2938625610e+00   1.1612874551e+00
-1.9984859987e+00   -2.3075658997e+00   1.2585558508e+00
-2.0527382360e+00   -2.2967455405e+00   1.3571061561e+00
-2.0930087006e+00   -2.2590852279e+00   1.4545182058e+00
-2.1168698513e+00   -2.1931653761e+00   1.5480873975e+00
-2.1171711347e+00   -2.1915166312e+00   1.5499427289e+00
-2.1197517622e+00   -2.1743693314e+00   1.5683367358e+00
-2.1206221841e+00   -2.0735500167e+00   1.6533421289e+00
-2.1009226465e+00   -1.9455421069e+00   1.7283282958e+00
-2.0596932484e+00   -1.7928903925e+00   1.7909283855e+00
-2.0586214645e+00   -1.7895324329e+00   1.7920665203e+00
-2.0474010074e+00   -1.7554762228e+00   1.8031163795e+00
-1.9876898915e+00   -1.5972256455e+00   1.8441211609e+00
-1.9029924943e+00   -1.4096431192e+00   1.8748381937e+00
-1.9010149560e+00   -1.4055957947e+00   1.8753195259e+00
-1.8807871965e+00   -1.3648842417e+00   1.8797714162e+00
-1.7955813720e+00   -1.2049577937e+00   1.8908232052e+00
-1.6928515089e+00   -1.0309804944e+00   1.8923093143e+00
-1.6902007836e+00   -1.0267101247e+00   1.8922181479e+00
-1.6633418430e+00   -9.8398658864e-01   1.8909836023e+00
-1.5625324472e+00   -8.3164204679e-01   1.8819621922e+00
-1.4505035579e+00   -6.7490499594e-01   1.8655162938e+00
-1.4473990122e+00   -6.7072588612e-01   1.8649820707e+00
-1.4161224130e+00   -6.2907957250e-01   1.8593923489e+00
-1.3051053447e+00   -4.8749501830e-01   1.8368329875e+00
-1.1870642538e+00   -3.4646499772e-01   1.8090358393e+00
-1.1837008054e+00   -3.4257695235e-01   1.8081957036e+00
-1.1499559545e+00   -3.0394601355e-01   1.7996356281e+00
-1.0318000785e+00   -1.7380323795e-01   1.7679840431e+00
-9.0965871452e-01   -4.6930411697e-02   1.7330260646e+00
-9.0620774179e-01   -4.3450605351e-02   1.7320111717e+00
-8.7169591539e-01   -8.9528329151e-03   1.7217898092e+00
-7.4839922046e-01   1.0999733827e-01   1.6843472107e+00
-6.2363859127e-01   2.2401719404e-01   1.6453484681e+00
-6.2024871736e-01   2.2703176584e-01   1.6442774226e+00
-5.8643567512e-01   2.5686906474e-01   1.6335683692e+00
-4.5955743103e-01   3.6520840925e-01   1.5930839150e+00
-3.3364735529e-01   4.6742931197e-01   1.5527465786e+00
-3.3044438277e-01   4.6996478028e-01   1.5517218611e+00
-2.9856345698e-01   4.9503227947e-01   1.5415320498e+00
-1.6954763468e-01   5.9343867612e-01   1.5005911924e+00
-4.4090625028e-02   6.8472514654e-01   1.4615496773e+00
9.4224373566e-02   7.8069659227e-01   1.4199167456e+00
9.6968487858e-02   7.8255330603e-01   1.4191098705e+00
1.2421391927e-01   8.0089067702e-01   1.4111449595e+00
2.5214178511e-01   8.8467228075e-01   1.3750203362e+00
3.7139317374e-01   9.5940538779e-01   1.3436620515e+00
4.8196893030e-01   1.0258032685e+00   1.3171394793e+00
4.8414247356e-01   1.0270798256e+00   1.3166468410e+00
5.0568084911e-01   1.0396684826e+00   1.3118304824e+00
6.0579616605e-01   1.0966670931e+00   1.2911395066e+00
6.9759751666e-01   1.1465219641e+00   1.2750113091e+00
7.8132699235e-01   1.1895916411e+00   1.2631832360e+00
8.5723834179e-01   1.2261385350e+00   1.2553303727e+00
9.2557920858e-01   1.2563443984e+00   1.2510785365e+00
9.8657952134e-01   1.2803283501e+00   1.2500148371e+00
9.8775302263e-01   1.2807549045e+00   1.2500232905e+00
9.9932402325e-01   1.2848789601e+00   1.2501702771e+00
1.0516090869e+00   1.3013406916e+00   1.2524067635e+00
1.0969773586e+00   1.3117195743e+00   1.2568172804e+00
1.1355813355e+00   1.3160659683e+00   1.2629207160e+00
1.1675568114e+00   1.3144485490e+00   1.2702308586e+00
1.1930305878e+00   1.3069702362e+00   1.2782642526e+00
1.2121294064e+00   1.2937814493e+00   1.2865483949e+00
1.2249893609e+00   1.2750901264e+00   1.2946301725e+00
1.2317650857e+00   1.2511680764e+00   1.3020843071e+00
1.2326380829e+00   1.2223534071e+00   1.3085214758e+00
1.2278236381e+00   1.1890489811e+00   1.3135957144e+00
1.2175758836e+00   1.1517170910e+00   1.3170107023e+00
1.2021907005e+00   1.1108707700e+00   1.3185245579e+00
1.1820063036e+00   1.0670623687e+00   1.3179528558e+00
1.1574015024e+00   1.0208701822e+00   1.3151696911e+00
1.1287917867e+00   9.7288400973e-01   1.3101067448e+00
1.0966235149e+00   9.2369054343e-01   1.3027504469e+00
1.0613665900e+00   8.7385943073e-01   1.2931374563e+00
1.0235060808e+00   8.2393073381e-01   1.2813487777e+00
9.8353327594e-01   7.7440434278e-01   1.2675029042e+00
9.4193665590e-01   7.2573170761e-01   1.2517483996e+00
9.4107159685e-01   7.2474718771e-01   1.2514071425e+00
9.3239549753e-01   7.1493162027e-01   1.2479548404e+00
8.8945779655e-01   6.6784059527e-01   1.2300968072e+00
8.4593052394e-01   6.2240866245e-01   1.2107307276e+00
8.0223824336e-01   5.7890388978e-01   1.1900521294e+00
7.5877248105e-01   5.3753732788e-01   1.1682575160e+00
7.1588772733e-01   4.9846605103e-01   1.1455393904e+00
6.7389880430e-01   4.6179741003e-01   1.1220822527e+00
6.3307953756e-01   4.2759411901e-01   1.0980595633e+00
5.9366261601e-01   3.9587982883e-01   1.0736316135e+00
5.5584048690e-01   3.6664488679e-01   1.0489442092e+00
5.5508407170e-01   3.6607212279e-01   1.0484370938e+00
5.4756054255e-01   3.6040071002e-01   1.0433632322e+00
5.1189842807e-01   3.3415023616e-01   1.0185345579e+00
4.7812485089e-01   3.1026653935e-01   9.9371665098e-01
4.4631759825e-01   2.8866993058e-01   9.6900710024e-01
4.1652538676e-01   2.6926919687e-01   9.4448969914e-01
3.8877134765e-01   2.5196556099e-01   9.2023545953e-01
3.6305654753e-01   2.3665611060e-01   8.9630375179e-01
3.3936344539e-01   2.2323671225e-01   8.7274350282e-01
3.1765920831e-01   2.1160444204e-01   8.4959439853e-01
2.9789882896e-01   2.0165957522e-01   8.2688805144e-01
2.8002800616e-01   1.9330718272e-01   8.0464910583e-01
2.6398576542e-01   1.8645838491e-01   7.8289626307e-01
2.4970680919e-01   1.8103131253e-01   7.6164321778e-01
2.3712359749e-01   1.7695182224e-01   7.4089950169e-01
2.2616816705e-01   1.7415401110e-01   7.2067123685e-01
2.1677370364e-01   1.7258056994e-01   7.0096180300e-01
2.0887588601e-01   1.7218301112e-01   6.8177242631e-01
2.0241402259e-01   1.7292180182e-01   6.6310269803e-01
1.9733200499e-01   1.7476644872e-01   6.4495099488e-01
1.9724202105e-01   1.7481559223e-01   6.4458482453e-01
1.9637271133e-01   1.7533197015e-01   6.4093500117e-01
1.9291268961e-01   1.7850315786e-01   6.2341471499e-01
1.9072789499e-01   1.8274480012e-01   6.0640667824e-01
1.8978172564e-01   1.8805557821e-01   5.8990805494e-01
1.9004467139e-01   1.9444322029e-01   5.7391630163e-01
1.9149466242e-01   2.0192452250e-01   5.5842945728e-01
1.9411736203e-01   2.1052539635e-01   5.4344642879e-01
1.9790641881e-01   2.2028094823e-01   5.2896728061e-01
2.0286369132e-01   2.3123559454e-01   5.1499353704e-01
2.0899945676e-01   2.4344321396e-01   5.0152850570e-01
2.1633261302e-01   2.5696733646e-01   4.8857763144e-01
2.2489088156e-01   2.7188136624e-01   4.7614889018e-01
2.3471101659e-01   2.8826883326e-01   4.6425323300e-01
2.4583902374e-01   3.0622366499e-01   4.5290509189e-01
2.5833038919e-01   3.2585046650e-01   4.4212295943e-01
2.7225031730e-01   3.4726479231e-01   4.3193005607e-01
2.8767397192e-01   3.7059338798e-01   4.2235510017e-01
3.0468671290e-01   3.9597437240e-01   4.1343319717e-01
3.2338431453e-01   4.2355732284e-01   4.0520686594e-01
3.4387314794e-01   4.5350321401e-01   3.9772722154e-01
3.6627030204e-01   4.8598414843e-01   3.9105533446e-01
3.9070361018e-01   5.2118279850e-01   3.8526378656e-01
4.1731153895e-01   5.5929145954e-01   3.8043844326e-01
4.4624288387e-01   6.0051059091e-01   3.7668045596e-01
4.4686047477e-01   6.0138827872e-01   3.7661548016e-01
4.5309387564e-01   6.1024198827e-01   3.7599326131e-01
4.8508885585e-01   6.5555381517e-01   3.7370675141e-01
5.1977197868e-01   7.0443930440e-01   3.7277928282e-01
5.5731951009e-01   7.5710594425e-01   3.7337785853e-01
5.9791262083e-01   8.1375318975e-01   3.7569585014e-01
6.4173441729e-01   8.7456479907e-01   3.7995607700e-01
6.8896594210e-01   9.3969894982e-01   3.8641387683e-01
7.3978089188e-01   1.0092756765e+00   3.9535997988e-01
7.4085965581e-01   1.0107468896e+00   3.9557133957e-01
7.5173387994e-01   1.0255631276e+00   3.9775043848e-01
8.0715439123e-01   1.1006658762e+00   4.1019696178e-01
8.6648083855e-01   1.1802561595e+00   4.2591649134e-01
9.2980630827e-01   1.2642044306e+00   4.4532511104e-01
9.9717274514e-01   1.3522492206e+00   4.6887567174e-01
1.0685535889e+00   1.4439634016e+00   4.9705208396e-01
1.0700560467e+00   1.4458750718e+00   4.9768069965e-01
1.0851703654e+00   1.4650608447e+00   5.0408605665e-01
1.1613007191e+00   1.5603866682e+00   5.3861914218e-01
1.2410308916e+00   1.6576403708e+00   5.7890675725e-01
1.3239558152e+00   1.7555890227e+00   6.2543393698e-01
1.4094932572e+00   1.8526641036e+00   6.7862900326e-01
1.4112663252e+00   1.8546291496e+00   6.7979008532e-01
1.4290377249e+00   1.8742115730e+00   6.9156293283e-01
1.5166745736e+00   1.9675397308e+00   7.5336130186e-01
1.6048376424e+00   2.0551679428e+00   8.2234670472e-01
1.6921730146e+00   2.1343251040e+00   8.9842734145e-01
1.6939411093e+00   2.1358357130e+00   9.0005668482e-01
1.7115624428e+00   2.1506697159e+00   9.1650438166e-01
1.7956252713e+00   2.2152128491e+00   1.0007178835e+00
1.8748408936e+00   2.2641225500e+00   1.0906776668e+00
1.9469841740e+00   2.2940194382e+00   1.1851344670e+00
1.9483703252e+00   2.2944097438e+00   1.1871038307e+00
1.9620086181e+00   2.2977941856e+00   1.2068593031e+00
2.0221786793e+00   2.3000638263e+00   1.3044757138e+00
2.0697647467e+00   2.2767880623e+00   1.4022490744e+00
2.1022789171e+00   2.2260663893e+00   1.4976299758e+00
2.1174259658e+00   2.1469996657e+00   1.5878565789e+00
2.1132654158e+00   2.0398792879e+00   1.6701324691e+00
2.1129675141e+00   2.0374023713e+00   1.6717146482e+00
2.1095073127e+00   2.0120248135e+00   1.6872874150e+00
2.0798101171e+00   1.8728071978e+00   1.7562860150e+00
2.0285232272e+00   1.7107186882e+00   1.8120580389e+00
1.9557821725e+00   1.5298624658e+00   1.8531141338e+00
1.9540741785e+00   1.5259973609e+00   1.8537942584e+00
1.9365218906e+00   1.4870338252e+00   1.8602371004e+00
1.8579676151e+00   1.3262912327e+00   1.8794753692e+00
1.7594199956e+00   1.1470736759e+00   1.8886470562e+00
1.7569670803e+00   1.1428566664e+00   1.8887216886e+00
1.7320540236e+00   1.1006034442e+00   1.8891300863e+00
1.6353468793e+00   9.4541983097e-01   1.8855443506e+00
1.5257394694e+00   7.8355355604e-01   1.8737991865e+00
1.5227682453e+00   7.7934316983e-01   1.8733897057e+00
1.4927885134e+00   7.3733825679e-01   1.8690233512e+00
1.3844970678e+00   5.9230698131e-01   1.8500982749e+00
1.2680384428e+00   4.4663459512e-01   1.8252633056e+00
1.2647514546e+00   4.4266229429e-01   1.8245062353e+00
1.2317359467e+00   4.0316075571e-01   1.8167501326e+00
1.1155062699e+00   2.6952477454e-01   1.7874787904e+00
9.9445856991e-01   1.3851303414e-01   1.7543223562e+00
9.9103444550e-01   1.3491875594e-01   1.7533514889e+00
9.5676026387e-01   9.9263509702e-02   1.7435452791e+00
8.3484950010e-01   -2.3029839061e-02   1.7075202560e+00
7.1076676437e-01   -1.4078787305e-01   1.6694120782e+00
7.0736107003e-01   -1.4393070668e-01   1.6683501847e+00
6.7336541153e-01   -1.7505179312e-01   1.6577116868e+00
5.4743590810e-01   -2.8651902555e-01   1.6178117826e+00
4.2177760741e-01   -3.9215473193e-01   1.5775421657e+00
4.1852305399e-01   -3.9482081542e-01   1.5764967600e+00
3.8610925973e-01   -4.2118812659e-01   1.5660845440e+00
2.5762500700e-01   -5.2250381134e-01   1.5249156527e+00
1.3194884563e-01   -6.1695398051e-01   1.4851140086e+00
-7.6254739552e-03   -7.1687628711e-01   1.4419636882e+00
-1.0460763578e-02   -7.1885460143e-01   1.4411026638e+00
-3.8624407077e-02   -7.3839773523e-01   1.4325893766e+00
-1.6806913359e-01   -8.2576218367e-01   1.3945243469e+00
-2.9042275750e-01   -9.0476331799e-01   1.3605560262e+00
-4.0615500888e-01   -9.7637967784e-01   1.3307739437e+00
-4.0843410927e-01   -9.7775967466e-01   1.3302144208e+00
-4.3102750262e-01   -9.9137596928e-01   1.3247296102e+00
-5.3627107562e-01   -1.0532368963e+00   1.3008010846e+00
-6.3313344525e-01   -1.1077475510e+00   1.2815293881e+00
-7.2183868352e-01   -1.1553387294e+00   1.2667077901e+00
-8.0263790405e-01   -1.1963375665e+00   1.2560581309e+00
-8.7578714816e-01   -1.2309800623e+00   1.2492456514e+00
-8.7720636918e-01   -1.2316240478e+00   1.2491436744e+00
-8.9122841633e-01   -1.2379214646e+00   1.2482029008e+00
-9.5533759175e-01   -1.2649893661e+00   1.2455705906e+00
-1.0123141790e+00   -1.2859829125e+00   1.2458841807e+00
-1.0623518594e+00   -1.3009620406e+00   1.2486974433e+00
-1.1056189864e+00   -1.3099724319e+00   1.2535464994e+00
-1.1422622688e+00   -1.3130640850e+00   1.2599570008e+00
-1.1724129757e+00   -1.3103084475e+00   1.2674514575e+00
-1.1961948967e+00   -1.3018134409e+00   1.2755568811e+00
-1.2137333162e+00   -1.2877357714e+00   1.2838127637e+00
-1.2251642905e+00   -1.2682900084e+00   1.2917792654e+00
-1.2306435622e+00   -1.2437540446e+00   1.2990453617e+00
-1.2303545129e+00   -1.2144707267e+00   1.3052366164e+00
-1.2245146403e+00   -1.1808456552e+00   1.3100221934e+00
-1.2133801597e+00   -1.1433413737e+00   1.3131207207e+00
-1.1972484590e+00   -1.1024683942e+00   1.3143046601e+00
-1.1764582828e+00   -1.0587736925e+00   1.3134029193e+00
-1.1513876687e+00   -1.0128274539e+00   1.3103015573e+00
-1.1224498028e+00   -9.6520892667e-01   1.3049425629e+00
-1.0900870847e+00   -9.1649224637e-01   1.2973208171e+00
-1.0547637894e+00   -8.6723303115e-01   1.2874794683e+00
-1.0169577760e+00   -8.1795642401e-01   1.2755040436e+00
-9.7715171891e-01   -7.6914709348e-01   1.2615156732e+00
-9.3582432647e-01   -7.2124151689e-01   1.2456638329e+00
-8.9344196963e-01   -6.7462268290e-01   1.2281189908e+00
-8.9256656607e-01   -6.7368423060e-01   1.2277434452e+00
-8.8379937466e-01   -6.6433755486e-01   1.2239535654e+00
-8.4073043770e-01   -6.1973451160e-01   1.2045866782e+00
-7.9756320446e-01   -5.7706716515e-01   1.1839463999e+00
-7.5467796139e-01   -5.3653687025e-01   1.1622255588e+00
-7.1241839058e-01   -4.9829273006e-01   1.1396125772e+00
-6.7108916802e-01   -4.6243584829e-01   1.1162876895e+00
-6.3095481868e-01   -4.2902435117e-01   1.0924200909e+00
-5.9223971099e-01   -3.9807884825e-01   1.0681659570e+00
-5.5512903961e-01   -3.6958804751e-01   1.0436672385e+00
-5.1977062629e-01   -3.4351429301e-01   1.0190511220e+00
-5.1906599242e-01   -3.4300542601e-01   1.0185468198e+00
-5.1206287778e-01   -3.3797100689e-01   1.0135039083e+00
-4.7900182417e-01   -3.1477673316e-01   9.8889572907e-01
-4.4790091661e-01   -2.9384721643e-01   9.6440085649e-01
-4.1880622217e-01   -2.7509372225e-01   9.4010086924e-01
-3.9173918797e-01   -2.5842053332e-01   9.1606496125e-01
-3.6670008259e-01   -2.4372825950e-01   8.9235105792e-01
-3.4367136831e-01   -2.3091665128e-01   8.6900698444e-01
-3.2262093101e-01   -2.1988694819e-01   8.4607163598e-01
-3.0350511411e-01   -2.1054380360e-01   8.2357611250e-01
-2.8627152035e-01   -2.0279683249e-01   8.0154479278e-01
-2.7086156023e-01   -1.9656183090e-01   7.7999633124e-01
-2.5721273815e-01   -1.9176171516e-01   7.5894456921e-01
-2.4526067730e-01   -1.8832722680e-01   7.3839935805e-01
-2.3494089216e-01   -1.8619744579e-01   7.1836729583e-01
-2.2619032286e-01   -1.8532015061e-01   6.9885238286e-01
-2.1894864976e-01   -1.8565205960e-01   6.7985660296e-01
-2.1315940895e-01   -1.8715898353e-01   6.6138043902e-01
-2.0877093082e-01   -1.8981591542e-01   6.4342333219e-01
-2.0573712378e-01   -1.9360707941e-01   6.2598409392e-01
-2.0401812538e-01   -1.9852595709e-01   6.0906128043e-01
-2.0358084156e-01   -2.0457530642e-01   5.9265353886e-01
-2.0439939384e-01   -2.1176718541e-01   5.7675993387e-01
-2.0645551719e-01   -2.2012329227e-01   5.6138014916e-01
-2.0973887304e-01   -2.2967438030e-01   5.4651512071e-01
-2.0981887158e-01   -2.2988263990e-01   5.4621622291e-01
-2.1064707871e-01   -2.3199377512e-01   5.4323916204e-01
-2.1543191547e-01   -2.4306501026e-01   5.2900800673e-01
-2.2145070672e-01   -2.5543436827e-01   5.1529895861e-01
-2.2872039022e-01   -2.6916399492e-01   5.0211859594e-01
-2.3726684675e-01   -2.8432609340e-01   4.8947610029e-01
-2.4712511771e-01   -3.0100314290e-01   4.7738372535e-01
-2.5833962420e-01   -3.1928813064e-01   4.6585732768e-01
-2.7096438877e-01   -3.3928478459e-01   4.5491697199e-01
-2.8506325777e-01   -3.6110778885e-01   4.4458762488e-01
-3.0071011914e-01   -3.8488295779e-01   4.3489995217e-01
-3.1798910632e-01   -4.1074733775e-01   4.2589123610e-01
-3.3699477428e-01   -4.3884919533e-01   4.1760643019e-01
-3.5783222801e-01   -4.6934784032e-01   4.1009937017e-01
-3.8061717649e-01   -5.0241321637e-01   4.0343416020e-01
-4.0547587694e-01   -5.3822517520e-01   3.9768675285e-01
-4.3254492312e-01   -5.7697232841e-01   3.9294674009e-01
-4.6197081868e-01   -6.1885034436e-01   3.8931936833e-01
-4.9390926087e-01   -6.6405952677e-01   3.8692778436e-01
-4.9459042278e-01   -6.6502117128e-01   3.8689270757e-01
-5.0146402531e-01   -6.7471941830e-01   3.8657397701e-01
-5.3670473258e-01   -7.2428442739e-01   3.8589437971e-01
-5.7483108632e-01   -7.7762424787e-01   3.8680163868e-01
-6.1601818859e-01   -8.3492504820e-01   3.8949445338e-01
-6.6044150682e-01   -8.9635405258e-01   3.9420099839e-01
-7.0827252217e-01   -9.6204905237e-01   4.0118176829e-01
-7.5967304526e-01   -1.0321051883e+00   4.1073213136e-01
-8.1478790844e-01   -1.1065585313e+00   4.2318429167e-01
-8.1595579477e-01   -1.1081283749e+00   4.2347203278e-01
-8.2772325461e-01   -1.1239271763e+00   4.2642551211e-01
-8.8754687579e-01   -1.2036990799e+00   4.4294105225e-01
-9.5129585204e-01   -1.2876286669e+00   4.6323213187e-01
-1.0189851002e+00   -1.3754036973e+00   4.8774722257e-01
-1.0905561844e+00   -1.4665394049e+00   5.1696106615e-01
-1.0920609003e+00   -1.4684355694e+00   5.1761158341e-01
-1.1071938263e+00   -1.4874575809e+00   5.2423725924e-01
-1.1833009722e+00   -1.5817390270e+00   5.5987529113e-01
-1.2627858135e+00   -1.6774909514e+00   6.0129548022e-01
-1.3451949858e+00   -1.7734091438e+00   6.4894750172e-01
-1.4298940434e+00   -1.8678564172e+00   7.0321271576e-01
-1.4316461984e+00   -1.8697609880e+00   7.0439473528e-01
-1.4491996738e+00   -1.8887233769e+00   7.1637421994e-01
-1.5355286149e+00   -1.9786115063e+00   7.7909300605e-01
-1.6219408695e+00   -2.0620921202e+00   8.4879355455e-01
-1.7070341114e+00   -2.1363839489e+00   9.2529689413e-01
-1.7891345265e+00   -2.1984274275e+00   1.0081228428e+00
-1.7907706663e+00   -2.1995469475e+00   1.0098790930e+00
-1.8070149738e+00   -2.2103792271e+00   1.0275667471e+00
-1.8827827780e+00   -2.2530052177e+00   1.1169539318e+00
-1.9509325673e+00   -2.2761863927e+00   1.2102430805e+00
-1.9522314860e+00   -2.2764361181e+00   1.2121817994e+00
-1.9649858141e+00   -2.2784101011e+00   1.2316153720e+00
-2.0205505583e+00   -2.2737332696e+00   1.3272450428e+00
-2.0631224932e+00   -2.2436342818e+00   1.4223301477e+00
-2.0903374071e+00   -2.1865364761e+00   1.5143410160e+00
-2.1000610435e+00   -2.1018786665e+00   1.6005895858e+00
-2.1000642714e+00   -2.0998600501e+00   1.6022759024e+00
-2.0996492954e+00   -2.0790528644e+00   1.6189394682e+00
-2.0856104156e+00   -1.9615877743e+00   1.6945110145e+00
-2.0509251318e+00   -1.8195900639e+00   1.7587113077e+00
-1.9951849568e+00   -1.6562971882e+00   1.8096447939e+00
-1.9938250508e+00   -1.6527600803e+00   1.8105387196e+00
-1.9797482451e+00   -1.6170013125e+00   1.8191399834e+00
-1.9100104146e+00   -1.4571502587e+00   1.8488447513e+00
-1.8172700458e+00   -1.2731108954e+00   1.8680508446e+00
-1.8150896703e+00   -1.2690617880e+00   1.8683150486e+00
-1.7928783110e+00   -1.2284155374e+00   1.8706153333e+00
-1.7012913040e+00   -1.0708441216e+00   1.8737875423e+00
-1.5944565063e+00   -9.0324151427e-01   1.8679078692e+00
-1.5916888810e+00   -8.9909228068e-01   1.8676485774e+00
-1.5637134417e+00   -8.5764177606e-01   1.8647666255e+00
-1.4585971966e+00   -7.0918605491e-01   1.8502054803e+00
-1.3438975623e+00   -5.5855417797e-01   1.8289146605e+00
-1.3407545133e+00   -5.5457446115e-01   1.8282657611e+00
-1.3091450065e+00   -5.1495893471e-01   1.8215677962e+00
-1.1950510671e+00   -3.7776408120e-01   1.7950639798e+00
-1.0752354586e+00   -2.4248598471e-01   1.7640048853e+00
-1.0719038345e+00   -2.3884228273e-01   1.7631017754e+00
-1.0385235305e+00   -2.0266874432e-01   1.7539485428e+00
-9.1813200068e-01   -7.6995935681e-02   1.7195273030e+00
-7.9492003666e-01   4.4473204831e-02   1.6824586421e+00
-7.9156274544e-01   4.7688821961e-02   1.6814275445e+00
-7.5802466571e-01   7.9549236889e-02   1.6710745797e+00
-6.3318666617e-01   1.9412362772e-01   1.6318243443e+00
-5.0806950487e-01   3.0303760381e-01   1.5916911748e+00
-5.0482606333e-01   3.0578704598e-01   1.5906439733e+00
-4.7250285265e-01   3.3299073529e-01   1.5801953771e+00
-3.4475781366e-01   4.3713859493e-01   1.5387915249e+00
-2.1927871343e-01   5.3454081527e-01   1.4982551087e+00
-8.0873234336e-02   6.3681535730e-01   1.4541837396e+00
-7.8004085707e-02   6.3888143171e-01   1.4532810987e+00
-4.9490201286e-02   6.5929905006e-01   1.4443404288e+00
7.9756236600e-02   7.4930271709e-01   1.4046255616e+00
2.0256265404e-01   8.3115074657e-01   1.3684948086e+00
3.2121449139e-01   9.0701476287e-01   1.3355924347e+00
3.2355594168e-01   9.0848083547e-01   1.3349668540e+00
3.4677796244e-01   9.2295654349e-01   1.3288174941e+00
4.5521465652e-01   9.8899755387e-01   1.3015595866e+00
5.5544632041e-01   1.0477109491e+00   1.2788797482e+00
6.4767659670e-01   1.0996020977e+00   1.2606454355e+00
7.3215295601e-01   1.1450710476e+00   1.2466465862e+00
8.0914086716e-01   1.1844203664e+00   1.2366118387e+00
8.1064047221e-01   1.1851635901e+00   1.2364456530e+00
8.2547054509e-01   1.1924602618e+00   1.2348672088e+00
8.9364238629e-01   1.2246004137e+00   1.2292491572e+00
9.5489183701e-01   1.2510095105e+00   1.2268323720e+00
1.0094385507e+00   1.2717702464e+00   1.2272231172e+00
1.0574746161e+00   1.2869326452e+00   1.2300061407e+00
1.0991652597e+00   1.2965315630e+00   1.2347508691e+00
1.1346524815e+00   1.3006035646e+00   1.2410174479e+00
1.1640609390e+00   1.2992025860e+00   1.2483629312e+00
1.1875054112e+00   1.2924138213e+00   1.2563477898e+00
1.2050992006e+00   1.2803653109e+00   1.2645427725e+00
1.2169628527e+00   1.2632367701e+00   1.2725360300e+00
1.2232326147e+00   1.2412652997e+00   1.2799403035e+00
1.2240681015e+00   1.2147477564e+00   1.2863998973e+00
1.2196587110e+00   1.1840397298e+00   1.2915971050e+00
1.2102284165e+00   1.1495512636e+00   1.2952577448e+00
1.1960386744e+00   1.1117396454e+00   1.2971554863e+00
1.1773893054e+00   1.0710997681e+00   1.2971147111e+00
1.1546173331e+00   1.0281526997e+00   1.2950117395e+00
1.1280938919e+00   9.8343318756e-01   1.2907743624e+00
1.0982194255e+00   9.3747685029e-01   1.2843797322e+00
1.0654174921e+00   8.9080777882e-01   1.2758507714e+00
1.0301275550e+00   8.4392718157e-01   1.2652513469e+00
9.9279717361e-01   7.9730358165e-01   1.2526805201e+00
9.5387401086e-01   7.5136492004e-01   1.2382662157e+00
9.1379804852e-01   7.0649275729e-01   1.2221586527e+00
8.7299435118e-01   6.6301861157e-01   1.2045238590e+00
8.3186665343e-01   6.2122232870e-01   1.1855375234e+00
8.3102408830e-01   6.2038597717e-01   1.1851360201e+00
8.2260039913e-01   6.1206686741e-01   1.1810943265e+00
7.8158655750e-01   5.7263246276e-01   1.1606972636e+00
7.4104509210e-01   5.3531676787e-01   1.1393473879e+00
7.0128007156e-01   5.0024194736e-01   1.1172174952e+00
6.6255939450e-01   4.6748852873e-01   1.0944718096e+00
6.2511424431e-01   4.3710010823e-01   1.0712637648e+00
5.8913950588e-01   4.0908834354e-01   1.0477345187e+00
5.5479500288e-01   3.8343800380e-01   1.0240121137e+00
5.2220740275e-01   3.6011189361e-01   1.0002111831e+00
4.9147263491e-01   3.3905551327e-01   9.7643309755e-01
4.6265867532e-01   3.2020135997e-01   9.5276645461e-01
4.3580856243e-01   3.0347281074e-01   9.2928781618e-01
4.3527963566e-01   3.0315200581e-01   9.2880965048e-01
4.3003617116e-01   2.9999089241e-01   9.2403396603e-01
4.0561907236e-01   2.8575405254e-01   9.0087380038e-01
3.8318793626e-01   2.7345627924e-01   8.7803354913e-01
3.6272664119e-01   2.6301272294e-01   8.5555756060e-01
3.4420706272e-01   2.5434098103e-01   8.3348240753e-01
3.2759179956e-01   2.4736280014e-01   8.1183790672e-01
3.1283668779e-01   2.4200545833e-01   7.9064808545e-01
2.9989308805e-01   2.3820286955e-01   7.6993208281e-01
2.8870994060e-01   2.3589645197e-01   7.4970498032e-01
2.7923559109e-01   2.3503579949e-01   7.2997856100e-01
2.7141939628e-01   2.3557919312e-01   7.1076199987e-01
2.6521312339e-01   2.3749398485e-01   6.9206249126e-01
2.6057215976e-01   2.4075688323e-01   6.7388582047e-01
2.5745655145e-01   2.4535416594e-01   6.5623688833e-01
2.5583189026e-01   2.5128184074e-01   6.3912019805e-01
2.5567006842e-01   2.5854577266e-01   6.2254031430e-01
2.5694992006e-01   2.6716179160e-01   6.0650230464e-01
2.5965776689e-01   2.7715579138e-01   5.9101217371e-01
2.6378788447e-01   2.8856382754e-01   5.7607730066e-01
2.6934290326e-01   3.0143221834e-01   5.6170689057e-01
2.7633415686e-01   3.1581764962e-01   5.4791245094e-01
2.8478198720e-01   3.3178728090e-01   5.3470830458e-01
2.9471601395e-01   3.4941884574e-01   5.2211215099e-01
3.0617537267e-01   3.6880073543e-01   5.1014568871e-01
3.1920892274e-01   3.9003204929e-01   4.9883531215e-01
3.3387542254e-01   4.1322258888e-01   4.8821289693e-01
3.5024366515e-01   4.3849276587e-01   4.7831668884e-01
3.6839256268e-01   4.6597338396e-01   4.6919231196e-01
3.8841116165e-01   4.9580524408e-01   4.6089391174e-01
4.1039856440e-01   5.2813850834e-01   4.5348544874e-01
4.3446372351e-01   5.6313174187e-01   4.4704215708e-01
4.6072505314e-01   6.0095035784e-01   4.4165263498e-01
4.6128644119e-01   6.0175520796e-01   4.4155400923e-01
4.6695410130e-01   6.0987307456e-01   4.4059457568e-01
4.9608041044e-01   6.5138603979e-01   4.3663741069e-01
5.2769677179e-01   6.9610685795e-01   4.3398532692e-01
5.6194633555e-01   7.4420660703e-01   4.3278118031e-01
5.9897666006e-01   7.9584947989e-01   4.3318946060e-01
6.3893715371e-01   8.5118649337e-01   4.3539866529e-01
6.8197570214e-01   9.1034748484e-01   4.3962364435e-01
7.2823429089e-01   9.7343106018e-01   4.4610777299e-01
7.7784340549e-01   1.0404921324e+00   4.5512474745e-01
7.7889472643e-01   1.0419065068e+00   4.5533787106e-01
7.8948797094e-01   1.0561418924e+00   4.5753506040e-01
8.4335200555e-01   1.1280630998e+00   4.7007440023e-01
9.0077724154e-01   1.2038453752e+00   4.8586849394e-01
9.6179976053e-01   1.2832827839e+00   5.0529050828e-01
1.0264011519e+00   1.3660390651e+00   5.2873889495e-01
1.0944924223e+00   1.4516184551e+00   5.5663004654e-01
1.0959216219e+00   1.4533952824e+00   5.5725035993e-01
1.1102897076e+00   1.4712116994e+00   5.6356644378e-01
1.1824028759e+00   1.5592911773e+00   5.9747663315e-01
1.2574565571e+00   1.6483562829e+00   6.3675502932e-01
1.3349952370e+00   1.7371780429e+00   6.8177122270e-01
1.4143999351e+00   1.8242382032e+00   7.3282555096e-01
1.4160395125e+00   1.8259896281e+00   7.3393528538e-01
1.4324583748e+00   1.8434180626e+00   7.4517675006e-01
1.5130289114e+00   1.9258016051e+00   8.0387725265e-01
1.5933842788e+00   2.0019469581e+00   8.6883287720e-01
1.6722321964e+00   2.0693774428e+00   9.3983010630e-01
1.7480488536e+00   2.1253960629e+00   1.0163911481e+00
1.7495572425e+00   2.1264038045e+00   1.0180114964e+00
1.7645279111e+00   2.1361477557e+00   1.0343238748e+00
1.8342311246e+00   2.1743337880e+00   1.1165928809e+00
1.8967610316e+00   2.1948508897e+00   1.2022028875e+00
1.9500140409e+00   2.1951246551e+00   1.2895889164e+00
1.9918384693e+00   2.1730016157e+00   1.3768581066e+00
2.0201369883e+00   2.1269578719e+00   1.4618539826e+00
2.0205610272e+00   2.1257589805e+00   1.4635539535e+00
2.0244414262e+00   2.1132003196e+00   1.4804434805e+00
2.0335756316e+00   2.0369861051e+00   1.5594922184e+00
2.0253308363e+00   1.9366043175e+00   1.6311036266e+00
1.9986261898e+00   1.8135752322e+00   1.6931400148e+00
1.9529342811e+00   1.6704042617e+00   1.7438097279e+00
1.9518001913e+00   1.6672854745e+00   1.7447180896e+00
1.9400234061e+00   1.6357163697e+00   1.7535067048e+00
1.8740553931e+00   1.4786108921e+00   1.7875028193e+00
1.7879945938e+00   1.3038440533e+00   1.8095592493e+00
1.7860545241e+00   1.3001708354e+00   1.8098694530e+00
1.7662754335e+00   1.2632684061e+00   1.8126619230e+00
1.6763377638e+00   1.1061713994e+00   1.8183315364e+00
1.5694961870e+00   9.3719721757e-01   1.8141684245e+00
1.5669644232e+00   9.3338235691e-01   1.8139600363e+00
1.5413686519e+00   8.9525244515e-01   1.8116097808e+00
1.4365782854e+00   7.4669850151e-01   1.7979438063e+00
1.3216208588e+00   5.9567924284e-01   1.7769942502e+00
1.3187155524e+00   5.9200493528e-01   1.7763986155e+00
1.2894977648e+00   5.5541539449e-01   1.7702480104e+00
1.1752655474e+00   4.1827383194e-01   1.7436945248e+00
1.0553818026e+00   2.8341972498e-01   1.7122934223e+00
1.0522934049e+00   2.8005753507e-01   1.7114444452e+00
1.0213532377e+00   2.4666778118e-01   1.7028401617e+00
9.0079530456e-01   1.2139827024e-01   1.6677752040e+00
7.7790115779e-01   9.6241870247e-04   1.6299730595e+00
7.7479370208e-01   -1.9947181026e-03   1.6289951289e+00
7.4375539251e-01   -3.1303586557e-02   1.6191750092e+00
6.1896818386e-01   -1.4513345348e-01   1.5788644878e+00
4.9468345713e-01   -2.5259136613e-01   1.5377332648e+00
4.9169530193e-01   -2.5510700839e-01   1.5367358069e+00
4.6191982036e-01   -2.8000681888e-01   1.5267801241e+00
3.3461636731e-01   -3.8317177900e-01   1.4839873294e+00
2.1058802688e-01   -4.7890321524e-01   1.4422422906e+00
7.9195321891e-02   -5.7565466145e-01   1.3984149584e+00
7.6577393226e-02   -5.7753680745e-01   1.3975492242e+00
5.0560644839e-02   -5.9614864635e-01   1.3889662327e+00
-7.2205592531e-02   -6.8178756350e-01   1.3490869249e+00
-1.8761919447e-01   -7.5923070163e-01   1.3128647166e+00
-2.9560006666e-01   -8.2922885332e-01   1.2805283562e+00
-2.9773303592e-01   -8.3058892177e-01   1.2799079494e+00
-3.1889290381e-01   -8.4403524357e-01   1.2737961606e+00
-4.1786312342e-01   -9.0584091716e-01   1.2463550195e+00
-5.0967632555e-01   -9.6162014446e-01   1.2229041331e+00
-5.9458009779e-01   -1.0118701207e+00   1.2033581375e+00
-6.7285801031e-01   -1.0569975275e+00   1.1875739132e+00
-7.4480746079e-01   -1.0973223818e+00   1.1753634289e+00
-7.4621625689e-01   -1.0980994901e+00   1.1751492893e+00
-7.6016572124e-01   -1.1057659413e+00   1.1730847151e+00
-8.2476101291e-01   -1.1405269907e+00   1.1649457890e+00
-8.8365903809e-01   -1.1709249842e+00   1.1598477020e+00
-9.3710632593e-01   -1.1970574503e+00   1.1575141451e+00
-9.8531855583e-01   -1.2189757823e+00   1.1576522788e+00
-1.0284789341e+00   -1.2366971731e+00   1.1599559885e+00
-1.0667389924e+00   -1.2502166727e+00   1.1641086966e+00
-1.1002213751e+00   -1.2595190906e+00   1.1697860447e+00
-1.1290242086e+00   -1.2645904740e+00   1.1766586939e+00
-1.1532266733e+00   -1.2654288790e+00   1.1843954130e+00
-1.1728954101e+00   -1.2620541407e+00   1.1926665553e+00
-1.1880914098e+00   -1.2545163445e+00   1.2011479473e+00
-1.1988770420e+00   -1.2429027137e+00   1.2095251452e+00
-1.2053228940e+00   -1.2273426631e+00   1.2174979491e+00
-1.2075141100e+00   -1.2080108246e+00   1.2247850137e+00
-1.2055559460e+00   -1.1851279334e+00   1.2311283538e+00
-1.1995782990e+00   -1.1589595605e+00   1.2362975242e+00
-1.1897390157e+00   -1.1298127863e+00   1.2400932507e+00
-1.1762258502e+00   -1.0980310192e+00   1.2423503102e+00
-1.1592570067e+00   -1.0639872633e+00   1.2429394953e+00
-1.1390802782e+00   -1.0280762193e+00   1.2417685529e+00
-1.1159708624e+00   -9.9070565562e-01   1.2387820485e+00
-1.0902280017e+00   -9.5228750735e-01   1.2339601747e+00
-1.0621706492e+00   -9.1322914941e-01   1.2273165858e+00
-1.0321324028e+00   -8.7392524693e-01   1.2188953937e+00
-1.0004559712e+00   -8.3475051981e-01   1.2087675020e+00
-9.6748744102e-01   -7.9605367394e-01   1.1970264802e+00
-9.3357060533e-01   -7.5815265964e-01   1.1837841879e+00
-8.9904158405e-01   -7.2133132541e-01   1.1691663518e+00
-8.6422393269e-01   -6.8583745056e-01   1.1533082777e+00
-8.2942439007e-01   -6.5188206857e-01   1.1363508487e+00
-7.9492936844e-01   -6.1963993944e-01   1.1184369257e+00
-7.6100224235e-01   -5.8925099527e-01   1.0997082249e+00
-7.2788144999e-01   -5.6082256930e-01   1.0803027128e+00
-6.9577939063e-01   -5.3443229937e-01   1.0603519779e+00
-6.9513425537e-01   -5.3391377901e-01   1.0599387872e+00
-6.8871104058e-01   -5.2877683738e-01   1.0557974416e+00
-6.5810794097e-01   -5.0495075058e-01   1.0353483570e+00
-6.2890189773e-01   -4.8324520062e-01   1.0146203617e+00
-6.0122198461e-01   -4.6366459109e-01   9.9371850355e-01
-5.7517369097e-01   -4.4619799249e-01   9.7273842238e-01
-5.5084069237e-01   -4.3082245151e-01   9.5176643861e-01
-5.2828687545e-01   -4.1750608523e-01   9.3087987591e-01
-5.0755852948e-01   -4.0621091838e-01   9.1014756227e-01
-4.8868662711e-01   -3.9689544109e-01   8.8963046015e-01
-4.7168912797e-01   -3.8951687925e-01   8.6938238374e-01
-4.5657325034e-01   -3.8403318150e-01   8.4945076885e-01
-4.4333766714e-01   -3.8040473541e-01   8.2987746821e-01
-4.3197459340e-01   -3.7859583112e-01   8.1069955214e-01
-4.2247174142e-01   -3.7857589415e-01   7.9195010010e-01
-4.1481412842e-01   -3.8032051064e-01   7.7365897470e-01
-4.0898572802e-01   -3.8381226806e-01   7.5585357344e-01
-4.0497096264e-01   -3.8904143324e-01   7.3855955776e-01
-4.0275603788e-01   -3.9600648734e-01   7.2180156172e-01
-4.0233012331e-01   -4.0471453423e-01   7.0560388466e-01
-4.0368638546e-01   -4.1518159530e-01   6.8999117449e-01
-4.0682288022e-01   -4.2743279980e-01   6.7498910906e-01
-4.1174331131e-01   -4.4150247520e-01   6.6062508422e-01
-4.1845766115e-01   -4.5743413749e-01   6.4692891796e-01
-4.2698269838e-01   -4.7528037582e-01   6.3393358001e-01
-4.3734236438e-01   -4.9510262042e-01   6.2167595722e-01
-4.4956803795e-01   -5.1697077574e-01   6.1019766454e-01
-4.6369867359e-01   -5.4096269314e-01   5.9954591172e-01
-4.7978080443e-01   -5.6716344851e-01   5.8977443527e-01
-4.9786839503e-01   -5.9566437910e-01   5.8094450425e-01
-5.1802252296e-01   -6.2656182102e-01   5.7312600649e-01
-5.4031085976e-01   -6.5995547368e-01   5.6639861848e-01
-5.6480691275e-01   -6.9594630014e-01   5.6085305704e-01
-5.9158897777e-01   -7.3463385263e-01   5.5659240265e-01
-6.2073887778e-01   -7.7611424610e-01   5.5373875275e-01
-6.2136089291e-01   -7.7699311878e-01   5.5369588949e-01
-6.2763769024e-01   -7.8584830210e-01   5.5330285554e-01
-6.5980197681e-01   -8.3086270142e-01   5.5234905410e-01
-6.9451759972e-01   -8.7883731971e-01   5.5311332875e-01
-7.3186160911e-01   -9.2981679471e-01   5.5576484412e-01
-7.7190267426e-01   -9.8381569792e-01   5.6049098405e-01
-8.1469639581e-01   -1.0408091293e+00   5.6749767077e-01
-8.6027963199e-01   -1.1007216696e+00   5.7700904306e-01
-9.0866371274e-01   -1.1634145967e+00   5.8926624037e-01
-9.5982642855e-01   -1.2286713558e+00   6.0452498430e-01
-9.6090237758e-01   -1.2300319349e+00   6.0487054100e-01
-9.7172433391e-01   -1.2436891747e+00   6.0840192088e-01
-1.0261974060e+00   -1.3116527106e+00   6.2770170317e-01
-1.0832301679e+00   -1.3813352474e+00   6.5060111289e-01
-1.1426220421e+00   -1.4521533095e+00   6.7736498738e-01
-1.2040908347e+00   -1.5233716573e+00   7.0824009111e-01
-1.2672587685e+00   -1.5940871824e+00   7.4343975939e-01
-1.2685663374e+00   -1.5955221764e+00   7.4420670936e-01
-1.2816691459e+00   -1.6098336818e+00   7.5197996302e-01
-1.3462421155e+00   -1.6784373636e+00   7.9269022908e-01
-1.4112610342e+00   -1.7438734118e+00   8.3797877324e-01
-1.4759502248e+00   -1.8046484637e+00   8.8780520932e-01
-1.5393912727e+00   -1.8591058257e+00   9.4199511920e-01
-1.6005222477e+00   -1.9054596850e+00   1.0002125824e+00
-1.6017412627e+00   -1.9063108749e+00   1.0014430304e+00
-1.6138483920e+00   -1.9145895583e+00   1.0138275027e+00
-1.6705029634e+00   -1.9484747461e+00   1.0762472998e+00
-1.7220208259e+00   -1.9701161364e+00   1.1412539577e+00
-1.7669781133e+00   -1.9777683159e+00   1.2078621949e+00
-1.8039122298e+00   -1.9699043609e+00   1.2748854017e+00
-1.8313780058e+00   -1.9453306069e+00   1.3409644300e+00
-1.8480140136e+00   -1.9032968139e+00   1.4046162401e+00
-1.8526152700e+00   -1.8435889417e+00   1.4643014305e+00
-1.8525764326e+00   -1.8421837607e+00   1.4654709740e+00
-1.8518861052e+00   -1.8277336659e+00   1.4770371178e+00
-1.8404431603e+00   -1.7469595632e+00   1.5298098525e+00
-1.8152084292e+00   -1.6502085835e+00   1.5754167727e+00
-1.7759435147e+00   -1.5391991013e+00   1.6127245962e+00
-1.7228038836e+00   -1.4161395371e+00   1.6408986144e+00
-1.7215744300e+00   -1.4135122628e+00   1.6413758915e+00
-1.7089736576e+00   -1.3870257933e+00   1.6459257394e+00
-1.6396314198e+00   -1.2527309332e+00   1.6622864784e+00
-1.5581623414e+00   -1.1123710775e+00   1.6689421682e+00
-1.4659008471e+00   -9.6875465537e-01   1.6662231303e+00
-1.4639103327e+00   -9.6579994304e-01   1.6660736236e+00
-1.4437958743e+00   -9.3624448417e-01   1.6643784504e+00
-1.3404911676e+00   -7.9224404980e-01   1.6510834725e+00
-1.2301415128e+00   -6.5053819492e-01   1.6301934729e+00
-1.1145890905e+00   -5.1307456954e-01   1.6028205248e+00
-1.1121823285e+00   -5.1031651267e-01   1.6022008473e+00
-1.0880403767e+00   -4.8287230303e-01   1.5958845648e+00
-9.6948207094e-01   -3.5359166413e-01   1.5624702280e+00
-8.4876136562e-01   -2.3039870738e-01   1.5250144897e+00
-7.2830163478e-01   -1.1491504162e-01   1.4849061048e+00
-7.2584843221e-01   -1.1263418775e-01   1.4840650472e+00
-7.0135636231e-01   -9.0010784684e-02   1.4756199386e+00
-5.8303932584e-01   1.5661994796e-02   1.4336974660e+00
-4.6769977212e-01   1.1336188537e-01   1.3913196036e+00
-3.5620302260e-01   2.0335140279e-01   1.3492628178e+00
-3.5396575050e-01   2.0511567959e-01   1.3484100041e+00
-3.3169796834e-01   2.2259108315e-01   1.3399053484e+00
-2.2577474947e-01   3.0371395463e-01   1.2991018517e+00
-1.2487107513e-01   3.7819091214e-01   1.2598707458e+00
-2.9222084023e-02   4.4661175089e-01   1.2225829656e+00
6.1085709555e-02   5.0958561088e-01   1.1875108837e+00
6.2878596239e-02   5.1082207033e-01   1.1868175595e+00
8.0685211348e-02   5.2307620709e-01   1.1799401565e+00
1.6450979178e-01   5.8019691621e-01   1.1478337102e+00
2.4320696827e-01   6.3317906971e-01   1.1182735925e+00
3.1700173562e-01   6.8255551813e-01   1.0913172056e+00
3.8616954891e-01   7.2881252603e-01   1.0669828080e+00
4.5101866101e-01   7.7238544217e-01   1.0452595206e+00
5.1187504896e-01   8.1365666883e-01   1.0261155265e+00
5.1308140886e-01   8.1447985680e-01   1.0257502823e+00
5.2506125560e-01   8.2266694060e-01   1.0221561360e+00
5.8147684367e-01   8.6156127769e-01   1.0061081378e+00
6.3462845603e-01   8.9881426830e-01   9.9252408300e-01
6.8482441296e-01   9.3463934298e-01   9.8134161190e-01
7.3235163754e-01   9.6920052923e-01   9.7249552363e-01
7.7747085531e-01   1.0026143315e+00   9.6591910676e-01
8.2041298733e-01   1.0349516854e+00   9.6154467772e-01
8.6137653444e-01   1.0662399561e+00   9.5930345916e-01
9.0052578569e-01   1.0964649986e+00   9.5912491392e-01
9.3798971971e-01   1.1255733300e+00   9.6093563683e-01
9.7386150307e-01   1.1534744944e+00   9.6465789844e-01
9.7457963415e-01   1.1540322013e+00   9.6475348129e-01
9.8172571335e-01   1.1595783652e+00   9.6575128260e-01
1.0157214423e+00   1.1858271961e+00   9.7170054644e-01
1.0482047628e+00   1.2105489339e+00   9.7936394813e-01
1.0791560720e+00   1.2335541062e+00   9.8863741529e-01
1.1085234796e+00   1.2546306842e+00   9.9940463212e-01
1.1362249814e+00   1.2735490728e+00   1.0115352783e+00
1.1621512009e+00   1.2900678397e+00   1.0248835407e+00
1.1861687289e+00   1.3039401896e+00   1.0392870206e+00
1.2081240848e+00   1.3149211339e+00   1.0545661584e+00
1.2278483036e+00   1.3227752474e+00   1.0705242924e+00
1.2451621255e+00   1.3272848390e+00   1.0869484551e+00
1.2598817359e+00   1.3282582955e+00   1.1036109817e+00
1.2718249597e+00   1.3255382997e+00   1.1202719766e+00
1.2808177774e+00   1.3190095731e+00   1.1366826325e+00
1.2867009859e+00   1.3086057640e+00   1.1525893483e+00
1.2893367922e+00   1.2943150976e+00   1.1677385325e+00
1.2886150982e+00   1.2761844294e+00   1.1818819230e+00
1.2844592187e+00   1.2543214018e+00   1.1947822012e+00
1.2768307773e+00   1.2288944898e+00   1.2062186416e+00
1.2657335387e+00   1.2001308359e+00   1.2159925117e+00
1.2512159751e+00   1.1683119045e+00   1.2239319403e+00
1.2333724180e+00   1.1337671209e+00   1.2298959904e+00
1.2123427129e+00   1.0968657851e+00   1.2337777156e+00
1.1883103723e+00   1.0580076607e+00   1.2355060445e+00
1.1614993002e+00   1.0176127129e+00   1.2350464078e+00
1.1321692383e+00   9.7611050963e-01   1.2324001056e+00
1.1006101482e+00   9.3392980097e-01   1.2276024896e+00
1.0671357941e+00   8.9148875317e-01   1.2207201046e+00
1.0320768231e+00   8.4918624415e-01   1.2118469905e+00
9.9577365106e-01   8.0739453162e-01   1.2011003823e+00
9.5856945146e-01   7.6645349273e-01   1.1886160634e+00
9.2080351713e-01   7.2666651468e-01   1.1745436242e+00
8.8280522058e-01   6.8829800041e-01   1.1590418519e+00
8.4488874168e-01   6.5157235587e-01   1.1422744313e+00
8.4411555585e-01   6.5083912403e-01   1.1419191399e+00
8.3639295337e-01   6.4354929861e-01   1.1383411725e+00
7.9897606010e-01   6.0908475694e-01   1.1202473426e+00
7.6226482728e-01   5.7662132305e-01   1.1012507597e+00
7.2649907724e-01   5.4626135500e-01   1.0815067473e+00
6.9189124114e-01   5.1807512884e-01   1.0611626728e+00
6.5862585448e-01   4.9210447031e-01   1.0403564266e+00
6.2685980995e-01   4.6836660981e-01   1.0192154263e+00
5.9672325710e-01   4.4685809493e-01   9.9785608364e-01
5.6832103164e-01   4.2755862724e-01   9.7638366687e-01
5.4173449701e-01   4.1043472128e-01   9.5489248455e-01
5.1702368654e-01   3.9544311349e-01   9.3346632301e-01
4.9422964377e-01   3.8253387469e-01   9.1217907234e-01
4.7337687067e-01   3.7165320163e-01   8.9109548479e-01
4.5447580671e-01   3.6274588095e-01   8.7027201731e-01
4.5410929582e-01   3.6258377222e-01   8.6984883459e-01
4.5048914386e-01   3.6100680162e-01   8.6562423031e-01
4.3397665967e-01   3.5444313488e-01   8.4518562838e-01
4.1940088846e-01   3.4973525545e-01   8.2510751175e-01
4.0674311371e-01   3.4683649586e-01   8.0542566941e-01
3.9598016226e-01   3.4570587839e-01   7.8617134093e-01
3.8708630258e-01   3.4630914399e-01   7.6737204560e-01
3.8003497085e-01   3.4861958968e-01   7.4905237343e-01
3.7480032381e-01   3.5261874134e-01   7.3123473842e-01
3.7135862215e-01   3.5829688597e-01   7.1394009745e-01
3.6968945164e-01   3.6565348461e-01   6.9718864061e-01
3.6977679121e-01   3.7469748328e-01   6.8100046049e-01
3.7160993838e-01   3.8544753550e-01   6.6539620946e-01
3.7518430255e-01   3.9793214546e-01   6.5039775468e-01
3.8050207597e-01   4.1218973622e-01   6.3602884172e-01
3.8757279085e-01   4.2826864224e-01   6.2231577763e-01
3.9641376892e-01   4.4622702007e-01   6.0928814514e-01
4.0705046685e-01   4.6613266465e-01   5.9697955946e-01
4.1951671777e-01   4.8806271189e-01   5.8542847918e-01
4.3385486461e-01   5.1210320030e-01   5.7467908236e-01
4.5011577632e-01   5.3834845526e-01   5.6478221827e-01
4.6835873221e-01   5.6690024944e-01   5.5579644359e-01
4.8865115284e-01   5.9786668053e-01   5.4778915018e-01
5.1106814811e-01   6.3136069411e-01   5.4083778776e-01
5.3569184426e-01   6.6749816368e-01   5.3503118045e-01
5.6261044094e-01   7.0639542257e-01   5.3047092890e-01
5.9191693801e-01   7.4816612339e-01   5.2727288042e-01
6.2370745754e-01   7.9291727250e-01   5.2556863329e-01
6.2438483774e-01   7.9386515506e-01   5.2555036521e-01
6.3121831008e-01   8.0341506619e-01   5.2540580523e-01
6.6618438085e-01   8.5194618884e-01   5.2573650165e-01
7.0384767188e-01   9.0364527383e-01   5.2791778487e-01
7.4429639668e-01   9.5855805542e-01   5.3214167055e-01
7.8760803832e-01   1.0166937912e+00   5.3862110225e-01
8.3384377771e-01   1.0780140245e+00   5.4759019272e-01
8.8304173737e-01   1.1424193730e+00   5.5930364632e-01
9.3520889073e-01   1.2097342513e+00   5.7403504025e-01
9.3630760800e-01   1.2111408630e+00   5.7437012488e-01
9.4736241844e-01   1.2252674302e+00   5.7779772702e-01
1.0031162993e+00   1.2957690177e+00   5.9662201197e-01
1.0616924239e+00   1.3684256082e+00   6.1912114307e-01
1.1229243361e+00   1.4426891988e+00   6.4559649256e-01
1.1865635793e+00   1.5178526315e+00   6.7633827029e-01
1.2522641292e+00   1.5930294624e+00   7.1161020479e-01
1.2536275276e+00   1.5945612075e+00   7.1238117108e-01
1.2672976745e+00   1.6098521538e+00   7.2020073927e-01
1.3348840546e+00   1.6835480988e+00   7.6131320139e-01
1.4033306127e+00   1.7545634815e+00   8.0734288270e-01
1.4718699672e+00   1.8213492591e+00   8.5831465495e-01
1.5395775765e+00   1.8821587681e+00   9.1411803184e-01
1.6053670063e+00   1.9350775106e+00   9.7447477607e-01
1.6066851862e+00   1.9360641827e+00   9.7575485417e-01
1.6197918550e+00   1.9456983932e+00   9.8864889573e-01
1.6815187382e+00   1.9861735481e+00   1.0539121244e+00
1.7383617011e+00   2.0141856120e+00   1.1223617367e+00
1.7887904496e+00   2.0277376213e+00   1.1930048492e+00
1.8312080086e+00   2.0250294787e+00   1.2646127501e+00
1.8640094640e+00   2.0045894901e+00   1.3357454916e+00
1.8856538022e+00   1.9654056617e+00   1.4047996920e+00
1.8859701737e+00   1.9644036374e+00   1.4061796638e+00
1.8888417173e+00   1.9539399337e+00   1.4198891572e+00
1.8949358594e+00   1.8912639333e+00   1.4840831376e+00
1.8870888685e+00   1.8097803999e+00   1.5424335417e+00
1.8645259405e+00   1.7105730183e+00   1.5933824255e+00
1.8268646671e+00   1.5953979977e+00   1.6356017275e+00
1.7741575193e+00   1.4665959264e+00   1.6680844336e+00
1.7729242192e+00   1.4638360228e+00   1.6686425886e+00
1.7602566106e+00   1.4359922444e+00   1.6739839218e+00
1.6898446903e+00   1.2943235116e+00   1.6937363299e+00
1.6060894389e+00   1.1455759916e+00   1.7029491151e+00
1.5103903938e+00   9.9287875127e-01   1.7019339795e+00
1.5083181992e+00   9.8973321552e-01   1.7018105957e+00
1.4873631494e+00   9.5826165587e-01   1.7003578030e+00
1.3833584933e+00   8.1021114647e-01   1.6883703387e+00
1.2677070475e+00   6.5888940257e-01   1.6677491603e+00
1.2652705322e+00   6.5583123360e-01   1.6672481850e+00
1.2407719735e+00   6.2535599724e-01   1.6620764559e+00
1.1261158535e+00   4.8889059683e-01   1.6349610541e+00
1.0058503944e+00   3.5542537983e-01   1.6022682062e+00
1.0032483195e+00   3.5263651471e-01   1.6015204547e+00
9.7718948866e-01   3.2492459434e-01   1.5939469801e+00
8.5621396673e-01   2.0118170316e-01   1.5569537958e+00
7.3405410633e-01   8.3695181647e-02   1.5170331336e+00
6.0801608731e-01   -3.0547430497e-02   1.4737422581e+00
6.0546244568e-01   -3.2794446062e-02   1.4728467519e+00
5.7999534013e-01   -5.5063461791e-02   1.4638805111e+00
4.5765254657e-01   -1.5864971199e-01   1.4200116515e+00
3.3941378693e-01   -2.5384438783e-01   1.3766397418e+00
2.2599998317e-01   -3.4110737885e-01   1.3344681028e+00
2.2373267346e-01   -3.4281468048e-01   1.3336215388e+00
2.0118341100e-01   -3.5971906792e-01   1.3251975408e+00
9.4342633598e-02   -4.3804751593e-01   1.2852408839e+00
-6.8239826103e-03   -5.0978949129e-01   1.2475431991e+00
-1.0221425731e-01   -5.7559684528e-01   1.2123889023e+00
-1.9185895205e-01   -6.3610782764e-01   1.1799689116e+00
-1.9363477113e-01   -6.3729549739e-01   1.1793347541e+00
-2.1126387685e-01   -6.4906526106e-01   1.1730590998e+00
-2.9406290346e-01   -7.0390714221e-01   1.1441389896e+00
-3.7152388894e-01   -7.5473377653e-01   1.1181274069e+00
-4.4392738441e-01   -8.0203495407e-01   1.0950228382e+00
-5.1158560030e-01   -8.4624028219e-01   1.0747907051e+00
-5.7482596252e-01   -8.8771798395e-01   1.0573722390e+00
-6.3397754826e-01   -9.2677548614e-01   1.0426914031e+00
-6.3514795113e-01   -9.2755156203e-01   1.0424188763e+00
-6.4676574234e-01   -9.3526278634e-01   1.0397545086e+00
-7.0134210777e-01   -9.7168791722e-01   1.0283067138e+00
-7.5251620397e-01   -1.0061689719e+00   1.0193893338e+00
-8.0055925256e-01   -1.0388329393e+00   1.0128988292e+00
-8.4571230747e-01   -1.0697575484e+00   1.0087273193e+00
-8.8818319505e-01   -1.0989748887e+00   1.0067629846e+00
-9.2814465712e-01   -1.1264752193e+00   1.0068898506e+00
-9.6573351856e-01   -1.1522109890e+00   1.0089871117e+00
-1.0010507389e+00   -1.1761011123e+00   1.0129281400e+00
-1.0341622415e+00   -1.1980355582e+00   1.0185793139e+00
-1.0651004431e+00   -1.2178803053e+00   1.0257987935e+00
-1.0938664281e+00   -1.2354827066e+00   1.0344353643e+00
-1.0944324327e+00   -1.2358184593e+00   1.0346258379e+00
-1.1000417534e+00   -1.2391201856e+00   1.0365592143e+00
-1.1261063106e+00   -1.2537489600e+00   1.0467106213e+00
-1.1499035705e+00   -1.2657588112e+00   1.0579045653e+00
-1.1713553566e+00   -1.2749785280e+00   1.0699546434e+00
-1.1903676441e+00   -1.2812452828e+00   1.0826635026e+00
-1.2068355016e+00   -1.2844116299e+00   1.0958237565e+00
-1.2206483935e+00   -1.2843524099e+00   1.1092195260e+00
-1.2316957399e+00   -1.2809713297e+00   1.1226286158e+00
-1.2398726089e+00   -1.2742069604e+00   1.1358253040e+00
-1.2450853886e+00   -1.2640378870e+00   1.1485836840e+00
-1.2472572688e+00   -1.2504867487e+00   1.1606814554e+00
-1.2463333473e+00   -1.2336229387e+00   1.1719040243e+00
-1.2422851713e+00   -1.2135637819e+00   1.1820487400e+00
-1.2351145334e+00   -1.1904740757e+00   1.1909290755e+00
-1.2248563588e+00   -1.1645639659e+00   1.1983785482e+00
-1.2115805550e+00   -1.1360852151e+00   1.2042541808e+00
-1.1953927338e+00   -1.1053260182e+00   1.2084393272e+00
-1.1764337700e+00   -1.0726045987e+00   1.2108457166e+00
-1.1548782124e+00   -1.0382618898e+00   1.2114146199e+00
-1.1309316206e+00   -1.0026536496e+00   1.2101170906e+00
-1.1048269519e+00   -9.6614237961e-01   1.2069532915e+00
-1.0768201646e+00   -9.2908941090e-01   1.2019509683e+00
-1.0471852384e+00   -8.9184748954e-01   1.1951631784e+00
-1.0162088309e+00   -8.5475414321e-01   1.1866654193e+00
-9.8418479281e-01   -8.1812604327e-01   1.1765523203e+00
-9.5140875964e-01   -7.8225450391e-01   1.1649340733e+00
-9.1817301368e-01   -7.4740218535e-01   1.1519327726e+00
-8.8476178254e-01   -7.1380098404e-01   1.1376788241e+00
-8.8407796023e-01   -7.1312769795e-01   1.1373749091e+00
-8.7724249095e-01   -7.0642868975e-01   1.1343102648e+00
-8.4398553872e-01   -6.7462997246e-01   1.1187062975e+00
-8.1113679780e-01   -6.4448482380e-01   1.1021529686e+00
-7.7892978028e-01   -6.1612444850e-01   1.0847859767e+00
-7.4757719449e-01   -5.8965154123e-01   1.0667373716e+00
-7.1726978699e-01   -5.6514264846e-01   1.0481337992e+00
-6.8817584528e-01   -5.4265089821e-01   1.0290951769e+00
-6.6044129577e-01   -5.2220895213e-01   1.0097337722e+00
-6.3419031881e-01   -5.0383205331e-01   9.9015364561e-01
-6.0952639604e-01   -4.8752106412e-01   9.7045041129e-01
-5.8653370358e-01   -4.7326541030e-01   9.5071126548e-01
-5.6527876680e-01   -4.6104586823e-01   9.3101523366e-01
-5.4581229841e-01   -4.5083715150e-01   9.1143358935e-01
-5.2817114861e-01   -4.4261026916e-01   8.9203040228e-01
-5.1238030576e-01   -4.3633464205e-01   8.7286317930e-01
-4.9845489500e-01   -4.3197997398e-01   8.5398356717e-01
-4.8640213143e-01   -4.2951787376e-01   8.3543808585e-01
-4.8617498706e-01   -4.2948705822e-01   8.3506225300e-01
-4.8394673297e-01   -4.2922188978e-01   8.3131267899e-01
-4.7418942043e-01   -4.2904478335e-01   8.1323365432e-01
-4.6630174448e-01   -4.3071071647e-01   7.9557774766e-01
-4.6027763726e-01   -4.3420597773e-01   7.7838013995e-01
-4.5611025639e-01   -4.3952331963e-01   7.6167408604e-01
-4.5379332782e-01   -4.4666256711e-01   7.4549165153e-01
-4.5332234455e-01   -4.5563107662e-01   7.2986444128e-01
-4.5469562110e-01   -4.6644405577e-01   7.1482432363e-01
-4.5791520527e-01   -4.7912474948e-01   7.0040415605e-01
-4.6298764909e-01   -4.9370449431e-01   6.8663851867e-01
-4.6992464017e-01   -5.1022263752e-01   6.7356446333e-01
-4.7874349365e-01   -5.2872631141e-01   6.6122228556e-01
-4.8946750228e-01   -5.4927004745e-01   6.4965632706e-01
-5.0212613949e-01   -5.7191520688e-01   6.3891581542e-01
-5.1675510627e-01   -5.9672919702e-01   6.2905574660e-01
-5.3339620784e-01   -6.2378443290e-01   6.2013781370e-01
-5.5209704094e-01   -6.5315699418e-01   6.1223138266e-01
-5.7291046558e-01   -6.8492491636e-01   6.0541451145e-01
-5.9589382827e-01   -7.1916604335e-01   5.9977500364e-01
-6.2110789533e-01   -7.5595535617e-01   5.9541147980e-01
-6.4861544588e-01   -7.9536168001e-01   5.9243444027e-01
-6.7847946480e-01   -8.3744366010e-01   5.9096727977e-01
-7.1076086611e-01   -8.8224488709e-01   5.9114719864e-01
-7.1144732061e-01   -8.8319057182e-01   5.9116912624e-01
-7.1836898261e-01   -8.9271068038e-01   5.9143013107e-01
-7.5368766861e-01   -9.4087167029e-01   5.9383636269e-01
-7.9153657934e-01   -9.9176359661e-01   5.9824775056e-01
-8.3194733783e-01   -1.0453358801e+00   6.0484936575e-01
-8.7493274757e-01   -1.1014901092e+00   6.1384053041e-01
-9.2048064169e-01   -1.1600688991e+00   6.2543327647e-01
-9.6854672503e-01   -1.2208434410e+00   6.3984970971e-01
-1.0190463680e+00   -1.2834999041e+00   6.5731798428e-01
-1.0201046647e+00   -1.2847994172e+00   6.5770904875e-01
-1.0307404263e+00   -1.2978277214e+00   6.6169573300e-01
-1.0840327500e+00   -1.3622151369e+00   6.8321386872e-01
-1.1393774041e+00   -1.4274078278e+00   7.0828102169e-01
-1.1964921717e+00   -1.4927194037e+00   7.3709488086e-01
-1.2550101262e+00   -1.5573202715e+00   7.6981943903e-01
-1.3144684181e+00   -1.6202292957e+00   8.0656883537e-01
-1.3742980459e+00   -1.6803109728e+00   8.4738859401e-01
-1.3755220333e+00   -1.6815025216e+00   8.4826655509e-01
-1.3877535320e+00   -1.6933209225e+00   8.5713898329e-01
-1.4470944050e+00   -1.7481729370e+00   9.0287472033e-01
-1.5051230629e+00   -1.7971578803e+00   9.5242865650e-01
-1.5608906127e+00   -1.8387309483e+00   1.0054790684e+00
-1.6133367115e+00   -1.8712939393e+00   1.0615475775e+00
-1.6613051848e+00   -1.8932556607e+00   1.1199860276e+00
-1.7035689211e+00   -1.9031064974e+00   1.1799718545e+00
-1.7388646635e+00   -1.8995040694e+00   1.2405148905e+00
-1.7395054955e+00   -1.8992816501e+00   1.2417522486e+00
-1.7457218618e+00   -1.8967200418e+00   1.2541104001e+00
-1.7707750827e+00   -1.8751915970e+00   1.3137738716e+00
-1.7861568216e+00   -1.8382806011e+00   1.3713178403e+00
-1.7908275527e+00   -1.7857815054e+00   1.4254284507e+00
-1.7839402894e+00   -1.7179802566e+00   1.4748099102e+00
-1.7648959056e+00   -1.6356732479e+00   1.5182561252e+00
-1.7333886490e+00   -1.5401491483e+00   1.5547219723e+00
-1.7326130781e+00   -1.5380671885e+00   1.5553893052e+00
-1.7245703061e+00   -1.5169857318e+00   1.5618810375e+00
-1.6778532905e+00   -1.4076568872e+00   1.5887031181e+00
-1.6191718553e+00   -1.2894084328e+00   1.6070934297e+00
-1.5492783856e+00   -1.1645751000e+00   1.6168736162e+00
-1.4692146442e+00   -1.0355633140e+00   1.6181684079e+00
-1.4674781753e+00   -1.0328955583e+00   1.6181086893e+00
-1.4499109097e+00   -1.0061805250e+00   1.6173258529e+00
-1.3591519746e+00   -8.7523911944e-01   1.6088017559e+00
-1.2613056730e+00   -7.4511348524e-01   1.5930126397e+00
-1.1579499388e+00   -6.1766573123e-01   1.5708190636e+00
-1.1557879858e+00   -6.1509625909e-01   1.5703045699e+00
-1.1340814269e+00   -5.8950192922e-01   1.5650362138e+00
-1.0261525175e+00   -4.6739710436e-01   1.5363251282e+00
-9.1620934541e-01   -3.5092149467e-01   1.5034321867e+00
-8.0568438954e-01   -2.4084860095e-01   1.4673691586e+00
-8.0342519875e-01   -2.3866602056e-01   1.4666047052e+00
-7.8085211629e-01   -2.1699946634e-01   1.4589110903e+00
-6.7135043800e-01   -1.1536927168e-01   1.4202622529e+00
-5.6389253629e-01   -2.0796848373e-02   1.3804604486e+00
-4.5936332680e-01   6.6804306314e-02   1.3402555887e+00
-4.5725941977e-01   6.8526248628e-02   1.3394330752e+00
-4.3630535798e-01   8.5591312932e-02   1.3312146897e+00
-3.3629457510e-01   1.6501444822e-01   1.2913763771e+00
-2.4051608985e-01   2.3820302703e-01   1.2524091291e+00
-1.4928208106e-01   3.0563841257e-01   1.2147175589e+00
-6.2759300040e-02   3.6784719531e-01   1.1786153632e+00
-6.1037871619e-02   3.6906984929e-01   1.1778947261e+00
-4.3933280782e-02   3.8118955701e-01   1.1707308907e+00
3.6771867909e-02   4.3773923186e-01   1.1368889886e+00
1.1281359082e-01   4.9027434974e-01   1.1050697175e+00
1.8435546163e-01   5.3931917558e-01   1.0753765808e+00
2.5162260491e-01   5.8536970332e-01   1.0478723446e+00
3.1488510987e-01   6.2888710126e-01   1.0225886887e+00
3.7444346323e-01   6.7029364386e-01   9.9953447756e-01
3.7562615493e-01   6.7112194212e-01   9.9908581489e-01
3.8737564175e-01   6.7936581743e-01   9.9465039889e-01
4.4283066447e-01   7.1870141843e-01   9.7431687722e-01
4.9529893466e-01   7.5671678633e-01   9.5618354236e-01
5.4510320435e-01   7.9369914554e-01   9.4022634989e-01
5.9255607627e-01   8.2989386633e-01   9.2641940886e-01
6.3795442723e-01   8.6550503519e-01   9.1473727047e-01
6.8157492554e-01   9.0069603428e-01   9.0515644829e-01
7.2367043887e-01   9.3559001968e-01   8.9765626996e-01
7.6446715025e-01   9.7027023611e-01   8.9221914294e-01
8.0416222494e-01   1.0047801475e+00   8.8883029914e-01
8.0496450144e-01   1.0054848810e+00   8.8878223115e-01
8.1296605174e-01   1.0125284169e+00   8.8834844013e-01
8.5153473215e-01   1.0468305575e+00   8.8745194483e-01
8.8932720790e-01   1.0809159864e+00   8.8857666420e-01
9.2643554208e-01   1.1146991148e+00   8.9170983925e-01
9.6291656862e-01   1.1480540211e+00   8.9683564764e-01
9.9879099305e-01   1.1808145727e+00   9.0393282654e-01
1.0340427080e+00   1.2127749431e+00   9.1297198100e-01
1.0686183724e+00   1.2436907086e+00   9.2391262483e-01
1.1024273281e+00   1.2732807261e+00   9.3670001992e-01
1.1353419529e+00   1.3012299961e+00   9.5126190390e-01
1.1671985635e+00   1.3271937122e+00   9.6750522441e-01
1.1977990009e+00   1.3508026698e+00   9.8531302891e-01
1.2269130282e+00   1.3716701699e+00   1.0045416892e+00
1.2274916911e+00   1.3720659164e+00   1.0049489780e+00
1.2332376265e+00   1.3759503294e+00   1.0090503364e+00
1.2601749490e+00   1.3929195394e+00   1.0297815131e+00
1.2850169601e+00   1.4062691910e+00   1.0515081558e+00
1.3074581579e+00   1.4156213794e+00   1.0739896362e+00
1.3271825469e+00   1.4206260514e+00   1.0969556089e+00
1.3438716633e+00   1.4209743645e+00   1.1201085157e+00
1.3572135604e+00   1.4164120899e+00   1.1431276462e+00
1.3669125304e+00   1.4067523715e+00   1.1656747756e+00
1.3726992473e+00   1.3918870798e+00   1.1874012915e+00
1.3743409369e+00   1.3717959838e+00   1.2079565986e+00
1.3716511126e+00   1.3465530136e+00   1.2269974636e+00
1.3644983808e+00   1.3163290142e+00   1.2441978539e+00
1.3528138179e+00   1.2813905895e+00   1.2592587362e+00
1.3365964616e+00   1.2420948898e+00   1.2719172615e+00
1.3159165381e+00   1.1988804841e+00   1.2819547704e+00
1.2909161701e+00   1.1522547508e+00   1.2892031161e+00
1.2618074523e+00   1.1027784822e+00   1.2935489151e+00
1.2288679492e+00   1.0510485966e+00   1.2949354870e+00
1.1924338267e+00   9.9767997073e-01   1.2933624208e+00
1.1528909776e+00   9.4328742683e-01   1.2888828778e+00
1.1106646138e+00   8.8846883753e-01   1.2815989007e+00
1.1097753638e+00   8.8734630114e-01   1.2814214582e+00
1.1008323088e+00   8.7612527405e-01   1.2795859817e+00
1.0559377427e+00   8.2155184096e-01   1.2690670127e+00
1.0093887505e+00   7.6775023795e-01   1.2561125923e+00
9.6165852909e-01   7.1517509161e-01   1.2409346512e+00
9.1321141844e-01   6.6421965314e-01   1.2237622598e+00
8.6449327456e-01   6.1521292930e-01   1.2048338564e+00
8.1592328974e-01   5.6841945190e-01   1.1843901837e+00
7.6788743553e-01   5.2404128945e-01   1.1626681631e+00
7.6691223693e-01   5.2315920008e-01   1.1622117855e+00
7.5718127188e-01   5.1439758969e-01   1.1576242478e+00
7.1026984176e-01   4.7316847648e-01   1.1346456419e+00
6.6461016997e-01   4.3460135840e-01   1.1108783674e+00
6.2045617899e-01   3.9872863604e-01   1.0865182059e+00
5.7801873525e-01   3.6554299949e-01   1.0617431635e+00
5.3746684108e-01   3.3500394005e-01   1.0367126967e+00
4.9892975479e-01   3.0704404939e-01   1.0115676453e+00
4.6249981821e-01   2.8157491928e-01   9.8643072551e-01
4.2823578294e-01   2.5849251763e-01   9.6140744052e-01
3.9616644666e-01   2.3768197001e-01   9.3658728147e-01
3.6629443579e-01   2.1902171821e-01   9.1204510809e-01
3.6570580143e-01   2.1866132663e-01   9.1154608833e-01
3.5986961972e-01   2.1510385651e-01   9.0656384506e-01
3.3266079906e-01   1.9890803526e-01   8.8244512701e-01
3.0758024670e-01   1.8458503847e-01   8.5872591456e-01
2.8457139805e-01   1.7201299247e-01   8.3544389165e-01
2.6356648707e-01   1.6107454907e-01   8.1262818562e-01
2.4448947268e-01   1.5165829477e-01   7.9030061629e-01
2.2725866236e-01   1.4365980469e-01   7.6847682894e-01
2.1178902903e-01   1.3698239778e-01   7.4716730677e-01
1.9799422740e-01   1.3153764616e-01   7.2637826475e-01
1.8578832400e-01   1.2724568628e-01   7.0611243036e-01
1.7508726054e-01   1.2403537443e-01   6.8636971997e-01
1.6581007371e-01   1.2184432357e-01   6.6714782055e-01
1.5787989665e-01   1.2061885356e-01   6.4844268769e-01
1.5122476797e-01   1.2031388202e-01   6.3024897076e-01
1.4577827424e-01   1.2089277868e-01   6.1256037570e-01
1.4148005060e-01   1.2232720240e-01   5.9536997558e-01
1.3827616334e-01   1.2459693652e-01   5.7867047820e-01
1.3611939618e-01   1.2768973563e-01   5.6245445947e-01
1.3496946035e-01   1.3160119394e-01   5.4671457027e-01
1.3479314669e-01   1.3633464374e-01   5.3144372415e-01
1.3556443601e-01   1.4190109061e-01   5.1663527244e-01
1.3726458213e-01   1.4831919044e-01   5.0228317297e-01
1.3988218026e-01   1.5561527230e-01   4.8838215826e-01
1.4341323167e-01   1.6382341016e-01   4.7492790878e-01
1.4786121438e-01   1.7298554560e-01   4.6191723707e-01
1.5323716775e-01   1.8315166294e-01   4.4934828854e-01
1.5955979810e-01   1.9438001742e-01   4.3722076507e-01
1.6685561085e-01   2.0673741642e-01   4.2553617841e-01
1.7515907403e-01   2.2029955282e-01   4.1429814089e-01
1.8451281647e-01   2.3515138822e-01   4.0351270240e-01
1.9496786319e-01   2.5138758266e-01   3.9318874369e-01
2.0658390909e-01   2.6911296494e-01   3.8333843801e-01
2.1942992568e-01   2.8844640756e-01   3.7398013943e-01
2.3358425670e-01   3.0951217373e-01   3.6513300336e-01
2.4913466423e-01   3.3244857900e-01   3.5682303797e-01
2.4946823285e-01   3.3293866167e-01   3.5665875803e-01
2.5283852319e-01   3.3788633759e-01   3.5502913328e-01
2.7023378195e-01   3.6332082752e-01   3.4742182996e-01
2.8925710990e-01   3.9097752689e-01   3.4043312815e-01
3.1003012449e-01   4.2103481199e-01   3.3411277569e-01
3.3268569052e-01   4.5368384432e-01   3.2852061421e-01
3.5736817807e-01   4.8912835644e-01   3.2372824312e-01
3.8423360493e-01   5.2758407309e-01   3.1982093788e-01
4.1344960779e-01   5.6927763824e-01   3.1689984852e-01
4.4519517058e-01   6.1444488390e-01   3.1508450114e-01
4.7966001790e-01   6.6332823488e-01   3.1451561829e-01
5.1704355699e-01   7.1617299288e-01   3.1535826144e-01
5.5755322147e-01   7.7322218452e-01   3.1780527935e-01
5.5841659717e-01   7.7443556389e-01   3.1787364655e-01
5.6712771042e-01   7.8667210285e-01   3.1859985429e-01
6.1175808553e-01   8.4918943335e-01   3.2332184917e-01
6.5999106894e-01   9.1640501827e-01   3.3019603481e-01
7.1203786325e-01   9.8849471085e-01   3.3953074139e-01
7.6809908092e-01   1.0655843129e+00   3.5167797241e-01
8.2835592293e-01   1.1477290099e+00   3.6703627242e-01
8.9295883372e-01   1.2348879054e+00   3.8605234611e-01
8.9432748383e-01   1.2367234926e+00   3.8648320704e-01
9.0811683448e-01   1.2551908950e+00   3.9088840543e-01
9.7818196879e-01   1.3482481399e+00   4.1506454301e-01
1.0527396301e+00   1.4457181582e+00   4.4405851362e-01
1.1317250105e+00   1.5470093367e+00   4.7845242814e-01
1.2149561503e+00   1.6512637939e+00   5.1884746858e-01
1.2167022038e+00   1.6534211609e+00   5.1974127182e-01
1.2342525266e+00   1.6750341380e+00   5.2883254218e-01
1.3222171117e+00   1.7812785058e+00   5.7739088786e-01
1.4134385334e+00   1.8873579285e+00   6.3322401678e-01
1.5071268568e+00   1.9912084005e+00   6.9678416397e-01
1.5090634818e+00   1.9932940136e+00   6.9816838132e-01
1.5284604946e+00   2.0140363488e+00   7.1219630738e-01
1.6236992864e+00   2.1116736027e+00   7.8560883132e-01
1.7186372826e+00   2.2008504426e+00   8.6709711234e-01
1.8115117059e+00   2.2780754803e+00   9.5634733029e-01
1.8133770911e+00   2.2795050787e+00   9.5825106026e-01
1.8319312908e+00   2.2934308224e+00   9.7744970663e-01
1.9193813071e+00   2.3508077103e+00   1.0751782229e+00
1.9996637805e+00   2.3875844516e+00   1.1784034892e+00
2.0700402023e+00   2.3999414552e+00   1.2852752991e+00
2.0713571216e+00   2.3999144868e+00   1.2874851894e+00
2.0842257977e+00   2.3989969734e+00   1.3096092232e+00
2.1385146673e+00   2.3769045540e+00   1.4176584312e+00
2.1764467335e+00   2.3239705366e+00   1.5234473460e+00
2.1953209608e+00   2.2389890089e+00   1.6237634594e+00
2.1928291428e+00   2.1221764907e+00   1.7153244920e+00
2.1925416803e+00   2.1194626060e+00   1.7170849455e+00
2.1891310513e+00   2.0916328958e+00   1.7344101141e+00
2.1603560263e+00   1.9468753788e+00   1.8075036427e+00
2.1065141973e+00   1.7689865026e+00   1.8700096542e+00
2.1051590327e+00   1.7651046568e+00   1.8711199827e+00
2.0910525078e+00   1.7258040441e+00   1.8818357159e+00
2.0261602390e+00   1.5641069074e+00   1.9168939738e+00
1.9387988837e+00   1.3770722807e+00   1.9422029827e+00
1.9365474831e+00   1.3725745359e+00   1.9426359073e+00
1.9135430041e+00   1.3273741921e+00   1.9465620171e+00
1.8263919984e+00   1.1668535180e+00   1.9546038728e+00
1.7234575777e+00   9.9434244594e-01   1.9538394833e+00
1.7205376112e+00   9.8967065503e-01   1.9536921642e+00
1.6909579442e+00   9.4295928139e-01   1.9518659123e+00
1.5896998994e+00   7.9074939834e-01   1.9415899967e+00
1.4778782569e+00   6.3451679580e-01   1.9244664084e+00
1.4745024683e+00   6.2997094263e-01   1.9238718947e+00
1.4404931792e+00   5.8469045090e-01   1.9176588264e+00
1.3296097958e+00   4.4315877976e-01   1.8948824810e+00
1.2116981709e+00   3.0183037141e-01   1.8671945170e+00
1.2080575259e+00   2.9760407309e-01   1.8662920441e+00
1.1715279851e+00   2.5562840684e-01   1.8570969045e+00
1.0536288904e+00   1.2521803714e-01   1.8258757226e+00
9.3132193480e-01   -2.5673623288e-03   1.7914734900e+00
9.2758626444e-01   -6.3585527152e-03   1.7903964405e+00
8.9022223441e-01   -4.3929532079e-02   1.7795498329e+00
7.6705483935e-01   -1.6348288964e-01   1.7429804830e+00
6.4169770235e-01   -2.7886082531e-01   1.7048286045e+00
6.3801623350e-01   -2.8215885854e-01   1.7036983552e+00
6.0128958956e-01   -3.1478867508e-01   1.6924007893e+00
4.7424256190e-01   -4.2399326122e-01   1.6531257451e+00
3.4718929003e-01   -5.2784910107e-01   1.6138525103e+00
3.4369055669e-01   -5.3063719547e-01   1.6127748296e+00
3.0886197067e-01   -5.5818840065e-01   1.6020650596e+00
1.7923553814e-01   -6.5758304966e-01   1.5626096321e+00
5.1991099224e-02   -7.5056454408e-01   1.5248134585e+00
-8.9797824615e-02   -8.4913560987e-01   1.4843179110e+00
-9.2833213474e-02   -8.5118968264e-01   1.4834741538e+00
-1.2297042891e-01   -8.7145834293e-01   1.4751565039e+00
-2.5371243625e-01   -9.5677555533e-01   1.4404786104e+00
-3.7778991211e-01   -1.0338329545e+00   1.4101110120e+00
-5.0104235201e-01   -1.1065012294e+00   1.3830313400e+00
-5.0346212040e-01   -1.1078874613e+00   1.3825353251e+00
-5.2743255552e-01   -1.1215319690e+00   1.3777026674e+00
-6.3861902460e-01   -1.1826251016e+00   1.3573768533e+00
-7.4009203051e-01   -1.2348169682e+00   1.3423031297e+00
-8.3203014422e-01   -1.2784642007e+00   1.3321276165e+00
-9.1463348551e-01   -1.3138171724e+00   1.3264084661e+00
-9.8810317072e-01   -1.3410440006e+00   1.3246341428e+00
-9.8951306077e-01   -1.3415173215e+00   1.3246351240e+00
-1.0034062148e+00   -1.3460660867e+00   1.3247217776e+00
-1.0659426914e+00   -1.3634881367e+00   1.3270053269e+00
-1.1197454998e+00   -1.3730034666e+00   1.3319224194e+00
-1.1649697098e+00   -1.3747061071e+00   1.3388372884e+00
-1.2017623881e+00   -1.3687249602e+00   1.3471043318e+00
-1.2302723458e+00   -1.3552464510e+00   1.3560819310e+00
-1.2506617618e+00   -1.3345324863e+00   1.3651465901e+00
-1.2631184251e+00   -1.3069327550e+00   1.3737071130e+00
-1.2678674153e+00   -1.2728907184e+00   1.3812183213e+00
-1.2651811728e+00   -1.2329430356e+00   1.3871936631e+00
-1.2553870881e+00   -1.1877126095e+00   1.3912160132e+00
-1.2388719717e+00   -1.1378958998e+00   1.3929459997e+00
-1.2160830316e+00   -1.0842455534e+00   1.3921273280e+00
-1.1875252688e+00   -1.0275497279e+00   1.3885887776e+00
-1.1537554807e+00   -9.6860966670e-01   1.3822427958e+00
-1.1153733118e+00   -9.0821711948e-01   1.3730808776e+00
-1.0730099858e+00   -8.4713308630e-01   1.3611661506e+00
-1.0273154828e+00   -7.8606911953e-01   1.3466237753e+00
-1.0263499378e+00   -7.8482402450e-01   1.3462998116e+00
-1.0166340661e+00   -7.7238973644e-01   1.3430039803e+00
-9.6775079328e-01   -7.1222450512e-01   1.3254866062e+00
-9.1698159076e-01   -6.5341441993e-01   1.3057856805e+00
-8.6494596857e-01   -5.9642813140e-01   1.2841484927e+00
-8.1222875550e-01   -5.4164797698e-01   1.2608361751e+00
-7.5937099802e-01   -4.8937118761e-01   1.2361139269e+00
-7.0686295960e-01   -4.3981394131e-01   1.2102427170e+00
-6.5513929091e-01   -3.9311758305e-01   1.1834726108e+00
-6.5409144879e-01   -3.9219221810e-01   1.1829169167e+00
-6.4364053875e-01   -3.8300639829e-01   1.1773451155e+00
-5.9338475728e-01   -3.3991010339e-01   1.1497909120e+00
-5.4467018356e-01   -2.9976088802e-01   1.1218320695e+00
-4.9774296354e-01   -2.6251469223e-01   1.0936567632e+00
-4.5279402618e-01   -2.2808838456e-01   1.0654306699e+00
-4.0996270396e-01   -1.9636789394e-01   1.0372971986e+00
-3.6934108987e-01   -1.6721561389e-01   1.0093784080e+00
-3.3097885880e-01   -1.4047695868e-01   9.8177641152e-01
-2.9488831478e-01   -1.1598602126e-01   9.5457509331e-01
-2.6104946434e-01   -9.3570336297e-02   9.2784199095e-01
-2.6038000997e-01   -9.3131931471e-02   9.2730005115e-01
-2.5373619603e-01   -8.8791341776e-02   9.2189277839e-01
-2.2258909877e-01   -6.8679489935e-02   8.9580441981e-01
-1.9355787203e-01   -5.0254137663e-02   8.7028562493e-01
-1.6655058394e-01   -3.3344454319e-02   8.4536413005e-01
-1.4146173705e-01   -1.7784625518e-02   8.2105899419e-01
-1.1817567964e-01   -3.4150101465e-03   7.9738207723e-01
-9.6569576154e-02   9.9171340984e-03   7.7433935138e-01
-7.6515945406e-02   2.2357282071e-02   7.5193204820e-01
-5.7884786195e-02   3.4043562999e-02   7.3015764998e-01
-4.0545317347e-02   4.5106914916e-02   7.0901073781e-01
-2.4367364047e-02   5.5671422288e-02   6.8848371144e-01
-9.2224246210e-03   6.5854795318e-02   6.6856739652e-01
5.0155474149e-03   7.5768956695e-02   6.4925155527e-01
1.8469611929e-02   8.5520707966e-02   6.3052531573e-01
3.1259528922e-02   9.5212453405e-02   6.1237753406e-01
4.3501633268e-02   1.0494296410e-01   5.9479710306e-01
5.5308869967e-02   1.1480816915e-01   5.7777321914e-01
6.6790965298e-02   1.2490196428e-01   5.6129561871e-01
7.8054711782e-02   1.3531702569e-01   5.4535477106e-01
7.8283737314e-02   1.3553422646e-01   5.4503400611e-01
8.0571561152e-02   1.3771593837e-01   5.4183851254e-01
9.1709657662e-02   1.4865043096e-01   5.2654374405e-01
1.0285855293e-01   1.6011221976e-01   5.1176829849e-01
1.1411854698e-01   1.7219568354e-01   4.9750647365e-01
1.2558908489e-01   1.8499747418e-01   4.8375419765e-01
1.3736938771e-01   1.9861734212e-01   4.7050927242e-01
1.4955911774e-01   2.1315896025e-01   4.5777164748e-01
1.6225907176e-01   2.2873074520e-01   4.4554373276e-01
1.7557189658e-01   2.4544667351e-01   4.3383075949e-01
1.8960282169e-01   2.6342708903e-01   4.2264119977e-01
2.0446040392e-01   2.8279949499e-01   4.1198725593e-01
2.2025727841e-01   3.0369932129e-01   4.0188543269e-01
2.3711090913e-01   3.2627065322e-01   3.9235720649e-01
2.5514433066e-01   3.5066690222e-01   3.8342980807e-01
2.7448686995e-01   3.7705139201e-01   3.7513713640e-01
2.9527483369e-01   4.0559782460e-01   3.6752082393e-01
3.1765214175e-01   4.3649057853e-01   3.6063147481e-01
3.4177088119e-01   4.6992477731e-01   3.5453009935e-01
3.6779174688e-01   5.0610604746e-01   3.4928976872e-01
3.9588432483e-01   5.4524986248e-01   3.4499751378e-01
3.9648225854e-01   5.4608364218e-01   3.4492024888e-01
4.0251378488e-01   5.5449529758e-01   3.4417200400e-01
4.3338884389e-01   5.9757498183e-01   3.4118376003e-01
4.6674477524e-01   6.4412483484e-01   3.3939871749e-01
5.0277870951e-01   6.9437998847e-01   3.3896511828e-01
5.4169448691e-01   7.4857437303e-01   3.4005625597e-01
5.8370073991e-01   8.0693483532e-01   3.4287380779e-01
6.2900809890e-01   8.6967329729e-01   3.4765134264e-01
6.7782528769e-01   9.3697649617e-01   3.5465788362e-01
7.3035382944e-01   1.0089927822e+00   3.6420133204e-01
7.3146920272e-01   1.0105169524e+00   3.6442556884e-01
7.4271316262e-01   1.0258696736e+00   3.6673508434e-01
8.0004189216e-01   1.1037800838e+00   3.7986793156e-01
8.6146585545e-01   1.1865049883e+00   3.9637611385e-01
9.2710435482e-01   1.2739332310e+00   4.1670815375e-01
9.9702347595e-01   1.3658137287e+00   4.4135513161e-01
1.0712173524e+00   1.4617181043e+00   4.7084514405e-01
1.0727802319e+00   1.4637191610e+00   4.7150325916e-01
1.0885051590e+00   1.4838065560e+00   4.7820985536e-01
1.1677877633e+00   1.5837310907e+00   5.1439112930e-01
1.2509539872e+00   1.6858693600e+00   5.5666146495e-01
1.3375928596e+00   1.7889148173e+00   6.0556384447e-01
1.3393987516e+00   1.7910225138e+00   6.0663770359e-01
1.3575228744e+00   1.8120789297e+00   6.1754135272e-01
1.4475713526e+00   1.9139078079e+00   6.7522102135e-01
1.5394361278e+00   2.0123520377e+00   7.4046352969e-01
1.6319611276e+00   2.1048009626e+00   8.1343882157e-01
1.6338523241e+00   2.1066101629e+00   8.1501333906e-01
1.6527435630e+00   2.1244888391e+00   8.3093505801e-01
1.7440651968e+00   2.2054292346e+00   9.1324391795e-01
1.8323867385e+00   2.2731598472e+00   1.0026566283e+00
1.9155612100e+00   2.3240048998e+00   1.0982691397e+00
1.9171933985e+00   2.3248430322e+00   1.1002822596e+00
1.9333363529e+00   2.3327422565e+00   1.1205224967e+00
2.0068752765e+00   2.3578484440e+00   1.2218051945e+00
2.0695870904e+00   2.3580991928e+00   1.3255497796e+00
2.1187074224e+00   2.3306157636e+00   1.4293042145e+00
2.1515263605e+00   2.2733843344e+00   1.5302385821e+00
2.1520098460e+00   2.2718937828e+00   1.5322539518e+00
2.1564066147e+00   2.2562798104e+00   1.5522664056e+00
2.1659045429e+00   2.1615572282e+00   1.6455753545e+00
2.1541481478e+00   2.0370188621e+00   1.7292695915e+00
2.1198034337e+00   1.8849206280e+00   1.8005928023e+00
2.1188590352e+00   1.8815425645e+00   1.8019067692e+00
2.1088794708e+00   1.8472157834e+00   1.8147050655e+00
2.0550987277e+00   1.6896408517e+00   1.8622414809e+00
1.9760099057e+00   1.5005231757e+00   1.8999801817e+00
1.9741034114e+00   1.4963436038e+00   1.9006156987e+00
1.9545411310e+00   1.4542478637e+00   1.9065830901e+00
1.8736252098e+00   1.2927476125e+00   1.9226649191e+00
1.7742797187e+00   1.1149444630e+00   1.9291986963e+00
1.7716386884e+00   1.1104598121e+00   1.9292248353e+00
1.7448275034e+00   1.0655502180e+00   1.9291283388e+00
1.6472481594e+00   9.1059313494e-01   1.9239761395e+00
1.5375323855e+00   7.4966010596e-01   1.9111528228e+00
1.5343783091e+00   7.4521362900e-01   1.9106950867e+00
1.5025588310e+00   7.0087141098e-01   1.9058334607e+00
1.3940419569e+00   5.5618841042e-01   1.8862906032e+00
1.2775730133e+00   4.1085900140e-01   1.8611570185e+00
1.2741047216e+00   4.0667409991e-01   1.8603534778e+00
1.2392697401e+00   3.6507193599e-01   1.8521258895e+00
1.1230348400e+00   2.3160873097e-01   1.8228278640e+00
1.0018539209e+00   1.0045617156e-01   1.7898118904e+00
9.9824796541e-01   9.6669050114e-02   1.7887974485e+00
9.6215344653e-01   5.9111552000e-02   1.7785537950e+00
8.4023813596e-01   -6.3244855212e-02   1.7429033525e+00
7.1579432436e-01   -1.8150243341e-01   1.7052234887e+00
7.1220567882e-01   -1.8481950402e-01   1.7041222192e+00
6.7638276394e-01   -2.1765661094e-01   1.6930926401e+00
5.5031640407e-01   -3.2939454024e-01   1.6538720122e+00
4.2399167485e-01   -4.3577248989e-01   1.6142502366e+00
4.2055385047e-01   -4.3859361253e-01   1.6131712444e+00
3.8631383391e-01   -4.6648517615e-01   1.6024294869e+00
2.5745995541e-01   -5.6820107001e-01   1.5621964688e+00
1.3074880915e-01   -6.6349820897e-01   1.5232335875e+00
-9.6642557886e-03   -7.6400459134e-01   1.4812595755e+00
-1.2679791023e-02   -7.6610687140e-01   1.4803762136e+00
-4.2633322410e-02   -7.8686382760e-01   1.4716495439e+00
-1.7294031965e-01   -8.7456771550e-01   1.4348375706e+00
-2.9694107235e-01   -9.5420379469e-01   1.4019471086e+00
-4.2069063455e-01   -1.0299912591e+00   1.3717972743e+00
-4.2312587429e-01   -1.0314451338e+00   1.3712352862e+00
-4.4726246564e-01   -1.0457750520e+00   1.3657369213e+00
-5.5955578782e-01   -1.1104687963e+00   1.3420269192e+00
-6.6262053265e-01   -1.1667342585e+00   1.3234215415e+00
-7.5663995996e-01   -1.2150018785e+00   1.3096644008e+00
-8.4183069091e-01   -1.2555897158e+00   1.3004109239e+00
-9.1841834452e-01   -1.2887207182e+00   1.2952463221e+00
-9.1989779788e-01   -1.2893221795e+00   1.2951800833e+00
-9.3449951978e-01   -1.2951686947e+00   1.2946002370e+00
-1.0008425280e+00   -1.3193616995e+00   1.2937996952e+00
-1.0590438398e+00   -1.3363646601e+00   1.2959847064e+00
-1.1092790937e+00   -1.3462497578e+00   1.3006053532e+00
-1.1517056484e+00   -1.3490938797e+00   1.3070934777e+00
-1.1864687505e+00   -1.3450010265e+00   1.3148734444e+00
-1.2137103415e+00   -1.3341219056e+00   1.3233732023e+00
-1.2335794484e+00   -1.3166697745e+00   1.3320356686e+00
-1.2462431382e+00   -1.2929317631e+00   1.3403302439e+00
-1.2518970784e+00   -1.2632751237e+00   1.3477640928e+00
-1.2507748456e+00   -1.2281481486e+00   1.3538926933e+00
-1.2431552587e+00   -1.1880758200e+00   1.3583291034e+00
-1.2293671842e+00   -1.1436506111e+00   1.3607514024e+00
-1.2097914676e+00   -1.0955191798e+00   1.3609078468e+00
-1.1848598585e+00   -1.0443659685e+00   1.3586194261e+00
-1.1550510242e+00   -9.9089490320e-01   1.3537796844e+00
-1.1208839440e+00   -9.3581045450e-01   1.3463518756e+00
-1.0829091516e+00   -8.7979927704e-01   1.3363637106e+00
-1.0416984082e+00   -8.2351349767e-01   1.3239001167e+00
-9.9783346146e-01   -7.6755649271e-01   1.3090945365e+00
-9.5189454789e-01   -7.1247172100e-01   1.2921193520e+00
-9.5093654218e-01   -7.1135671448e-01   1.2917505868e+00
-9.4132286470e-01   -7.0023867659e-01   1.2880179442e+00
-8.9361452008e-01   -6.4686362686e-01   1.2686614120e+00
-8.4506304901e-01   -5.9532064502e-01   1.2476091296e+00
-7.9617309533e-01   -5.4592308131e-01   1.2250937170e+00
-7.4740873897e-01   -4.9891266184e-01   1.2013487115e+00
-6.9918832547e-01   -4.5446352754e-01   1.1766021298e+00
-6.5188108321e-01   -4.1268785576e-01   1.1510713548e+00
-6.0580544308e-01   -3.7364253577e-01   1.1249593290e+00
-5.6122890056e-01   -3.3733641911e-01   1.0984519667e+00
-5.6033369144e-01   -3.3662168136e-01   1.0979064421e+00
-5.5142161815e-01   -3.2953666544e-01   1.0924462751e+00
-5.0897363482e-01   -2.9653967717e-01   1.0656807539e+00
-4.6844491175e-01   -2.6616642203e-01   1.0388662582e+00
-4.2995195108e-01   -2.3832015745e-01   1.0121278426e+00
-3.9357158406e-01   -2.1288521748e-01   9.8557249281e-01
-3.5934516287e-01   -1.8973245280e-01   9.5929030572e-01
-3.2728290772e-01   -1.6872394621e-01   9.3335590611e-01
-2.9736825318e-01   -1.4971700877e-01   9.0782998952e-01
-2.6956206877e-01   -1.3256748993e-01   8.8276090314e-01
-2.4380665910e-01   -1.1713245448e-01   8.5818619837e-01
-2.2002947585e-01   -1.0327228995e-01   8.3413410775e-01
-1.9814649815e-01   -9.0852313385e-02   8.1062491501e-01
-1.7806525750e-01   -7.9743946435e-02   7.8767220012e-01
-1.7767232907e-01   -7.9529388898e-02   7.8720823492e-01
-1.7378212002e-01   -7.7411000886e-02   7.8258161035e-01
-1.5577398533e-01   -6.7744487072e-02   7.6032107235e-01
-1.3934441778e-01   -5.9129003104e-02   7.3862858546e-01
-1.2439005872e-01   -5.1459727396e-02   7.1750301590e-01
-1.1080799905e-01   -4.4639568233e-02   6.9694034330e-01
-9.8497061912e-02   -3.8579038619e-02   6.7693425691e-01
-8.7358824807e-02   -3.3196019655e-02   6.5747665611e-01
-7.7298410343e-02   -2.8415442053e-02   6.3855806688e-01
-6.8225074550e-02   -2.4168910313e-02   6.2016798555e-01
-6.0052620352e-02   -2.0394289532e-02   6.0229516019e-01
-5.2699662147e-02   -1.7035270941e-02   5.8492781916e-01
-4.6089765359e-02   -1.4040928830e-02   5.6805385533e-01
-4.0151482548e-02   -1.1365278708e-02   5.5166097334e-01
-3.4818305398e-02   -8.9668441235e-03   5.3573680640e-01
-3.0028549547e-02   -6.8082375866e-03   5.2026900799e-01
-2.5725187082e-02   -4.8557593889e-03   5.0524532319e-01
-2.1855639384e-02   -3.0790168009e-03   4.9065364352e-01
-1.8371541140e-02   -1.4505650436e-03   4.7648204846e-01
-1.5228484553e-02   5.4429415277e-05   4.6271883637e-01
-1.2385751235e-02   1.4585033568e-03   4.4935254700e-01
-9.8060378526e-03   2.7821897368e-03   4.3637197727e-01
-7.4551803773e-03   4.0442900712e-03   4.2376619188e-01
-5.3018807138e-03   5.2621276096e-03   4.1152452985e-01
-3.3174385585e-03   6.4517828371e-03   3.9963660781e-01
-1.4754905401e-03   7.6283130043e-03   3.8809232096e-01
2.4824197754e-04   8.8059574872e-03   3.7688184203e-01
1.8761956242e-03   9.9983308555e-03   3.6599561885e-01
3.4291979590e-03   1.1218605570e-02   3.5542437067e-01
4.9266906871e-03   1.2479686262e-02   3.4515908356e-01
6.3869435715e-03   1.3794377569e-02   3.3519100487e-01
7.8272597274e-03   1.5175547513e-02   3.2551163690e-01
9.2641732226e-03   1.6636288432e-02   3.1611272968e-01
1.0713640101e-02   1.8190077488e-02   3.0698627266e-01
1.2191224106e-02   1.9850938818e-02   2.9812448524e-01
1.3712278538e-02   2.1633609422e-02   2.8951980568e-01
1.5292125776e-02   2.3553710955e-02   2.8116487825e-01
1.6945704443e-02   2.5621720570e-02   2.7305466188e-01
1.8688082456e-02   2.7858885950e-02   2.6518102842e-01
2.0535199058e-02   3.0283713631e-02   2.5753753690e-01
2.0574218533e-02   3.0335447553e-02   2.5738343441e-01
2.0967238380e-02   3.0857607592e-02   2.5584755911e-01
2.2965276115e-02   3.3539711334e-02   2.4847763251e-01
2.5105868994e-02   3.6456115714e-02   2.4132445892e-01
2.7407458800e-02   3.9630677896e-02   2.3438246422e-01
2.9889637519e-02   4.3089353764e-02   2.2764636600e-01
3.2573337062e-02   4.6860433917e-02   2.2111119047e-01
3.5481028931e-02   5.0974798990e-02   2.1477229381e-01
3.8636935720e-02   5.5466196594e-02   2.0862538884e-01
4.2067256390e-02   6.0371542332e-02   2.0266657814e-01
4.5800407403e-02   6.5731247458e-02   1.9689239484e-01
4.9867281854e-02   7.1589575945e-02   1.9129985250e-01
5.4301528910e-02   7.7995033808e-02   1.8588650600e-01
5.9139855936e-02   8.5000793732e-02   1.8065052567e-01
6.4422355845e-02   9.2665158130e-02   1.7559078708e-01
7.0192862301e-02   1.0105206386e-01   1.7070697986e-01
7.6499335535e-02   1.1023163190e-01   1.6599973921e-01
8.3394281607e-02   1.2028076512e-01   1.6147080472e-01
9.0935208011e-02   1.3128379734e-01   1.5712321190e-01
9.9185118524e-02   1.4333319640e-01   1.5296152300e-01
1.0821305014e-01   1.5653032337e-01   1.4899210504e-01
1.1809465473e-01   1.7098624953e-01   1.4522346426e-01
1.2891282779e-01   1.8682263111e-01   1.4166664845e-01
1.4075838600e-01   2.0417264019e-01   1.3833573030e-01
1.5373079469e-01   2.2318194773e-01   1.3524838791e-01
1.6793894476e-01   2.4400975085e-01   1.3242660123e-01
1.8350197730e-01   2.6682983201e-01   1.2989748669e-01
2.0055015128e-01   2.9183163082e-01   1.2769429656e-01
2.1922574657e-01   3.1922130052e-01   1.2585761342e-01
2.3968398985e-01   3.4922270920e-01   1.2443677578e-01
2.6209398465e-01   3.8207833004e-01   1.2349157554e-01
2.8663961848e-01   4.1804994394e-01   1.2309427434e-01
3.1352040872e-01   4.5741905048e-01   1.2333199050e-01
3.1409653778e-01   4.5826250701e-01   1.2334419222e-01
3.1991701246e-01   4.6678286546e-01   1.2348343706e-01
3.4995475915e-01   5.1072706590e-01   1.2464405842e-01
3.8283111993e-01   5.5876487724e-01   1.2670183954e-01
4.1879991804e-01   6.1123779749e-01   1.2981355061e-01
4.5813188712e-01   6.6850143006e-01   1.3416633474e-01
5.0111377298e-01   7.3092080040e-01   1.3998296148e-01
5.4804656653e-01   7.9886342308e-01   1.4752774596e-01
5.9924256133e-01   8.7268942354e-01   1.5711309596e-01
6.0033730927e-01   8.7426452949e-01   1.5733310370e-01
6.1139099766e-01   8.9015967482e-01   1.5958931485e-01
6.6824527454e-01   9.7165236676e-01   1.7218197816e-01
7.3007220902e-01   1.0597265231e+00   1.8771903446e-01
7.9717849513e-01   1.1545988051e+00   2.0671690345e-01
8.6984582194e-01   1.2563812166e+00   2.2976945554e-01
8.7139318008e-01   1.2585369302e+00   2.3028829923e-01
8.8700094295e-01   1.2802526242e+00   2.3558695103e-01
9.6680066489e-01   1.3904328168e+00   2.6453641136e-01
1.0525993026e+00   1.5071619060e+00   2.9915540802e-01
1.1444465154e+00   1.6298645815e+00   3.4029493182e-01
1.1463894384e+00   1.6324328086e+00   3.4121148820e-01
1.1659559252e+00   1.6582297726e+00   3.5055001226e-01
1.2650680158e+00   1.7869265763e+00   4.0092336161e-01
1.3697560557e+00   1.9188791006e+00   4.5988166514e-01
1.4794267879e+00   2.0520077216e+00   5.2834168747e-01
1.4817179688e+00   2.0547270828e+00   5.2984832630e-01
1.5047221277e+00   2.0818800888e+00   5.4515433093e-01
1.6135819787e+00   2.2063923582e+00   6.2216028414e-01
1.7270187995e+00   2.3281169856e+00   7.1107155242e-01
1.7294233433e+00   2.3305963495e+00   7.1305969988e-01
1.7534817470e+00   2.3551521531e+00   7.3320183401e-01
1.8609197308e+00   2.4587022246e+00   8.2905341198e-01
1.9681138551e+00   2.5501206903e+00   9.3562826536e-01
2.0789198373e+00   2.6280530686e+00   1.0601462549e+00
2.0811146468e+00   2.6293848677e+00   1.0627900445e+00
2.1028666957e+00   2.6420640932e+00   1.0894188974e+00
2.1959635961e+00   2.6836755427e+00   1.2136223145e+00
2.2791367726e+00   2.6961209628e+00   1.3441443721e+00
2.2808011924e+00   2.6960253799e+00   1.3470252020e+00
2.2970510104e+00   2.6941621963e+00   1.3758726220e+00
2.3618369914e+00   2.6632887846e+00   1.5090289102e+00
2.3630382218e+00   2.6622001455e+00   1.5118969763e+00
2.3745397943e+00   2.6503064847e+00   1.5404956906e+00
2.3756380863e+00   2.6490159102e+00   1.5433464498e+00
2.3860886213e+00   2.6350904423e+00   1.5717467009e+00
2.4222430569e+00   2.5400389342e+00   1.7064454086e+00
2.4227084769e+00   2.5376214049e+00   1.7091108979e+00
2.4267228037e+00   2.5124062057e+00   1.7355151465e+00
2.4288384244e+00   2.3624344400e+00   1.8567213619e+00
2.4285663060e+00   2.3589102815e+00   1.8590466572e+00
2.4251261146e+00   2.3226981170e+00   1.8819117857e+00
2.4005514509e+00   2.1726962629e+00   1.9604252869e+00
2.3396291008e+00   1.9437672895e+00   2.0450502799e+00
2.3380387803e+00   1.9387405416e+00   2.0465469658e+00
2.3213806058e+00   1.8877958932e+00   2.0609712272e+00
2.2605197951e+00   1.7212494000e+00   2.0995724357e+00
2.1801456153e+00   1.5309929488e+00   2.1299773943e+00
2.1775426833e+00   1.5252303662e+00   2.1306969042e+00
2.1508229690e+00   1.4672546447e+00   2.1373235612e+00
2.0695314905e+00   1.3021357509e+00   2.1504292489e+00
1.9730907960e+00   1.1233989986e+00   2.1557982427e+00
1.9696867767e+00   1.1173704867e+00   2.1558299838e+00
1.9350764664e+00   1.0570363931e+00   2.1556326222e+00
1.8400237718e+00   8.9946973205e-01   2.1508450446e+00
1.7334956558e+00   7.3496119862e-01   2.1395810612e+00
1.7294976003e+00   7.2900619202e-01   2.1390579267e+00
1.6890950824e+00   6.6964666395e-01   2.1334134352e+00
1.5840414362e+00   5.2179302500e-01   2.1160275635e+00
1.4701028120e+00   3.7088727943e-01   2.0935462455e+00
1.4657034511e+00   3.6524046668e-01   2.0926145671e+00
1.4214441534e+00   3.0913132384e-01   2.0830087993e+00
1.3086130979e+00   1.7154186065e-01   2.0568195331e+00
1.1888895473e+00   3.3381551468e-02   2.0268610986e+00
1.1842663889e+00   2.8196951132e-02   2.0256672610e+00
1.1379193545e+00   -2.3189365747e-02   2.0135675598e+00
1.0187822656e+00   -1.5057921959e-01   1.9815200113e+00
8.9435702857e-01   -2.7690327863e-01   1.9469618482e+00
8.8967209416e-01   -2.8153331965e-01   1.9456446268e+00
8.4284162557e-01   -3.2733065726e-01   1.9324287543e+00
7.1851080704e-01   -4.4480207170e-01   1.8970329909e+00
5.9037285574e-01   -5.5997905654e-01   1.8603860783e+00
5.8577258809e-01   -5.6400817745e-01   1.8590719458e+00
5.3990079710e-01   -6.0379622828e-01   1.8459857022e+00
4.1134148342e-01   -7.1165366783e-01   1.8095948333e+00
2.8057047302e-01   -8.1610051231e-01   1.7732959931e+00
2.7618573001e-01   -8.1951399522e-01   1.7720957807e+00
2.3255560835e-01   -8.5317349886e-01   1.7602232864e+00
1.0073664114e-01   -9.5155454944e-01   1.7252457260e+00
-3.1371552484e-02   -1.0452904517e+00   1.6918506864e+00
-3.5424723267e-02   -1.0480907275e+00   1.6908568497e+00
-7.5678583964e-02   -1.0756587998e+00   1.6810959331e+00
-2.0960070397e-01   -1.1642037314e+00   1.6501906696e+00
-3.4133802340e-01   -1.2464899306e+00   1.6225248714e+00
-4.9214344437e-01   -1.3345470952e+00   1.5948920576e+00
-4.9551009968e-01   -1.3364339378e+00   1.5943309924e+00
-5.2885035622e-01   -1.3549238417e+00   1.5889176902e+00
-6.6240052022e-01   -1.4252032685e+00   1.5700484768e+00
-7.8827588323e-01   -1.4851182177e+00   1.5569906933e+00
-9.1707657045e-01   -1.5384040527e+00   1.5493696211e+00
-9.1955877686e-01   -1.5393344638e+00   1.5492879274e+00
-9.4403929656e-01   -1.5482864598e+00   1.5486263388e+00
-1.0546855199e+00   -1.5828472679e+00   1.5492033633e+00
-1.1504367809e+00   -1.6022587284e+00   1.5552876496e+00
-1.2312576035e+00   -1.6066323512e+00   1.5656635728e+00
-1.2971443807e+00   -1.5961552207e+00   1.5790241589e+00
-1.3481399663e+00   -1.5711629069e+00   1.5940198227e+00
-1.3843574674e+00   -1.5321987757e+00   1.6093091911e+00
-1.4060086435e+00   -1.4800539740e+00   1.6236107958e+00
-1.4134322684e+00   -1.4157841024e+00   1.6357532147e+00
-1.4071181329e+00   -1.3407008830e+00   1.6447204267e+00
-1.3877230681e+00   -1.2563397725e+00   1.6496888966e+00
-1.3871949665e+00   -1.2545277724e+00   1.6497441849e+00
-1.3816330219e+00   -1.2362364388e+00   1.6501896133e+00
-1.3473593759e+00   -1.1428462723e+00   1.6494573418e+00
-1.3020751969e+00   -1.0441083631e+00   1.6436935867e+00
-1.2469540952e+00   -9.4185665677e-01   1.6328017536e+00
-1.1832821920e+00   -8.3786239790e-01   1.6168932650e+00
-1.1818990079e+00   -8.3572727293e-01   1.6165169935e+00
-1.1679040371e+00   -8.1437701019e-01   1.6126458051e+00
-1.0956159432e+00   -7.1046971005e-01   1.5910027718e+00
-1.0178484715e+00   -6.0822545549e-01   1.5651813290e+00
-9.3598221528e-01   -5.0883753265e-01   1.5357371969e+00
-8.5134276716e-01   -4.1326057883e-01   1.5032818240e+00
-8.4959012041e-01   -4.1134935729e-01   1.5025904533e+00
-8.3203071306e-01   -3.9234299545e-01   1.4956231202e+00
-7.4566954572e-01   -3.0238640706e-01   1.4603389620e+00
-6.5913208345e-01   -2.1752389337e-01   1.4234330786e+00
-5.7337837591e-01   -1.3799307166e-01   1.3854837546e+00
-4.8922389311e-01   -6.3857870134e-02   1.3470161743e+00
-4.8752290748e-01   -6.2396330958e-02   1.3462266992e+00
-4.7056669685e-01   -4.7903377267e-02   1.3383316068e+00
-3.8926784593e-01   1.9742657964e-02   1.2998533625e+00
-3.1086034723e-01   8.2324309485e-02   1.2617968215e+00
-2.3570368013e-01   1.4013888528e-01   1.2244786000e+00
-1.6403519032e-01   1.9354071721e-01   1.1881540599e+00
-9.5983566376e-02   2.4292080510e-01   1.1530231633e+00
-9.4628715246e-02   2.4389248166e-01   1.1523176423e+00
-8.1164478983e-02   2.5352680827e-01   1.1452937496e+00
-1.7582563777e-02   2.9854065387e-01   1.1118273608e+00
4.2413330214e-02   3.4045520425e-01   1.0798361894e+00
9.8947511364e-02   3.7968268427e-01   1.0493897422e+00
1.5219434409e-01   4.1662292397e-01   1.0205317313e+00
2.0236668824e-01   4.5165847217e-01   9.9328609265e-01
2.4970568228e-01   4.8515138069e-01   9.6766228343e-01
2.9447189217e-01   5.1744127142e-01   9.4365984589e-01
3.3693777948e-01   5.4884434979e-01   9.2127226699e-01
3.3778498247e-01   5.4948000664e-01   9.2083079582e-01
3.4621093356e-01   5.5582344997e-01   9.1645306616e-01
3.8623767794e-01   5.8653626405e-01   8.9603114612e-01
4.2458288871e-01   6.1698084542e-01   8.7720322078e-01
4.6151979025e-01   6.4739750578e-01   8.5996235443e-01
4.9731366808e-01   6.7800373777e-01   8.4430559079e-01
5.3221925957e-01   7.0899454258e-01   8.3023522698e-01
5.6647865124e-01   7.4054258306e-01   8.1775979023e-01
6.0031955422e-01   7.7279808278e-01   8.0689475817e-01
6.3395383960e-01   8.0588840614e-01   7.9766305094e-01
6.6757622578e-01   8.3991726695e-01   7.9009531071e-01
7.0136302116e-01   8.7496352426e-01   7.8422997149e-01
7.3547083589e-01   9.1107953511e-01   7.8011310950e-01
7.3617336691e-01   9.1183022176e-01   7.8004746255e-01
7.4320947469e-01   9.1936236234e-01   7.7943261296e-01
7.7789303387e-01   9.5681824047e-01   7.7753131537e-01
8.1316810397e-01   9.9535391283e-01   7.7750604068e-01
8.4911733477e-01   1.0349195925e+00   7.7942338791e-01
8.8579640063e-01   1.0754270576e+00   7.8335382889e-01
9.2323162087e-01   1.1167458396e+00   7.8936980150e-01
9.6141730673e-01   1.1586992249e+00   7.9754328271e-01
1.0003128652e+00   1.2010602412e+00   8.0794277472e-01
1.0398397201e+00   1.2435478578e+00   8.2062964556e-01
1.0798781474e+00   1.2858236952e+00   8.3565378280e-01
1.1202641616e+00   1.3274896059e+00   8.5304854755e-01
1.1210930925e+00   1.3283330127e+00   8.5342950133e-01
1.1293851922e+00   1.3367416309e+00   8.5729397802e-01
1.1699042454e+00   1.3770283729e+00   8.7760553092e-01
1.2102333737e+00   1.4156019609e+00   9.0027286591e-01
1.2500490519e+00   1.4518737743e+00   9.2523441330e-01
1.2889760352e+00   1.4852056159e+00   9.5238492023e-01
1.3265886048e+00   1.5149197448e+00   9.8156885115e-01
1.3624137188e+00   1.5403127270e+00   1.0125745463e+00
1.3959364273e+00   1.5606732690e+00   1.0451297091e+00
1.4266078497e+00   1.5753039184e+00   1.0788988565e+00
1.4538559091e+00   1.5835461576e+00   1.1134833828e+00
1.4770988612e+00   1.5848079999e+00   1.1484248346e+00
1.4957614508e+00   1.5785927594e+00   1.1832118602e+00
1.4960916996e+00   1.5783845733e+00   1.1839185034e+00
1.4992748559e+00   1.5761209483e+00   1.1909675954e+00
1.5115796524e+00   1.5602511462e+00   1.2248079636e+00
1.5181425009e+00   1.5362794330e+00   1.2572270565e+00
1.5185405809e+00   1.5041922537e+00   1.2876356002e+00
1.5124406470e+00   1.4641620888e+00   1.3154605873e+00
1.4996165976e+00   1.4165508011e+00   1.3401673422e+00
1.4799636271e+00   1.3619031583e+00   1.3612810654e+00
1.4535078012e+00   1.3009304252e+00   1.3784062321e+00
1.4204101662e+00   1.2344848397e+00   1.3912423152e+00
1.3809648861e+00   1.1635266628e+00   1.3995945880e+00
1.3355913614e+00   1.0890861819e+00   1.4033792072e+00
1.3346042091e+00   1.0875334620e+00   1.4034089709e+00
1.3246092340e+00   1.0719524679e+00   1.4036019065e+00
1.2727066158e+00   9.9469035163e-01   1.4018367891e+00
1.2161830388e+00   9.1628770163e-01   1.3957020797e+00
1.1557479792e+00   8.3773393810e-01   1.3854380476e+00
1.0921533875e+00   7.5993554119e-01   1.3713580219e+00
1.0261692704e+00   6.8369372362e-01   1.3538306200e+00
1.0247990294e+00   6.8215431988e-01   1.3534386359e+00
1.0110606491e+00   6.6681325438e-01   1.3494494495e+00
9.4318901567e-01   5.9339409552e-01   1.3282535393e+00
8.7459151533e-01   5.2287354184e-01   1.3045372485e+00
8.0594977403e-01   4.5564910947e-01   1.2787274004e+00
7.3788374096e-01   3.9199690132e-01   1.2512377437e+00
6.7094194262e-01   3.3208148814e-01   1.2224587159e+00
6.6958683707e-01   3.3089466599e-01   1.2218587314e+00
6.5607350754e-01   3.1911426458e-01   1.2158381742e+00
5.9114307269e-01   2.6385738591e-01   1.1859662365e+00
5.2827608405e-01   2.1236849564e-01   1.1555568124e+00
4.6776641596e-01   1.6454304981e-01   1.1248877788e+00
4.0983207610e-01   1.2022246852e-01   1.0941989415e+00
3.5462025358e-01   7.9206731599e-02   1.0636934442e+00
3.0221358188e-01   4.1265575398e-02   1.0335402067e+00
2.5263713635e-01   6.1481347032e-03   1.0038770321e+00
2.5165176871e-01   5.4569344572e-03   1.0032757641e+00
2.4186272471e-01   -1.3965575995e-03   9.9727714438e-01
1.9571495620e-01   -3.3414242253e-02   9.6836200619e-01
1.5228364379e-01   -6.3201966778e-02   9.4014964262e-01
1.1145766944e-01   -9.1029625399e-02   9.1270152858e-01
7.3098029752e-02   -1.1716336929e-01   8.8606273826e-01
3.7043701400e-02   -1.4186301762e-01   8.6026499535e-01
3.1168423773e-03   -1.6538034481e-01   8.3532941970e-01
-2.8872694257e-02   -1.8795808828e-01   8.1126896170e-01
-5.9123526754e-02   -2.0982953595e-01   7.8809053408e-01
-8.7839561777e-02   -2.3121856938e-01   7.6579686385e-01
-1.1522741754e-01   -2.5234005562e-01   7.4438809497e-01
-1.4149439871e-01   -2.7340049644e-01   7.2386317616e-01
-1.4202183185e-01   -2.7383237771e-01   7.2345225398e-01
-1.4727548128e-01   -2.7815474969e-01   7.1936337418e-01
-1.7245044286e-01   -2.9941092014e-01   6.9991999863e-01
-1.9696119814e-01   -3.2103990151e-01   6.8135973793e-01
-2.2100890555e-01   -3.4322737215e-01   6.6368525801e-01
-2.4479156348e-01   -3.6615467350e-01   6.4690233848e-01
-2.6850389194e-01   -3.8999978795e-01   6.3102070330e-01
-2.9233740211e-01   -4.1493823941e-01   6.1605483915e-01
-3.1648060350e-01   -4.4114387780e-01   6.0202482568e-01
-3.4111929973e-01   -4.6878950700e-01   5.8895719996e-01
-3.6643692564e-01   -4.9804731176e-01   5.7688587448e-01
-3.9261487802e-01   -5.2908903263e-01   5.6585312567e-01
-4.1983279112e-01   -5.6208582957e-01   5.5591066666e-01
-4.4826870515e-01   -5.9720776354e-01   5.4712081434e-01
-4.7809907155e-01   -6.3462281202e-01   5.3955775566e-01
-5.0949853236e-01   -6.7449531976e-01   5.3330891194e-01
-5.1015888466e-01   -6.7533830468e-01   5.3319541583e-01
-5.1680286874e-01   -6.8382874933e-01   5.3209327332e-01
-5.5035931429e-01   -7.2692723825e-01   5.2759537507e-01
-5.8586376217e-01   -7.7282325603e-01   5.2466113702e-01
-6.2347943514e-01   -8.2164978266e-01   5.2343081325e-01
-6.6336248885e-01   -8.7352026270e-01   5.2406423073e-01
-7.0565918769e-01   -9.2852169218e-01   5.2674212749e-01
-7.5050220876e-01   -9.8670607591e-01   5.3166720831e-01
-7.9800591959e-01   -1.0480800410e+00   5.3906473716e-01
-8.4826046636e-01   -1.1125924128e+00   5.4918242823e-01
-8.4931838352e-01   -1.1139450323e+00   5.4941980600e-01
-8.5996245296e-01   -1.1275405604e+00   5.5186296602e-01
-9.1366327488e-01   -1.1957207901e+00   5.6568206037e-01
-9.7018954798e-01   -1.2666408861e+00   5.8284527291e-01
-1.0294959908e+00   -1.3399526351e+00   6.0365742104e-01
-1.0914716068e+00   -1.4151739724e+00   6.2842921743e-01
-1.1559255754e+00   -1.4916669216e+00   6.5746687266e-01
-1.1572690015e+00   -1.4932406036e+00   6.5810790114e-01
-1.1707533494e+00   -1.5089865714e+00   6.6462370993e-01
-1.2378425372e+00   -1.5859056688e+00   6.9927651505e-01
-1.3066191414e+00   -1.6620101617e+00   7.3878285078e-01
-1.3765253874e+00   -1.7360241326e+00   7.8331705326e-01
-1.4468557278e+00   -1.8064500284e+00   8.3296007259e-01
-1.5167440836e+00   -1.8715747784e+00   8.8766767182e-01
-1.5181630984e+00   -1.8728394012e+00   8.8883931263e-01
-1.5323174126e+00   -1.8853160406e+00   9.0066755246e-01
-1.6002365799e+00   -1.9413310074e+00   9.6128378928e-01
-1.6651814994e+00   -1.9876039386e+00   1.0262460514e+00
-1.7257542670e+00   -2.0219856404e+00   1.0948821253e+00
-1.7804247351e+00   -2.0423564908e+00   1.1662727577e+00
-1.8275698002e+00   -2.0467449708e+00   1.2392477145e+00
-1.8284445733e+00   -2.0466553624e+00   1.2407485462e+00
-1.8369773959e+00   -2.0453484067e+00   1.2557584900e+00
-1.8726400161e+00   -2.0278944692e+00   1.3287378588e+00
-1.8971325772e+00   -1.9912911250e+00   1.3999143336e+00
-1.9089770473e+00   -1.9349679713e+00   1.4675385420e+00
-1.9090780910e+00   -1.9336085923e+00   1.4688731855e+00
-1.9097654145e+00   -1.9195623698e+00   1.4820935021e+00
-1.9044318841e+00   -1.8393007282e+00   1.5429598916e+00
-1.8840843982e+00   -1.7405549829e+00   1.5964660972e+00
-1.8482542077e+00   -1.6250414922e+00   1.6411876152e+00
-1.7969197891e+00   -1.4951062222e+00   1.6760224219e+00
-1.7957093730e+00   -1.4923151029e+00   1.6766265326e+00
-1.7832586295e+00   -1.4641420783e+00   1.6824218236e+00
-1.7135841817e+00   -1.3204395031e+00   1.7042280629e+00
-1.6300151490e+00   -1.1690289569e+00   1.7151793156e+00
-1.5339484200e+00   -1.0131650170e+00   1.7155474519e+00
-1.5318630265e+00   -1.0099503748e+00   1.7154485270e+00
-1.5107637456e+00   -9.7777965175e-01   1.7142317502e+00
-1.4076788548e+00   -8.2888329340e-01   1.7034117316e+00
-1.2923773875e+00   -6.7589639364e-01   1.6838490940e+00
-1.2899101180e+00   -6.7275709187e-01   1.6833613227e+00
-1.2650930502e+00   -6.4146788716e-01   1.6783132692e+00
-1.1510915535e+00   -5.0398060467e-01   1.6521631113e+00
-1.0311158108e+00   -3.6909437312e-01   1.6203223608e+00
-1.0284672699e+00   -3.6621892310e-01   1.6195775567e+00
-1.0019351032e+00   -3.3764321432e-01   1.6120265646e+00
-8.8136783918e-01   -2.1276706464e-01   1.5758528576e+00
-7.5919973184e-01   -9.3813295235e-02   1.5365999954e+00
-6.3011437990e-01   2.4531674166e-02   1.4929245814e+00
-6.2749637467e-01   2.6859748551e-02   1.4920194038e+00
-6.0138210600e-01   4.9932484369e-02   1.4829531089e+00
-4.7597217092e-01   1.5711955572e-01   1.4385831891e+00
-3.5443474777e-01   2.5573569548e-01   1.3945742659e+00
-2.3773151425e-01   3.4608102633e-01   1.3517413692e+00
-2.3539739830e-01   3.4784788008e-01   1.3508813350e+00
-2.1218175485e-01   3.6534002199e-01   1.3423231563e+00
-1.0214141311e-01   4.4633915850e-01   1.3017332297e+00
2.1010177150e-03   5.2042808093e-01   1.2634611845e+00
1.0040922780e-01   5.8827396698e-01   1.2278146924e+00
1.9278877393e-01   6.5053163171e-01   1.1950004161e+00
1.9461852672e-01   6.5175212247e-01   1.1943592856e+00
2.1278230140e-01   6.6384376960e-01   1.1880163937e+00
2.9806819810e-01   7.2009630598e-01   1.1588340538e+00
3.7780110367e-01   7.7207452775e-01   1.1326715672e+00
4.5225476608e-01   8.2027896459e-01   1.1095259619e+00
5.2173743049e-01   8.6514693209e-01   1.0893577184e+00
5.8657435032e-01   9.0705133351e-01   1.0721002825e+00
6.4709338422e-01   9.4630146048e-01   1.0576674922e+00
6.4828937946e-01   9.4707903424e-01   1.0574008698e+00
6.6015779207e-01   9.5479982973e-01   1.0547972516e+00
7.1581967133e-01   9.9112979684e-01   1.0436874715e+00
7.6784795444e-01   1.0252776918e+00   1.0351660007e+00
8.1651231063e-01   1.0573663296e+00   1.0291138123e+00
8.6205171070e-01   1.0874686606e+00   1.0254062969e+00
9.0467141773e-01   1.1156120954e+00   1.0239138069e+00
9.4454130105e-01   1.1417830603e+00   1.0245015843e+00
9.8179527945e-01   1.1659317916e+00   1.0270292478e+00
1.0165317385e+00   1.1879773987e+00   1.0313500047e+00
1.0488147997e+00   1.2078132313e+00   1.0373097332e+00
1.0786763473e+00   1.2253125794e+00   1.0447460750e+00
1.1061187387e+00   1.2403347165e+00   1.0534876659e+00
1.1311181365e+00   1.2527312687e+00   1.0633536204e+00
1.1316040678e+00   1.2529565471e+00   1.0635659960e+00
1.1364059421e+00   1.2551450887e+00   1.0657109209e+00
1.1583474475e+00   1.2641216972e+00   1.0766936871e+00
1.1777193994e+00   1.2701489768e+00   1.0883640804e+00
1.1944424830e+00   1.2730998748e+00   1.1005118521e+00
1.2084307323e+00   1.2728682740e+00   1.1129199805e+00
1.2195970118e+00   1.2693753082e+00   1.1253667775e+00
1.2278585949e+00   1.2625750589e+00   1.1376285553e+00
1.2331426868e+00   1.2524593910e+00   1.1494827911e+00
1.2353917292e+00   1.2390616939e+00   1.1607116904e+00
1.2345683104e+00   1.2224593227e+00   1.1711060141e+00
1.2306595059e+00   1.2027745852e+00   1.1804690095e+00
1.2236804834e+00   1.1801741811e+00   1.1886202622e+00
1.2136772238e+00   1.1548670800e+00   1.1953992840e+00
1.2007282449e+00   1.1271009074e+00   1.2006686535e+00
1.1849452521e+00   1.0971569892e+00   1.2043165509e+00
1.1664726871e+00   1.0653442823e+00   1.2062585571e+00
1.1454861998e+00   1.0319924764e+00   1.2064386322e+00
1.1221901158e+00   9.9744459449e-01   1.2048292359e+00
1.0968140199e+00   9.6204943262e-01   1.2014306036e+00
1.0696086157e+00   9.2615417450e-01   1.1962692377e+00
1.0408410485e+00   8.9009748536e-01   1.1893957178e+00
1.0107898973e+00   8.5420334142e-01   1.1808819623e+00
9.7974004273e-01   8.1877579055e-01   1.1708180941e+00
9.4797761183e-01   7.8409477246e-01   1.1593090719e+00
9.1578518057e-01   7.5041305837e-01   1.1464712428e+00
9.1512366013e-01   7.4973565556e-01   1.1461954381e+00
9.0850540547e-01   7.4299026057e-01   1.1434098652e+00
8.7615937361e-01   7.1083466457e-01   1.1291140855e+00
8.4397803857e-01   6.8013514296e-01   1.1137724641e+00
8.1220545100e-01   6.5104878569e-01   1.0975161262e+00
7.8106757291e-01   6.2370396124e-01   1.0804750115e+00
7.5077053922e-01   5.9820203374e-01   1.0627757970e+00
7.2149958038e-01   5.7461957556e-01   1.0445402325e+00
6.9341856293e-01   5.5301092835e-01   1.0258838757e+00
6.6667008769e-01   5.3341097785e-01   1.0069152066e+00
6.4137607346e-01   5.1583802456e-01   9.8773508345e-01
6.1763874765e-01   5.0029665141e-01   9.6843649840e-01
5.9554196365e-01   4.8678050957e-01   9.4910458753e-01
5.7515276660e-01   4.7527496242e-01   9.2981684970e-01
5.5652313411e-01   4.6575954538e-01   9.1064353095e-01
5.3969182565e-01   4.5821021442e-01   8.9164813538e-01
5.2468628173e-01   4.5260136324e-01   8.7288802621e-01
5.2439832850e-01   4.5250663689e-01   8.7250683795e-01
5.2156132809e-01   4.5160345926e-01   8.6870167544e-01
5.0881641253e-01   4.4833760607e-01   8.5030006370e-01
4.9792724567e-01   4.4695838438e-01   8.3224278180e-01
4.8889745878e-01   4.4744624845e-01   8.1457210819e-01
4.8172696861e-01   4.4978617203e-01   7.9732718806e-01
4.7641352480e-01   4.5396855645e-01   7.8054477205e-01
4.7295412759e-01   4.5998996354e-01   7.6425995082e-01
4.7134630895e-01   4.6785368595e-01   7.4850688435e-01
4.7158927340e-01   4.7757016511e-01   7.3331952787e-01
4.7368489715e-01   4.8915726393e-01   7.1873235772e-01
4.7763858524e-01   5.0264039750e-01   7.0478110229e-01
4.8345998673e-01   5.1805252041e-01   6.9150348374e-01
4.9116356701e-01   5.3543396419e-01   6.7893997724e-01
5.0076903503e-01   5.5483211211e-01   6.6713459375e-01
5.1230162070e-01   5.7630089232e-01   6.5613569275e-01
5.2579219437e-01   5.9990006245e-01   6.4599682945e-01
5.4127721646e-01   6.2569425083e-01   6.3677763992e-01
5.5879850011e-01   6.5375171008e-01   6.2854476458e-01
5.7840276445e-01   6.8414272915e-01   6.2137280704e-01
6.0014094894e-01   7.1693763901e-01   6.1534531999e-01
6.2406725255e-01   7.5220433609e-01   6.1055580340e-01
6.5023785308e-01   7.9000523652e-01   6.0710869124e-01
6.7870925350e-01   8.3039356329e-01   6.0512029139e-01
7.0953619363e-01   8.7340886006e-01   6.0471962907e-01
7.4276905655e-01   9.1907161768e-01   6.0604912631e-01
7.4347478008e-01   9.2003400227e-01   6.0609548682e-01
7.5058854279e-01   9.2971877106e-01   6.0660284893e-01
7.8682640044e-01   9.7861519670e-01   6.1026648416e-01
8.2554956795e-01   1.0301024159e+00   6.1602681926e-01
8.6676923469e-01   1.0840903813e+00   6.2407026352e-01
9.1047384692e-01   1.1404352166e+00   6.3459508527e-01
9.5662256613e-01   1.1989278586e+00   6.4780908528e-01
1.0051377727e+00   1.2592816412e+00   6.6392603657e-01
1.0558966191e+00   1.3211190964e+00   6.8316060208e-01
1.0569579428e+00   1.3223972100e+00   6.8358838226e-01
1.0676185241e+00   1.3352006344e+00   6.8794325263e-01
1.1208779871e+00   1.3981873390e+00   7.1128050498e-01
1.1758972025e+00   1.4614242862e+00   7.3817804305e-01
1.2323406947e+00   1.5241524787e+00   7.6879531790e-01
1.2897850830e+00   1.5854729927e+00   8.0324807248e-01
1.3477094305e+00   1.6443433259e+00   8.4159153622e-01
1.4054872352e+00   1.6995803946e+00   8.8380159942e-01
1.4066634235e+00   1.7006641239e+00   8.8470534763e-01
1.4184036430e+00   1.7113850567e+00   8.9382897328e-01
1.4749853136e+00   1.7603710590e+00   9.4059602247e-01
1.5296271638e+00   1.8026633117e+00   9.9078978693e-01
1.5813485950e+00   1.8367632856e+00   1.0439957024e+00
1.6290753842e+00   1.8611635073e+00   1.0996438895e+00
1.6716605138e+00   1.8744128506e+00   1.1570026857e+00
1.7079139477e+00   1.8751928029e+00   1.2151818607e+00
1.7366413513e+00   1.8624004271e+00   1.2731478533e+00
1.7371425663e+00   1.8619905572e+00   1.2743242719e+00
1.7419524410e+00   1.8575586598e+00   1.2860549613e+00
1.7598976258e+00   1.8270789138e+00   1.3421863609e+00
1.7678888055e+00   1.7817549017e+00   1.3954568543e+00
1.7650609989e+00   1.7216946479e+00   1.4446330959e+00
1.7507650091e+00   1.6474782324e+00   1.4885420494e+00
1.7246130130e+00   1.5601533655e+00   1.5261371589e+00
1.6865120982e+00   1.4611962752e+00   1.5565597776e+00
1.6856083725e+00   1.4590615044e+00   1.5571027986e+00
1.6763009434e+00   1.4374912418e+00   1.5623519836e+00
1.6238920300e+00   1.3268098251e+00   1.5831683970e+00
1.5604459762e+00   1.2089156206e+00   1.5958026211e+00
1.4868470615e+00   1.0860596714e+00   1.6002527555e+00
1.4042236840e+00   9.6049076997e-01   1.5967879952e+00
1.4024471376e+00   9.5790736550e-01   1.5966376146e+00
1.3845064877e+00   9.3206429450e-01   1.5949639413e+00
1.2926382345e+00   8.0606494433e-01   1.5825166612e+00
1.1948469345e+00   6.8182297778e-01   1.5635463722e+00
1.0926466522e+00   5.6093489711e-01   1.5389210569e+00
1.0905191991e+00   5.5850492222e-01   1.5383644597e+00
1.0691805465e+00   5.3431470701e-01   1.5326916193e+00
9.6361731873e-01   4.1924945622e-01   1.5024231083e+00
8.5688506929e-01   3.0994979799e-01   1.4686163576e+00
7.5027220205e-01   2.0699603268e-01   1.4321994456e+00
7.4809936508e-01   2.0495742965e-01   1.4314329449e+00
7.2640225106e-01   1.8472543978e-01   1.4237294160e+00
6.2146828160e-01   8.9937314102e-02   1.3852841816e+00
5.1895104425e-01   1.8568580478e-03   1.3460335592e+00
4.1959983941e-01   -7.9676592859e-02   1.3066350500e+00
4.1760352092e-01   -8.1279119431e-02   1.3058310973e+00
3.9772775950e-01   -9.7160934131e-02   1.2978020881e+00
3.0302118650e-01   -1.7109438655e-01   1.2589687896e+00
2.1253489680e-01   -2.3928466933e-01   1.2210882915e+00
1.2649587378e-01   -3.0221196254e-01   1.1845052915e+00
4.5002188755e-02   -3.6038951754e-01   1.1494850023e+00
4.3381573254e-02   -3.6153449342e-01   1.1487859503e+00
2.7279947357e-02   -3.7288788370e-01   1.1418364007e+00
-4.8670625661e-02   -4.2596117276e-01   1.1089932504e+00
-1.2022391330e-01   -4.7544396082e-01   1.0780749791e+00
-1.8756902390e-01   -5.2183327414e-01   1.0491669674e+00
-2.5094729794e-01   -5.6559865492e-01   1.0223206238e+00
-3.1063764540e-01   -6.0717694218e-01   9.9756183508e-01
-3.6694375487e-01   -6.4696908781e-01   9.7489817540e-01
-3.6806321407e-01   -6.4776759935e-01   9.7445611532e-01
-3.7918772963e-01   -6.5572064415e-01   9.7008368529e-01
-4.3178102627e-01   -6.9381583376e-01   9.4997961126e-01
-4.8170212861e-01   -7.3088115677e-01   9.3195039830e-01
-5.2926859427e-01   -7.6719463491e-01   9.1597993070e-01
-5.7478746945e-01   -8.0299622277e-01   9.0205204153e-01
-6.1855043156e-01   -8.3848817572e-01   8.9015253510e-01
-6.6082985441e-01   -8.7383534256e-01   8.8027054871e-01
-7.0187560870e-01   -9.0916528177e-01   8.7239933509e-01
-7.4191243000e-01   -9.4456814080e-01   8.6653652934e-01
-7.8113770854e-01   -9.8009627264e-01   8.6268394687e-01
-7.8193340876e-01   -9.8082500686e-01   8.6262611285e-01
-7.8987592784e-01   -9.8811561769e-01   8.6209423240e-01
-8.2833297885e-01   -1.0238122018e+00   8.6071209640e-01
-8.6631025148e-01   -1.0596113668e+00   8.6135534229e-01
-9.0390485810e-01   -1.0954382063e+00   8.6403280246e-01
-9.4117957953e-01   -1.1311762001e+00   8.6875196355e-01
-9.7816148161e-01   -1.1666662528e+00   8.7551659114e-01
-1.0148406291e+00   -1.2017060059e+00   8.8432395636e-01
-1.0511689456e+00   -1.2360496230e+00   8.9516168459e-01
-1.0870592991e+00   -1.2694082760e+00   9.0800426427e-01
-1.1223849189e+00   -1.3014515857e+00   9.2280928043e-01
-1.1569792797e+00   -1.3318102786e+00   9.3951346984e-01
-1.1857811789e+00   -1.3560922047e+00   9.5521166462e-01
