X    Y
0.0000000000e+00   0.0000000000e+00
1.0000000000e-04   -2.0000287969e-05
1.1000000000e-03   -2.2003480731e-04
8.9163165608e-03   -1.7855312385e-03
1.6732633122e-02   -3.3544465576e-03
2.4548949682e-02   -4.9266925982e-03
3.2365266243e-02   -6.5021808463e-03
4.0181582804e-02   -8.0808224449e-03
4.7997899365e-02   -9.6625281991e-03
5.5814215926e-02   -1.1247208581e-02
6.3630532487e-02   -1.2834773735e-02
7.1446849047e-02   -1.4425133482e-02
7.9263165608e-02   -1.6018197325e-02
8.7079482169e-02   -1.7613874453e-02
9.4895798730e-02   -1.9212073749e-02
1.0271211529e-01   -2.0812703791e-02
1.1052843185e-01   -2.2415672858e-02
1.1834474841e-01   -2.4020888937e-02
1.2616106497e-01   -2.5628259726e-02
1.3397738153e-01   -2.7237692640e-02
1.4179369809e-01   -2.8849094813e-02
1.4961001466e-01   -3.0462373108e-02
1.5742633122e-01   -3.2077434118e-02
1.6524264778e-01   -3.3694184171e-02
1.7305896434e-01   -3.5312529337e-02
1.8087528090e-01   -3.6932375433e-02
1.8869159746e-01   -3.8553628023e-02
1.9650791402e-01   -4.0176192429e-02
2.0432423058e-01   -4.1799973733e-02
2.1214054714e-01   -4.3424876782e-02
2.1995686370e-01   -4.5050806193e-02
2.2777318026e-01   -4.6677666356e-02
2.3558949682e-01   -4.8305361443e-02
2.4340581339e-01   -4.9933795409e-02
2.5122212995e-01   -5.1562871998e-02
2.5903844651e-01   -5.3192494747e-02
2.6685476307e-01   -5.4822566995e-02
2.7467107963e-01   -5.6452991880e-02
2.8248739619e-01   -5.8083672350e-02
2.9030371275e-01   -5.9714511165e-02
2.9812002931e-01   -6.1345410905e-02
3.0593634587e-01   -6.2976273968e-02
3.1375266243e-01   -6.4607002581e-02
3.2156897899e-01   -6.6237498803e-02
3.2938529555e-01   -6.7867664528e-02
3.3720161212e-01   -6.9497401491e-02
3.4501792868e-01   -7.1126611271e-02
3.5283424524e-01   -7.2755195299e-02
3.6065056180e-01   -7.4383054860e-02
3.6846687836e-01   -7.6010091097e-02
3.7628319492e-01   -7.7636205017e-02
3.8409951148e-01   -7.9261297496e-02
3.9191582804e-01   -8.0885269282e-02
3.9973214460e-01   -8.2508021001e-02
4.0754846116e-01   -8.4129453159e-02
4.1536477772e-01   -8.5749466150e-02
4.2318109428e-01   -8.7367960258e-02
4.3099741085e-01   -8.8984835663e-02
4.3881372741e-01   -9.0599992443e-02
4.4663004397e-01   -9.2213330583e-02
4.5444636053e-01   -9.3824749973e-02
4.6226267709e-01   -9.5434150419e-02
4.7007899365e-01   -9.7041431644e-02
4.7789531021e-01   -9.8646493290e-02
4.8571162677e-01   -1.0024923493e-01
4.9352794333e-01   -1.0184955606e-01
5.0134425989e-01   -1.0344735613e-01
5.0916057645e-01   -1.0504253450e-01
5.1697689301e-01   -1.0663499050e-01
5.2479320957e-01   -1.0822462339e-01
5.3260952614e-01   -1.0981133239e-01
5.4042584270e-01   -1.1139501669e-01
5.4824215926e-01   -1.1297557541e-01
5.5605847582e-01   -1.1455290767e-01
5.6387479238e-01   -1.1612691254e-01
5.7169110894e-01   -1.1769748906e-01
5.7950742550e-01   -1.1926453627e-01
5.8732374206e-01   -1.2082795317e-01
5.9514005862e-01   -1.2238763876e-01
6.0295637518e-01   -1.2394349203e-01
6.1077269174e-01   -1.2549541196e-01
6.1858900830e-01   -1.2704329754e-01
6.2640532487e-01   -1.2858704776e-01
6.3422164143e-01   -1.3012656161e-01
6.4203795799e-01   -1.3166173811e-01
6.4985427455e-01   -1.3319247628e-01
6.5767059111e-01   -1.3471867518e-01
6.6548690767e-01   -1.3624023388e-01
6.7330322423e-01   -1.3775705149e-01
6.8111954079e-01   -1.3926902716e-01
6.8893585735e-01   -1.4077606006e-01
6.9675217391e-01   -1.4227804941e-01
7.0456849047e-01   -1.4377489450e-01
7.1238480703e-01   -1.4526649465e-01
7.2020112360e-01   -1.4675274923e-01
7.2801744016e-01   -1.4823355770e-01
7.3583375672e-01   -1.4970881955e-01
7.4365007328e-01   -1.5117843438e-01
7.5146638984e-01   -1.5264230182e-01
7.5928270640e-01   -1.5410032162e-01
7.6709902296e-01   -1.5555239358e-01
7.7491533952e-01   -1.5699841761e-01
7.8273165608e-01   -1.5843829371e-01
7.9054797264e-01   -1.5987192196e-01
7.9836428920e-01   -1.6129920255e-01
8.0618060576e-01   -1.6272003580e-01
8.1399692233e-01   -1.6413432209e-01
8.2181323889e-01   -1.6554196196e-01
8.2962955545e-01   -1.6694285605e-01
8.3744587201e-01   -1.6833690513e-01
8.4526218857e-01   -1.6972401009e-01
8.5307850513e-01   -1.7110407196e-01
8.6089482169e-01   -1.7247699190e-01
8.6871113825e-01   -1.7384267123e-01
8.7652745481e-01   -1.7520101141e-01
8.8434377137e-01   -1.7655191403e-01
8.9216008793e-01   -1.7789528088e-01
8.9997640449e-01   -1.7923101388e-01
9.0779272106e-01   -1.8055901511e-01
9.1560903762e-01   -1.8187918686e-01
9.2342535418e-01   -1.8319143157e-01
9.3124167074e-01   -1.8449565185e-01
9.3905798730e-01   -1.8579175052e-01
9.4687430386e-01   -1.8707963059e-01
9.5469062042e-01   -1.8835919524e-01
9.6250693698e-01   -1.8963034790e-01
9.7032325354e-01   -1.9089299215e-01
9.7813957010e-01   -1.9214703183e-01
9.8595588666e-01   -1.9339237096e-01
9.9377220322e-01   -1.9462891382e-01
1.0015885198e+00   -1.9585656487e-01
1.0094048363e+00   -1.9707522885e-01
1.0172211529e+00   -1.9828481072e-01
1.0250374695e+00   -1.9948521566e-01
1.0328537860e+00   -2.0067634915e-01
1.0406701026e+00   -2.0185811687e-01
1.0484864191e+00   -2.0303042479e-01
1.0563027357e+00   -2.0419317915e-01
1.0641190523e+00   -2.0534628644e-01
1.0719353688e+00   -2.0648965345e-01
1.0797516854e+00   -2.0762318724e-01
1.0875680020e+00   -2.0874679515e-01
1.0953843185e+00   -2.0986038483e-01
1.1032006351e+00   -2.1096386422e-01
1.1110169516e+00   -2.1205714157e-01
1.1188332682e+00   -2.1314012544e-01
1.1266495848e+00   -2.1421272471e-01
1.1344659013e+00   -2.1527484857e-01
1.1422822179e+00   -2.1632640657e-01
1.1500985344e+00   -2.1736730856e-01
1.1579148510e+00   -2.1839746476e-01
1.1657311676e+00   -2.1941678572e-01
1.1735474841e+00   -2.2042518235e-01
1.1813638007e+00   -2.2142256592e-01
1.1891801172e+00   -2.2240884808e-01
1.1969964338e+00   -2.2338394083e-01
1.2048127504e+00   -2.2434775656e-01
1.2126290669e+00   -2.2530020806e-01
1.2204453835e+00   -2.2624120849e-01
1.2282617000e+00   -2.2717067142e-01
1.2360780166e+00   -2.2808851083e-01
1.2438943332e+00   -2.2899464110e-01
1.2517106497e+00   -2.2988897706e-01
1.2595269663e+00   -2.3077143392e-01
1.2673432829e+00   -2.3164192736e-01
1.2751595994e+00   -2.3250037348e-01
1.2829759160e+00   -2.3334668885e-01
1.2907922325e+00   -2.3418079046e-01
1.2986085491e+00   -2.3500259579e-01
1.3064248657e+00   -2.3581202277e-01
1.3142411822e+00   -2.3660898982e-01
1.3220574988e+00   -2.3739341584e-01
1.3298738153e+00   -2.3816522020e-01
1.3376901319e+00   -2.3892432279e-01
1.3455064485e+00   -2.3967064400e-01
1.3533227650e+00   -2.4040410471e-01
1.3611390816e+00   -2.4112462636e-01
1.3689553981e+00   -2.4183213087e-01
1.3767717147e+00   -2.4252654073e-01
1.3845880313e+00   -2.4320777896e-01
1.3924043478e+00   -2.4387576911e-01
1.4002206644e+00   -2.4453043532e-01
1.4080369809e+00   -2.4517170227e-01
1.4158532975e+00   -2.4579949523e-01
1.4236696141e+00   -2.4641374002e-01
1.4314859306e+00   -2.4701436309e-01
1.4393022472e+00   -2.4760129144e-01
1.4471185638e+00   -2.4817445270e-01
1.4549348803e+00   -2.4873377512e-01
1.4627511969e+00   -2.4927918754e-01
1.4705675134e+00   -2.4981061946e-01
1.4783838300e+00   -2.5032800097e-01
1.4862001466e+00   -2.5083126285e-01
1.4940164631e+00   -2.5132033651e-01
1.5018327797e+00   -2.5179515401e-01
1.5096490962e+00   -2.5225564809e-01
1.5174654128e+00   -2.5270175216e-01
1.5252817294e+00   -2.5313340032e-01
1.5330980459e+00   -2.5355052735e-01
1.5409143625e+00   -2.5395306875e-01
1.5487306790e+00   -2.5434096069e-01
1.5565469956e+00   -2.5471414010e-01
1.5643633122e+00   -2.5507254461e-01
1.5721796287e+00   -2.5541611258e-01
1.5799959453e+00   -2.5574478313e-01
1.5878122618e+00   -2.5605849609e-01
1.5956285784e+00   -2.5635719210e-01
1.6034448950e+00   -2.5664081253e-01
1.6112612115e+00   -2.5690929953e-01
1.6190775281e+00   -2.5716259604e-01
1.6268938447e+00   -2.5740064578e-01
1.6347101612e+00   -2.5762339328e-01
1.6348101612e+00   -2.5762614368e-01
1.6358101612e+00   -2.5765350939e-01
1.6436264778e+00   -2.5785873444e-01
1.6514427943e+00   -2.5804854120e-01
1.6592591109e+00   -2.5822287678e-01
1.6670754275e+00   -2.5838168908e-01
1.6748917440e+00   -2.5852492688e-01
1.6827080606e+00   -2.5865253976e-01
1.6905243771e+00   -2.5876447822e-01
1.6983406937e+00   -2.5886069358e-01
1.7061570103e+00   -2.5894113804e-01
1.7139733268e+00   -2.5900576470e-01
1.7217896434e+00   -2.5905452754e-01
1.7296059599e+00   -2.5908738144e-01
1.7374222765e+00   -2.5910428217e-01
1.7452385931e+00   -2.5910518646e-01
1.7530549096e+00   -2.5909005191e-01
1.7608712262e+00   -2.5905883707e-01
1.7686875427e+00   -2.5901150145e-01
1.7765038593e+00   -2.5894800548e-01
1.7843201759e+00   -2.5886831055e-01
1.7921364924e+00   -2.5877237903e-01
1.7999528090e+00   -2.5866017422e-01
1.8077691255e+00   -2.5853166044e-01
1.8155854421e+00   -2.5838680298e-01
1.8234017587e+00   -2.5822556811e-01
1.8312180752e+00   -2.5804792313e-01
1.8390343918e+00   -2.5785383630e-01
1.8468507084e+00   -2.5764327695e-01
1.8546670249e+00   -2.5741621541e-01
1.8624833415e+00   -2.5717262302e-01
1.8702996580e+00   -2.5691247218e-01
1.8781159746e+00   -2.5663573634e-01
1.8859322912e+00   -2.5634238998e-01
1.8937486077e+00   -2.5603240866e-01
1.9015649243e+00   -2.5570576899e-01
1.9093812408e+00   -2.5536244865e-01
1.9171975574e+00   -2.5500242642e-01
1.9250138740e+00   -2.5462568215e-01
1.9328301905e+00   -2.5423219678e-01
1.9406465071e+00   -2.5382195236e-01
1.9484628236e+00   -2.5339493203e-01
1.9562791402e+00   -2.5295112005e-01
1.9640954568e+00   -2.5249050180e-01
1.9719117733e+00   -2.5201306379e-01
1.9797280899e+00   -2.5151879364e-01
1.9875444064e+00   -2.5100768012e-01
1.9953607230e+00   -2.5047971314e-01
2.0031770396e+00   -2.4993488376e-01
2.0109933561e+00   -2.4937318417e-01
2.0188096727e+00   -2.4879460774e-01
2.0266259893e+00   -2.4819914901e-01
2.0344423058e+00   -2.4758680367e-01
2.0422586224e+00   -2.4695756858e-01
2.0500749389e+00   -2.4631144180e-01
2.0578912555e+00   -2.4564842255e-01
2.0657075721e+00   -2.4496851126e-01
2.0735238886e+00   -2.4427170953e-01
2.0813402052e+00   -2.4355802018e-01
2.0891565217e+00   -2.4282744720e-01
2.0969728383e+00   -2.4207999581e-01
2.1047891549e+00   -2.4131567244e-01
2.1126054714e+00   -2.4053448472e-01
2.1204217880e+00   -2.3973644149e-01
2.1282381045e+00   -2.3892155283e-01
2.1360544211e+00   -2.3808983002e-01
2.1438707377e+00   -2.3724128560e-01
2.1516870542e+00   -2.3637593331e-01
2.1595033708e+00   -2.3549378813e-01
2.1673196873e+00   -2.3459486627e-01
2.1751360039e+00   -2.3367918519e-01
2.1829523205e+00   -2.3274676359e-01
2.1907686370e+00   -2.3179762141e-01
2.1985849536e+00   -2.3083177981e-01
2.2064012702e+00   -2.2984926124e-01
2.2142175867e+00   -2.2885008936e-01
2.2220339033e+00   -2.2783428910e-01
2.2298502198e+00   -2.2680188664e-01
2.2376665364e+00   -2.2575290941e-01
2.2454828530e+00   -2.2468738609e-01
2.2532991695e+00   -2.2360534662e-01
2.2611154861e+00   -2.2250682220e-01
2.2689318026e+00   -2.2139184526e-01
2.2767481192e+00   -2.2026044951e-01
2.2845644358e+00   -2.1911266993e-01
2.2923807523e+00   -2.1794854272e-01
2.3001970689e+00   -2.1676810535e-01
2.3080133854e+00   -2.1557139657e-01
2.3158297020e+00   -2.1435845635e-01
2.3236460186e+00   -2.1312932593e-01
2.3314623351e+00   -2.1188404782e-01
2.3392786517e+00   -2.1062266576e-01
2.3470949682e+00   -2.0934522475e-01
2.3549112848e+00   -2.0805177103e-01
2.3627276014e+00   -2.0674235212e-01
2.3705439179e+00   -2.0541701676e-01
2.3783602345e+00   -2.0407581493e-01
2.3861765511e+00   -2.0271879787e-01
2.3939928676e+00   -2.0134601807e-01
2.4018091842e+00   -1.9995752923e-01
2.4096255007e+00   -1.9855338631e-01
2.4174418173e+00   -1.9713364548e-01
2.4252581339e+00   -1.9569836417e-01
2.4330744504e+00   -1.9424760101e-01
2.4408907670e+00   -1.9278141586e-01
2.4487070835e+00   -1.9129986981e-01
2.4565234001e+00   -1.8980302516e-01
2.4643397167e+00   -1.8829094542e-01
2.4721560332e+00   -1.8676369531e-01
2.4799723498e+00   -1.8522134076e-01
2.4877886663e+00   -1.8366394888e-01
2.4956049829e+00   -1.8209158800e-01
2.5034212995e+00   -1.8050432763e-01
2.5112376160e+00   -1.7890223845e-01
2.5190539326e+00   -1.7728539236e-01
2.5268702491e+00   -1.7565386239e-01
2.5346865657e+00   -1.7400772276e-01
2.5425028823e+00   -1.7234704886e-01
2.5503191988e+00   -1.7067191724e-01
2.5581355154e+00   -1.6898240558e-01
2.5659518319e+00   -1.6727859273e-01
2.5737681485e+00   -1.6556055866e-01
2.5815844651e+00   -1.6382838450e-01
2.5894007816e+00   -1.6208215248e-01
2.5972170982e+00   -1.6032194597e-01
2.6050334148e+00   -1.5854784944e-01
2.6128497313e+00   -1.5675994849e-01
2.6206660479e+00   -1.5495832978e-01
2.6284823644e+00   -1.5314308110e-01
2.6362986810e+00   -1.5131429131e-01
2.6441149976e+00   -1.4947205035e-01
2.6519313141e+00   -1.4761644922e-01
2.6597476307e+00   -1.4574758000e-01
2.6675639472e+00   -1.4386553581e-01
2.6753802638e+00   -1.4197041082e-01
2.6831965804e+00   -1.4006230025e-01
2.6910128969e+00   -1.3814130033e-01
2.6988292135e+00   -1.3620750832e-01
2.7066455300e+00   -1.3426102250e-01
2.7144618466e+00   -1.3230194215e-01
2.7222781632e+00   -1.3033036753e-01
2.7300944797e+00   -1.2834639992e-01
2.7379107963e+00   -1.2635014153e-01
2.7457271128e+00   -1.2434169560e-01
2.7535434294e+00   -1.2232116627e-01
2.7613597460e+00   -1.2028865866e-01
2.7691760625e+00   -1.1824427884e-01
2.7769923791e+00   -1.1618813379e-01
2.7848086957e+00   -1.1412033143e-01
2.7926250122e+00   -1.1204098057e-01
2.8004413288e+00   -1.0995019094e-01
2.8082576453e+00   -1.0784807316e-01
2.8160739619e+00   -1.0573473874e-01
2.8238902785e+00   -1.0361030004e-01
2.8317065950e+00   -1.0147487032e-01
2.8395229116e+00   -9.9328563653e-02
2.8473392281e+00   -9.7171494985e-02
2.8551555447e+00   -9.5003780083e-02
2.8629718613e+00   -9.2825535539e-02
2.8707881778e+00   -9.0636878757e-02
2.8786044944e+00   -8.8437927946e-02
2.8864208109e+00   -8.6228802105e-02
2.8942371275e+00   -8.4009621015e-02
2.9020534441e+00   -8.1780505230e-02
2.9098697606e+00   -7.9541576065e-02
2.9176860772e+00   -7.7292955583e-02
2.9255023937e+00   -7.5034766591e-02
2.9333187103e+00   -7.2767132623e-02
2.9411350269e+00   -7.0490177933e-02
2.9489513434e+00   -6.8204027485e-02
2.9567676600e+00   -6.5908806940e-02
2.9645839766e+00   -6.3604642647e-02
2.9724002931e+00   -6.1291661633e-02
2.9802166097e+00   -5.8969991589e-02
2.9880329262e+00   -5.6639760866e-02
2.9958492428e+00   -5.4301098458e-02
3.0036655594e+00   -5.1954133995e-02
3.0114818759e+00   -4.9598997731e-02
3.0192981925e+00   -4.7235820537e-02
3.0271145090e+00   -4.4864733883e-02
3.0349308256e+00   -4.2485869837e-02
3.0427471422e+00   -4.0099361047e-02
3.0505634587e+00   -3.7705340734e-02
3.0583797753e+00   -3.5303942682e-02
3.0661960918e+00   -3.2895301227e-02
3.0740124084e+00   -3.0479551246e-02
3.0818287250e+00   -2.8056828148e-02
3.0896450415e+00   -2.5627267862e-02
3.0974613581e+00   -2.3191006831e-02
3.1052776746e+00   -2.0748181997e-02
3.1130939912e+00   -1.8298930792e-02
3.1209103078e+00   -1.5843391133e-02
3.1287266243e+00   -1.3381701404e-02
3.1365429409e+00   -1.0914000454e-02
3.1443592574e+00   -8.4404275808e-03
3.1521755740e+00   -5.9611225262e-03
3.1599918906e+00   -3.4762254632e-03
3.1678082071e+00   -9.8587698819e-04
3.1756245237e+00   1.5097818895e-03
3.1834408403e+00   4.0106097564e-03
3.1835408403e+00   4.0426375953e-03
3.1845408403e+00   4.3629611763e-03
3.1923571568e+00   6.8695123011e-03
3.2001734734e+00   9.3809283724e-03
3.2079897899e+00   1.1897066768e-02
3.2158061065e+00   1.4417784502e-02
3.2236224231e+00   1.6942938227e-02
3.2314387396e+00   1.9472384253e-02
3.2392550562e+00   2.2005978547e-02
3.2470713727e+00   2.4543576747e-02
3.2548876893e+00   2.7085034168e-02
3.2627040059e+00   2.9630205812e-02
3.2705203224e+00   3.2178946378e-02
3.2783366390e+00   3.4731110264e-02
3.2861529555e+00   3.7286551582e-02
3.2939692721e+00   3.9845124164e-02
3.3017855887e+00   4.2406681567e-02
3.3096019052e+00   4.4971077085e-02
3.3174182218e+00   4.7538163756e-02
3.3252345383e+00   5.0107794365e-02
3.3330508549e+00   5.2679821460e-02
3.3408671715e+00   5.5254097350e-02
3.3486834880e+00   5.7830474120e-02
3.3564998046e+00   6.0408803634e-02
3.3643161212e+00   6.2988937544e-02
3.3721324377e+00   6.5570727295e-02
3.3799487543e+00   6.8154024133e-02
3.3877650708e+00   7.0738679113e-02
3.3955813874e+00   7.3324543103e-02
3.4033977040e+00   7.5911466794e-02
3.4112140205e+00   7.8499300701e-02
3.4190303371e+00   8.1087895176e-02
3.4268466536e+00   8.3677100408e-02
3.4346629702e+00   8.6266766432e-02
3.4424792868e+00   8.8856743137e-02
3.4502956033e+00   9.1446880267e-02
3.4581119199e+00   9.4037027429e-02
3.4659282364e+00   9.6627034101e-02
3.4737445530e+00   9.9216749632e-02
3.4815608696e+00   1.0180602325e-01
3.4893771861e+00   1.0439470408e-01
3.4971935027e+00   1.0698264111e-01
3.5050098192e+00   1.0956968325e-01
3.5128261358e+00   1.1215567930e-01
3.5206424524e+00   1.1474047796e-01
3.5284587689e+00   1.1732392784e-01
3.5362750855e+00   1.1990587747e-01
3.5440914021e+00   1.2248617530e-01
3.5519077186e+00   1.2506466968e-01
3.5597240352e+00   1.2764120891e-01
3.5675403517e+00   1.3021564121e-01
3.5753566683e+00   1.3278781475e-01
3.5831729849e+00   1.3535757762e-01
3.5909893014e+00   1.3792477785e-01
3.5988056180e+00   1.4048926344e-01
3.6066219345e+00   1.4305088232e-01
3.6144382511e+00   1.4560948238e-01
3.6222545677e+00   1.4816491146e-01
3.6300708842e+00   1.5071701737e-01
3.6378872008e+00   1.5326564788e-01
3.6457035173e+00   1.5581065072e-01
3.6535198339e+00   1.5835187359e-01
3.6613361505e+00   1.6088916418e-01
3.6691524670e+00   1.6342237013e-01
3.6769687836e+00   1.6595133908e-01
3.6847851001e+00   1.6847591864e-01
3.6926014167e+00   1.7099595640e-01
3.7004177333e+00   1.7351129995e-01
3.7082340498e+00   1.7602179686e-01
3.7160503664e+00   1.7852729468e-01
3.7238666830e+00   1.8102764098e-01
3.7316829995e+00   1.8352268331e-01
3.7394993161e+00   1.8601226922e-01
3.7473156326e+00   1.8849624626e-01
3.7551319492e+00   1.9097446198e-01
3.7629482658e+00   1.9344676395e-01
3.7707645823e+00   1.9591299973e-01
3.7785808989e+00   1.9837301689e-01
3.7863972154e+00   2.0082666304e-01
3.7942135320e+00   2.0327378576e-01
3.8020298486e+00   2.0571423268e-01
3.8098461651e+00   2.0814785142e-01
3.8176624817e+00   2.1057448965e-01
3.8254787982e+00   2.1299399504e-01
3.8332951148e+00   2.1540621527e-01
3.8411114314e+00   2.1781099809e-01
3.8489277479e+00   2.2020819122e-01
3.8567440645e+00   2.2259764247e-01
3.8645603810e+00   2.2497919962e-01
3.8723766976e+00   2.2735271053e-01
3.8801930142e+00   2.2971802307e-01
3.8880093307e+00   2.3207498514e-01
3.8958256473e+00   2.3442344471e-01
3.9036419638e+00   2.3676324975e-01
3.9114582804e+00   2.3909424831e-01
3.9192745970e+00   2.4141628845e-01
3.9270909135e+00   2.4372921830e-01
3.9349072301e+00   2.4603288603e-01
3.9427235467e+00   2.4832713985e-01
3.9505398632e+00   2.5061182804e-01
3.9583561798e+00   2.5288679892e-01
3.9661724963e+00   2.5515190087e-01
3.9739888129e+00   2.5740698234e-01
3.9818051295e+00   2.5965189182e-01
3.9896214460e+00   2.6188647789e-01
3.9974377626e+00   2.6411058916e-01
4.0052540791e+00   2.6632407434e-01
4.0130703957e+00   2.6852678220e-01
4.0208867123e+00   2.7071856158e-01
4.0287030288e+00   2.7289926140e-01
4.0365193454e+00   2.7506873066e-01
4.0443356619e+00   2.7722681843e-01
4.0521519785e+00   2.7937337389e-01
4.0599682951e+00   2.8150824628e-01
4.0677846116e+00   2.8363128496e-01
4.0756009282e+00   2.8574233935e-01
4.0834172447e+00   2.8784125900e-01
4.0912335613e+00   2.8992789355e-01
4.0990498779e+00   2.9200209273e-01
4.1068661944e+00   2.9406370640e-01
4.1146825110e+00   2.9611258453e-01
4.1224988276e+00   2.9814857720e-01
4.1303151441e+00   3.0017153461e-01
4.1381314607e+00   3.0218130709e-01
4.1459477772e+00   3.0417774510e-01
4.1537640938e+00   3.0616069923e-01
4.1538640938e+00   3.0618598065e-01
4.1548640938e+00   3.0643867197e-01
4.1626804104e+00   3.0840606238e-01
4.1704967269e+00   3.1035964955e-01
4.1783130435e+00   3.1229928452e-01
4.1861293600e+00   3.1422481851e-01
4.1939456766e+00   3.1613610286e-01
4.2017619932e+00   3.1803298912e-01
4.2095783097e+00   3.1991532898e-01
4.2173946263e+00   3.2178297433e-01
4.2252109428e+00   3.2363577722e-01
4.2330272594e+00   3.2547358991e-01
4.2408435760e+00   3.2729626485e-01
4.2486598925e+00   3.2910365470e-01
4.2564762091e+00   3.3089561231e-01
4.2642925256e+00   3.3267199078e-01
4.2721088422e+00   3.3443264339e-01
4.2799251588e+00   3.3617742371e-01
4.2877414753e+00   3.3790618549e-01
4.2955577919e+00   3.3961878277e-01
4.3033741085e+00   3.4131506983e-01
4.3111904250e+00   3.4299490121e-01
4.3190067416e+00   3.4465813173e-01
4.3268230581e+00   3.4630461649e-01
4.3346393747e+00   3.4793421088e-01
4.3424556913e+00   3.4954677058e-01
4.3502720078e+00   3.5114215159e-01
4.3580883244e+00   3.5272021023e-01
4.3659046409e+00   3.5428080314e-01
4.3737209575e+00   3.5582378729e-01
4.3815372741e+00   3.5734902003e-01
4.3893535906e+00   3.5885635903e-01
4.3971699072e+00   3.6034566235e-01
4.4049862237e+00   3.6181678844e-01
4.4128025403e+00   3.6326959612e-01
4.4206188569e+00   3.6470394463e-01
4.4284351734e+00   3.6611969361e-01
4.4362514900e+00   3.6751670315e-01
4.4440678065e+00   3.6889483374e-01
4.4518841231e+00   3.7025394637e-01
4.4597004397e+00   3.7159390247e-01
4.4675167562e+00   3.7291456393e-01
4.4753330728e+00   3.7421579316e-01
4.4831493894e+00   3.7549745307e-01
4.4909657059e+00   3.7675940706e-01
4.4987820225e+00   3.7800151909e-01
4.5065983390e+00   3.7922365366e-01
4.5144146556e+00   3.8042567581e-01
4.5222309722e+00   3.8160745119e-01
4.5300472887e+00   3.8276884600e-01
4.5378636053e+00   3.8390972708e-01
4.5456799218e+00   3.8502996186e-01
4.5534962384e+00   3.8612941841e-01
4.5613125550e+00   3.8720796548e-01
4.5691288715e+00   3.8826547244e-01
4.5769451881e+00   3.8930180938e-01
4.5847615046e+00   3.9031684708e-01
4.5925778212e+00   3.9131045702e-01
4.6003941378e+00   3.9228251144e-01
4.6082104543e+00   3.9323288330e-01
4.6160267709e+00   3.9416144636e-01
4.6238430874e+00   3.9506807513e-01
4.6316594040e+00   3.9595264495e-01
4.6394757206e+00   3.9681503198e-01
4.6472920371e+00   3.9765511319e-01
4.6551083537e+00   3.9847276644e-01
4.6629246702e+00   3.9926787046e-01
4.6707409868e+00   4.0004030485e-01
4.6785573034e+00   4.0078995015e-01
4.6863736199e+00   4.0151668783e-01
4.6941899365e+00   4.0222040030e-01
4.7020062531e+00   4.0290097096e-01
4.7098225696e+00   4.0355828417e-01
4.7176388862e+00   4.0419222533e-01
4.7254552027e+00   4.0480268087e-01
4.7332715193e+00   4.0538953825e-01
4.7410878359e+00   4.0595268602e-01
4.7489041524e+00   4.0649201382e-01
4.7567204690e+00   4.0700741240e-01
4.7645367855e+00   4.0749877364e-01
4.7723531021e+00   4.0796599058e-01
4.7801694187e+00   4.0840895743e-01
4.7879857352e+00   4.0882756961e-01
4.7958020518e+00   4.0922172374e-01
4.8036183683e+00   4.0959131769e-01
4.8114346849e+00   4.0993625059e-01
4.8192510015e+00   4.1025642284e-01
4.8270673180e+00   4.1055173617e-01
4.8348836346e+00   4.1082209360e-01
4.8426999511e+00   4.1106739953e-01
4.8505162677e+00   4.1128755972e-01
4.8583325843e+00   4.1148248130e-01
4.8661489008e+00   4.1165207283e-01
4.8739652174e+00   4.1179624432e-01
4.8817815340e+00   4.1191490720e-01
4.8895978505e+00   4.1200797441e-01
4.8974141671e+00   4.1207536038e-01
4.9052304836e+00   4.1211698106e-01
4.9130468002e+00   4.1213275394e-01
4.9208631168e+00   4.1212259809e-01
4.9286794333e+00   4.1208643415e-01
4.9364957499e+00   4.1202418440e-01
4.9443120664e+00   4.1193577272e-01
4.9521283830e+00   4.1182112466e-01
4.9522283830e+00   4.1181948759e-01
4.9532283830e+00   4.1180287996e-01
4.9610446996e+00   4.1165821448e-01
4.9688610161e+00   4.1148715890e-01
4.9766773327e+00   4.1128964410e-01
4.9844936492e+00   4.1106560271e-01
4.9923099658e+00   4.1081496912e-01
5.0001262824e+00   4.1053767951e-01
5.0079425989e+00   4.1023367186e-01
5.0157589155e+00   4.0990288599e-01
5.0235752320e+00   4.0954526356e-01
5.0313915486e+00   4.0916074811e-01
5.0392078652e+00   4.0874928505e-01
5.0470241817e+00   4.0831082172e-01
5.0548404983e+00   4.0784530738e-01
5.0626568149e+00   4.0735269326e-01
5.0704731314e+00   4.0683293253e-01
5.0782894480e+00   4.0628598038e-01
5.0861057645e+00   4.0571179399e-01
5.0939220811e+00   4.0511033257e-01
5.1017383977e+00   4.0448155740e-01
5.1095547142e+00   4.0382543180e-01
5.1173710308e+00   4.0314192118e-01
5.1251873473e+00   4.0243099307e-01
5.1330036639e+00   4.0169261709e-01
5.1408199805e+00   4.0092676504e-01
5.1486362970e+00   4.0013341083e-01
5.1564526136e+00   3.9931253057e-01
5.1642689301e+00   3.9846410256e-01
5.1720852467e+00   3.9758810729e-01
5.1799015633e+00   3.9668452748e-01
5.1877178798e+00   3.9575334809e-01
5.1955341964e+00   3.9479455631e-01
5.2033505129e+00   3.9380814163e-01
5.2111668295e+00   3.9279409580e-01
5.2189831461e+00   3.9175241285e-01
5.2267994626e+00   3.9068308916e-01
5.2346157792e+00   3.8958612338e-01
5.2424320957e+00   3.8846151655e-01
5.2502484123e+00   3.8730927200e-01
5.2580647289e+00   3.8612939546e-01
5.2658810454e+00   3.8492189502e-01
5.2736973620e+00   3.8368678113e-01
5.2815136786e+00   3.8242406666e-01
5.2893299951e+00   3.8113376687e-01
5.2971463117e+00   3.7981589942e-01
5.3049626282e+00   3.7847048440e-01
5.3127789448e+00   3.7709754433e-01
5.3205952614e+00   3.7569710417e-01
5.3284115779e+00   3.7426919130e-01
5.3362278945e+00   3.7281383560e-01
5.3440442110e+00   3.7133106935e-01
5.3518605276e+00   3.6982092733e-01
5.3596768442e+00   3.6828344678e-01
5.3674931607e+00   3.6671866742e-01
5.3753094773e+00   3.6512663144e-01
5.3831257938e+00   3.6350738351e-01
5.3909421104e+00   3.6186097080e-01
5.3987584270e+00   3.6018744295e-01
5.4065747435e+00   3.5848685211e-01
5.4143910601e+00   3.5675925290e-01
5.4222073766e+00   3.5500470246e-01
5.4300236932e+00   3.5322326040e-01
5.4378400098e+00   3.5141498884e-01
5.4456563263e+00   3.4957995239e-01
5.4534726429e+00   3.4771821813e-01
5.4612889595e+00   3.4582985565e-01
5.4691052760e+00   3.4391493704e-01
5.4769215926e+00   3.4197353685e-01
5.4847379091e+00   3.4000573212e-01
5.4925542257e+00   3.3801160237e-01
5.5003705423e+00   3.3599122957e-01
5.5081868588e+00   3.3394469819e-01
5.5160031754e+00   3.3187209513e-01
5.5238194919e+00   3.2977350977e-01
5.5316358085e+00   3.2764903392e-01
5.5394521251e+00   3.2549876182e-01
5.5472684416e+00   3.2332279016e-01
5.5550847582e+00   3.2112121805e-01
5.5629010747e+00   3.1889414698e-01
5.5707173913e+00   3.1664168088e-01
5.5785337079e+00   3.1436392606e-01
5.5863500244e+00   3.1206099119e-01
5.5941663410e+00   3.0973298734e-01
5.6019826575e+00   3.0738002790e-01
5.6097989741e+00   3.0500222863e-01
5.6176152907e+00   3.0259970760e-01
5.6254316072e+00   3.0017258520e-01
5.6332479238e+00   2.9772098413e-01
5.6410642404e+00   2.9524502936e-01
5.6488805569e+00   2.9274484813e-01
5.6566968735e+00   2.9022056995e-01
5.6645131900e+00   2.8767232653e-01
5.6723295066e+00   2.8510025183e-01
5.6801458232e+00   2.8250448199e-01
5.6879621397e+00   2.7988515536e-01
5.6957784563e+00   2.7724241241e-01
5.7035947728e+00   2.7457639579e-01
5.7114110894e+00   2.7188725025e-01
5.7192274060e+00   2.6917512265e-01
5.7270437225e+00   2.6644016194e-01
5.7348600391e+00   2.6368251913e-01
5.7349600391e+00   2.6364709225e-01
5.7359600391e+00   2.6329262070e-01
5.7437763556e+00   2.6050929068e-01
5.7515926722e+00   2.5770360864e-01
5.7594089888e+00   2.5487573191e-01
5.7672253053e+00   2.5202581979e-01
5.7750416219e+00   2.4915403353e-01
5.7828579384e+00   2.4626053630e-01
5.7906742550e+00   2.4334549314e-01
5.7984905716e+00   2.4040907100e-01
5.8063068881e+00   2.3745143866e-01
5.8141232047e+00   2.3447276671e-01
5.8219395213e+00   2.3147322754e-01
5.8297558378e+00   2.2845299533e-01
5.8375721544e+00   2.2541224597e-01
5.8453884709e+00   2.2235115709e-01
5.8532047875e+00   2.1926990799e-01
5.8610211041e+00   2.1616867965e-01
5.8688374206e+00   2.1304765467e-01
5.8766537372e+00   2.0990701727e-01
5.8844700537e+00   2.0674695322e-01
5.8922863703e+00   2.0356764987e-01
5.9001026869e+00   2.0036929609e-01
5.9079190034e+00   1.9715208221e-01
5.9157353200e+00   1.9391620005e-01
5.9235516365e+00   1.9066184287e-01
5.9313679531e+00   1.8738920532e-01
5.9391842697e+00   1.8409848342e-01
5.9470005862e+00   1.8078987455e-01
5.9548169028e+00   1.7746357741e-01
5.9626332193e+00   1.7411979197e-01
5.9704495359e+00   1.7075871946e-01
5.9782658525e+00   1.6738056235e-01
5.9860821690e+00   1.6398552429e-01
5.9938984856e+00   1.6057381012e-01
6.0017148021e+00   1.5714562578e-01
6.0095311187e+00   1.5370117836e-01
6.0173474353e+00   1.5024067598e-01
6.0251637518e+00   1.4676432785e-01
6.0329800684e+00   1.4327234416e-01
6.0407963850e+00   1.3976493610e-01
6.0486127015e+00   1.3624231583e-01
6.0564290181e+00   1.3270469642e-01
6.0642453346e+00   1.2915229182e-01
6.0720616512e+00   1.2558531689e-01
6.0798779678e+00   1.2200398728e-01
6.0876942843e+00   1.1840851948e-01
6.0955106009e+00   1.1479913073e-01
6.1033269174e+00   1.1117603904e-01
6.1111432340e+00   1.0753946313e-01
6.1189595506e+00   1.0388962241e-01
6.1267758671e+00   1.0022673695e-01
6.1345921837e+00   9.6551027451e-02
6.1424085002e+00   9.2862715217e-02
6.1502248168e+00   8.9162022130e-02
6.1580411334e+00   8.5449170618e-02
6.1658574499e+00   8.1724383629e-02
6.1736737665e+00   7.7987884603e-02
6.1814900830e+00   7.4239897444e-02
6.1893063996e+00   7.0480646494e-02
6.1971227162e+00   6.6710356507e-02
6.2049390327e+00   6.2929252621e-02
6.2127553493e+00   5.9137560333e-02
6.2205716659e+00   5.5335505471e-02
6.2283879824e+00   5.1523314174e-02
6.2362042990e+00   4.7701212861e-02
6.2440206155e+00   4.3869428209e-02
6.2518369321e+00   4.0028187128e-02
6.2596532487e+00   3.6177716740e-02
6.2674695652e+00   3.2318244349e-02
6.2752858818e+00   2.8449997424e-02
6.2831021983e+00   2.4573203572e-02
6.2909185149e+00   2.0688090520e-02
6.2987348315e+00   1.6794886088e-02
6.3065511480e+00   1.2893818171e-02
6.3143674646e+00   8.9851147153e-03
6.3221837811e+00   5.0690037001e-03
6.3300000977e+00   1.1457131163e-03
6.3378164143e+00   -2.7845290535e-03
6.3456327308e+00   -6.7214948541e-03
6.3534490474e+00   -1.0664956377e-02
6.3612653639e+00   -1.4614685777e-02
6.3690816805e+00   -1.8570455294e-02
6.3768979971e+00   -2.2532037266e-02
6.3847143136e+00   -2.6499204148e-02
6.3925306302e+00   -3.0471728530e-02
6.4003469468e+00   -3.4449383151e-02
6.4081632633e+00   -3.8431940912e-02
6.4159795799e+00   -4.2419174899e-02
6.4160795799e+00   -4.2470215884e-02
6.4170795799e+00   -4.2980665686e-02
6.4248958964e+00   -4.6972957172e-02
6.4327122130e+00   -5.0969439785e-02
6.4405285296e+00   -5.4969887266e-02
6.4483448461e+00   -5.8974073590e-02
6.4561611627e+00   -6.2981772982e-02
6.4639774792e+00   -6.6992759925e-02
6.4717937958e+00   -7.1006809176e-02
6.4796101124e+00   -7.5023695773e-02
6.4874264289e+00   -7.9043195047e-02
6.4952427455e+00   -8.3065082631e-02
6.5030590620e+00   -8.7089134468e-02
6.5108753786e+00   -9.1115126823e-02
6.5186916952e+00   -9.5142836287e-02
6.5265080117e+00   -9.9172039787e-02
6.5343243283e+00   -1.0320251459e-01
6.5421406448e+00   -1.0723403832e-01
6.5499569614e+00   -1.1126638894e-01
6.5577732780e+00   -1.1529934479e-01
6.5655895945e+00   -1.1933268457e-01
6.5734059111e+00   -1.2336618734e-01
6.5812222277e+00   -1.2739963254e-01
6.5890385442e+00   -1.3143279999e-01
6.5968548608e+00   -1.3546546989e-01
6.6046711773e+00   -1.3949742281e-01
6.6124874939e+00   -1.4352843971e-01
6.6203038105e+00   -1.4755830194e-01
6.6281201270e+00   -1.5158679123e-01
6.6359364436e+00   -1.5561368969e-01
6.6437527601e+00   -1.5963877982e-01
6.6515690767e+00   -1.6366184452e-01
6.6593853933e+00   -1.6768266704e-01
6.6672017098e+00   -1.7170103104e-01
6.6750180264e+00   -1.7571672054e-01
6.6828343429e+00   -1.7972951996e-01
6.6906506595e+00   -1.8373921407e-01
6.6984669761e+00   -1.8774558803e-01
6.7062832926e+00   -1.9174842734e-01
6.7140996092e+00   -1.9574751788e-01
6.7219159257e+00   -1.9974264589e-01
6.7297322423e+00   -2.0373359795e-01
6.7375485589e+00   -2.0772016099e-01
6.7453648754e+00   -2.1170212228e-01
6.7531811920e+00   -2.1567926942e-01
6.7609975085e+00   -2.1965139033e-01
6.7688138251e+00   -2.2361827327e-01
6.7766301417e+00   -2.2757970678e-01
6.7844464582e+00   -2.3153547972e-01
6.7922627748e+00   -2.3548538125e-01
6.8000790914e+00   -2.3942920079e-01
6.8078954079e+00   -2.4336672807e-01
6.8157117245e+00   -2.4729775304e-01
6.8235280410e+00   -2.5122206595e-01
6.8313443576e+00   -2.5513945728e-01
6.8391606742e+00   -2.5904971772e-01
6.8469769907e+00   -2.6295263823e-01
6.8547933073e+00   -2.6684800994e-01
6.8626096238e+00   -2.7073562421e-01
6.8704259404e+00   -2.7461527258e-01
6.8782422570e+00   -2.7848674676e-01
6.8860585735e+00   -2.8234983863e-01
6.8938748901e+00   -2.8620434024e-01
6.9016912066e+00   -2.9005004375e-01
6.9095075232e+00   -2.9388674146e-01
6.9173238398e+00   -2.9771422580e-01
6.9251401563e+00   -3.0153228928e-01
6.9329564729e+00   -3.0534072449e-01
6.9407727894e+00   -3.0913932413e-01
6.9485891060e+00   -3.1292788091e-01
6.9564054226e+00   -3.1670618764e-01
6.9642217391e+00   -3.2047403710e-01
6.9720380557e+00   -3.2423122214e-01
6.9798543723e+00   -3.2797753559e-01
6.9876706888e+00   -3.3171277026e-01
6.9954870054e+00   -3.3543671894e-01
7.0033033219e+00   -3.3914917440e-01
7.0111196385e+00   -3.4284992931e-01
7.0189359551e+00   -3.4653877631e-01
7.0267522716e+00   -3.5021550794e-01
7.0345685882e+00   -3.5387991662e-01
7.0423849047e+00   -3.5753179469e-01
7.0502012213e+00   -3.6117093434e-01
7.0580175379e+00   -3.6479712760e-01
7.0658338544e+00   -3.6841016637e-01
7.0736501710e+00   -3.7200984237e-01
7.0814664875e+00   -3.7559594710e-01
7.0892828041e+00   -3.7916827190e-01
7.0970991207e+00   -3.8272660786e-01
7.1049154372e+00   -3.8627074585e-01
7.1127317538e+00   -3.8980047649e-01
7.1205480703e+00   -3.9331559014e-01
7.1283643869e+00   -3.9681587688e-01
7.1361807035e+00   -4.0030112651e-01
7.1439970200e+00   -4.0377112851e-01
7.1518133366e+00   -4.0722567206e-01
7.1596296532e+00   -4.1066454602e-01
7.1674459697e+00   -4.1408753887e-01
7.1752622863e+00   -4.1749443877e-01
7.1830786028e+00   -4.2088503349e-01
7.1908949194e+00   -4.2425911043e-01
7.1987112360e+00   -4.2761645660e-01
7.2065275525e+00   -4.3095685859e-01
7.2143438691e+00   -4.3428010260e-01
7.2221601856e+00   -4.3758597437e-01
7.2299765022e+00   -4.4087425923e-01
7.2377928188e+00   -4.4414474205e-01
7.2456091353e+00   -4.4739720724e-01
7.2534254519e+00   -4.5063143874e-01
7.2612417684e+00   -4.5384722003e-01
7.2690580850e+00   -4.5704433408e-01
7.2691580850e+00   -4.5708511528e-01
7.2701580850e+00   -4.5749275710e-01
7.2779744016e+00   -4.6066831124e-01
7.2857907181e+00   -4.6382473189e-01
7.2936070347e+00   -4.6696180045e-01
7.3014233512e+00   -4.7007929780e-01
7.3092396678e+00   -4.7317700431e-01
7.3170559844e+00   -4.7625469980e-01
7.3248723009e+00   -4.7931216355e-01
7.3326886175e+00   -4.8234917432e-01
7.3405049340e+00   -4.8536551031e-01
7.3483212506e+00   -4.8836094918e-01
7.3561375672e+00   -4.9133526802e-01
7.3639538837e+00   -4.9428824338e-01
7.3640538837e+00   -4.9432588376e-01
7.3650538837e+00   -4.9470209326e-01
7.3728702003e+00   -4.9763044790e-01
7.3729702003e+00   -4.9766777163e-01
7.3739702003e+00   -4.9804081233e-01
7.3817865169e+00   -5.0094425391e-01
7.3818865169e+00   -5.0098125724e-01
7.3828865169e+00   -5.0135109168e-01
7.3907028334e+00   -5.0422932704e-01
7.3908028334e+00   -5.0426600622e-01
7.3918028334e+00   -5.0463259684e-01
7.3996191500e+00   -5.0748533200e-01
7.3997191500e+00   -5.0752168326e-01
7.4007191500e+00   -5.0788499240e-01
7.4085354665e+00   -5.1071193252e-01
7.4086354665e+00   -5.1074795209e-01
7.4096354665e+00   -5.1110794196e-01
7.4174517831e+00   -5.1390879140e-01
7.4175517831e+00   -5.1394447550e-01
7.4185517831e+00   -5.1430110823e-01
7.4263680997e+00   -5.1707557052e-01
7.4264680997e+00   -5.1711091533e-01
7.4274680997e+00   -5.1746415295e-01
7.4352844162e+00   -5.2021193079e-01
7.4353844162e+00   -5.2024693252e-01
7.4363844162e+00   -5.2059673693e-01
7.4442007328e+00   -5.2331753223e-01
7.4443007328e+00   -5.2335218706e-01
7.4453007328e+00   -5.2369852006e-01
7.4531170493e+00   -5.2639203392e-01
7.4532170493e+00   -5.2642633801e-01
7.4542170493e+00   -5.2676916133e-01
7.4620333659e+00   -5.2943509404e-01
7.4621333659e+00   -5.2946904356e-01
7.4631333659e+00   -5.2980831879e-01
7.4709496825e+00   -5.3244636988e-01
7.4710496825e+00   -5.3247996098e-01
7.4720496825e+00   -5.3281564964e-01
7.4798659990e+00   -5.3542551786e-01
7.4799659990e+00   -5.3545874668e-01
7.4809659990e+00   -5.3579081017e-01
7.4887823156e+00   -5.3837219352e-01
7.4888823156e+00   -5.3840505620e-01
7.4898823156e+00   -5.3873345584e-01
7.4976986321e+00   -5.4128605158e-01
7.4977986321e+00   -5.4131854424e-01
7.4987986321e+00   -5.4164324125e-01
7.5066149487e+00   -5.4416674592e-01
7.5067149487e+00   -5.4419886467e-01
7.5077149487e+00   -5.4451982018e-01
7.5155312653e+00   -5.4701392962e-01
7.5156312653e+00   -5.4704567056e-01
7.5166312653e+00   -5.4736284561e-01
7.5244475818e+00   -5.4982725498e-01
7.5245475818e+00   -5.4985861421e-01
7.5255475818e+00   -5.5017196976e-01
7.5333638984e+00   -5.5260637355e-01
7.5334638984e+00   -5.5263734716e-01
7.5344638984e+00   -5.5294684408e-01
7.5345638984e+00   -5.5297776984e-01
7.5355638984e+00   -5.5328678801e-01
7.5433802149e+00   -5.5568711931e-01
7.5434802149e+00   -5.5571765505e-01
7.5444802149e+00   -5.5602277054e-01
7.5522965315e+00   -5.5839244549e-01
7.5523965315e+00   -5.5842258728e-01
7.5533965315e+00   -5.5872376080e-01
7.5612128481e+00   -5.6106247202e-01
7.5613128481e+00   -5.6109221591e-01
7.5623128481e+00   -5.6138940810e-01
7.5701291646e+00   -5.6369684764e-01
7.5702291646e+00   -5.6372618970e-01
7.5712291646e+00   -5.6401936113e-01
7.5790454812e+00   -5.6629522053e-01
7.5791454812e+00   -5.6632415680e-01
7.5801454812e+00   -5.6661326797e-01
7.5879617978e+00   -5.6885723829e-01
7.5880617978e+00   -5.6888576483e-01
7.5890617978e+00   -5.6917077618e-01
7.5968781143e+00   -5.7138254803e-01
7.5969781143e+00   -5.7141066087e-01
7.5979781143e+00   -5.7169153280e-01
7.6057944309e+00   -5.7387079638e-01
7.6058944309e+00   -5.7389849156e-01
7.6068944309e+00   -5.7417518440e-01
7.6147107474e+00   -5.7632162953e-01
7.6148107474e+00   -5.7634890308e-01
7.6158107474e+00   -5.7662137714e-01
7.6236270640e+00   -5.7873469332e-01
7.6237270640e+00   -5.7876154126e-01
7.6247270640e+00   -5.7902975678e-01
7.6325433806e+00   -5.8110963322e-01
7.6326433806e+00   -5.8113605157e-01
7.6336433806e+00   -5.8139996878e-01
7.6414596971e+00   -5.8344609444e-01
7.6415596971e+00   -5.8347207923e-01
7.6425596971e+00   -5.8373165832e-01
7.6503760137e+00   -5.8574372197e-01
7.6504760137e+00   -5.8576926920e-01
7.6514760137e+00   -5.8602447035e-01
7.6592923302e+00   -5.8800216059e-01
7.6593923302e+00   -5.8802726630e-01
7.6603923302e+00   -5.8827804965e-01
7.6682086468e+00   -5.9022105501e-01
7.6683086468e+00   -5.9024571520e-01
7.6693086468e+00   -5.9049204090e-01
7.6771249634e+00   -5.9240004984e-01
7.6772249634e+00   -5.9242426052e-01
7.6782249634e+00   -5.9266608872e-01
7.6860412799e+00   -5.9453878973e-01
7.6861412799e+00   -5.9456254692e-01
7.6871412799e+00   -5.9479983775e-01
7.6949575965e+00   -5.9663691936e-01
7.6950575965e+00   -5.9666021907e-01
7.6960575965e+00   -5.9689293271e-01
7.7038739130e+00   -5.9869408357e-01
7.7039739130e+00   -5.9871692183e-01
7.7049739130e+00   -5.9894501844e-01
7.7127902296e+00   -6.0070992740e-01
7.7128902296e+00   -6.0073230022e-01
7.7138902296e+00   -6.0095574002e-01
7.7217065462e+00   -6.0268409615e-01
7.7218065462e+00   -6.0270599956e-01
7.7228065462e+00   -6.0292474279e-01
7.7306228627e+00   -6.0461623549e-01
7.7307228627e+00   -6.0463766551e-01
7.7317228627e+00   -6.0485167244e-01
7.7395391793e+00   -6.0650599147e-01
7.7396391793e+00   -6.0652694415e-01
7.7406391793e+00   -6.0673617512e-01
7.7484554958e+00   -6.0835301068e-01
7.7485554958e+00   -6.0837348204e-01
7.7495554958e+00   -6.0857789746e-01
7.7573718124e+00   -6.1015694026e-01
7.7574718124e+00   -6.1017692636e-01
7.7584718124e+00   -6.1037648668e-01
7.7662881290e+00   -6.1191742801e-01
7.7663881290e+00   -6.1193692490e-01
7.7673881290e+00   -6.1213159068e-01
7.7752044455e+00   -6.1363412249e-01
7.7753044455e+00   -6.1365312623e-01
7.7763044455e+00   -6.1384285809e-01
7.7841207621e+00   -6.1530667307e-01
7.7842207621e+00   -6.1532517973e-01
7.7852207621e+00   -6.1550993842e-01
7.7930370787e+00   -6.1693473005e-01
7.7931370787e+00   -6.1695273572e-01
7.7941370787e+00   -6.1713248206e-01
7.8019533952e+00   -6.1851794471e-01
7.8020533952e+00   -6.1853544548e-01
7.8030533952e+00   -6.1871014045e-01
7.8108697118e+00   -6.2005596947e-01
7.8109697118e+00   -6.2007296145e-01
7.8119697118e+00   -6.2024256613e-01
7.8197860283e+00   -6.2154845791e-01
7.8198860283e+00   -6.2156493722e-01
7.8208860283e+00   -6.2172941284e-01
7.8287023449e+00   -6.2299506491e-01
7.8288023449e+00   -6.2301102769e-01
7.8298023449e+00   -6.2317033563e-01
7.8376186615e+00   -6.2439544675e-01
7.8377186615e+00   -6.2441088915e-01
7.8387186615e+00   -6.2456499096e-01
7.8465349780e+00   -6.2574926118e-01
7.8466349780e+00   -6.2576417938e-01
7.8476349780e+00   -6.2591303676e-01
7.8554512946e+00   -6.2705616755e-01
7.8555512946e+00   -6.2707055774e-01
7.8565512946e+00   -6.2721413260e-01
7.8643676111e+00   -6.2831582693e-01
7.8644676111e+00   -6.2832968530e-01
7.8654676111e+00   -6.2846793974e-01
7.8732839277e+00   -6.2952790215e-01
7.8733839277e+00   -6.2954122495e-01
7.8743839277e+00   -6.2967412127e-01
7.8822002443e+00   -6.3069205799e-01
7.8823002443e+00   -6.3070484146e-01
7.8833002443e+00   -6.3083234220e-01
7.8911165608e+00   -6.3180796124e-01
7.8912165608e+00   -6.3182020165e-01
7.8922165608e+00   -6.3194226956e-01
7.9000328774e+00   -6.3287528080e-01
7.9001328774e+00   -6.3288697446e-01
7.9011328774e+00   -6.3300357256e-01
7.9089491939e+00   -6.3389368787e-01
7.9090491939e+00   -6.3390483110e-01
7.9100491939e+00   -6.3401592265e-01
7.9178655105e+00   -6.3486285596e-01
7.9179655105e+00   -6.3487344512e-01
7.9189655105e+00   -6.3497899367e-01
7.9267818271e+00   -6.3578246111e-01
7.9268818271e+00   -6.3579249257e-01
7.9278818271e+00   -6.3589246194e-01
7.9356981436e+00   -6.3665218193e-01
7.9357981436e+00   -6.3666165210e-01
7.9367981436e+00   -6.3675600642e-01
7.9446144602e+00   -6.3747169975e-01
7.9447144602e+00   -6.3748060508e-01
7.9457144602e+00   -6.3756930880e-01
7.9535307767e+00   -6.3824069877e-01
7.9536307767e+00   -6.3824903573e-01
7.9546307767e+00   -6.3833205360e-01
7.9624470933e+00   -6.3895886613e-01
7.9625470933e+00   -6.3896663124e-01
7.9635470933e+00   -6.3904392837e-01
7.9713634099e+00   -6.3962589208e-01
7.9714634099e+00   -6.3963308187e-01
7.9724634099e+00   -6.3970462373e-01
7.9802797264e+00   -6.4024147008e-01
7.9880960430e+00   -6.4073854660e-01
7.9881960430e+00   -6.4074464753e-01
7.9891960430e+00   -6.4080529694e-01
7.9970123596e+00   -6.4125676016e-01
7.9971123596e+00   -6.4126227605e-01
7.9981123596e+00   -6.4131707294e-01
8.0059286761e+00   -6.4172266308e-01
8.0060286761e+00   -6.4172759062e-01
8.0070286761e+00   -6.4177650196e-01
8.0148449927e+00   -6.4213596252e-01
8.0226613092e+00   -6.4245477614e-01
8.0304776258e+00   -6.4273275065e-01
8.0382939424e+00   -6.4296969628e-01
8.0461102589e+00   -6.4316542580e-01
8.0539265755e+00   -6.4331975449e-01
8.0617428920e+00   -6.4343250028e-01
8.0695592086e+00   -6.4350348382e-01
8.0773755252e+00   -6.4353252851e-01
8.0851918417e+00   -6.4351946059e-01
8.0930081583e+00   -6.4346410924e-01
8.1008244748e+00   -6.4336630659e-01
8.1086407914e+00   -6.4322588786e-01
8.1164571080e+00   -6.4304269136e-01
8.1242734245e+00   -6.4281655864e-01
8.1320897411e+00   -6.4254733448e-01
8.1399060576e+00   -6.4223486703e-01
8.1477223742e+00   -6.4187900782e-01
8.1555386908e+00   -6.4147961189e-01
8.1633550073e+00   -6.4103653780e-01
8.1634550073e+00   -6.4103058564e-01
8.1644550073e+00   -6.4097066953e-01
8.1722713239e+00   -6.4047760236e-01
8.1723713239e+00   -6.4047100961e-01
8.1733713239e+00   -6.4040468615e-01
8.1734713239e+00   -6.4039801420e-01
8.1744713239e+00   -6.4033089874e-01
8.1822876404e+00   -6.3978146384e-01
8.1823876404e+00   -6.3977414885e-01
8.1833876404e+00   -6.3970060151e-01
8.1912039570e+00   -6.3910081112e-01
8.1913039570e+00   -6.3909285096e-01
8.1923039570e+00   -6.3901285068e-01
8.2001202736e+00   -6.3836254300e-01
8.2002202736e+00   -6.3835393563e-01
8.2012202736e+00   -6.3826746210e-01
8.2090365901e+00   -6.3756648118e-01
8.2091365901e+00   -6.3755722465e-01
8.2101365901e+00   -6.3746425828e-01
8.2179529067e+00   -6.3671245414e-01
8.2180529067e+00   -6.3670254656e-01
8.2190529067e+00   -6.3660306857e-01
8.2268692233e+00   -6.3580029730e-01
8.2269692233e+00   -6.3578973687e-01
8.2279692233e+00   -6.3568372923e-01
8.2357855398e+00   -6.3482985312e-01
8.2358855398e+00   -6.3481863810e-01
8.2368855398e+00   -6.3470608361e-01
8.2447018564e+00   -6.3380097123e-01
8.2448018564e+00   -6.3378909999e-01
8.2458018564e+00   -6.3366998225e-01
8.2536181729e+00   -6.3271350859e-01
8.2537181729e+00   -6.3270097956e-01
8.2547181729e+00   -6.3257528299e-01
8.2625344895e+00   -6.3156732957e-01
8.2626344895e+00   -6.3155414127e-01
8.2636344895e+00   -6.3142185113e-01
8.2714508061e+00   -6.3036230607e-01
8.2715508061e+00   -6.3034845711e-01
8.2725508061e+00   -6.3020955953e-01
8.2726508061e+00   -6.3019562897e-01
8.2736508061e+00   -6.3005591532e-01
8.2814671226e+00   -6.2893828873e-01
8.2815671226e+00   -6.2892369605e-01
8.2825671226e+00   -6.2877736040e-01
8.2903834392e+00   -6.2760792706e-01
8.2904834392e+00   -6.2759267105e-01
8.2914834392e+00   -6.2743970138e-01
8.2992997557e+00   -6.2621837078e-01
8.2993997557e+00   -6.2620245032e-01
8.3003997557e+00   -6.2604283550e-01
8.3082160723e+00   -6.2476952417e-01
8.3083160723e+00   -6.2475293823e-01
8.3093160723e+00   -6.2458666805e-01
8.3171323889e+00   -6.2326129964e-01
8.3172323889e+00   -6.2324404729e-01
8.3182323889e+00   -6.2307111243e-01
8.3260487054e+00   -6.2169361784e-01
8.3261487054e+00   -6.2167569823e-01
8.3271487054e+00   -6.2149609034e-01
8.3349650220e+00   -6.2006640779e-01
8.3350650220e+00   -6.2004782018e-01
8.3360650220e+00   -6.1986153182e-01
8.3438813385e+00   -6.1837960694e-01
8.3439813385e+00   -6.1836035067e-01
8.3449813385e+00   -6.1816737538e-01
8.3527976551e+00   -6.1663316130e-01
8.3528976551e+00   -6.1661323582e-01
8.3538976551e+00   -6.1641356809e-01
8.3539976551e+00   -6.1639356002e-01
8.3549976551e+00   -6.1619306631e-01
8.3628139717e+00   -6.1460006567e-01
8.3629139717e+00   -6.1457938788e-01
8.3639139717e+00   -6.1437219671e-01
8.3717302882e+00   -6.1272683262e-01
8.3718302882e+00   -6.1270548475e-01
8.3728302882e+00   -6.1249159269e-01
8.3806466048e+00   -6.1079384224e-01
8.3807466048e+00   -6.1077182406e-01
8.3817466048e+00   -6.1055122868e-01
8.3895629213e+00   -6.0880107679e-01
8.3896629213e+00   -6.0877838814e-01
8.3906629213e+00   -6.0855108804e-01
8.3984792379e+00   -6.0674852753e-01
8.3985792379e+00   -6.0672516837e-01
8.3995792379e+00   -6.0649116313e-01
8.4073955545e+00   -6.0463619481e-01
8.4074955545e+00   -6.0461216519e-01
8.4084955545e+00   -6.0437145543e-01
8.4163118710e+00   -6.0246408814e-01
8.4164118710e+00   -6.0243938821e-01
8.4174118710e+00   -6.0219197560e-01
8.4252281876e+00   -6.0023222627e-01
8.4253281876e+00   -6.0020685631e-01
8.4263281876e+00   -5.9995274352e-01
8.4264281876e+00   -5.9992729093e-01
8.4274281876e+00   -5.9967235178e-01
8.4352445042e+00   -5.9765378842e-01
8.4353445042e+00   -5.9762766620e-01
8.4363445042e+00   -5.9736603117e-01
8.4441608207e+00   -5.9529514887e-01
8.4442608207e+00   -5.9526835753e-01
8.4452608207e+00   -5.9500003153e-01
8.4530771373e+00   -5.9287687290e-01
8.4531771373e+00   -5.9284941302e-01
8.4541771373e+00   -5.9257440205e-01
8.4619934538e+00   -5.9039901803e-01
8.4620934538e+00   -5.9037089032e-01
8.4630934538e+00   -5.9008920143e-01
8.4709097704e+00   -5.8786165133e-01
8.4710097704e+00   -5.8783285658e-01
8.4720097704e+00   -5.8754449790e-01
8.4798260870e+00   -5.8526484944e-01
8.4799260870e+00   -5.8523538857e-01
8.4809260870e+00   -5.8494036932e-01
8.4887424035e+00   -5.8260869866e-01
8.4888424035e+00   -5.8257857270e-01
8.4898424035e+00   -5.8227690316e-01
8.4899424035e+00   -5.8224669522e-01
8.4909424035e+00   -5.8194420601e-01
8.4987587201e+00   -5.7955419658e-01
8.4988587201e+00   -5.7952332482e-01
8.4998587201e+00   -5.7921419819e-01
8.4999587201e+00   -5.7918324462e-01
8.5009587201e+00   -5.7887329998e-01
8.5087750366e+00   -5.7642507068e-01
8.5088750366e+00   -5.7639345471e-01
8.5098750366e+00   -5.7607688688e-01
8.5176913532e+00   -5.7357694130e-01
8.5177913532e+00   -5.7354466430e-01
8.5187913532e+00   -5.7322148712e-01
8.5266076698e+00   -5.7066993763e-01
8.5267076698e+00   -5.7063700110e-01
8.5277076698e+00   -5.7030722949e-01
8.5355239863e+00   -5.6770419704e-01
8.5356239863e+00   -5.6767060257e-01
8.5366239863e+00   -5.6733425257e-01
8.5367239863e+00   -5.6730057704e-01
8.5377239863e+00   -5.6696341663e-01
8.5455403029e+00   -5.6430270473e-01
8.5456403029e+00   -5.6426837319e-01
8.5466403029e+00   -5.6392465371e-01
8.5544566194e+00   -5.6121274418e-01
8.5545566194e+00   -5.6117775845e-01
8.5555566194e+00   -5.6082749827e-01
8.5633729360e+00   -5.5806453893e-01
8.5634729360e+00   -5.5802890095e-01
8.5644729360e+00   -5.5767211952e-01
8.5722892526e+00   -5.5485826679e-01
8.5723892526e+00   -5.5482197862e-01
8.5733892526e+00   -5.5445869652e-01
8.5812055691e+00   -5.5159411541e-01
8.5813055691e+00   -5.5155717920e-01
8.5823055691e+00   -5.5118741810e-01
8.5901218857e+00   -5.4827228222e-01
8.5902218857e+00   -5.4823470024e-01
8.5912218857e+00   -5.4785848290e-01
8.5990382022e+00   -5.4489297445e-01
8.5991382022e+00   -5.4485474908e-01
8.6001382022e+00   -5.4447209937e-01
8.6079545188e+00   -5.4145640908e-01
8.6080545188e+00   -5.4141754281e-01
8.6090545188e+00   -5.4102848568e-01
8.6168708354e+00   -5.3796281283e-01
8.6169708354e+00   -5.3792330826e-01
8.6179708354e+00   -5.3752786976e-01
8.6257871519e+00   -5.3441242214e-01
8.6258871519e+00   -5.3437228198e-01
8.6268871519e+00   -5.3397048924e-01
8.6347034685e+00   -5.3080548312e-01
8.6348034685e+00   -5.3076471018e-01
8.6358034685e+00   -5.3035659141e-01
8.6436197851e+00   -5.2714225151e-01
8.6437197851e+00   -5.2710084871e-01
8.6447197851e+00   -5.2668643322e-01
8.6525361016e+00   -5.2342299264e-01
8.6526361016e+00   -5.2338096301e-01
8.6536361016e+00   -5.2296028115e-01
8.6614524182e+00   -5.1964798137e-01
8.6615524182e+00   -5.1960532806e-01
8.6625524182e+00   -5.1917841126e-01
8.6703687347e+00   -5.1581750206e-01
8.6704687347e+00   -5.1577422830e-01
8.6714687347e+00   -5.1534110906e-01
8.6792850513e+00   -5.1193184848e-01
8.6793850513e+00   -5.1188795762e-01
8.6803850513e+00   -5.1144866949e-01
8.6882013679e+00   -5.0799132376e-01
8.6883013679e+00   -5.0794681925e-01
8.6893013679e+00   -5.0750139681e-01
8.6971176844e+00   -5.0399624032e-01
8.6972176844e+00   -5.0395112572e-01
8.6982176844e+00   -5.0349960460e-01
8.7060340010e+00   -4.9994691980e-01
8.7061340010e+00   -4.9990119877e-01
8.7071340010e+00   -4.9944361562e-01
8.7149503175e+00   -4.9584369295e-01
8.7150503175e+00   -4.9579736925e-01
8.7160503175e+00   -4.9533376175e-01
8.7238666341e+00   -4.9168689959e-01
8.7239666341e+00   -4.9163997708e-01
8.7249666341e+00   -4.9117038392e-01
8.7327829507e+00   -4.8747688850e-01
8.7328829507e+00   -4.8742937114e-01
8.7338829507e+00   -4.8695383199e-01
8.7416992672e+00   -4.8321401731e-01
8.7417992672e+00   -4.8316590917e-01
8.7427992672e+00   -4.8268446470e-01
8.7506155838e+00   -4.7889865243e-01
8.7507155838e+00   -4.7884995766e-01
8.7517155838e+00   -4.7836264953e-01
8.7595319003e+00   -4.7453116893e-01
8.7596319003e+00   -4.7448189179e-01
8.7606319003e+00   -4.7398876260e-01
8.7684482169e+00   -4.7011195044e-01
8.7685482169e+00   -4.7006209528e-01
8.7695482169e+00   -4.6956318860e-01
8.7773645335e+00   -4.6564138903e-01
8.7774645335e+00   -4.6559096029e-01
8.7784645335e+00   -4.6508632062e-01
8.7862808500e+00   -4.6111988509e-01
8.7863808500e+00   -4.6106888732e-01
8.7873808500e+00   -4.6055856009e-01
8.7951971666e+00   -4.5654784725e-01
8.7952971666e+00   -4.5649628506e-01
8.7962971666e+00   -4.5598031662e-01
8.8041134831e+00   -4.5192569218e-01
8.8042134831e+00   -4.5187357030e-01
8.8052134831e+00   -4.5135200789e-01
8.8130297997e+00   -4.4725384453e-01
8.8131297997e+00   -4.4720116777e-01
8.8141297997e+00   -4.4667405952e-01
8.8219461163e+00   -4.4253273677e-01
8.8220461163e+00   -4.4247951002e-01
8.8230461163e+00   -4.4194690491e-01
8.8308624328e+00   -4.3776280905e-01
8.8309624328e+00   -4.3770903729e-01
8.8319624328e+00   -4.3717098518e-01
8.8397787494e+00   -4.3294450906e-01
8.8398787494e+00   -4.3289019735e-01
8.8408787494e+00   -4.3234674892e-01
8.8486950659e+00   -4.2807829190e-01
8.8487950659e+00   -4.2802344539e-01
8.8497950659e+00   -4.2747465214e-01
8.8576113825e+00   -4.2316461990e-01
8.8577113825e+00   -4.2310924382e-01
8.8587113825e+00   -4.2255515806e-01
8.8665276991e+00   -4.1820396253e-01
8.8666276991e+00   -4.1814806217e-01
8.8676276991e+00   -4.1758873701e-01
8.8754440156e+00   -4.1319679616e-01
8.8755440156e+00   -4.1314037692e-01
8.8765440156e+00   -4.1257586620e-01
8.8843603322e+00   -4.0814360399e-01
8.8844603322e+00   -4.0808667131e-01
8.8854603322e+00   -4.0751702967e-01
8.8932766488e+00   -4.0304487581e-01
8.8933766488e+00   -4.0298743523e-01
8.8943766488e+00   -4.0241271800e-01
8.9021929653e+00   -3.9790110791e-01
8.9022929653e+00   -3.9784316503e-01
8.9032929653e+00   -3.9726342828e-01
8.9111092819e+00   -3.9271280284e-01
8.9112092819e+00   -3.9265436333e-01
8.9122092819e+00   -3.9206966382e-01
8.9200255984e+00   -3.8748046931e-01
8.9201255984e+00   -3.8742153891e-01
8.9211255984e+00   -3.8683193407e-01
8.9289419150e+00   -3.8220462196e-01
8.9290419150e+00   -3.8214520648e-01
8.9300419150e+00   -3.8155075439e-01
8.9378582316e+00   -3.7688578122e-01
8.9379582316e+00   -3.7682588653e-01
8.9389582316e+00   -3.7622664594e-01
8.9467745481e+00   -3.7152447314e-01
8.9468745481e+00   -3.7146410516e-01
8.9478745481e+00   -3.7086013540e-01
8.9556908647e+00   -3.6612122917e-01
8.9557908647e+00   -3.6606039390e-01
8.9567908647e+00   -3.6545175492e-01
8.9646071812e+00   -3.6067658602e-01
8.9647071812e+00   -3.6061528950e-01
8.9657071812e+00   -3.6000204182e-01
8.9735234978e+00   -3.5519108545e-01
8.9736234978e+00   -3.5512933379e-01
8.9746234978e+00   -3.5451153848e-01
8.9824398144e+00   -3.4966527410e-01
8.9825398144e+00   -3.4960307346e-01
8.9835398144e+00   -3.4898079213e-01
8.9913561309e+00   -3.4409970332e-01
8.9914561309e+00   -3.4403705990e-01
8.9924561309e+00   -3.4341035468e-01
9.0002724475e+00   -3.3849492894e-01
9.0003724475e+00   -3.3843184901e-01
9.0013724475e+00   -3.3780078251e-01
9.0091887640e+00   -3.3285151111e-01
9.0092887640e+00   -3.3278800097e-01
9.0102887640e+00   -3.3215263628e-01
9.0181050806e+00   -3.2717001411e-01
9.0182050806e+00   -3.2710608011e-01
9.0192050806e+00   -3.2646648078e-01
9.0270213972e+00   -3.2145100615e-01
9.0271213972e+00   -3.2138665469e-01
9.0281213972e+00   -3.2074288467e-01
9.0359377137e+00   -3.1569505919e-01
9.0360377137e+00   -3.1563029670e-01
9.0370377137e+00   -3.1498242038e-01
9.0448540303e+00   -3.0990274873e-01
9.0449540303e+00   -3.0983758168e-01
9.0459540303e+00   -3.0918566383e-01
9.0537703468e+00   -3.0407465363e-01
9.0538703468e+00   -3.0400908854e-01
9.0548703468e+00   -3.0335319427e-01
9.0626866634e+00   -2.9821135592e-01
9.0627866634e+00   -2.9814539933e-01
9.0637866634e+00   -2.9748559412e-01
9.0716029800e+00   -2.9231344060e-01
9.0717029800e+00   -2.9224709909e-01
9.0727029800e+00   -2.9158344872e-01
9.0805192965e+00   -2.8638149544e-01
9.0806192965e+00   -2.8631477561e-01
9.0816192965e+00   -2.8564734618e-01
9.0894356131e+00   -2.8041611080e-01
9.0895356131e+00   -2.8034901929e-01
9.0905356131e+00   -2.7967787716e-01
9.0983519297e+00   -2.7441787943e-01
9.0984519297e+00   -2.7435042290e-01
9.0994519297e+00   -2.7367563470e-01
9.1072682462e+00   -2.6838739628e-01
9.1073682462e+00   -2.6831958142e-01
9.1083682462e+00   -2.6764121400e-01
9.1161845628e+00   -2.6232525831e-01
9.1162845628e+00   -2.6225709181e-01
9.1172845628e+00   -2.6157521224e-01
9.1251008793e+00   -2.5623206428e-01
9.1252008793e+00   -2.5616355288e-01
9.1262008793e+00   -2.5547822842e-01
9.1340171959e+00   -2.5010841459e-01
9.1341171959e+00   -2.5003956503e-01
9.1351171959e+00   -2.4935086312e-01
9.1429335125e+00   -2.4395491107e-01
9.1430335125e+00   -2.4388573011e-01
9.1440335125e+00   -2.4319371832e-01
9.1518498290e+00   -2.3777215681e-01
9.1519498290e+00   -2.3770265121e-01
9.1529498290e+00   -2.3700739725e-01
9.1607661456e+00   -2.3156075592e-01
9.1608661456e+00   -2.3149093247e-01
9.1618661456e+00   -2.3079250417e-01
9.1696824621e+00   -2.2532131344e-01
9.1697824621e+00   -2.2525117892e-01
9.1707824621e+00   -2.2454964416e-01
9.1785987787e+00   -2.1905443504e-01
9.1786987787e+00   -2.1898399626e-01
9.1796987787e+00   -2.1827942302e-01
9.1875150953e+00   -2.1276072695e-01
9.1876150953e+00   -2.1268999070e-01
9.1886150953e+00   -2.1198244699e-01
9.1964314118e+00   -2.0644079569e-01
9.1965314118e+00   -2.0636976878e-01
9.1975314118e+00   -2.0565932263e-01
9.2053477284e+00   -2.0009524795e-01
9.2054477284e+00   -2.0002393718e-01
9.2064477284e+00   -1.9931065664e-01
9.2142640449e+00   -1.9372469037e-01
9.2143640449e+00   -1.9365310254e-01
9.2153640449e+00   -1.9293705565e-01
9.2231803615e+00   -1.8732972940e-01
9.2232803615e+00   -1.8725787132e-01
9.2242803615e+00   -1.8653912606e-01
9.2320966781e+00   -1.8091097113e-01
9.2321966781e+00   -1.8083884958e-01
9.2331966781e+00   -1.8011747390e-01
9.2410129946e+00   -1.7446902106e-01
9.2411129946e+00   -1.7439664284e-01
9.2421129946e+00   -1.7367270460e-01
9.2499293112e+00   -1.6800448402e-01
9.2500293112e+00   -1.6793185591e-01
9.2510293112e+00   -1.6720542289e-01
9.2588456277e+00   -1.6151796394e-01
9.2589456277e+00   -1.6144509271e-01
9.2599456277e+00   -1.6071623258e-01
9.2677619443e+00   -1.5501006373e-01
9.2678619443e+00   -1.5493695611e-01
9.2688619443e+00   -1.5420573643e-01
9.2766782609e+00   -1.4848138507e-01
9.2767782609e+00   -1.4840804782e-01
9.2777782609e+00   -1.4767453598e-01
9.2855945774e+00   -1.4193252831e-01
9.2856945774e+00   -1.4185896816e-01
9.2866945774e+00   -1.4112323139e-01
9.2945108940e+00   -1.3536409229e-01
9.2946108940e+00   -1.3529031594e-01
9.2956108940e+00   -1.3455242131e-01
9.3034272106e+00   -1.2877667419e-01
9.3035272106e+00   -1.2870268833e-01
9.3045272106e+00   -1.2796270270e-01
9.3123435271e+00   -1.2217086939e-01
9.3124435271e+00   -1.2209668069e-01
9.3134435271e+00   -1.2135467071e-01
9.3212598437e+00   -1.1554727132e-01
9.3213598437e+00   -1.1547288641e-01
9.3223598437e+00   -1.1472891851e-01
9.3301761602e+00   -1.0890647132e-01
9.3302761602e+00   -1.0883189683e-01
9.3312761602e+00   -1.0808603719e-01
9.3390924768e+00   -1.0224905851e-01
9.3391924768e+00   -1.0217430104e-01
9.3401924768e+00   -1.0142661558e-01
9.3480087934e+00   -9.5575619665e-02
9.3481087934e+00   -9.5500685768e-02
9.3491087934e+00   -9.4751240151e-02
9.3569251099e+00   -8.8886739058e-02
9.3570251099e+00   -8.8811635279e-02
9.3580251099e+00   -8.8060494866e-02
9.3658414265e+00   -8.2182998364e-02
9.3659414265e+00   -8.2107731212e-02
9.3669414265e+00   -8.1354961067e-02
9.3747577430e+00   -7.5464976524e-02
9.3748577430e+00   -7.5389552475e-02
9.3758577430e+00   -7.4635217350e-02
9.3836740596e+00   -6.8733249627e-02
9.3837740596e+00   -6.8657675126e-02
9.3847740596e+00   -6.7901839446e-02
9.3925903762e+00   -6.1988390804e-02
9.3926903762e+00   -6.1912672262e-02
9.3936903762e+00   -6.1155400110e-02
9.4015066927e+00   -5.5230970109e-02
9.4016066927e+00   -5.5155113900e-02
9.4026066927e+00   -5.4396469012e-02
9.4104230093e+00   -4.8461554418e-02
9.4105230093e+00   -4.8385566883e-02
9.4115230093e+00   -4.7625612629e-02
9.4193393258e+00   -4.1680707328e-02
9.4194393258e+00   -4.1604594769e-02
9.4204393258e+00   -4.0843394144e-02
9.4282556424e+00   -3.4888989055e-02
9.4283556424e+00   -3.4812757735e-02
9.4293556424e+00   -3.4050373352e-02
9.4371719590e+00   -2.8086956346e-02
9.4372719590e+00   -2.8010612489e-02
9.4382719590e+00   -2.7247106563e-02
9.4460882755e+00   -2.1275162383e-02
9.4461882755e+00   -2.1198712173e-02
9.4471882755e+00   -2.0434146516e-02
9.4550045921e+00   -1.4454156703e-02
9.4551045921e+00   -1.4377606282e-02
9.4561045921e+00   -1.3612042290e-02
9.4639209086e+00   -7.6244851139e-03
9.4640209086e+00   -7.5478405819e-03
9.4650209086e+00   -6.7813392292e-03
9.4728372252e+00   -7.8668961834e-04
9.4729372252e+00   -7.0995703235e-04
9.4739372252e+00   5.7421138745e-05
9.4817535418e+00   6.0586916583e-03
9.4818535418e+00   6.1355062853e-03
9.4828535418e+00   6.9037011718e-03
9.4906698583e+00   1.2911124537e-02
9.4907698583e+00   1.2988015237e-02
9.4917698583e+00   1.3756967183e-02
9.4995861749e+00   1.9770078850e-02
9.4996861749e+00   1.9847039699e-02
9.5006861749e+00   2.0616689501e-02
9.5085024915e+00   2.6635028499e-02
9.5086024915e+00   2.6712053620e-02
9.5096024915e+00   2.7482342536e-02
9.5174188080e+00   3.3505451510e-02
9.5175188080e+00   3.3582535073e-02
9.5185188080e+00   3.4353404828e-02
9.5263351246e+00   4.0380830090e-02
9.5264351246e+00   4.0457966311e-02
9.5274351246e+00   4.1229359098e-02
9.5352514411e+00   4.7260650665e-02
9.5353514411e+00   4.7337833810e-02
9.5363514411e+00   4.8109692301e-02
9.5441677577e+00   5.4144403933e-02
9.5442677577e+00   5.4221628312e-02
9.5452677577e+00   5.4993895661e-02
9.5530840743e+00   6.1031584893e-02
9.5531840743e+00   6.1108844868e-02
9.5541840743e+00   6.1881464712e-02
9.5620003908e+00   6.7921692885e-02
9.5621003908e+00   6.7998982865e-02
9.5631003908e+00   6.8771899331e-02
9.5709167074e+00   7.4814231618e-02
9.5710167074e+00   7.4891546062e-02
9.5720167074e+00   7.5664703767e-02
9.5798330239e+00   8.1708709195e-02
9.5799330239e+00   8.1786042612e-02
9.5809330239e+00   8.2559386670e-02
9.5887493405e+00   8.8604638138e-02
9.5888493405e+00   8.8681985085e-02
9.5898493405e+00   8.9455461103e-02
9.5976656571e+00   9.5501535398e-02
9.5977656571e+00   9.5578890483e-02
9.5987656571e+00   9.6352444570e-02
9.6065819736e+00   1.0239892238e-01
9.6066819736e+00   1.0247628026e-01
9.6076819736e+00   1.0324985902e-01
9.6154982902e+00   1.0929632493e-01
9.6155982902e+00   1.0937368031e-01
9.6165982902e+00   1.1014723085e-01
9.6244146067e+00   1.1619327337e-01
9.6245146067e+00   1.1627062101e-01
9.6255146067e+00   1.1704409094e-01
9.6333309233e+00   1.2308930247e-01
9.6334309233e+00   1.2316663719e-01
9.6344309233e+00   1.2393997461e-01
9.6422472399e+00   1.2998395148e-01
9.6423472399e+00   1.3006126812e-01
9.6433472399e+00   1.3083442165e-01
9.6511635564e+00   1.3687676407e-01
9.6512635564e+00   1.3695405754e-01
9.6522635564e+00   1.3772697628e-01
9.6600798730e+00   1.4376728837e-01
9.6601798730e+00   1.4384455363e-01
9.6611798730e+00   1.4461718717e-01
9.6689961895e+00   1.5065507692e-01
9.6690961895e+00   1.5073230897e-01
9.6700961895e+00   1.5150460743e-01
9.6779125061e+00   1.5753968667e-01
9.6780125061e+00   1.5761688058e-01
9.6790125061e+00   1.5838879453e-01
9.6868288227e+00   1.6442067897e-01
9.6869288227e+00   1.6449782983e-01
9.6879288227e+00   1.6526931036e-01
9.6957451392e+00   1.7129761948e-01
9.6958451392e+00   1.7137472246e-01
9.6968451392e+00   1.7214572113e-01
9.7046614558e+00   1.7817007824e-01
9.7047614558e+00   1.7824712853e-01
9.7057614558e+00   1.7901759738e-01
9.7135777723e+00   1.8503762953e-01
9.7136777723e+00   1.8511462239e-01
9.7146777723e+00   1.8588451396e-01
9.7224940889e+00   1.9189985191e-01
9.7225940889e+00   1.9197678263e-01
9.7235940889e+00   1.9274604992e-01
9.7314104055e+00   1.9875632815e-01
9.7315104055e+00   1.9883319207e-01
9.7325104055e+00   1.9960178855e-01
9.7403267220e+00   2.0560664517e-01
9.7404267220e+00   2.0568343769e-01
9.7414267220e+00   2.0645131729e-01
9.7492430386e+00   2.1245039402e-01
9.7493430386e+00   2.1252711057e-01
9.7503430386e+00   2.1329422769e-01
9.7581593552e+00   2.1928716980e-01
9.7582593552e+00   2.1936380587e-01
9.7592593552e+00   2.2013011535e-01
9.7670756717e+00   2.2611657165e-01
9.7671756717e+00   2.2619312275e-01
9.7681756717e+00   2.2695857989e-01
9.7759919883e+00   2.3293820262e-01
9.7760919883e+00   2.3301466433e-01
9.7770919883e+00   2.3377922486e-01
9.7849083048e+00   2.3975166968e-01
9.7850083048e+00   2.3982803762e-01
9.7860083048e+00   2.4059165770e-01
9.7938246214e+00   2.4655658361e-01
9.7939246214e+00   2.4663285343e-01
9.7949246214e+00   2.4739548965e-01
9.8027409380e+00   2.5335255895e-01
9.8028409380e+00   2.5342872634e-01
9.8038409380e+00   2.5419033571e-01
9.8116572545e+00   2.6013921392e-01
9.8117572545e+00   2.6021527463e-01
9.8127572545e+00   2.6097581456e-01
9.8205735711e+00   2.6691617035e-01
9.8206735711e+00   2.6699212016e-01
9.8216735711e+00   2.6775154846e-01
9.8294898876e+00   2.7368305361e-01
9.8295898876e+00   2.7375888833e-01
9.8305898876e+00   2.7451716321e-01
9.8384062042e+00   2.8043949252e-01
9.8385062042e+00   2.8051520801e-01
9.8395062042e+00   2.8127228804e-01
9.8473225208e+00   2.8718511925e-01
9.8474225208e+00   2.8726071141e-01
9.8484225208e+00   2.8801655557e-01
9.8562388373e+00   2.9391956929e-01
9.8563388373e+00   2.9399503405e-01
9.8573388373e+00   2.9474960164e-01
9.8651551539e+00   3.0064248131e-01
9.8652551539e+00   3.0071781462e-01
9.8662551539e+00   3.0147106533e-01
9.8740714704e+00   3.0735349706e-01
9.8741714704e+00   3.0742869493e-01
9.8751714704e+00   3.0818058877e-01
9.8829877870e+00   3.1405226133e-01
9.8830877870e+00   3.1412731979e-01
9.8840877870e+00   3.1487781712e-01
9.8919041036e+00   3.2073842182e-01
9.8920041036e+00   3.2081333694e-01
9.8930041036e+00   3.2156239842e-01
9.9008204201e+00   3.2741162905e-01
9.9009204201e+00   3.2748639692e-01
9.9019204201e+00   3.2823398352e-01
9.9097367367e+00   3.3407153624e-01
9.9098367367e+00   3.3414615299e-01
9.9108367367e+00   3.3489222600e-01
9.9186530532e+00   3.4071779924e-01
9.9187530532e+00   3.4079226102e-01
9.9197530532e+00   3.4153678200e-01
9.9275693698e+00   3.4735007640e-01
9.9276693698e+00   3.4742437940e-01
9.9286693698e+00   3.4816731018e-01
9.9364856864e+00   3.5396802848e-01
9.9365856864e+00   3.5404216890e-01
9.9375856864e+00   3.5478347159e-01
9.9454020029e+00   3.6057131851e-01
9.9455020029e+00   3.6064529259e-01
9.9465020029e+00   3.6138492954e-01
9.9543183195e+00   3.6715961174e-01
9.9544183195e+00   3.6723341573e-01
9.9554183195e+00   3.6797134952e-01
9.9632346361e+00   3.7373257544e-01
9.9633346361e+00   3.7380620563e-01
9.9643346361e+00   3.7454239907e-01
9.9721509526e+00   3.8028987887e-01
9.9722509526e+00   3.8036333155e-01
9.9732509526e+00   3.8109774768e-01
9.9810672692e+00   3.8683119311e-01
9.9811672692e+00   3.8690446461e-01
9.9821672692e+00   3.8763706663e-01
9.9899835857e+00   3.9335619096e-01
9.9900835857e+00   3.9342927761e-01
9.9910835857e+00   3.9416002894e-01
9.9988999023e+00   3.9986454681e-01
9.9989999023e+00   3.9993744498e-01
9.9999999023e+00   4.0066630920e-01
1.0007816219e+01   4.0635593654e-01
1.0007916219e+01   4.0642864260e-01
1.0008916219e+01   4.0715558344e-01
1.0016732535e+01   4.1283003739e-01
1.0016832535e+01   4.1290254771e-01
1.0017832535e+01   4.1362752906e-01
1.0025648852e+01   4.1928652779e-01
1.0025748852e+01   4.1935883879e-01
1.0026748852e+01   4.2008182465e-01
1.0034565169e+01   4.2572508732e-01
1.0034665169e+01   4.2579719541e-01
1.0035665169e+01   4.2651814991e-01
1.0043481485e+01   4.3214539651e-01
1.0043581485e+01   4.3221729810e-01
1.0044581485e+01   4.3293618547e-01
1.0052397802e+01   4.3854713674e-01
1.0052497802e+01   4.3861882827e-01
1.0053497802e+01   4.3933561281e-01
1.0061314118e+01   4.4492999011e-01
1.0069130435e+01   4.5050960936e-01
1.0069230435e+01   4.5058089707e-01
1.0070230435e+01   4.5129363932e-01
1.0078046751e+01   4.5685616296e-01
1.0085863068e+01   4.6240347182e-01
1.0085963068e+01   4.6247434321e-01
1.0086963068e+01   4.6318291806e-01
1.0094779384e+01   4.6871261072e-01
1.0102595701e+01   4.7422663243e-01
1.0102695701e+01   4.7429707499e-01
1.0103695701e+01   4.7500135751e-01
1.0102695701e+01   4.7429707499e-01
1.0103695701e+01   4.7500135751e-01
1.0103795701e+01   4.7507177145e-01
1.0104795701e+01   4.7577576741e-01
1.0112612018e+01   4.8126939587e-01
1.0120428334e+01   4.8674686707e-01
1.0128244651e+01   4.9220796760e-01
1.0136060967e+01   4.9765248380e-01
1.0136160967e+01   4.9772203120e-01
1.0137160967e+01   4.9841735392e-01
1.0144977284e+01   5.0384269057e-01
1.0152793600e+01   5.0925098431e-01
1.0152893600e+01   5.0932006532e-01
1.0153893600e+01   5.1001071994e-01
1.0161709917e+01   5.1539930986e-01
1.0169526234e+01   5.2077039613e-01
1.0169626234e+01   5.2083899813e-01
1.0170626234e+01   5.2152485845e-01
1.0178442550e+01   5.2687571377e-01
1.0186258867e+01   5.3220860179e-01
1.0186358867e+01   5.3227671208e-01
1.0187358867e+01   5.3295765112e-01
1.0195175183e+01   5.3826977737e-01
1.0202991500e+01   5.4356346914e-01
1.0203091500e+01   5.4363107492e-01
1.0204091500e+01   5.4430696472e-01
1.0211907816e+01   5.4957935943e-01
1.0219724133e+01   5.5483284818e-01
1.0219824133e+01   5.5489993656e-01
1.0220824133e+01   5.5557064798e-01
1.0228640449e+01   5.6080229914e-01
1.0236456766e+01   5.6601456793e-01
1.0236556766e+01   5.6608112584e-01
1.0237556766e+01   5.6674652840e-01
1.0245373083e+01   5.7193641301e-01
1.0253189399e+01   5.7710643320e-01
1.0253289399e+01   5.7717244746e-01
1.0254289399e+01   5.7783240912e-01
1.0262105716e+01   5.8297949171e-01
1.0269922032e+01   5.8810622152e-01
1.0270022032e+01   5.8817167876e-01
1.0271022032e+01   5.8882606575e-01
1.0278838349e+01   5.9392929696e-01
1.0286654665e+01   5.9901168001e-01
1.0286754665e+01   5.9907656667e-01
1.0287754665e+01   5.9972524331e-01
1.0295570982e+01   6.0478355841e-01
1.0303387298e+01   6.0982052233e-01
1.0303487298e+01   6.0988482462e-01
1.0304487298e+01   6.1052765313e-01
1.0312303615e+01   6.1553997063e-01
1.0320119932e+01   6.2053042560e-01
1.0320219932e+01   6.2059412954e-01
1.0321219932e+01   6.2123096987e-01
1.0329036248e+01   6.2619619010e-01
1.0336852565e+01   6.3113902750e-01
1.0336952565e+01   6.3120211885e-01
1.0337952565e+01   6.3183282848e-01
1.0345768881e+01   6.3674983224e-01
1.0353585198e+01   6.4164392330e-01
1.0353685198e+01   6.4170638754e-01
1.0354685198e+01   6.4233082134e-01
1.0362501514e+01   6.4719846857e-01
1.0362601514e+01   6.4726059263e-01
1.0363601514e+01   6.4788162200e-01
1.0371417831e+01   6.5272249541e-01
1.0371517831e+01   6.5278427505e-01
1.0372517831e+01   6.5340185753e-01
1.0380334148e+01   6.5821562362e-01
1.0380434148e+01   6.5827705454e-01
1.0381434148e+01   6.5889114725e-01
1.0389250464e+01   6.6367746891e-01
1.0389350464e+01   6.6373854679e-01
1.0390350464e+01   6.6434910635e-01
1.0398166781e+01   6.6910764276e-01
1.0398266781e+01   6.6916836322e-01
1.0399266781e+01   6.6977534579e-01
1.0407083097e+01   6.7450575235e-01
1.0407183097e+01   6.7456611094e-01
1.0408183097e+01   6.7516947219e-01
1.0415999414e+01   6.7987140039e-01
1.0416099414e+01   6.7993139264e-01
1.0417099414e+01   6.8053108772e-01
1.0417199414e+01   6.8059103447e-01
1.0418199414e+01   6.8119027412e-01
1.0426015730e+01   6.8585978999e-01
1.0426115730e+01   6.8591936530e-01
1.0427115730e+01   6.8651488779e-01
1.0434932047e+01   6.9115517195e-01
1.0435032047e+01   6.9121437124e-01
1.0436032047e+01   6.9180613061e-01
1.0443848363e+01   6.9641682180e-01
1.0443948363e+01   6.9647564041e-01
1.0444948363e+01   6.9706359018e-01
1.0452764680e+01   7.0164432287e-01
1.0452864680e+01   7.0170275611e-01
1.0453864680e+01   7.0228684922e-01
1.0461680997e+01   7.0683725355e-01
1.0461780997e+01   7.0689529666e-01
1.0462780997e+01   7.0747548551e-01
1.0462880997e+01   7.0753348016e-01
1.0463880997e+01   7.0811318402e-01
1.0471697313e+01   7.1262907175e-01
1.0471797313e+01   7.1268667085e-01
1.0472797313e+01   7.1326241630e-01
1.0480613630e+01   7.1774717550e-01
1.0480713630e+01   7.1780437419e-01
1.0481713630e+01   7.1837611238e-01
1.0489529946e+01   7.2282935910e-01
1.0489629946e+01   7.2288615242e-01
1.0490629946e+01   7.2345383394e-01
1.0498446263e+01   7.2787517956e-01
1.0498546263e+01   7.2793156252e-01
1.0499546263e+01   7.2849513735e-01
1.0507362579e+01   7.3288418851e-01
1.0507462579e+01   7.3294015605e-01
1.0508462579e+01   7.3349957354e-01
1.0516278896e+01   7.3785593210e-01
1.0516378896e+01   7.3791147910e-01
1.0517378896e+01   7.3846668801e-01
1.0525195213e+01   7.4278995094e-01
1.0525295213e+01   7.4284507222e-01
1.0526295213e+01   7.4339602067e-01
1.0534111529e+01   7.4768578005e-01
1.0534211529e+01   7.4774047036e-01
1.0535211529e+01   7.4828710584e-01
1.0543027846e+01   7.5254294876e-01
1.0543127846e+01   7.5259720279e-01
1.0544127846e+01   7.5313947215e-01
1.0551944162e+01   7.5736098067e-01
1.0552044162e+01   7.5741479304e-01
1.0553044162e+01   7.5795264248e-01
1.0560860479e+01   7.6213939359e-01
1.0560960479e+01   7.6219275886e-01
1.0561960479e+01   7.6272613393e-01
1.0569776795e+01   7.6687769948e-01
1.0569876795e+01   7.6693061215e-01
1.0570876795e+01   7.6745945774e-01
1.0578693112e+01   7.7157540443e-01
1.0578793112e+01   7.7162785892e-01
1.0579793112e+01   7.7215211926e-01
1.0587609428e+01   7.7623200858e-01
1.0587709428e+01   7.7628399925e-01
1.0588709428e+01   7.7680361791e-01
1.0596525745e+01   7.8084700611e-01
1.0596625745e+01   7.8089852725e-01
1.0597625745e+01   7.8141344711e-01
1.0605442062e+01   7.8541988518e-01
1.0605542062e+01   7.8547093102e-01
1.0606542062e+01   7.8598109429e-01
1.0614358378e+01   7.8995012794e-01
1.0614458378e+01   7.9000069263e-01
1.0615458378e+01   7.9050604085e-01
1.0623274695e+01   7.9443721045e-01
1.0623374695e+01   7.9448728809e-01
1.0624374695e+01   7.9498776211e-01
1.0632191011e+01   7.9888060272e-01
1.0632291011e+01   7.9893018733e-01
1.0633291011e+01   7.9942572732e-01
1.0633391011e+01   7.9947525069e-01
1.0634391011e+01   7.9997017779e-01
1.0642207328e+01   8.0381939964e-01
1.0642307328e+01   8.0386842318e-01
1.0643307328e+01   8.0435834822e-01
1.0651123644e+01   8.0816823612e-01
1.0651223644e+01   8.0821675371e-01
1.0652223644e+01   8.0870161542e-01
1.0660039961e+01   8.1247168772e-01
1.0660139961e+01   8.1251969316e-01
1.0661139961e+01   8.1299942957e-01
1.0661239961e+01   8.1304737139e-01
1.0662239961e+01   8.1352647117e-01
1.0670056277e+01   8.1725123479e-01
1.0670156277e+01   8.1729865743e-01
1.0671156277e+01   8.1777256148e-01
1.0678972594e+01   8.2145646910e-01
1.0679072594e+01   8.2150336622e-01
1.0680072594e+01   8.2197201113e-01
1.0687888911e+01   8.2561456444e-01
1.0687988911e+01   8.2566092963e-01
1.0688988911e+01   8.2612425130e-01
1.0696805227e+01   8.2972494670e-01
1.0696905227e+01   8.2977077350e-01
1.0697905227e+01   8.3022870716e-01
1.0705721544e+01   8.3378703578e-01
1.0705821544e+01   8.3383231763e-01
1.0706821544e+01   8.3428479784e-01
1.0714637860e+01   8.3780024554e-01
1.0714737860e+01   8.3784497585e-01
1.0715737860e+01   8.3829193649e-01
1.0723554177e+01   8.4176398395e-01
1.0723654177e+01   8.4180815604e-01
1.0724654177e+01   8.4224953034e-01
1.0732470493e+01   8.4567765304e-01
1.0732570493e+01   8.4572126017e-01
1.0733570493e+01   8.4615698069e-01
1.0741386810e+01   8.4954064902e-01
1.0741486810e+01   8.4958368439e-01
1.0742486810e+01   8.5001368304e-01
1.0750303127e+01   8.5335236231e-01
1.0750403127e+01   8.5339481904e-01
1.0751403127e+01   8.5381902709e-01
1.0751503127e+01   8.5386141196e-01
1.0752503127e+01   8.5428490083e-01
1.0760319443e+01   8.5757239686e-01
1.0760419443e+01   8.5761419530e-01
1.0761419443e+01   8.5803181561e-01
1.0769235760e+01   8.6127317072e-01
1.0769335760e+01   8.6131437572e-01
1.0770335760e+01   8.6172605739e-01
1.0778152076e+01   8.6492072148e-01
1.0778252076e+01   8.6496132600e-01
1.0779252076e+01   8.6536699833e-01
1.0787068393e+01   8.6851441654e-01
1.0787168393e+01   8.6855441343e-01
1.0788168393e+01   8.6895400514e-01
1.0795984709e+01   8.7205361788e-01
1.0796084709e+01   8.7209299996e-01
1.0797084709e+01   8.7248643916e-01
1.0797184709e+01   8.7252574490e-01
1.0798184709e+01   8.7291842006e-01
1.0806001026e+01   8.7596365652e-01
1.0806101026e+01   8.7600233931e-01
1.0807101026e+01   8.7638878050e-01
1.0814917342e+01   8.7938500821e-01
1.0815017342e+01   8.7942306074e-01
1.0816017342e+01   8.7980319486e-01
1.0823833659e+01   8.8274984020e-01
1.0823933659e+01   8.8278725511e-01
1.0824933659e+01   8.8316100849e-01
1.0832749976e+01   8.8605749360e-01
1.0832849976e+01   8.8609426348e-01
1.0833849976e+01   8.8646156192e-01
1.0841666292e+01   8.8930730478e-01
1.0841766292e+01   8.8934342216e-01
1.0842766292e+01   8.8970419093e-01
1.0850582609e+01   8.9249860551e-01
1.0850682609e+01   8.9253406286e-01
1.0851682609e+01   8.9288822674e-01
1.0859498925e+01   8.9563072311e-01
1.0859598925e+01   8.9566551287e-01
1.0860598925e+01   8.9601299613e-01
1.0868415242e+01   8.9870298064e-01
1.0868515242e+01   8.9873709520e-01
1.0869515242e+01   8.9907782165e-01
1.0877331558e+01   9.0171469704e-01
1.0877431558e+01   9.0174812872e-01
1.0878431558e+01   9.0208202174e-01
1.0886247875e+01   9.0466518729e-01
1.0886347875e+01   9.0469792840e-01
1.0887347875e+01   9.0502491091e-01
1.0895164191e+01   9.0755376266e-01
1.0895264191e+01   9.0758580545e-01
1.0896264191e+01   9.0790579998e-01
1.0904080508e+01   9.1037973084e-01
1.0904180508e+01   9.1041106753e-01
1.0905180508e+01   9.1072399622e-01
1.0912996825e+01   9.1314239619e-01
1.0913096825e+01   9.1317301895e-01
1.0914096825e+01   9.1347880357e-01
1.0921913141e+01   9.1584105991e-01
1.0922013141e+01   9.1587096089e-01
1.0923013141e+01   9.1616952289e-01
1.0930829458e+01   9.1847502028e-01
1.0930929458e+01   9.1850419160e-01
1.0931929458e+01   9.1879545209e-01
1.0939745774e+01   9.2104357290e-01
1.0939845774e+01   9.2107200664e-01
1.0940845774e+01   9.2135588647e-01
1.0948662091e+01   9.2354601091e-01
1.0948762091e+01   9.2357369913e-01
1.0949762091e+01   9.2385011886e-01
1.0957578407e+01   9.2598162522e-01
1.0957678407e+01   9.2600855996e-01
1.0958678407e+01   9.2627743994e-01
1.0966494724e+01   9.2834970480e-01
1.0966594724e+01   9.2837587807e-01
1.0967594724e+01   9.2863713845e-01
1.0975411041e+01   9.3064953692e-01
1.0975511041e+01   9.3067494073e-01
1.0976511041e+01   9.3092850147e-01
1.0984327357e+01   9.3288040743e-01
1.0984427357e+01   9.3290503375e-01
1.0985427357e+01   9.3315081469e-01
1.0993243674e+01   9.3504160102e-01
1.0993343674e+01   9.3506544183e-01
1.0994343674e+01   9.3530336267e-01
1.1002159990e+01   9.3713240153e-01
1.1002259990e+01   9.3715544878e-01
1.1003259990e+01   9.3738542917e-01
1.1011076307e+01   9.3915209222e-01
1.1011176307e+01   9.3917433789e-01
1.1012176307e+01   9.3939629742e-01
1.1019992623e+01   9.4109995612e-01
1.1020092623e+01   9.4112139216e-01
1.1021092623e+01   9.4133525041e-01
1.1028908940e+01   9.4297527629e-01
1.1029008940e+01   9.4299589465e-01
1.1030008940e+01   9.4320157124e-01
1.1037825256e+01   9.4477733616e-01
1.1037925256e+01   9.4479712882e-01
1.1038925256e+01   9.4499454341e-01
1.1046741573e+01   9.4650541987e-01
1.1046841573e+01   9.4652437880e-01
1.1047841573e+01   9.4671345117e-01
1.1055657890e+01   9.4815881260e-01
1.1055757890e+01   9.4817692979e-01
1.1056757890e+01   9.4835757986e-01
1.1064574206e+01   9.4973680091e-01
1.1064674206e+01   9.4975406837e-01
1.1065674206e+01   9.4992621621e-01
1.1073490523e+01   9.5123867308e-01
1.1073590523e+01   9.5125508284e-01
1.1074590523e+01   9.5141864877e-01
1.1082406839e+01   9.5266371950e-01
1.1082506839e+01   9.5267926362e-01
1.1083506839e+01   9.5283416820e-01
1.1091323156e+01   9.5401123302e-01
1.1091423156e+01   9.5402590357e-01
1.1092423156e+01   9.5417206766e-01
1.1100239472e+01   9.5528050931e-01
1.1100339472e+01   9.5529429842e-01
1.1101339472e+01   9.5543164323e-01
1.1109155789e+01   9.5647084726e-01
1.1109255789e+01   9.5648374709e-01
1.1110255789e+01   9.5661219420e-01
1.1118072106e+01   9.5758154938e-01
1.1118172106e+01   9.5759355212e-01
1.1119172106e+01   9.5771302356e-01
1.1126988422e+01   9.5861192216e-01
1.1127088422e+01   9.5862302006e-01
1.1128088422e+01   9.5873343832e-01
1.1135904739e+01   9.5956127650e-01
1.1136004739e+01   9.5957146185e-01
1.1137004739e+01   9.5967274994e-01
1.1144821055e+01   9.6042892809e-01
1.1144921055e+01   9.6043819326e-01
1.1145921055e+01   9.6053027476e-01
1.1153737372e+01   9.6121419787e-01
1.1153837372e+01   9.6122253526e-01
1.1154837372e+01   9.6130533436e-01
1.1162653688e+01   9.6191641239e-01
1.1162753688e+01   9.6192381449e-01
1.1163753688e+01   9.6199725604e-01
1.1171570005e+01   9.6253490429e-01
1.1171670005e+01   9.6254136364e-01
1.1172670005e+01   9.6260537320e-01
1.1180486321e+01   9.6306901268e-01
1.1180586321e+01   9.6307452192e-01
1.1181586321e+01   9.6312902580e-01
1.1189402638e+01   9.6351808363e-01
1.1189502638e+01   9.6352263546e-01
1.1190502638e+01   9.6356756078e-01
1.1198318955e+01   9.6388147056e-01
1.1198418955e+01   9.6388505777e-01
1.1199418955e+01   9.6392033250e-01
1.1207235271e+01   9.6415853470e-01
1.1207335271e+01   9.6416115018e-01
1.1208335271e+01   9.6418670319e-01
1.1216151588e+01   9.6434864554e-01
1.1216251588e+01   9.6435028226e-01
1.1217251588e+01   9.6436604340e-01
1.1225067904e+01   9.6445118130e-01
1.1225167904e+01   9.6445183234e-01
1.1226167904e+01   9.6445773244e-01
1.1233984221e+01   9.6446552935e-01
1.1234084221e+01   9.6446518789e-01
1.1235084221e+01   9.6446115884e-01
1.1242900537e+01   9.6439108669e-01
1.1243000537e+01   9.6438974603e-01
1.1244000537e+01   9.6437572083e-01
1.1251816854e+01   9.6422726039e-01
1.1251916854e+01   9.6422491393e-01
1.1252916854e+01   9.6420082676e-01
1.1260733170e+01   9.6397346808e-01
1.1260833170e+01   9.6397010936e-01
1.1261833170e+01   9.6393589558e-01
1.1269649487e+01   9.6362913839e-01
1.1269749487e+01   9.6362476106e-01
1.1270749487e+01   9.6358035732e-01
1.1270849487e+01   9.6357585389e-01
1.1271849487e+01   9.6353018870e-01
1.1279665804e+01   9.6313365353e-01
1.1279765804e+01   9.6312812452e-01
1.1280765804e+01   9.6307219977e-01
1.1288582120e+01   9.6259523776e-01
1.1288682120e+01   9.6258867711e-01
1.1289682120e+01   9.6252243229e-01
1.1297498437e+01   9.6196457600e-01
1.1297598437e+01   9.6195697780e-01
1.1298598437e+01   9.6188035383e-01
1.1306414753e+01   9.6124114721e-01
1.1306514753e+01   9.6123250568e-01
1.1307514753e+01   9.6114544497e-01
1.1307614753e+01   9.6113667434e-01
1.1308614753e+01   9.6104832214e-01
1.1316431070e+01   9.6031719971e-01
1.1316531070e+01   9.6030737946e-01
1.1317531070e+01   9.6020852765e-01
1.1325347386e+01   9.5939512597e-01
1.1325447386e+01   9.5938425066e-01
1.1326447386e+01   9.5927484495e-01
1.1334263703e+01   9.5837874604e-01
1.1334363703e+01   9.5836681039e-01
1.1335363703e+01   9.5824679815e-01
1.1343180020e+01   9.5726759705e-01
1.1343280020e+01   9.5725459596e-01
1.1344280020e+01   9.5712392623e-01
1.1344380020e+01   9.5711079336e-01
1.1345380020e+01   9.5697880537e-01
1.1353196336e+01   9.5590578353e-01
1.1353296336e+01   9.5589157969e-01
1.1354296336e+01   9.5574887907e-01
1.1354396336e+01   9.5573454277e-01
1.1355396336e+01   9.5559051723e-01
1.1363212653e+01   9.5442320020e-01
1.1363312653e+01   9.5440778763e-01
1.1364312653e+01   9.5425299658e-01
1.1372128969e+01   9.5300135718e-01
1.1372228969e+01   9.5298486382e-01
1.1373228969e+01   9.5281926215e-01
1.1381045286e+01   9.5148295517e-01
1.1381145286e+01   9.5146537670e-01
1.1382145286e+01   9.5128892120e-01
1.1389961602e+01   9.4986761654e-01
1.1390061602e+01   9.4984894881e-01
1.1391061602e+01   9.4966159825e-01
1.1391161602e+01   9.4964279586e-01
1.1392161602e+01   9.4945409843e-01
1.1399977919e+01   9.4793693547e-01
1.1400077919e+01   9.4791703942e-01
1.1401077919e+01   9.4771740299e-01
1.1401177919e+01   9.4769737175e-01
1.1402177919e+01   9.4749638319e-01
1.1409994235e+01   9.4588298737e-01
1.1410094235e+01   9.4586185832e-01
1.1411094235e+01   9.4564988942e-01
1.1418910552e+01   9.4395053269e-01
1.1419010552e+01   9.4392830235e-01
1.1420010552e+01   9.4370531855e-01
1.1420110552e+01   9.4368295212e-01
1.1421110552e+01   9.4345860713e-01
1.1428926869e+01   9.4166237308e-01
1.1429026869e+01   9.4163890172e-01
1.1430026869e+01   9.4140350558e-01
1.1437843185e+01   9.3952077491e-01
1.1437943185e+01   9.3949619562e-01
1.1438943185e+01   9.3924971839e-01
1.1439043185e+01   9.3922500222e-01
1.1440043185e+01   9.3897715596e-01
1.1447859502e+01   9.3699698981e-01
1.1447959502e+01   9.3697116260e-01
1.1448959502e+01   9.3671220432e-01
1.1456775818e+01   9.3464508435e-01
1.1456875818e+01   9.3461814358e-01
1.1457875818e+01   9.3434804816e-01
1.1465692135e+01   9.3219378716e-01
1.1465792135e+01   9.3216573053e-01
1.1466792135e+01   9.3188447522e-01
1.1466892135e+01   9.3185628078e-01
1.1467892135e+01   9.3157364721e-01
1.1475708451e+01   9.2932129428e-01
1.1475808451e+01   9.2929198169e-01
1.1476808451e+01   9.2899816550e-01
1.1476908451e+01   9.2896871484e-01
1.1477908451e+01   9.2867351778e-01
1.1485724768e+01   9.2632288655e-01
1.1485824768e+01   9.2629231577e-01
1.1486824768e+01   9.2598591640e-01
1.1494641085e+01   9.2354766504e-01
1.1494741085e+01   9.2351597262e-01
1.1495741085e+01   9.2319835605e-01
1.1503557401e+01   9.2067237775e-01
1.1503657401e+01   9.2063956244e-01
1.1504657401e+01   9.2031071628e-01
1.1512473718e+01   9.1769692394e-01
1.1512573718e+01   9.1766298473e-01
1.1513573718e+01   9.1732289912e-01
1.1521390034e+01   9.1462122560e-01
1.1521490034e+01   9.1458616175e-01
1.1522490034e+01   9.1423482940e-01
1.1530306351e+01   9.1144522776e-01
1.1530406351e+01   9.1140903880e-01
1.1530406351e+01   9.1140903880e-01
1.1531406351e+01   9.1104645501e-01
1.1531506351e+01   9.1101012722e-01
1.1532506351e+01   9.1064615516e-01
1.1540322667e+01   9.0775774722e-01
1.1540422667e+01   9.0772029408e-01
1.1541422667e+01   9.0734506847e-01
1.1549238984e+01   9.0436870089e-01
1.1549338984e+01   9.0433012247e-01
1.1550338984e+01   9.0394364425e-01
1.1550438984e+01   9.0390492703e-01
1.1551438984e+01   9.0351706078e-01
1.1559255300e+01   9.0044190422e-01
1.1559355300e+01   9.0040206213e-01
1.1560355300e+01   9.0000294753e-01
1.1568171617e+01   8.9683989418e-01
1.1568271617e+01   8.9679892787e-01
1.1569271617e+01   8.9638857161e-01
1.1577087934e+01   8.9313768429e-01
1.1577187934e+01   8.9309559469e-01
1.1578187934e+01   8.9267400620e-01
1.1586004250e+01   8.8933536925e-01
1.1586104250e+01   8.8929215757e-01
1.1587104250e+01   8.8885934903e-01
1.1594920567e+01   8.8543306847e-01
1.1595020567e+01   8.8538873618e-01
1.1596020567e+01   8.8494472257e-01
1.1603836883e+01   8.8143092625e-01
1.1603936883e+01   8.8138547511e-01
1.1604936883e+01   8.8093027420e-01
1.1612753200e+01   8.7732911191e-01
1.1612853200e+01   8.7728254396e-01
1.1613853200e+01   8.7681617634e-01
1.1621669516e+01   8.7312781994e-01
1.1621769516e+01   8.7308013751e-01
1.1622769516e+01   8.7260262660e-01
1.1630585833e+01   8.6882727011e-01
1.1630685833e+01   8.6877847581e-01
1.1631685833e+01   8.6828984787e-01
1.1639502149e+01   8.6442770754e-01
1.1639602149e+01   8.6437780426e-01
1.1640602149e+01   8.6387808840e-01
1.1648418466e+01   8.5992940282e-01
1.1648518466e+01   8.5987839374e-01
1.1648518466e+01   8.5987839374e-01
1.1649518466e+01   8.5936762192e-01
1.1649618466e+01   8.5931647665e-01
1.1650618466e+01   8.5880434323e-01
1.1658434783e+01   8.5475874767e-01
1.1658534783e+01   8.5470650051e-01
1.1659534783e+01   8.5418335046e-01
1.1659634783e+01   8.5413096762e-01
1.1660634783e+01   8.5360646103e-01
1.1668451099e+01   8.4946431651e-01
1.1668551099e+01   8.4941083605e-01
1.1669551099e+01   8.4887535578e-01
1.1677367416e+01   8.4464759487e-01
1.1677467416e+01   8.4459302091e-01
1.1678467416e+01   8.4404660822e-01
1.1686283732e+01   8.3973356457e-01
1.1686383732e+01   8.3967790150e-01
1.1687383732e+01   8.3912060054e-01
1.1695200049e+01   8.3472263018e-01
1.1695300049e+01   8.3466588269e-01
1.1696300049e+01   8.3409774045e-01
1.1704116365e+01   8.2961522177e-01
1.1704216365e+01   8.2955739481e-01
1.1705216365e+01   8.2897846114e-01
1.1713032682e+01   8.2441179479e-01
1.1713132682e+01   8.2435289363e-01
1.1714132682e+01   8.2376322123e-01
1.1721948999e+01   8.1911283008e-01
1.1722048999e+01   8.1905286025e-01
1.1723048999e+01   8.1845250464e-01
1.1723148999e+01   8.1839240337e-01
1.1724148999e+01   8.1779073377e-01
1.1731965315e+01   8.1304682053e-01
1.1732065315e+01   8.1298565714e-01
1.1733065315e+01   8.1237337010e-01
1.1733165315e+01   8.1231207610e-01
1.1734165315e+01   8.1169848339e-01
1.1741981632e+01   8.0686164079e-01
1.1742081632e+01   8.0679929158e-01
1.1743081632e+01   8.0617515071e-01
1.1750897948e+01   8.0125610810e-01
1.1750997948e+01   8.0119271013e-01
1.1751997948e+01   8.0055808574e-01
1.1759814265e+01   7.9555735905e-01
1.1759914265e+01   7.9549291905e-01
1.1760914265e+01   7.9484787854e-01
1.1768730581e+01   7.8976600524e-01
1.1768830581e+01   7.8970053020e-01
1.1769830581e+01   7.8904514371e-01
1.1777646898e+01   7.8388268260e-01
1.1777746898e+01   7.8381617979e-01
1.1778746898e+01   7.8315052020e-01
1.1786563214e+01   7.7790805123e-01
1.1786663214e+01   7.7784052819e-01
1.1787663214e+01   7.7716467104e-01
1.1795479531e+01   7.7184279510e-01
1.1795579531e+01   7.7177425963e-01
1.1796579531e+01   7.7108828315e-01
1.1804395848e+01   7.6568762179e-01
1.1804495848e+01   7.6561808197e-01
1.1805495848e+01   7.6492206701e-01
1.1813312164e+01   7.5944326225e-01
1.1813412164e+01   7.5937272640e-01
1.1814412164e+01   7.5866675640e-01
1.1822228481e+01   7.5311047042e-01
1.1822328481e+01   7.5303894713e-01
1.1823328481e+01   7.5232310810e-01
1.1831144797e+01   7.4669002298e-01
1.1831244797e+01   7.4661752109e-01
1.1832244797e+01   7.4589190156e-01
1.1832344797e+01   7.4581927957e-01
1.1832344797e+01   7.4581927957e-01
1.1833344797e+01   7.4509245969e-01
1.1833444797e+01   7.4501971773e-01
1.1834444797e+01   7.4429169888e-01
1.1842261114e+01   7.3856385023e-01
1.1842361114e+01   7.3849014104e-01
1.1843361114e+01   7.3775245556e-01
1.1851177430e+01   7.3194941116e-01
1.1851277430e+01   7.3187474412e-01
1.1852277430e+01   7.3112748607e-01
1.1860093747e+01   7.2524999043e-01
1.1860193747e+01   7.2517437518e-01
1.1861193747e+01   7.2441764101e-01
1.1861293747e+01   7.2434190945e-01
1.1862293747e+01   7.2358401302e-01
1.1870110064e+01   7.1762379203e-01
1.1870210064e+01   7.1754712336e-01
1.1871210064e+01   7.1677986196e-01
1.1879026380e+01   7.1074683148e-01
1.1879126380e+01   7.1066923582e-01
1.1880126380e+01   7.0989271082e-01
1.1887942697e+01   7.0378767193e-01
1.1888042697e+01   7.0370915962e-01
1.1889042697e+01   7.0292347464e-01
1.1896859013e+01   6.9674724573e-01
1.1896959013e+01   6.9666782735e-01
1.1897959013e+01   6.9587308820e-01
1.1905775330e+01   6.8962650459e-01
1.1905875330e+01   6.8954619091e-01
1.1906875330e+01   6.8874250552e-01
1.1914691646e+01   6.8242641901e-01
1.1914791646e+01   6.8234522103e-01
1.1915791646e+01   6.8153269944e-01
1.1923607963e+01   6.7514797789e-01
1.1923707963e+01   6.7506590680e-01
1.1924707963e+01   6.7424466105e-01
1.1924807963e+01   6.7416248303e-01
1.1925807963e+01   6.7334016885e-01
1.1933624279e+01   6.6687939925e-01
1.1933724279e+01   6.6679636092e-01
1.1934724279e+01   6.6596545081e-01
1.1942540596e+01   6.5943794017e-01
1.1942640596e+01   6.5935405315e-01
1.1943640596e+01   6.5851466326e-01
1.1951456913e+01   6.5192132670e-01
1.1951556913e+01   6.5183660276e-01
1.1952556913e+01   6.5098885110e-01
1.1960373229e+01   6.4433061786e-01
1.1960473229e+01   6.4424506898e-01
1.1961473229e+01   6.4338907532e-01
1.1961573229e+01   6.4330342551e-01
1.1962573229e+01   6.4244642343e-01
1.1970389546e+01   6.3571641248e-01
1.1970489546e+01   6.3562995137e-01
1.1971489546e+01   6.3476484390e-01
1.1971589546e+01   6.3467828355e-01
1.1972589546e+01   6.3381218463e-01
1.1980405862e+01   6.2701160449e-01
1.1980505862e+01   6.2692424670e-01
1.1981505862e+01   6.2605018106e-01
1.1989322179e+01   6.1918781285e-01
1.1989422179e+01   6.1909967013e-01
1.1990422179e+01   6.1821776289e-01
1.1998238495e+01   6.1129459039e-01
1.1998338495e+01   6.1120567538e-01
1.1999338495e+01   6.1031605314e-01
1.1999438495e+01   6.1022704374e-01
1.2000438495e+01   6.0933647855e-01
1.2008254812e+01   6.0234618793e-01
1.2008354812e+01   6.0225642063e-01
1.2009354812e+01   6.0135828439e-01
1.2017171128e+01   5.9430931580e-01
1.2017271128e+01   5.9421880355e-01
1.2018271128e+01   5.9331322584e-01
1.2026087445e+01   5.8620659713e-01
1.2026187445e+01   5.8611535301e-01
1.2027187445e+01   5.8520246469e-01
1.2027287445e+01   5.8511113119e-01
1.2028287445e+01   5.8419735010e-01
1.2036103762e+01   5.7702717388e-01
1.2036203762e+01   5.7693512335e-01
1.2037203762e+01   5.7601418011e-01
1.2037303762e+01   5.7592204203e-01
1.2038303762e+01   5.7500022442e-01
1.2046120078e+01   5.6776781059e-01
1.2046220078e+01   5.6767497047e-01
1.2047220078e+01   5.6674614060e-01
1.2047320078e+01   5.6665321480e-01
1.2048320078e+01   5.6572352914e-01
1.2056136395e+01   5.5843019975e-01
1.2056236395e+01   5.5833658700e-01
1.2057236395e+01   5.5740004033e-01
1.2057336395e+01   5.5730634378e-01
1.2058336395e+01   5.5636896004e-01
1.2066152711e+01   5.4901604842e-01
1.2066252711e+01   5.4892168017e-01
1.2067252711e+01   5.4797758788e-01
1.2075069028e+01   5.4057276755e-01
1.2075169028e+01   5.4047774127e-01
1.2076169028e+01   5.3952707709e-01
1.2083985344e+01   5.3207141958e-01
1.2084085344e+01   5.3197574901e-01
1.2085085344e+01   5.3101865044e-01
1.2092901661e+01   5.2351323341e-01
1.2093001661e+01   5.2341693236e-01
1.2094001661e+01   5.2245353765e-01
1.2101817978e+01   5.1489944433e-01
1.2101917978e+01   5.1480252671e-01
1.2102917978e+01   5.1383297478e-01
1.2110734294e+01   5.0623129343e-01
1.2110834294e+01   5.0613377318e-01
1.2111834294e+01   5.0515820355e-01
1.2119650611e+01   4.9751002686e-01
1.2119750611e+01   4.9741191798e-01
1.2120750611e+01   4.9643047071e-01
1.2128566927e+01   4.8873689526e-01
1.2128666927e+01   4.8863821180e-01
1.2129666927e+01   4.8765102741e-01
1.2137483244e+01   4.7991315305e-01
1.2137583244e+01   4.7981390910e-01
1.2138583244e+01   4.7882112849e-01
1.2138683244e+01   4.7872181637e-01
1.2139683244e+01   4.7772835514e-01
1.2147499560e+01   4.6994203191e-01
1.2147599560e+01   4.6984217515e-01
1.2148599560e+01   4.6884327637e-01
1.2156415877e+01   4.6101499802e-01
1.2156515877e+01   4.6091461079e-01
1.2157515877e+01   4.5991041593e-01
1.2165332193e+01   4.5204128903e-01
1.2165432193e+01   4.5194038548e-01
1.2166432193e+01   4.5093103618e-01
1.2174248510e+01   4.4302216827e-01
1.2174348510e+01   4.4292076257e-01
1.2175348510e+01   4.4190640058e-01
1.2183164827e+01   4.3395889962e-01
1.2183264827e+01   4.3385700595e-01
1.2184264827e+01   4.3283777301e-01
1.2184364827e+01   4.3273582013e-01
1.2185364827e+01   4.3171599608e-01
1.2193181143e+01   4.2372641722e-01
1.2193281143e+01   4.2362399229e-01
1.2194281143e+01   4.2259945648e-01
1.2202097460e+01   4.1457359616e-01
1.2202197460e+01   4.1447071333e-01
1.2203197460e+01   4.1344160733e-01
1.2211013776e+01   4.0538057137e-01
1.2211113776e+01   4.0527724479e-01
1.2212113776e+01   4.0424370996e-01
1.2219930093e+01   3.9614860241e-01
1.2220030093e+01   3.9604484619e-01
1.2221030093e+01   3.9500702364e-01
1.2221130093e+01   3.9490321539e-01
1.2222130093e+01   3.9386487363e-01
1.2229946409e+01   3.8573280496e-01
1.2230046409e+01   3.8562858288e-01
1.2231046409e+01   3.8458611153e-01
1.2231146409e+01   3.8448183938e-01
1.2232146409e+01   3.8343886829e-01
1.2239962726e+01   3.7527122477e-01
1.2240062726e+01   3.7516655456e-01
1.2241062726e+01   3.7411961149e-01
1.2248879042e+01   3.6592146234e-01
1.2248979042e+01   3.6581640804e-01
1.2249979042e+01   3.6476563280e-01
1.2257795359e+01   3.5653806873e-01
1.2257895359e+01   3.5643264429e-01
1.2258895359e+01   3.5537817614e-01
1.2266711676e+01   3.4712228344e-01
1.2266811676e+01   3.4701650272e-01
1.2267811676e+01   3.4595848033e-01
1.2275627992e+01   3.3767534035e-01
1.2275727992e+01   3.3756921716e-01
1.2276727992e+01   3.3650777853e-01
1.2284544309e+01   3.2819846725e-01
1.2284644309e+01   3.2809201532e-01
1.2285644309e+01   3.2702729774e-01
1.2293460625e+01   3.1869288527e-01
1.2293560625e+01   3.1858611826e-01
1.2294560625e+01   3.1751825824e-01
1.2302376942e+01   3.0915980841e-01
1.2302476942e+01   3.0905273988e-01
1.2303476942e+01   3.0798187310e-01
1.2311293258e+01   2.9960044298e-01
1.2311393258e+01   2.9949308642e-01
1.2312393258e+01   2.9841934767e-01
1.2320209575e+01   2.9001598717e-01
1.2320309575e+01   2.8990835598e-01
1.2321309575e+01   2.8883187909e-01
1.2329125892e+01   2.8040763055e-01
1.2329225892e+01   2.8029973801e-01
1.2330225892e+01   2.7922065583e-01
1.2338042208e+01   2.7077655359e-01
1.2338142208e+01   2.7066841289e-01
1.2339142208e+01   2.6958685721e-01
1.2346958525e+01   2.6112392723e-01
1.2347058525e+01   2.6101555145e-01
1.2348058525e+01   2.5993165298e-01
1.2355874841e+01   2.5145091245e-01
1.2355974841e+01   2.5134231455e-01
1.2356974841e+01   2.5025620283e-01
1.2364791158e+01   2.4175865983e-01
1.2364891158e+01   2.4164985265e-01
1.2365891158e+01   2.4056165606e-01
1.2373707474e+01   2.3204830914e-01
1.2373807474e+01   2.3193930541e-01
1.2374807474e+01   2.3084915106e-01
1.2382623791e+01   2.2232098898e-01
1.2382723791e+01   2.2221180128e-01
1.2383723791e+01   2.2111981502e-01
1.2391540107e+01   2.1257781634e-01
1.2391640107e+01   2.1246845715e-01
1.2392640107e+01   2.1137476350e-01
1.2400456424e+01   2.0281989632e-01
1.2400556424e+01   2.0271037794e-01
1.2401556424e+01   2.0161510008e-01
1.2409372741e+01   1.9304832168e-01
1.2409472741e+01   1.9293865631e-01
1.2410472741e+01   1.9184191598e-01
1.2418289057e+01   1.8326417258e-01
1.2418389057e+01   1.8315437226e-01
1.2419389057e+01   1.8205628980e-01
1.2427205374e+01   1.7346851625e-01
1.2427305374e+01   1.7335859287e-01
1.2428305374e+01   1.7225928714e-01
1.2436121690e+01   1.6366240665e-01
1.2436221690e+01   1.6355237196e-01
1.2437221690e+01   1.6245196030e-01
1.2445038007e+01   1.5384688421e-01
1.2445138007e+01   1.5373674981e-01
1.2446138007e+01   1.5263534803e-01
1.2453954323e+01   1.4402297556e-01
1.2454054323e+01   1.4391275286e-01
1.2455054323e+01   1.4281047523e-01
1.2462870640e+01   1.3419169324e-01
1.2462970640e+01   1.3408139353e-01
1.2463970640e+01   1.3297835268e-01
1.2471786957e+01   1.2435403548e-01
1.2471886957e+01   1.2424366987e-01
1.2472886957e+01   1.2313997685e-01
1.2480703273e+01   1.1451098597e-01
1.2480803273e+01   1.1440056542e-01
1.2481803273e+01   1.1329632962e-01
1.2489619590e+01   1.0466351366e-01
1.2489719590e+01   1.0455304895e-01
1.2490719590e+01   1.0344837808e-01
1.2498535906e+01   9.4812572523e-02
1.2498635906e+01   9.4702074254e-02
1.2499635906e+01   9.3597074354e-02
1.2507452223e+01   8.4959101399e-02
1.2507552223e+01   8.4848580020e-02
1.2508552223e+01   8.3743355415e-02
1.2516368539e+01   7.5104023828e-02
1.2516468539e+01   7.4993489611e-02
1.2517468539e+01   7.3888142898e-02
1.2525284856e+01   6.5248247892e-02
1.2525384856e+01   6.5137710932e-02
1.2526384856e+01   6.4032342966e-02
1.2534201172e+01   5.5392666075e-02
1.2534301172e+01   5.5282136294e-02
1.2535301172e+01   5.4176846173e-02
1.2543117489e+01   4.5538155144e-02
1.2543217489e+01   4.5427642285e-02
1.2544217489e+01   4.4322527336e-02
1.2552033806e+01   3.5685576035e-02
1.2552133806e+01   3.5575089664e-02
1.2553133806e+01   3.4470245434e-02
1.2560950122e+01   2.5835773765e-02
1.2561050122e+01   2.5725323269e-02
1.2562050122e+01   2.4620843511e-02
1.2569866439e+01   1.5989577347e-02
1.2569966439e+01   1.5879171931e-02
1.2570966439e+01   1.4775148603e-02
1.2578782755e+01   6.1477997253e-03
1.2578882755e+01   6.0374484168e-03
1.2579882755e+01   4.9339716680e-03
1.2587699072e+01   -3.6887622746e-03
1.2587799072e+01   -3.7990506309e-03
1.2588799072e+01   -4.9018924606e-03
1.2588899072e+01   -5.0121724464e-03
1.2589899072e+01   -6.1149299142e-03
1.2597715388e+01   -1.4731665112e-02
1.2597815388e+01   -1.4841872425e-02
1.2598815388e+01   -1.5943897899e-02
1.2606631705e+01   -2.4554583799e-02
1.2606731705e+01   -2.4664709980e-02
1.2607731705e+01   -2.5765918976e-02
1.2615548021e+01   -3.4369902230e-02
1.2615648021e+01   -3.4479939002e-02
1.2616648021e+01   -3.5580248849e-02
1.2624464338e+01   -4.4176890307e-02
1.2624564338e+01   -4.4286829572e-02
1.2625564338e+01   -4.5386159418e-02
1.2633380655e+01   -5.3974834105e-02
1.2633480655e+01   -5.4084667948e-02
1.2634480655e+01   -5.5182938750e-02
1.2642296971e+01   -6.3763035847e-02
1.2642396971e+01   -6.3872756532e-02
1.2643396971e+01   -6.4969891059e-02
1.2651213288e+01   -7.3540813860e-02
1.2651313288e+01   -7.3650413835e-02
1.2652313288e+01   -7.4746336655e-02
1.2660129604e+01   -8.3307502524e-02
1.2660229604e+01   -8.3416974415e-02
1.2661229604e+01   -8.4511611895e-02
1.2669045921e+01   -9.3062452209e-02
1.2669145921e+01   -9.3171788819e-02
1.2670145921e+01   -9.4265069115e-02
1.2677962237e+01   -1.0280502919e-01
1.2678062237e+01   -1.0291422350e-01
1.2679062237e+01   -1.0400607655e-01
1.2686878554e+01   -1.1253461558e-01
1.2686978554e+01   -1.1264366075e-01
1.2687978554e+01   -1.1373401825e-01
1.2695794871e+01   -1.2225060919e-01
1.2695894871e+01   -1.2235949856e-01
1.2696894871e+01   -1.2344829397e-01
1.2704711187e+01   -1.3195242346e-01
1.2704811187e+01   -1.3206115054e-01
1.2705811187e+01   -1.3314831906e-01
1.2713627504e+01   -1.4163948733e-01
1.2713727504e+01   -1.4174804580e-01
1.2714727504e+01   -1.4283352437e-01
1.2722543820e+01   -1.5131124510e-01
1.2722643820e+01   -1.5141962881e-01
1.2723643820e+01   -1.5250335608e-01
1.2731460137e+01   -1.6096715628e-01
1.2731560137e+01   -1.6107535926e-01
1.2732560137e+01   -1.6215727556e-01
1.2740376453e+01   -1.7060669548e-01
1.2740476453e+01   -1.7071471191e-01
1.2741476453e+01   -1.7179475928e-01
1.2749292770e+01   -1.8022935218e-01
1.2749392770e+01   -1.8033717643e-01
1.2750392770e+01   -1.8141529855e-01
1.2758209086e+01   -1.8983463064e-01
1.2758309086e+01   -1.8994225724e-01
1.2759309086e+01   -1.9101839944e-01
1.2767125403e+01   -1.9942204969e-01
1.2767225403e+01   -1.9952947331e-01
1.2768225403e+01   -2.0060358255e-01
1.2776041720e+01   -2.0899114252e-01
1.2776141720e+01   -2.0909835801e-01
1.2777141720e+01   -2.1017038283e-01
1.2784958036e+01   -2.1854145651e-01
1.2785058036e+01   -2.1864845887e-01
1.2786058036e+01   -2.1971834941e-01
1.2793874353e+01   -2.2807255304e-01
1.2793974353e+01   -2.2817933744e-01
1.2794974353e+01   -2.2924704538e-01
1.2802790669e+01   -2.3758400725e-01
1.2802890669e+01   -2.3769056899e-01
1.2803890669e+01   -2.3875604756e-01
1.2811706986e+01   -2.4707540784e-01
1.2811806986e+01   -2.4718174240e-01
1.2812806986e+01   -2.4824494631e-01
1.2820623302e+01   -2.5654635686e-01
1.2820723302e+01   -2.5665245983e-01
1.2821723302e+01   -2.5771334529e-01
1.2829539619e+01   -2.6599646943e-01
1.2829639619e+01   -2.6610233658e-01
1.2830639619e+01   -2.6716086125e-01
1.2838455936e+01   -2.7542537356e-01
1.2838555936e+01   -2.7553100079e-01
1.2839555936e+01   -2.7658712375e-01
1.2847372252e+01   -2.8483270986e-01
1.2847472252e+01   -2.8493809321e-01
1.2848472252e+01   -2.8599177495e-01
1.2856288569e+01   -2.9421813132e-01
1.2856388569e+01   -2.9432326697e-01
1.2857388569e+01   -2.9537446935e-01
1.2865204885e+01   -3.0358130305e-01
1.2865304885e+01   -3.0368618730e-01
1.2866304885e+01   -3.0473487351e-01
1.2874121202e+01   -3.1292190197e-01
1.2874221202e+01   -3.1302653127e-01
1.2875221202e+01   -3.1407266583e-01
1.2875321202e+01   -3.1417726344e-01
1.2876321202e+01   -3.1522308081e-01
1.2884137518e+01   -3.2338753625e-01
1.2884237518e+01   -3.2349187506e-01
1.2885237518e+01   -3.2453510243e-01
1.2893053835e+01   -3.3267918598e-01
1.2893153835e+01   -3.3278326271e-01
1.2894153835e+01   -3.3382386728e-01
1.2901970151e+01   -3.4194732722e-01
1.2902070151e+01   -3.4205113870e-01
1.2903070151e+01   -3.4308908888e-01
1.2910886468e+01   -3.5119168290e-01
1.2910986468e+01   -3.5129522609e-01
1.2911986468e+01   -3.5233049147e-01
1.2919802785e+01   -3.6041198637e-01
1.2919902785e+01   -3.6051525833e-01
1.2920902785e+01   -3.6154780966e-01
1.2928719101e+01   -3.6960798111e-01
1.2928819101e+01   -3.6971097902e-01
1.2929819101e+01   -3.7074078815e-01
1.2937635418e+01   -3.7877942045e-01
1.2937735418e+01   -3.7888214159e-01
1.2938735418e+01   -3.7990918148e-01
1.2946551734e+01   -3.8792606723e-01
1.2946651734e+01   -3.8802850901e-01
1.2947651734e+01   -3.8905275365e-01
1.2955468051e+01   -3.9704769357e-01
1.2955568051e+01   -3.9714985348e-01
1.2956568051e+01   -3.9817127788e-01
1.2964384367e+01   -4.0614408048e-01
1.2964484367e+01   -4.0624595611e-01
1.2965484367e+01   -4.0726453628e-01
1.2965584367e+01   -4.0736637668e-01
1.2966584367e+01   -4.0838460433e-01
1.2974400684e+01   -4.1633231953e-01
1.2974500684e+01   -4.1643387306e-01
1.2975500684e+01   -4.1744923064e-01
1.2983317000e+01   -4.2537442660e-01
1.2983417000e+01   -4.2547569105e-01
1.2984417000e+01   -4.2648815652e-01
1.2984517000e+01   -4.2658938516e-01
1.2985517000e+01   -4.2760149234e-01
1.2993333317e+01   -4.3550118984e-01
1.2993433317e+01   -4.3560212702e-01
1.2994433317e+01   -4.3661131838e-01
1.3002249634e+01   -4.4448814607e-01
1.3002349634e+01   -4.4458878977e-01
1.3003349634e+01   -4.4559504506e-01
1.3011165950e+01   -4.5344884795e-01
1.3011265950e+01   -4.5354919621e-01
1.3012265950e+01   -4.5455249602e-01
1.3020082267e+01   -4.6238312516e-01
1.3020182267e+01   -4.6248317612e-01
1.3021182267e+01   -4.6348350177e-01
1.3028998583e+01   -4.7129081402e-01
1.3029098583e+01   -4.7139056588e-01
1.3030098583e+01   -4.7238789941e-01
1.3037914900e+01   -4.8017175715e-01
1.3038014900e+01   -4.8027120817e-01
1.3039014900e+01   -4.8126553232e-01
1.3046831216e+01   -4.8902580311e-01
1.3046931216e+01   -4.8912495164e-01
1.3047931216e+01   -4.9011624979e-01
1.3055747533e+01   -4.9785280612e-01
1.3055847533e+01   -4.9795165054e-01
1.3056847533e+01   -4.9893990669e-01
1.3064663850e+01   -5.0665262569e-01
1.3064763850e+01   -5.0675116447e-01
1.3065763850e+01   -5.0773636318e-01
1.3073580166e+01   -5.1542512632e-01
1.3073680166e+01   -5.1552335795e-01
1.3074680166e+01   -5.1650548432e-01
1.3082496483e+01   -5.2417017710e-01
1.3082596483e+01   -5.2426810015e-01
1.3083596483e+01   -5.2524713978e-01
1.3091412799e+01   -5.3288765146e-01
1.3091512799e+01   -5.3298526452e-01
1.3092512799e+01   -5.3396120347e-01
1.3100329116e+01   -5.4157742675e-01
1.3100429116e+01   -5.4167472848e-01
1.3101429116e+01   -5.4264755324e-01
1.3101529116e+01   -5.4274481646e-01
1.3102529116e+01   -5.4371725611e-01
1.3110345432e+01   -5.5130607047e-01
1.3110445432e+01   -5.5140302088e-01
1.3111445432e+01   -5.5237233161e-01
1.3119261749e+01   -5.5993663982e-01
1.3119361749e+01   -5.6003327614e-01
1.3120361749e+01   -5.6099944520e-01
1.3128178065e+01   -5.6853914883e-01
1.3128278065e+01   -5.6863546981e-01
1.3129278065e+01   -5.6959848475e-01
1.3137094382e+01   -5.7711348758e-01
1.3137194382e+01   -5.7720949201e-01
1.3138194382e+01   -5.7816934065e-01
1.3146010699e+01   -5.8565954837e-01
1.3146110699e+01   -5.8575523505e-01
1.3147110699e+01   -5.8671190545e-01
1.3147210699e+01   -5.8680755285e-01
1.3148210699e+01   -5.8776383032e-01
1.3156027015e+01   -5.9522607352e-01
1.3156127015e+01   -5.9532140184e-01
1.3157127015e+01   -5.9627448786e-01
1.3164943332e+01   -6.0371174072e-01
1.3165043332e+01   -6.0380674881e-01
1.3166043332e+01   -6.0475663177e-01
1.3173859648e+01   -6.1216880405e-01
1.3173959648e+01   -6.1226349075e-01
1.3174959648e+01   -6.1321015917e-01
1.3182775965e+01   -6.2059716130e-01
1.3182875965e+01   -6.2069152548e-01
1.3183875965e+01   -6.2163496791e-01
1.3191692281e+01   -6.2899671072e-01
1.3191792281e+01   -6.2909075123e-01
1.3192792281e+01   -6.3003095629e-01
1.3200608598e+01   -6.3736735066e-01
1.3200708598e+01   -6.3746106636e-01
1.3201708598e+01   -6.3839802263e-01
1.3209524915e+01   -6.4570897923e-01
1.3209624915e+01   -6.4580236897e-01
1.3210624915e+01   -6.4673606500e-01
1.3218441231e+01   -6.5402149396e-01
1.3218541231e+01   -6.5411455660e-01
1.3219541231e+01   -6.5504498084e-01
1.3227357548e+01   -6.6230479147e-01
1.3227457548e+01   -6.6239752584e-01
1.3228457548e+01   -6.6332466662e-01
1.3236273864e+01   -6.7055876709e-01
1.3236373864e+01   -6.7065117200e-01
1.3237373864e+01   -6.7157501749e-01
1.3237473864e+01   -6.7166738167e-01
1.3238473864e+01   -6.7259081979e-01
1.3246290181e+01   -6.7979592695e-01
1.3246390181e+01   -6.7988796033e-01
1.3247390181e+01   -6.8080808961e-01
1.3255206497e+01   -6.8798728651e-01
1.3255306497e+01   -6.8807898785e-01
1.3256306497e+01   -6.8899579599e-01
1.3264122814e+01   -6.9614898533e-01
1.3264222814e+01   -6.9624035337e-01
1.3265222814e+01   -6.9715382777e-01
1.3273039130e+01   -7.0428090988e-01
1.3273139130e+01   -7.0437194333e-01
1.3274139130e+01   -7.0528207108e-01
1.3274239130e+01   -7.0537306317e-01
1.3275239130e+01   -7.0628277713e-01
1.3283055447e+01   -7.1338040896e-01
1.3283155447e+01   -7.1347106497e-01
1.3284155447e+01   -7.1437741733e-01
1.3291971764e+01   -7.2144872105e-01
1.3292071764e+01   -7.2153903961e-01
1.3293071764e+01   -7.2244201663e-01
1.3300888080e+01   -7.2948688323e-01
1.3300988080e+01   -7.2957686294e-01
1.3301988080e+01   -7.3047645045e-01
1.3309804397e+01   -7.3749476731e-01
1.3309904397e+01   -7.3758440669e-01
1.3310904397e+01   -7.3848059003e-01
1.3318720713e+01   -7.4547224063e-01
1.3318820713e+01   -7.4556153817e-01
1.3319820713e+01   -7.4645430218e-01
1.3327637030e+01   -7.5341916578e-01
1.3327737030e+01   -7.5350811991e-01
1.3328737030e+01   -7.5439744885e-01
1.3336553346e+01   -7.6133540023e-01
1.3336653346e+01   -7.6142400933e-01
1.3337653346e+01   -7.6230988687e-01
1.3345469663e+01   -7.6922079601e-01
1.3345569663e+01   -7.6930905838e-01
1.3346569663e+01   -7.7019146758e-01
1.3354385979e+01   -7.7707519936e-01
1.3354485979e+01   -7.7716311324e-01
1.3355485979e+01   -7.7804203646e-01
1.3363302296e+01   -7.8489845039e-01
1.3363402296e+01   -7.8498601396e-01
1.3364402296e+01   -7.8586143286e-01
1.3372218613e+01   -7.9269038277e-01
1.3372318613e+01   -7.9277759411e-01
1.3373318613e+01   -7.9364948961e-01
1.3381134929e+01   -8.0045082335e-01
1.3381234929e+01   -8.0053768049e-01
1.3382234929e+01   -8.0140603273e-01
1.3382334929e+01   -8.0149284603e-01
1.3383334929e+01   -8.0236075973e-01
1.3391151246e+01   -8.0913088106e-01
1.3391251246e+01   -8.0921733784e-01
1.3392251246e+01   -8.1008168498e-01
1.3400067562e+01   -8.1682384595e-01
1.3400167562e+01   -8.1690994404e-01
1.3401167562e+01   -8.1777070297e-01
1.3401267562e+01   -8.1785675666e-01
1.3402267562e+01   -8.1871707137e-01
1.3410083879e+01   -8.2542761625e-01
1.3410183879e+01   -8.2551330872e-01
1.3411183879e+01   -8.2637000983e-01
1.3411283879e+01   -8.2645565758e-01
1.3412283879e+01   -8.2731191126e-01
1.3420100195e+01   -8.3399061196e-01
1.3420200195e+01   -8.3407589584e-01
1.3421200195e+01   -8.3492850935e-01
1.3421300195e+01   -8.3501374816e-01
1.3422300195e+01   -8.3586591089e-01
1.3430116512e+01   -8.4251252868e-01
1.3430216512e+01   -8.4259740085e-01
1.3431216512e+01   -8.4344589558e-01
1.3439032829e+01   -8.5006374400e-01
1.3439132829e+01   -8.5014824695e-01
1.3440132829e+01   -8.5099304783e-01
1.3440232829e+01   -8.5107750505e-01
1.3441232829e+01   -8.5192184838e-01
1.3449049145e+01   -8.5850713198e-01
1.3449149145e+01   -8.5859121696e-01
1.3450149145e+01   -8.5943183614e-01
1.3457965462e+01   -8.6598790275e-01
1.3458065462e+01   -8.6607161267e-01
1.3459065462e+01   -8.6690847958e-01
1.3466881778e+01   -8.7343510491e-01
1.3466981778e+01   -8.7351843686e-01
1.3467981778e+01   -8.7435152222e-01
1.3475798095e+01   -8.8084847301e-01
1.3475898095e+01   -8.8093142396e-01
1.3476898095e+01   -8.8176069733e-01
1.3476998095e+01   -8.8184360105e-01
1.3477998095e+01   -8.8267240197e-01
1.3485814411e+01   -8.8913572755e-01
1.3485914411e+01   -8.8921824671e-01
1.3486914411e+01   -8.9004320001e-01
1.3494730728e+01   -8.9647632464e-01
1.3494830728e+01   -8.9655845594e-01
1.3495830728e+01   -8.9737952858e-01
1.3503647044e+01   -9.0378218909e-01
1.3503747044e+01   -9.0386392911e-01
1.3504747044e+01   -9.0468108678e-01
1.3512563361e+01   -9.1105300990e-01
1.3512663361e+01   -9.1113435508e-01
1.3513663361e+01   -9.1194756215e-01
1.3513763361e+01   -9.1202885837e-01
1.3514763361e+01   -9.1284157552e-01
1.3522579678e+01   -9.1917863035e-01
1.3522679678e+01   -9.1925952758e-01
1.3523679678e+01   -9.2006825249e-01
1.3523779678e+01   -9.2014910024e-01
1.3524779678e+01   -9.2095732999e-01
1.3532595994e+01   -9.2725914343e-01
1.3532695994e+01   -9.2733958785e-01
1.3533695994e+01   -9.2814378198e-01
1.3541512311e+01   -9.3441389776e-01
1.3541612311e+01   -9.3449393486e-01
1.3542612311e+01   -9.3529405326e-01
1.3542712311e+01   -9.3537403982e-01
1.3543712311e+01   -9.3617365254e-01
1.3551528627e+01   -9.4240777885e-01
1.3551628627e+01   -9.4248735342e-01
1.3552628627e+01   -9.4328284359e-01
1.3560444944e+01   -9.4948458068e-01
1.3560544944e+01   -9.4956373894e-01
1.3561544944e+01   -9.5035506331e-01
1.3561644944e+01   -9.5043416990e-01
1.3562644944e+01   -9.5122497726e-01
1.3570461260e+01   -9.5738991850e-01
1.3570561260e+01   -9.5746860376e-01
1.3571561260e+01   -9.5825519490e-01
1.3579377577e+01   -9.6438700224e-01
1.3579477577e+01   -9.6446526152e-01
1.3580477577e+01   -9.6524758992e-01
1.3580577577e+01   -9.6532579632e-01
1.3581577577e+01   -9.6610759553e-01
1.3589393894e+01   -9.7220173962e-01
1.3589493894e+01   -9.7227951463e-01
1.3590493894e+01   -9.7305699694e-01
1.3598310210e+01   -9.7911720697e-01
1.3598410210e+01   -9.7919454560e-01
1.3599410210e+01   -9.7996766107e-01
1.3599510210e+01   -9.8004494551e-01
1.3600510210e+01   -9.8081751870e-01
1.3608326527e+01   -9.8683913447e-01
1.3608426527e+01   -9.8691597675e-01
1.3609426527e+01   -9.8768412502e-01
1.3617242843e+01   -9.9367094878e-01
1.3617342843e+01   -9.9374734355e-01
1.3618342843e+01   -9.9451101342e-01
1.3618442843e+01   -9.9458735261e-01
1.3619442843e+01   -9.9535046619e-01
1.3627259160e+01   -1.0012976985e+00
1.3627359160e+01   -1.0013735840e+00
1.3628359160e+01   -1.0021321570e+00
1.3636175476e+01   -1.0080436794e+00
1.3636275476e+01   -1.0081191055e+00
1.3637275476e+01   -1.0088730808e+00
1.3637375476e+01   -1.0089484498e+00
1.3638375476e+01   -1.0097018539e+00
1.3646191793e+01   -1.0155727190e+00
1.3646291793e+01   -1.0156476220e+00
1.3647291793e+01   -1.0163963620e+00
1.3655108109e+01   -1.0222305372e+00
1.3655208109e+01   -1.0223049681e+00
1.3656208109e+01   -1.0230489831e+00
1.3664024426e+01   -1.0288459847e+00
1.3664124426e+01   -1.0289199372e+00
1.3665124426e+01   -1.0296591644e+00
1.3665224426e+01   -1.0297330573e+00
1.3666224426e+01   -1.0304716894e+00
1.3674040743e+01   -1.0362263367e+00
1.3674140743e+01   -1.0362997440e+00
1.3675140743e+01   -1.0370335155e+00
1.3682957059e+01   -1.0427499142e+00
1.3683057059e+01   -1.0428228292e+00
1.3684057059e+01   -1.0435516733e+00
1.3691873376e+01   -1.0492292941e+00
1.3691973376e+01   -1.0493017099e+00
1.3692973376e+01   -1.0500255580e+00
1.3700789692e+01   -1.0556638566e+00
1.3700889692e+01   -1.0557357662e+00
1.3701889692e+01   -1.0564545476e+00
1.3701989692e+01   -1.0565263942e+00
1.3702989692e+01   -1.0572445456e+00
1.3710806009e+01   -1.0628380027e+00
1.3710906009e+01   -1.0629093350e+00
1.3711906009e+01   -1.0636223380e+00
1.3712006009e+01   -1.0636936063e+00
1.3713006009e+01   -1.0644059690e+00
1.3720822325e+01   -1.0699538568e+00
1.3720922325e+01   -1.0700246023e+00
1.3721922325e+01   -1.0707317325e+00
1.3729738642e+01   -1.0762384252e+00
1.3729838642e+01   -1.0763086402e+00
1.3730838642e+01   -1.0770104609e+00
1.3738654958e+01   -1.0824753485e+00
1.3738754958e+01   -1.0825450252e+00
1.3739754958e+01   -1.0832414572e+00
1.3739854958e+01   -1.0833110669e+00
1.3740854958e+01   -1.0840068286e+00
1.3748671275e+01   -1.0894240065e+00
1.3748771275e+01   -1.0894930687e+00
1.3749771275e+01   -1.0901833506e+00
1.3757587592e+01   -1.0955573754e+00
1.3757687592e+01   -1.0956258819e+00
1.3758687592e+01   -1.0963106004e+00
1.3758787592e+01   -1.0963790377e+00
1.3759787592e+01   -1.0970630641e+00
1.3767603908e+01   -1.1023878243e+00
1.3767703908e+01   -1.1024556961e+00
1.3768703908e+01   -1.1031340631e+00
1.3776520225e+01   -1.1084142496e+00
1.3776620225e+01   -1.1084815473e+00
1.3777620225e+01   -1.1091541670e+00
1.3785436541e+01   -1.1143890853e+00
1.3785536541e+01   -1.1144557998e+00
1.3786536541e+01   -1.1151225823e+00
1.3794352858e+01   -1.1203115213e+00
1.3794452858e+01   -1.1203776435e+00
1.3795452858e+01   -1.1210384968e+00
1.3803269174e+01   -1.1261807289e+00
1.3803369174e+01   -1.1262462493e+00
1.3804369174e+01   -1.1269010793e+00
1.3812185491e+01   -1.1319958603e+00
1.3812285491e+01   -1.1320607694e+00
1.3813285491e+01   -1.1327094797e+00
1.3821101808e+01   -1.1377560487e+00
1.3821201808e+01   -1.1378203365e+00
1.3822201808e+01   -1.1384628288e+00
1.3822301808e+01   -1.1385270393e+00
1.3823301808e+01   -1.1391687575e+00
1.3831118124e+01   -1.1441602383e+00
1.3831218124e+01   -1.1442238164e+00
1.3832218124e+01   -1.1448592033e+00
1.3840034441e+01   -1.1498008009e+00
1.3840134441e+01   -1.1498637362e+00
1.3841134441e+01   -1.1504926889e+00
1.3841234441e+01   -1.1505555442e+00
1.3842234441e+01   -1.1511836959e+00
1.3850050757e+01   -1.1560682854e+00
1.3850150757e+01   -1.1561304860e+00
1.3851150757e+01   -1.1567520853e+00
1.3858967074e+01   -1.1615850445e+00
1.3859067074e+01   -1.1616465798e+00
1.3860067074e+01   -1.1622615190e+00
1.3867883390e+01   -1.1670419988e+00
1.3867983390e+01   -1.1671028579e+00
1.3868983390e+01   -1.1677110273e+00
1.3869083390e+01   -1.1677718021e+00
1.3870083390e+01   -1.1683791287e+00
1.3877899707e+01   -1.1730996214e+00
1.3877999707e+01   -1.1731597073e+00
1.3878999707e+01   -1.1737601383e+00
1.3879099707e+01   -1.1738201385e+00
1.3880099707e+01   -1.1744197110e+00
1.3887916023e+01   -1.1790791000e+00
1.3888016023e+01   -1.1791383985e+00
1.3889016023e+01   -1.1797309468e+00
1.3896832340e+01   -1.1843349841e+00
1.3896932340e+01   -1.1843935692e+00
1.3897932340e+01   -1.1849789768e+00
1.3905748657e+01   -1.1895267422e+00
1.3905848657e+01   -1.1895846021e+00
1.3906848657e+01   -1.1901627501e+00
1.3914664973e+01   -1.1946533068e+00
1.3914764973e+01   -1.1947104294e+00
1.3915764973e+01   -1.1952811970e+00
1.3923581290e+01   -1.1997135917e+00
1.3923681290e+01   -1.1997699648e+00
1.3924681290e+01   -1.2003332288e+00
1.3932497606e+01   -1.2047064920e+00
1.3932597606e+01   -1.2047621029e+00
1.3933597606e+01   -1.2053177384e+00
1.3933697606e+01   -1.2053732545e+00
1.3934697606e+01   -1.2059279401e+00
1.3942513923e+01   -1.2102335999e+00
1.3942613923e+01   -1.2102883396e+00
1.3943613923e+01   -1.2108352536e+00
1.3943713923e+01   -1.2108898966e+00
1.3944713923e+01   -1.2114358429e+00
1.3952530239e+01   -1.2156726325e+00
1.3952630239e+01   -1.2157264846e+00
1.3953630239e+01   -1.2162645137e+00
1.3953730239e+01   -1.2163182673e+00
1.3954730239e+01   -1.2168553105e+00
1.3962546556e+01   -1.2210219403e+00
1.3962646556e+01   -1.2210748882e+00
1.3963646556e+01   -1.2216038661e+00
1.3971462872e+01   -1.2257069381e+00
1.3971562872e+01   -1.2257590670e+00
1.3972562872e+01   -1.2262798455e+00
1.3980379189e+01   -1.2303183048e+00
1.3980479189e+01   -1.2303696009e+00
1.3981479189e+01   -1.2308820441e+00
1.3981579189e+01   -1.2309332365e+00
1.3982579189e+01   -1.2314446419e+00
1.3990395506e+01   -1.2354092400e+00
1.3990495506e+01   -1.2354595842e+00
1.3991495506e+01   -1.2359624992e+00
1.3999311822e+01   -1.2398601941e+00
1.3999411822e+01   -1.2399096762e+00
1.4000411822e+01   -1.2404039607e+00
1.4000511822e+01   -1.2404533355e+00
1.4001511822e+01   -1.2409465455e+00
1.4009328139e+01   -1.2447677686e+00
1.4009428139e+01   -1.2448162652e+00
1.4010428139e+01   -1.2453006853e+00
1.4018244455e+01   -1.2490526483e+00
1.4018344455e+01   -1.2491002525e+00
1.4019344455e+01   -1.2495757386e+00
1.4027160772e+01   -1.2532573096e+00
1.4027260772e+01   -1.2533040067e+00
1.4028260772e+01   -1.2537704132e+00
1.4036077088e+01   -1.2573804462e+00
1.4036177088e+01   -1.2574262215e+00
1.4037177088e+01   -1.2578834010e+00
1.4044993405e+01   -1.2614207368e+00
1.4045093405e+01   -1.2614655754e+00
1.4046093405e+01   -1.2619133786e+00
1.4053909722e+01   -1.2653768451e+00
1.4054009722e+01   -1.2654207320e+00
1.4055009722e+01   -1.2658590081e+00
1.4062826038e+01   -1.2692474204e+00
1.4062926038e+01   -1.2692903403e+00
1.4063926038e+01   -1.2697189369e+00
1.4071742355e+01   -1.2730310981e+00
1.4071842355e+01   -1.2730730355e+00
1.4072842355e+01   -1.2734917989e+00
1.4080658671e+01   -1.2767265001e+00
1.4080758671e+01   -1.2767674396e+00
1.4081758671e+01   -1.2771762142e+00
1.4089574988e+01   -1.2803322355e+00
1.4089674988e+01   -1.2803721614e+00
1.4090674988e+01   -1.2807707905e+00
1.4098491304e+01   -1.2838469011e+00
1.4098591304e+01   -1.2838857976e+00
1.4099591304e+01   -1.2842741231e+00
1.4107407621e+01   -1.2872690819e+00
1.4107507621e+01   -1.2873069331e+00
1.4108507621e+01   -1.2876847955e+00
1.4116323937e+01   -1.2905973518e+00
1.4116423937e+01   -1.2906341417e+00
1.4117423937e+01   -1.2910013804e+00
1.4117523937e+01   -1.2910380382e+00
1.4118523937e+01   -1.2914039551e+00
1.4126340254e+01   -1.2942224400e+00
1.4126440254e+01   -1.2942580182e+00
1.4127440254e+01   -1.2946131296e+00
1.4135256571e+01   -1.2973465267e+00
1.4135356571e+01   -1.2973810091e+00
1.4136356571e+01   -1.2977251521e+00
1.4144172887e+01   -1.3003721840e+00
1.4144272887e+01   -1.3004055542e+00
1.4145272887e+01   -1.3007385649e+00
1.4153089204e+01   -1.3032979472e+00
1.4153189204e+01   -1.3033301888e+00
1.4154189204e+01   -1.3036519024e+00
1.4162005520e+01   -1.3061223440e+00
1.4162105520e+01   -1.3061534403e+00
1.4163105520e+01   -1.3064636913e+00
1.4170921837e+01   -1.3088438952e+00
1.4171021837e+01   -1.3088738297e+00
1.4172021837e+01   -1.3091724518e+00
1.4179838153e+01   -1.3114611161e+00
1.4179938153e+01   -1.3114898719e+00
1.4180938153e+01   -1.3117766983e+00
1.4181038153e+01   -1.3118053076e+00
1.4182038153e+01   -1.3120906671e+00
1.4189854470e+01   -1.3142749402e+00
1.4189954470e+01   -1.3143023522e+00
1.4190954470e+01   -1.3145757278e+00
1.4198770787e+01   -1.3166656829e+00
1.4198870787e+01   -1.3166918808e+00
1.4199870787e+01   -1.3169531047e+00
1.4207687103e+01   -1.3189474286e+00
1.4207787103e+01   -1.3189723955e+00
1.4207787103e+01   -1.3189723955e+00
1.4208787103e+01   -1.3192212996e+00
1.4208887103e+01   -1.3192461135e+00
1.4209887103e+01   -1.3194934860e+00
1.4217703420e+01   -1.3213788122e+00
1.4217803420e+01   -1.3214023762e+00
1.4218803420e+01   -1.3216372398e+00
1.4226619736e+01   -1.3234241411e+00
1.4226719736e+01   -1.3234464384e+00
1.4227719736e+01   -1.3236686245e+00
1.4227819736e+01   -1.3236907644e+00
1.4228819736e+01   -1.3239113749e+00
1.4236636053e+01   -1.3255861388e+00
1.4236736053e+01   -1.3256069930e+00
1.4237736053e+01   -1.3258147370e+00
1.4245552369e+01   -1.3273882818e+00
1.4245652369e+01   -1.3274078336e+00
1.4246652369e+01   -1.3276025428e+00
1.4254468686e+01   -1.3290735551e+00
1.4254568686e+01   -1.3290917877e+00
1.4255568686e+01   -1.3292732943e+00
1.4263385002e+01   -1.3306404631e+00
1.4263485002e+01   -1.3306573597e+00
1.4264485002e+01   -1.3308254962e+00
1.4272301319e+01   -1.3320875146e+00
1.4272401319e+01   -1.3321030585e+00
1.4273401319e+01   -1.3322576580e+00
1.4281217636e+01   -1.3334132235e+00
1.4281317636e+01   -1.3334273981e+00
1.4282317636e+01   -1.3335682942e+00
1.4290133952e+01   -1.3346161102e+00
1.4290233952e+01   -1.3346288990e+00
1.4291233952e+01   -1.3347559263e+00
1.4299050269e+01   -1.3356947029e+00
1.4299150269e+01   -1.3357060894e+00
1.4300150269e+01   -1.3358190834e+00
1.4307966585e+01   -1.3366475384e+00
1.4308066585e+01   -1.3366575062e+00
1.4309066585e+01   -1.3367563034e+00
1.4309166585e+01   -1.3367660950e+00
1.4310166585e+01   -1.3368631295e+00
1.4317982902e+01   -1.3375661346e+00
1.4318082902e+01   -1.3375744893e+00
1.4319082902e+01   -1.3376571448e+00
1.4326899218e+01   -1.3382471367e+00
1.4326999218e+01   -1.3382540384e+00
1.4327999218e+01   -1.3383221541e+00
1.4328099218e+01   -1.3383288755e+00
1.4329099218e+01   -1.3383951863e+00
1.4336915535e+01   -1.3388567313e+00
1.4337015535e+01   -1.3388619818e+00
1.4338015535e+01   -1.3389135741e+00
1.4345831851e+01   -1.3392594645e+00
1.4345931851e+01   -1.3392632284e+00
1.4346931851e+01   -1.3392999447e+00
1.4354748168e+01   -1.3395289572e+00
1.4354848168e+01   -1.3395312188e+00
1.4355848168e+01   -1.3395529036e+00
1.4355948168e+01   -1.3395549788e+00
1.4356948168e+01   -1.3395747984e+00
1.4364764485e+01   -1.3396710729e+00
1.4364864485e+01   -1.3396716287e+00
1.4365864485e+01   -1.3396762443e+00
1.4373680801e+01   -1.3396530933e+00
1.4373780801e+01   -1.3396521145e+00
1.4374780801e+01   -1.3396413749e+00
1.4382597118e+01   -1.3394976247e+00
1.4382697118e+01   -1.3394950964e+00
1.4383697118e+01   -1.3394688525e+00
1.4391513434e+01   -1.3392033479e+00
1.4391613434e+01   -1.3391992554e+00
1.4392613434e+01   -1.3391573607e+00
1.4400429751e+01   -1.3387689660e+00
1.4400529751e+01   -1.3387632949e+00
1.4401529751e+01   -1.3387056054e+00
1.4409346067e+01   -1.3381932058e+00
1.4409446067e+01   -1.3381859419e+00
1.4410446067e+01   -1.3381123163e+00
1.4418262384e+01   -1.3374748187e+00
1.4418362384e+01   -1.3374659483e+00
1.4419362384e+01   -1.3373762483e+00
1.4427178701e+01   -1.3366125829e+00
1.4427278701e+01   -1.3366020923e+00
1.4428278701e+01   -1.3364961827e+00
1.4436095017e+01   -1.3356053041e+00
1.4436195017e+01   -1.3355931802e+00
1.4437195017e+01   -1.3354709286e+00
1.4445011334e+01   -1.3344518171e+00
1.4445111334e+01   -1.3344380469e+00
1.4446111334e+01   -1.3342993248e+00
1.4453927650e+01   -1.3331509873e+00
1.4454027650e+01   -1.3331355583e+00
1.4455027650e+01   -1.3329802403e+00
1.4462843967e+01   -1.3317017120e+00
1.4462943967e+01   -1.3316846119e+00
1.4463943967e+01   -1.3315125765e+00
1.4471760283e+01   -1.3301029216e+00
1.4471860283e+01   -1.3300841387e+00
1.4472860283e+01   -1.3298952681e+00
1.4480676600e+01   -1.3283535813e+00
1.4480776600e+01   -1.3283331042e+00
1.4481776600e+01   -1.3281272846e+00
1.4489592916e+01   -1.3264526923e+00
1.4489692916e+01   -1.3264305100e+00
1.4490692916e+01   -1.3262076318e+00
1.4498509233e+01   -1.3243992931e+00
1.4498609233e+01   -1.3243753950e+00
1.4499609233e+01   -1.3241353528e+00
1.4507425550e+01   -1.3221924610e+00
1.4507525550e+01   -1.3221668370e+00
1.4508525550e+01   -1.3219095298e+00
1.4516341866e+01   -1.3198313132e+00
1.4516441866e+01   -1.3198039537e+00
1.4517441866e+01   -1.3195292851e+00
1.4525258183e+01   -1.3173150085e+00
1.4525358183e+01   -1.3172859043e+00
1.4525358183e+01   -1.3172859043e+00
1.4526358183e+01   -1.3169937825e+00
1.4526458183e+01   -1.3169644624e+00
1.4527458183e+01   -1.3166701813e+00
1.4535274499e+01   -1.3143022288e+00
1.4535374499e+01   -1.3142711542e+00
1.4536374499e+01   -1.3139593229e+00
1.4544190816e+01   -1.3114538746e+00
1.4544290816e+01   -1.3114210373e+00
1.4545290816e+01   -1.3110915746e+00
1.4553107132e+01   -1.3084480161e+00
1.4553207132e+01   -1.3084134085e+00
1.4554207132e+01   -1.3080662384e+00
1.4562023449e+01   -1.3052839959e+00
1.4562123449e+01   -1.3052476109e+00
1.4563123449e+01   -1.3048826626e+00
1.4570939766e+01   -1.3019612043e+00
1.4571039766e+01   -1.3019230354e+00
1.4572039766e+01   -1.3015402437e+00
1.4579856082e+01   -1.2984790808e+00
1.4579956082e+01   -1.2984391219e+00
1.4580956082e+01   -1.2980384271e+00
1.4588772399e+01   -1.2948371147e+00
1.4588872399e+01   -1.2947953604e+00
1.4589872399e+01   -1.2943767085e+00
1.4597688715e+01   -1.2910348466e+00
1.4597788715e+01   -1.2909912921e+00
1.4598788715e+01   -1.2905546347e+00
1.4606605032e+01   -1.2870718693e+00
1.4606705032e+01   -1.2870265102e+00
1.4607705032e+01   -1.2865718052e+00
1.4615521348e+01   -1.2829478288e+00
1.4615621348e+01   -1.2829006616e+00
1.4616621348e+01   -1.2824278726e+00
1.4624437665e+01   -1.2786624255e+00
1.4624537665e+01   -1.2786134470e+00
1.4625537665e+01   -1.2781225440e+00
1.4633353981e+01   -1.2742154148e+00
1.4633453981e+01   -1.2741646227e+00
1.4634453981e+01   -1.2736555817e+00
1.4642270298e+01   -1.2696066084e+00
1.4642370298e+01   -1.2695540008e+00
1.4643370298e+01   -1.2690268044e+00
1.4651186615e+01   -1.2648358748e+00
1.4651286615e+01   -1.2647814506e+00
1.4652286615e+01   -1.2642360876e+00
1.4660102931e+01   -1.2599031402e+00
1.4660202931e+01   -1.2598468989e+00
1.4661202931e+01   -1.2592833649e+00
1.4669019248e+01   -1.2548083895e+00
1.4669119248e+01   -1.2547503313e+00
1.4670119248e+01   -1.2541686282e+00
1.4677935564e+01   -1.2495516667e+00
1.4678035564e+01   -1.2494917924e+00
1.4679035564e+01   -1.2488919290e+00
1.4686851881e+01   -1.2441330756e+00
1.4686951881e+01   -1.2440713867e+00
1.4687951881e+01   -1.2434533785e+00
1.4695768197e+01   -1.2385527806e+00
1.4695868197e+01   -1.2384892792e+00
1.4696868197e+01   -1.2378531485e+00
1.4704684514e+01   -1.2328110069e+00
1.4704784514e+01   -1.2327456960e+00
1.4705784514e+01   -1.2320914719e+00
1.4713600830e+01   -1.2269080412e+00
1.4713700830e+01   -1.2268409243e+00
1.4714700830e+01   -1.2261686430e+00
1.4722517147e+01   -1.2208442322e+00
1.4722617147e+01   -1.2207753136e+00
1.4723617147e+01   -1.2200850180e+00
1.4731433464e+01   -1.2146199906e+00
1.4731533464e+01   -1.2145492753e+00
1.4732533464e+01   -1.2138410156e+00
1.4740349780e+01   -1.2082357899e+00
1.4740449780e+01   -1.2081632835e+00
1.4741449780e+01   -1.2074371166e+00
1.4749266097e+01   -1.2016921661e+00
1.4749366097e+01   -1.2016178750e+00
1.4750366097e+01   -1.2008738651e+00
1.4758182413e+01   -1.1949897181e+00
1.4758282413e+01   -1.1949136493e+00
1.4759282413e+01   -1.1941518677e+00
1.4767098730e+01   -1.1881291079e+00
1.4767198730e+01   -1.1880512693e+00
1.4768198730e+01   -1.1872717941e+00
1.4776015046e+01   -1.1811110605e+00
1.4776115046e+01   -1.1810314605e+00
1.4777115046e+01   -1.1802343771e+00
1.4784931363e+01   -1.1739363639e+00
1.4785031363e+01   -1.1738550117e+00
1.4786031363e+01   -1.1730404124e+00
1.4793847680e+01   -1.1666058687e+00
1.4793947680e+01   -1.1665227743e+00
1.4794947680e+01   -1.1656907586e+00
1.4802763996e+01   -1.1591204886e+00
1.4802863996e+01   -1.1590356625e+00
1.4803863996e+01   -1.1581863368e+00
1.4811680313e+01   -1.1514811994e+00
1.4811780313e+01   -1.1513946529e+00
1.4812780313e+01   -1.1505281306e+00
1.4820596629e+01   -1.1436890392e+00
1.4820696629e+01   -1.1436007843e+00
1.4821696629e+01   -1.1427171858e+00
1.4829512946e+01   -1.1357451078e+00
1.4829612946e+01   -1.1356551572e+00
1.4830612946e+01   -1.1347546097e+00
1.4838429262e+01   -1.1276505662e+00
1.4838529262e+01   -1.1275589333e+00
1.4839529262e+01   -1.1266415708e+00
1.4847345579e+01   -1.1194066362e+00
1.4847445579e+01   -1.1193133350e+00
1.4848445579e+01   -1.1183792985e+00
1.4856261895e+01   -1.1110145998e+00
1.4856361895e+01   -1.1109196450e+00
1.4857361895e+01   -1.1099690821e+00
1.4865178212e+01   -1.1024757985e+00
1.4865278212e+01   -1.1023792055e+00
1.4866278212e+01   -1.1014122703e+00
1.4874094529e+01   -1.0937916324e+00
1.4874194529e+01   -1.0936934172e+00
1.4875194529e+01   -1.0927102705e+00
1.4883010845e+01   -1.0849635597e+00
1.4883110845e+01   -1.0848637391e+00
1.4884110845e+01   -1.0838645480e+00
1.4891927162e+01   -1.0759930958e+00
1.4892027162e+01   -1.0758916870e+00
1.4893027162e+01   -1.0748766252e+00
1.4900843478e+01   -1.0668818121e+00
1.4900943478e+01   -1.0667788330e+00
1.4901943478e+01   -1.0657480802e+00
1.4909759795e+01   -1.0576313352e+00
1.4909859795e+01   -1.0575268045e+00
1.4910859795e+01   -1.0564805466e+00
1.4918676111e+01   -1.0482433460e+00
1.4918776111e+01   -1.0481372828e+00
1.4919776111e+01   -1.0470757117e+00
1.4927592428e+01   -1.0387195782e+00
1.4927692428e+01   -1.0386120022e+00
1.4928692428e+01   -1.0375353156e+00
1.4936508745e+01   -1.0290618175e+00
1.4936608745e+01   -1.0289527490e+00
1.4937608745e+01   -1.0278611505e+00
1.4945425061e+01   -1.0192719000e+00
1.4945525061e+01   -1.0191613600e+00
1.4946525061e+01   -1.0180550587e+00
1.4954341378e+01   -1.0093517115e+00
1.4954441378e+01   -1.0092397212e+00
1.4955441378e+01   -1.0081189317e+00
1.4963257694e+01   -9.9930318525e-01
1.4963357694e+01   -9.9918976681e-01
1.4964357694e+01   -9.9805470882e-01
1.4972174011e+01   -9.8912830152e-01
1.4972274011e+01   -9.8901347733e-01
1.4973274011e+01   -9.8786437588e-01
1.4981090327e+01   -9.7882908547e-01
1.4981190327e+01   -9.7871287850e-01
1.4982190327e+01   -9.7754996354e-01
1.4990006644e+01   -9.6840760598e-01
1.4990106644e+01   -9.6829003966e-01
1.4991106644e+01   -9.6711354592e-01
1.4998922960e+01   -9.5786597397e-01
1.4999022960e+01   -9.5774707223e-01
1.5000022960e+01   -9.5655723906e-01
1.5007839277e+01   -9.4720634092e-01
1.5007939277e+01   -9.4708612809e-01
1.5008939277e+01   -9.4588319930e-01
1.5016755594e+01   -9.3643089713e-01
1.5016855594e+01   -9.3630939801e-01
1.5017855594e+01   -9.3509362165e-01
1.5025671910e+01   -9.2554187018e-01
1.5025771910e+01   -9.2541910994e-01
1.5026771910e+01   -9.2419073813e-01
1.5034588227e+01   -9.1454152311e-01
1.5034688227e+01   -9.1441752733e-01
1.5035688227e+01   -9.1317681607e-01
1.5043504543e+01   -9.0343215277e-01
1.5043604543e+01   -9.0330694741e-01
1.5044604543e+01   -9.0205415635e-01
1.5052420860e+01   -8.9221608803e-01
1.5052520860e+01   -8.9208969937e-01
1.5053520860e+01   -8.9082509168e-01
1.5061337176e+01   -8.8089568797e-01
1.5061437176e+01   -8.8076814264e-01
1.5062437176e+01   -8.7949198473e-01
1.5070253493e+01   -8.6947334009e-01
1.5070353493e+01   -8.6934466501e-01
1.5071353493e+01   -8.6805722637e-01
1.5079169809e+01   -8.5795145845e-01
1.5079269809e+01   -8.5782168085e-01
1.5080269809e+01   -8.5652323384e-01
1.5088086126e+01   -8.4633248183e-01
1.5088186126e+01   -8.4620162918e-01
1.5089186126e+01   -8.4489244880e-01
1.5097002443e+01   -8.3461887182e-01
1.5097102443e+01   -8.3448697186e-01
1.5098102443e+01   -8.3316733556e-01
1.5105918759e+01   -8.2281311097e-01
1.5106018759e+01   -8.2268019165e-01
1.5107018759e+01   -8.2135037910e-01
1.5114835076e+01   -8.1091770086e-01
1.5114935076e+01   -8.1078379035e-01
1.5115935076e+01   -8.0944408323e-01
1.5123751392e+01   -7.9893516022e-01
1.5123851392e+01   -7.9880028685e-01
1.5124851392e+01   -7.9745096866e-01
1.5132667709e+01   -7.8686802298e-01
1.5132767709e+01   -7.8673221524e-01
1.5133767709e+01   -7.8537357105e-01
1.5141584025e+01   -7.7471883638e-01
1.5141684025e+01   -7.7458212292e-01
1.5141684025e+01   -7.7458212292e-01
1.5142684025e+01   -7.7321443916e-01
1.5142784025e+01   -7.7307761595e-01
1.5143784025e+01   -7.7170883691e-01
1.5151600342e+01   -7.6097613289e-01
1.5151700342e+01   -7.6083843626e-01
1.5152700342e+01   -7.5946094080e-01
1.5160516659e+01   -7.4866122135e-01
1.5160616659e+01   -7.4852268016e-01
1.5161616659e+01   -7.4713675693e-01
1.5169432975e+01   -7.3627228102e-01
1.5169532975e+01   -7.3613292420e-01
1.5170532975e+01   -7.3473886254e-01
1.5178349292e+01   -7.2381189380e-01
1.5178449292e+01   -7.2367175033e-01
1.5179449292e+01   -7.2226984006e-01
1.5187265608e+01   -7.1128264512e-01
1.5187365608e+01   -7.1114174401e-01
1.5188365608e+01   -7.0973227525e-01
1.5196181925e+01   -6.9868712211e-01
1.5196281925e+01   -6.9854549238e-01
1.5197281925e+01   -6.9712875531e-01
1.5205098241e+01   -6.8602791172e-01
1.5205198241e+01   -6.8588558237e-01
1.5206198241e+01   -6.8446186703e-01
1.5214014558e+01   -6.7330759888e-01
1.5214114558e+01   -6.7316459889e-01
1.5215114558e+01   -6.7173419498e-01
1.5222930874e+01   -6.6052876471e-01
1.5223030874e+01   -6.6038512300e-01
1.5224030874e+01   -6.5894831967e-01
1.5231847191e+01   -6.4769398470e-01
1.5231947191e+01   -6.4754973011e-01
1.5232947191e+01   -6.4610681579e-01
1.5240763508e+01   -6.3480582698e-01
1.5240863508e+01   -6.3466098827e-01
1.5241863508e+01   -6.3321225042e-01
1.5249679824e+01   -6.2186685056e-01
1.5249779824e+01   -6.2172145637e-01
1.5250779824e+01   -6.2026718135e-01
1.5258596141e+01   -6.0887960363e-01
1.5258696141e+01   -6.0873368248e-01
1.5259696141e+01   -6.0727415531e-01
1.5267512457e+01   -5.9584662192e-01
1.5267612457e+01   -5.9570020216e-01
1.5268612457e+01   -5.9423570636e-01
1.5276428774e+01   -5.8277042702e-01
1.5276528774e+01   -5.8262353684e-01
1.5277528774e+01   -5.8115435425e-01
1.5285345090e+01   -5.6965352479e-01
1.5285445090e+01   -5.6950619221e-01
1.5286445090e+01   -5.6803260280e-01
1.5294261407e+01   -5.5649840382e-01
1.5294361407e+01   -5.5635065664e-01
1.5295361407e+01   -5.5487293835e-01
1.5303177723e+01   -5.4330753389e-01
1.5303277723e+01   -5.4315939970e-01
1.5304277723e+01   -5.4167782826e-01
1.5312094040e+01   -5.3008336448e-01
1.5312194040e+01   -5.2993487064e-01
1.5313194040e+01   -5.2844971940e-01
1.5321010357e+01   -5.1682832336e-01
1.5321110357e+01   -5.1667949696e-01
1.5322110357e+01   -5.1519103677e-01
1.5329926673e+01   -5.0354481515e-01
1.5330026673e+01   -5.0339568303e-01
1.5331026673e+01   -5.0190418204e-01
1.5338842990e+01   -4.9023522002e-01
1.5338942990e+01   -4.9008580872e-01
1.5339942990e+01   -4.8859153226e-01
1.5347759306e+01   -4.7690189234e-01
1.5347859306e+01   -4.7675222812e-01
1.5348859306e+01   -4.7525543854e-01
1.5356675623e+01   -4.6354715944e-01
1.5356775623e+01   -4.6339726824e-01
1.5357775623e+01   -4.6189822480e-01
1.5365591939e+01   -4.5017332042e-01
1.5365691939e+01   -4.5002322787e-01
1.5366691939e+01   -4.4852218656e-01
1.5374508256e+01   -4.3678264496e-01
1.5374608256e+01   -4.3663237633e-01
1.5375608256e+01   -4.3512958978e-01
1.5383424573e+01   -4.2337737220e-01
1.5383524573e+01   -4.2322695244e-01
1.5384524573e+01   -4.2172266979e-01
1.5392340889e+01   -4.0995970972e-01
1.5392440889e+01   -4.0980916339e-01
1.5393440889e+01   -4.0830363018e-01
1.5401257206e+01   -3.9653183249e-01
1.5401357206e+01   -3.9638118381e-01
1.5402357206e+01   -3.9487464184e-01
1.5410173522e+01   -3.8309588192e-01
1.5410273522e+01   -3.8294515470e-01
1.5411273522e+01   -3.8143784197e-01
1.5419089839e+01   -3.6965396496e-01
1.5419189839e+01   -3.6950318264e-01
1.5420189839e+01   -3.6799533322e-01
1.5428006155e+01   -3.5620815322e-01
1.5428106155e+01   -3.5605733883e-01
1.5429106155e+01   -3.5454918277e-01
1.5436922472e+01   -3.4276048218e-01
1.5437022472e+01   -3.4260965834e-01
1.5438022472e+01   -3.4110142160e-01
1.5445838788e+01   -3.2931295042e-01
1.5445938788e+01   -3.2916213934e-01
1.5446938788e+01   -3.2765404368e-01
1.5454755105e+01   -3.1586751894e-01
1.5454855105e+01   -3.1571674238e-01
1.5455855105e+01   -3.1420900532e-01
1.5463671422e+01   -3.0242611044e-01
1.5463771422e+01   -3.0227538976e-01
1.5464771422e+01   -3.0076822447e-01
1.5472587738e+01   -2.8899060880e-01
1.5472687738e+01   -2.8883996491e-01
1.5473687738e+01   -2.8733358017e-01
1.5481504055e+01   -2.7556285847e-01
1.5481604055e+01   -2.7541231182e-01
1.5482604055e+01   -2.7390691197e-01
1.5490420371e+01   -2.6214466398e-01
1.5490520371e+01   -2.6199423458e-01
1.5491520371e+01   -2.6049001944e-01
1.5499336688e+01   -2.4873778947e-01
1.5499436688e+01   -2.4858749688e-01
1.5500436688e+01   -2.4708466173e-01
1.5508253004e+01   -2.3534395832e-01
1.5508353004e+01   -2.3519382163e-01
1.5509353004e+01   -2.3369255713e-01
1.5517169321e+01   -2.2196485274e-01
1.5517269321e+01   -2.2181489059e-01
1.5518269321e+01   -2.2031538278e-01
1.5526085638e+01   -2.0860211352e-01
1.5526185638e+01   -2.0845234406e-01
1.5527185638e+01   -2.0695477431e-01
1.5535001954e+01   -1.9525733969e-01
1.5535101954e+01   -1.9510778063e-01
1.5536101954e+01   -1.9361232561e-01
1.5543918271e+01   -1.8193208837e-01
1.5544018271e+01   -1.8178275694e-01
1.5545018271e+01   -1.8028958861e-01
1.5552834587e+01   -1.6862787456e-01
1.5552934587e+01   -1.6847878750e-01
1.5553934587e+01   -1.6698807309e-01
1.5561750904e+01   -1.5534617100e-01
1.5561850904e+01   -1.5519734459e-01
1.5562850904e+01   -1.5370924659e-01
1.5570667220e+01   -1.4208840812e-01
1.5570767220e+01   -1.4193985817e-01
1.5571767220e+01   -1.4045453429e-01
1.5579583537e+01   -1.2885597396e-01
1.5579683537e+01   -1.2870771578e-01
1.5580683537e+01   -1.2722531902e-01
1.5588499853e+01   -1.1565021416e-01
1.5588599853e+01   -1.1550226262e-01
1.5589599853e+01   -1.1402294120e-01
1.5597416170e+01   -1.0247243206e-01
1.5597516170e+01   -1.0232480153e-01
1.5598516170e+01   -1.0084869891e-01
1.5606332487e+01   -8.9323888667e-02
1.5606432487e+01   -8.9176593052e-02
1.5607432487e+01   -8.7703848000e-02
1.5615248803e+01   -7.6205802871e-02
1.5615348803e+01   -7.6058855601e-02
1.5616348803e+01   -7.4589602135e-02
1.5624165120e+01   -6.3119351527e-02
1.5624265120e+01   -6.2972765564e-02
1.5625265120e+01   -6.1507133008e-02
1.5633081436e+01   -5.0065669662e-02
1.5633181436e+01   -4.9919457499e-02
1.5634181436e+01   -4.8457570499e-02
1.5641997753e+01   -3.7045850690e-02
1.5642097753e+01   -3.6900024356e-02
1.5643097753e+01   -3.5442002907e-02
1.5650914069e+01   -2.4060946664e-02
1.5651014069e+01   -2.3915517724e-02
1.5652014069e+01   -2.2461477197e-02
1.5659830386e+01   -1.1111968552e-02
1.5659930386e+01   -1.0966948113e-02
1.5660930386e+01   -9.5169992928e-03
1.5668746702e+01   1.8001134438e-03
1.5668846702e+01   1.9447147309e-03
1.5669846702e+01   3.3904656105e-03
1.5677663019e+01   1.4674369548e-02
1.5677763019e+01   1.4818541483e-02
1.5678763019e+01   1.6259992700e-02
1.5686579336e+01   2.7509910042e-02
1.5686679336e+01   2.7653642872e-02
1.5687679336e+01   2.9090697172e-02
1.5695495652e+01   4.0305884867e-02
1.5695595652e+01   4.0449169282e-02
1.5696595652e+01   4.1881733832e-02
1.5704411969e+01   5.3061483201e-02
1.5704511969e+01   5.3204310328e-02
1.5705511969e+01   5.4632296667e-02
1.5713328285e+01   6.5775933013e-02
1.5713428285e+01   6.5918294411e-02
1.5714428285e+01   6.7341618400e-02
1.5722244602e+01   7.8448500591e-02
1.5722344602e+01   7.8590388247e-02
1.5723344602e+01   8.0008970014e-02
1.5731160918e+01   9.1078490053e-02
1.5731260918e+01   9.1219896375e-02
1.5732260918e+01   9.2633660257e-02
1.5740077235e+01   1.0366524283e-01
1.5740177235e+01   1.0380616064e-01
1.5741177235e+01   1.0521503513e-01
1.5748993552e+01   1.1620813714e-01
1.5749093552e+01   1.1634855967e-01
1.5750093552e+01   1.1775247734e-01
1.5757909868e+01   1.2870658743e-01
1.5758009868e+01   1.2884650832e-01
1.5759009868e+01   1.3024540578e-01
1.5766826185e+01   1.4116004380e-01
1.5766926185e+01   1.4129945709e-01
1.5767926185e+01   1.4269327491e-01
1.5775742501e+01   1.5356799146e-01
1.5775842501e+01   1.5370689156e-01
1.5776842501e+01   1.5509557421e-01
1.5784658818e+01   1.6592995006e-01
1.5784758818e+01   1.6606833177e-01
1.5785758818e+01   1.6745182755e-01
1.5793575134e+01   1.7824547313e-01
1.5793675134e+01   1.7838333165e-01
1.5794675134e+01   1.7976159261e-01
1.5802491451e+01   1.9051414746e-01
1.5802591451e+01   1.9065147833e-01
1.5803591451e+01   1.9202446021e-01
1.5811407767e+01   2.0273559240e-01
1.5811507767e+01   2.0287239154e-01
1.5812507767e+01   2.0424005369e-01
1.5820324084e+01   2.1490945928e-01
1.5820424084e+01   2.1504572295e-01
1.5821424084e+01   2.1640802827e-01
1.5829240401e+01   2.2703543070e-01
1.5829340401e+01   2.2717115552e-01
1.5830340401e+01   2.2852807038e-01
1.5838156717e+01   2.3911321988e-01
1.5838256717e+01   2.3924840281e-01
1.5839256717e+01   2.4059989695e-01
1.5839356717e+01   2.4073501284e-01
1.5840356717e+01   2.4208583630e-01
1.5848173034e+01   2.5262325482e-01
1.5848273034e+01   2.5275782579e-01
1.5849273034e+01   2.5410319851e-01
1.5857089350e+01   2.6459791997e-01
1.5857189350e+01   2.6473194367e-01
1.5858189350e+01   2.6607184235e-01
1.5866005667e+01   2.7652369686e-01
1.5866105667e+01   2.7665717125e-01
1.5867105667e+01   2.7799157574e-01
1.5874921983e+01   2.8840041774e-01
1.5875021983e+01   2.8853334110e-01
1.5876021983e+01   2.8986223433e-01
1.5883838300e+01   3.0022794193e-01
1.5883938300e+01   3.0036031284e-01
1.5884938300e+01   3.0168368071e-01
1.5892754617e+01   3.1200615515e-01
1.5892854617e+01   3.1213797246e-01
1.5893854617e+01   3.1345580381e-01
1.5901670933e+01   3.2373496875e-01
1.5901770933e+01   3.2386623162e-01
1.5902770933e+01   3.2517851811e-01
1.5910587250e+01   3.3541431905e-01
1.5910687250e+01   3.3554502691e-01
1.5911687250e+01   3.3685176294e-01
1.5919503566e+01   3.4704416662e-01
1.5919603566e+01   3.4717431915e-01
1.5920603566e+01   3.4847550182e-01
1.5920703566e+01   3.4860558582e-01
1.5921703566e+01   3.4990608331e-01
1.5929519883e+01   3.6004972165e-01
1.5929619883e+01   3.6017925030e-01
1.5930619883e+01   3.6147419423e-01
1.5938436199e+01   3.7157443211e-01
1.5938536199e+01   3.7170340562e-01
1.5939536199e+01   3.7299279850e-01
1.5947352516e+01   3.8304966482e-01
1.5947452516e+01   3.8317808369e-01
1.5948452516e+01   3.8446193043e-01
1.5948552516e+01   3.8459028091e-01
1.5949552516e+01   3.8587344388e-01
1.5957368832e+01   3.9588164552e-01
1.5957468832e+01   3.9600944217e-01
1.5958468832e+01   3.9728706731e-01
1.5966285149e+01   4.0725201979e-01
1.5966385149e+01   4.0737926356e-01
1.5967385149e+01   4.0865136067e-01
1.5975201466e+01   4.1857314898e-01
1.5975301466e+01   4.1869984107e-01
1.5976301466e+01   4.1996642212e-01
1.5984117782e+01   4.2984514794e-01
1.5984217782e+01   4.2997128973e-01
1.5985217782e+01   4.3123236877e-01
1.5993034099e+01   4.4106814983e-01
1.5993134099e+01   4.4119374293e-01
1.5994134099e+01   4.4244933603e-01
1.6000000000e+01   4.4980216087e-01
