X    Y
0.0000000000e+00   2.0000000000e-01
1.0000000000e-04   1.9995734190e-01
1.1000000000e-03   1.9953170473e-01
1.1100000000e-02   1.9537088889e-01
2.6740273705e-02   1.8922299621e-01
4.2380547410e-02   1.8353927570e-01
5.8020821114e-02   1.7835551421e-01
5.8120821114e-02   1.7832407082e-01
5.9120821114e-02   1.7801086368e-01
6.9120821114e-02   1.7500428553e-01
8.4761094819e-02   1.7078663002e-01
1.0040136852e-01   1.6722020813e-01
1.0050136852e-01   1.6719966924e-01
1.0150136852e-01   1.6699593243e-01
1.1150136852e-01   1.6512883192e-01
1.2714164223e-01   1.6287757509e-01
1.2724164223e-01   1.6286600511e-01
1.2824164223e-01   1.6275237637e-01
1.3824164223e-01   1.6183016265e-01
1.5388191593e-01   1.6123377553e-01
1.5398191593e-01   1.6123354883e-01
1.5498191593e-01   1.6123391698e-01
1.6498191593e-01   1.6151015206e-01
1.8062218964e-01   1.6301904832e-01
1.8072218964e-01   1.6303325240e-01
1.8172218964e-01   1.6317863312e-01
1.9172218964e-01   1.6497702744e-01
1.9182218964e-01   1.6499827334e-01
1.9282218964e-01   1.6521439241e-01
2.0282218964e-01   1.6775235699e-01
2.0292218964e-01   1.6778129474e-01
2.0392218964e-01   1.6807465424e-01
2.1392218964e-01   1.7141689871e-01
2.1402218964e-01   1.7145416761e-01
2.1502218964e-01   1.7183114608e-01
2.2502218964e-01   1.7603933236e-01
2.2512218964e-01   1.7608552275e-01
2.2612218964e-01   1.7655198717e-01
2.3612218964e-01   1.8168022799e-01
2.3622218964e-01   1.8173583039e-01
2.3722218964e-01   1.8229662044e-01
2.4722218964e-01   1.8838565837e-01
2.4732218964e-01   1.8845099910e-01
2.4832218964e-01   1.8910927755e-01
2.5832218964e-01   1.9617935481e-01
2.5842218964e-01   1.9625451926e-01
2.5942218964e-01   1.9701099839e-01
2.6942218964e-01   2.0505364005e-01
2.6952218964e-01   2.0513838681e-01
2.7052218964e-01   2.0599046729e-01
2.8052218964e-01   2.1495970186e-01
2.9616246334e-01   2.3046584713e-01
2.9626246334e-01   2.3057001896e-01
2.9726246334e-01   2.3161481753e-01
3.0726246334e-01   2.4233633531e-01
3.2290273705e-01   2.5975256152e-01
3.2300273705e-01   2.5986496027e-01
3.2400273705e-01   2.6098892612e-01
3.3400273705e-01   2.7217285300e-01
3.4964301075e-01   2.8897288394e-01
3.4974301075e-01   2.8907569045e-01
3.5074301075e-01   2.9009967601e-01
3.6074301075e-01   2.9987649802e-01
3.6084301075e-01   2.9996952140e-01
3.6184301075e-01   3.0089406749e-01
3.7184301075e-01   3.0952262042e-01
3.7194301075e-01   3.0960282209e-01
3.7294301075e-01   3.1039778471e-01
3.8294301075e-01   3.1760489394e-01
3.8304301075e-01   3.1766983715e-01
3.8404301075e-01   3.1831120570e-01
3.9404301075e-01   3.2389540184e-01
3.9414301075e-01   3.2394345014e-01
3.9514301075e-01   3.2441529335e-01
4.0514301075e-01   3.2826188195e-01
4.0524301075e-01   3.2829230585e-01
4.0624301075e-01   3.2858778697e-01
4.1624301075e-01   3.3067372583e-01
4.1634301075e-01   3.3068670255e-01
4.1734301075e-01   3.3080802406e-01
4.2734301075e-01   3.3119627448e-01
4.2744301075e-01   3.3119278734e-01
4.2844301075e-01   3.3115014013e-01
4.3844301075e-01   3.2997520675e-01
4.3854301075e-01   3.2995686917e-01
4.3954301075e-01   3.2976664457e-01
4.4954301075e-01   3.2721448191e-01
4.4964301075e-01   3.2718332194e-01
4.5064301075e-01   3.2686594729e-01
4.6064301075e-01   3.2315195112e-01
4.6074301075e-01   3.2311019321e-01
4.6174301075e-01   3.2268795672e-01
4.7174301075e-01   3.1803638591e-01
4.7184301075e-01   3.1798625953e-01
4.7284301075e-01   3.1748141556e-01
4.8284301075e-01   3.1210859614e-01
4.8294301075e-01   3.1205218928e-01
4.8394301075e-01   3.1148551848e-01
4.9394301075e-01   3.0558796918e-01
4.9404301075e-01   3.0552713290e-01
4.9504301075e-01   3.0491701217e-01
5.0504301075e-01   2.9866454885e-01
5.0514301075e-01   2.9860084928e-01
5.0614301075e-01   2.9796279350e-01
5.1614301075e-01   2.9149591846e-01
5.3178328446e-01   2.8121539399e-01
5.3188328446e-01   2.8114948944e-01
5.3288328446e-01   2.8049050472e-01
5.4288328446e-01   2.7391671851e-01
5.5852355816e-01   2.6376548328e-01
5.5862355816e-01   2.6370131034e-01
5.5962355816e-01   2.6306017119e-01
5.6962355816e-01   2.5671190235e-01
5.8526383187e-01   2.4704105856e-01
6.0090410557e-01   2.3771928189e-01
6.0100410557e-01   2.3766085429e-01
6.0200410557e-01   2.3707741017e-01
6.1200410557e-01   2.3132665441e-01
6.2764437928e-01   2.2264019952e-01
6.4328465298e-01   2.1433156441e-01
6.5892492669e-01   2.0640127529e-01
6.7456520039e-01   1.9885028715e-01
6.7466520039e-01   1.9880323361e-01
6.7566520039e-01   1.9833355797e-01
6.8566520039e-01   1.9372305840e-01
7.0130547410e-01   1.8682993086e-01
7.1694574780e-01   1.8033368254e-01
7.3258602151e-01   1.7424975689e-01
7.4822629521e-01   1.6860035070e-01
7.4832629521e-01   1.6856568844e-01
7.4932629521e-01   1.6822011162e-01
7.5932629521e-01   1.6487089510e-01
7.7496656891e-01   1.6004065631e-01
7.9060684262e-01   1.5575281256e-01
7.9070684262e-01   1.5572727169e-01
7.9170684262e-01   1.5547322790e-01
8.0170684262e-01   1.5307332520e-01
8.1734711632e-01   1.4987147095e-01
8.1744711632e-01   1.4985332938e-01
8.1844711632e-01   1.4967362490e-01
8.2844711632e-01   1.4805373621e-01
8.4408739003e-01   1.4622412539e-01
8.4418739003e-01   1.4621543166e-01
8.4518739003e-01   1.4613071362e-01
8.5518739003e-01   1.4551410189e-01
8.7082766373e-01   1.4547232399e-01
8.7092766373e-01   1.4547601433e-01
8.7192766373e-01   1.4551584759e-01
8.8192766373e-01   1.4621882121e-01
8.8202766373e-01   1.4622875796e-01
8.8302766373e-01   1.4633141448e-01
8.9302766373e-01   1.4769973669e-01
8.9312766373e-01   1.4771667846e-01
8.9412766373e-01   1.4788977937e-01
9.0412766373e-01   1.5000298511e-01
9.0422766373e-01   1.5002775582e-01
9.0522766373e-01   1.5027956872e-01
9.1522766373e-01   1.5322284973e-01
9.1532766373e-01   1.5325632082e-01
9.1632766373e-01   1.5359557703e-01
9.2632766373e-01   1.5745737303e-01
9.2642766373e-01   1.5750043354e-01
9.2742766373e-01   1.5793602173e-01
9.3742766373e-01   1.6280420258e-01
9.3752766373e-01   1.6285771354e-01
9.3852766373e-01   1.6339821456e-01
9.4852766373e-01   1.6935450393e-01
9.4862766373e-01   1.6941923358e-01
9.4962766373e-01   1.7007226303e-01
9.5962766373e-01   1.7718460629e-01
9.5972766373e-01   1.7726114383e-01
9.6072766373e-01   1.7803247830e-01
9.7072766373e-01   1.8634521102e-01
9.7082766373e-01   1.8643385845e-01
9.7182766373e-01   1.8732634353e-01
9.8182766373e-01   1.9684831436e-01
9.8192766373e-01   1.9694895984e-01
9.8292766373e-01   1.9796123623e-01
9.9292766373e-01   2.0865251126e-01
9.9302766373e-01   2.0876449288e-01
9.9402766373e-01   2.0988963354e-01
1.0040276637e+00   2.2164805524e-01
1.0196679374e+00   2.4159511522e-01
1.0197679374e+00   2.4172738469e-01
1.0207679374e+00   2.4305263807e-01
1.0307679374e+00   2.5650348909e-01
1.0464082111e+00   2.7770026982e-01
1.0465082111e+00   2.7783408874e-01
1.0475082111e+00   2.7916995500e-01
1.0575082111e+00   2.9221898180e-01
1.0576082111e+00   2.9234591635e-01
1.0586082111e+00   2.9361061437e-01
1.0686082111e+00   3.0571686804e-01
1.0687082111e+00   3.0583228193e-01
1.0697082111e+00   3.0697954482e-01
1.0797082111e+00   3.1769708113e-01
1.0798082111e+00   3.1779673378e-01
1.0808082111e+00   3.1878446431e-01
1.0908082111e+00   3.2772981584e-01
1.0909082111e+00   3.2781027490e-01
1.0919082111e+00   3.2860464654e-01
1.1019082111e+00   3.3549416611e-01
1.1020082111e+00   3.3555313618e-01
1.1030082111e+00   3.3613182042e-01
1.1130082111e+00   3.4080702053e-01
1.1131082111e+00   3.4084352552e-01
1.1141082111e+00   3.4119743134e-01
1.1241082111e+00   3.4363365164e-01
1.1242082111e+00   3.4364803979e-01
1.1252082111e+00   3.4378127524e-01
1.1352082111e+00   3.4407877368e-01
1.1353082111e+00   3.4407255480e-01
1.1363082111e+00   3.4400072582e-01
1.1463082111e+00   3.4236118365e-01
1.1464082111e+00   3.4233674356e-01
1.1474082111e+00   3.4208405389e-01
1.1574082111e+00   3.3877823187e-01
1.1575082111e+00   3.3873848863e-01
1.1585082111e+00   3.3833429049e-01
1.1685082111e+00   3.3366745571e-01
1.1686082111e+00   3.3361552194e-01
1.1696082111e+00   3.3309095779e-01
1.1796082111e+00   3.2737178647e-01
1.1797082111e+00   3.2731068696e-01
1.1807082111e+00   3.2669590076e-01
1.1907082111e+00   3.2021252798e-01
1.1908082111e+00   3.2014499834e-01
1.1918082111e+00   3.1946716583e-01
1.2018082111e+00   3.1247176053e-01
1.2019082111e+00   3.1240013141e-01
1.2029082111e+00   3.1168234205e-01
1.2129082111e+00   3.0438371275e-01
1.2130082111e+00   3.0430986808e-01
1.2140082111e+00   3.0357073959e-01
1.2240082111e+00   2.9613333841e-01
1.2241082111e+00   2.9605872850e-01
1.2251082111e+00   2.9531255970e-01
1.2351082111e+00   2.8785984129e-01
1.2507484848e+00   2.7634890102e-01
1.2508484848e+00   2.7627620939e-01
1.2518484848e+00   2.7555004296e-01
1.2618484848e+00   2.6836909403e-01
1.2774887586e+00   2.5746858224e-01
1.2775887586e+00   2.5740027932e-01
1.2785887586e+00   2.5671824937e-01
1.2885887586e+00   2.4999877130e-01
1.3042290323e+00   2.3985950929e-01
1.3198693060e+00   2.3016586892e-01
1.3199693060e+00   2.3010529210e-01
1.3209693060e+00   2.2950048890e-01
1.3309693060e+00   2.2354789079e-01
1.3466095797e+00   2.1457631815e-01
1.3622498534e+00   2.0600008381e-01
1.3778901271e+00   1.9780093205e-01
1.3935304008e+00   1.8996332786e-01
1.4091706745e+00   1.8247474593e-01
1.4092706745e+00   1.8242796669e-01
1.4102706745e+00   1.8196093668e-01
1.4202706745e+00   1.7736648326e-01
1.4359109482e+00   1.7045432101e-01
1.4515512219e+00   1.6387260413e-01
1.4671914956e+00   1.5762050505e-01
1.4828317693e+00   1.5170105230e-01
1.4984720430e+00   1.4612188015e-01
1.4985720430e+00   1.4608732830e-01
1.4995720430e+00   1.4574260437e-01
1.5095720430e+00   1.4237578198e-01
1.5252123167e+00   1.3741306813e-01
1.5408525904e+00   1.3284429128e-01
1.5564928641e+00   1.2870693036e-01
1.5565928641e+00   1.2868196699e-01
1.5575928641e+00   1.2843341884e-01
1.5675928641e+00   1.2605982107e-01
1.5832331378e+00   1.2278844392e-01
1.5833331378e+00   1.2276940029e-01
1.5843331378e+00   1.2258034516e-01
1.5943331378e+00   1.2083331732e-01
1.6099734115e+00   1.1867728509e-01
1.6100734115e+00   1.1866598779e-01
1.6110734115e+00   1.1855486776e-01
1.6210734115e+00   1.1763740345e-01
1.6367136852e+00   1.1699100952e-01
1.6368136852e+00   1.1699031749e-01
1.6378136852e+00   1.1698597524e-01
1.6478136852e+00   1.1721302844e-01
1.6479136852e+00   1.1721790341e-01
1.6489136852e+00   1.1726962704e-01
1.6589136852e+00   1.1809899889e-01
1.6590136852e+00   1.1811029900e-01
1.6600136852e+00   1.1822673335e-01
1.6700136852e+00   1.1975134375e-01
1.6701136852e+00   1.1977005853e-01
1.6711136852e+00   1.1996116520e-01
1.6811136852e+00   1.2228728119e-01
1.6812136852e+00   1.2231453411e-01
1.6822136852e+00   1.2259161346e-01
1.6922136852e+00   1.2583861834e-01
1.6923136852e+00   1.2587565971e-01
1.6933136852e+00   1.2625127325e-01
1.7033136852e+00   1.3055018739e-01
1.7034136852e+00   1.3059837216e-01
1.7044136852e+00   1.3108611178e-01
1.7144136852e+00   1.3657625626e-01
1.7145136852e+00   1.3663700008e-01
1.7155136852e+00   1.3725103587e-01
1.7255136852e+00   1.4407409646e-01
1.7256136852e+00   1.4414880211e-01
1.7266136852e+00   1.4490312938e-01
1.7366136852e+00   1.5319380129e-01
1.7367136852e+00   1.5328374712e-01
1.7377136852e+00   1.5419105054e-01
1.7477136852e+00   1.6406350046e-01
1.7478136852e+00   1.6416968426e-01
1.7488136852e+00   1.6523975303e-01
1.7588136852e+00   1.7676943643e-01
1.7589136852e+00   1.7689237239e-01
1.7599136852e+00   1.7813004745e-01
1.7699136852e+00   1.9133109686e-01
1.7700136852e+00   1.9147057230e-01
1.7710136852e+00   1.9287329772e-01
1.7810136852e+00   2.0767286342e-01
1.7811136852e+00   2.0782767593e-01
1.7821136852e+00   2.0938286928e-01
1.7921136852e+00   2.2559545281e-01
1.7922136852e+00   2.2576316687e-01
1.7932136852e+00   2.2744580907e-01
1.8032136852e+00   2.4475256180e-01
1.8033136852e+00   2.4492934316e-01
1.8043136852e+00   2.4670037883e-01
1.8143136852e+00   2.6463998131e-01
1.8144136852e+00   2.6482057996e-01
1.8154136852e+00   2.6662683977e-01
1.8254136852e+00   2.8460502391e-01
1.8255136852e+00   2.8478297242e-01
1.8265136852e+00   2.8655927642e-01
1.8365136852e+00   3.0388228188e-01
1.8366136852e+00   3.0405034565e-01
1.8376136852e+00   3.0572413093e-01
1.8476136852e+00   3.2165681780e-01
1.8477136852e+00   3.2180767591e-01
1.8487136852e+00   3.2330590036e-01
1.8587136852e+00   3.3714841755e-01
1.8588136852e+00   3.3727547939e-01
1.8598136852e+00   3.3853281746e-01
1.8599136852e+00   3.3865721427e-01
1.8609136852e+00   3.3988765843e-01
1.8610136852e+00   3.4000934184e-01
1.8620136852e+00   3.4121241799e-01
1.8621136852e+00   3.4133134155e-01
1.8631136852e+00   3.4250659518e-01
1.8632136852e+00   3.4262271444e-01
1.8642136852e+00   3.4376971112e-01
1.8643136852e+00   3.4388298366e-01
1.8653136852e+00   3.4500130955e-01
1.8654136852e+00   3.4511169504e-01
1.8664136852e+00   3.4620095735e-01
1.8665136852e+00   3.4630841757e-01
1.8675136852e+00   3.4736824500e-01
1.8676136852e+00   3.4747274392e-01
1.8686136852e+00   3.4850278702e-01
1.8687136852e+00   3.4860429078e-01
1.8697136852e+00   3.4960422232e-01
1.8698136852e+00   3.4970269933e-01
1.8708136852e+00   3.5067221462e-01
1.8709136852e+00   3.5076763554e-01
1.8719136852e+00   3.5170645271e-01
1.8720136852e+00   3.5179879052e-01
1.8730136852e+00   3.5270665074e-01
1.8731136852e+00   3.5279588070e-01
1.8741136852e+00   3.5367254843e-01
1.8742136852e+00   3.5375864816e-01
1.8752136852e+00   3.5460391127e-01
1.8753136852e+00   3.5468686073e-01
1.8763136852e+00   3.5550053065e-01
1.8764136852e+00   3.5558031217e-01
1.8774136852e+00   3.5636222395e-01
1.8775136852e+00   3.5643882222e-01
1.8785136852e+00   3.5718883463e-01
1.8786136852e+00   3.5726223671e-01
1.8796136852e+00   3.5798023219e-01
1.8797136852e+00   3.5805042751e-01
1.8807136852e+00   3.5873631220e-01
1.8808136852e+00   3.5880329254e-01
1.8818136852e+00   3.5945699614e-01
1.8819136852e+00   3.5952075567e-01
1.8829136852e+00   3.6014223140e-01
1.8830136852e+00   3.6020276659e-01
1.8840136852e+00   3.6079199101e-01
1.8841136852e+00   3.6084930069e-01
1.8851136852e+00   3.6140627351e-01
1.8852136852e+00   3.6146035881e-01
1.8862136852e+00   3.6198510272e-01
1.8863136852e+00   3.6203596704e-01
1.8873136852e+00   3.6252852742e-01
1.8874136852e+00   3.6257617641e-01
1.8884136852e+00   3.6303662105e-01
1.8885136852e+00   3.6308106262e-01
1.8895136852e+00   3.6350948139e-01
1.8896136852e+00   3.6355072561e-01
1.8906136852e+00   3.6394723014e-01
1.8907136852e+00   3.6398528925e-01
1.8917136852e+00   3.6435001252e-01
1.8918136852e+00   3.6438490087e-01
1.8928136852e+00   3.6471799681e-01
1.8929136852e+00   3.6474973082e-01
1.8939136852e+00   3.6505137385e-01
1.8940136852e+00   3.6507997198e-01
1.8950136852e+00   3.6535035658e-01
1.8951136852e+00   3.6537583926e-01
1.8961136852e+00   3.6561517941e-01
1.8962136852e+00   3.6563756900e-01
1.8972136852e+00   3.6584609776e-01
1.8973136852e+00   3.6586541849e-01
1.8983136852e+00   3.6604338735e-01
1.8984136852e+00   3.6605966529e-01
1.8994136852e+00   3.6620734369e-01
1.8995136852e+00   3.6622060664e-01
1.9005136852e+00   3.6633828134e-01
1.9006136852e+00   3.6634855884e-01
1.9016136852e+00   3.6643653335e-01
1.9017136852e+00   3.6644385657e-01
1.9027136852e+00   3.6650245052e-01
1.9028136852e+00   3.6650685219e-01
1.9038136852e+00   3.6653640070e-01
1.9039136852e+00   3.6653791509e-01
1.9049136852e+00   3.6653876812e-01
1.9050136852e+00   3.6653743096e-01
1.9060136852e+00   3.6650995268e-01
1.9061136852e+00   3.6650580106e-01
1.9071136852e+00   3.6645036915e-01
1.9072136852e+00   3.6644344149e-01
1.9082136852e+00   3.6636044650e-01
1.9083136852e+00   3.6635078248e-01
1.9093136852e+00   3.6624062711e-01
1.9094136852e+00   3.6622826759e-01
1.9104136852e+00   3.6609136606e-01
1.9105136852e+00   3.6607635300e-01
1.9115136852e+00   3.6591313032e-01
1.9116136852e+00   3.6589550675e-01
1.9126136852e+00   3.6570639803e-01
1.9127136852e+00   3.6568620794e-01
1.9137136852e+00   3.6547165772e-01
1.9138136852e+00   3.6544894601e-01
1.9148136852e+00   3.6520940758e-01
1.9149136852e+00   3.6518421999e-01
1.9159136852e+00   3.6492015467e-01
1.9160136852e+00   3.6489253772e-01
1.9170136852e+00   3.6460441419e-01
1.9171136852e+00   3.6457441509e-01
1.9181136852e+00   3.6426270873e-01
1.9182136852e+00   3.6423037532e-01
1.9192136852e+00   3.6389556754e-01
1.9193136852e+00   3.6386094824e-01
1.9203136852e+00   3.6350352577e-01
1.9204136852e+00   3.6346666951e-01
1.9214136852e+00   3.6308712379e-01
1.9215136852e+00   3.6304807992e-01
1.9225136852e+00   3.6264690647e-01
1.9226136852e+00   3.6260572473e-01
1.9236136852e+00   3.6218342247e-01
1.9237136852e+00   3.6214015289e-01
1.9247136852e+00   3.6169722354e-01
1.9248136852e+00   3.6165191642e-01
1.9258136852e+00   3.6118886392e-01
1.9259136852e+00   3.6114156973e-01
1.9269136852e+00   3.6065889958e-01
1.9270136852e+00   3.6060966895e-01
1.9280136852e+00   3.6010788770e-01
1.9281136852e+00   3.6005677130e-01
1.9291136852e+00   3.5953638595e-01
1.9391136852e+00   3.5349515296e-01
1.9392136852e+00   3.5342782152e-01
1.9402136852e+00   3.5274779494e-01
1.9502136852e+00   3.4535485541e-01
1.9503136852e+00   3.4527618191e-01
1.9513136852e+00   3.4448500993e-01
1.9613136852e+00   3.3619669103e-01
1.9614136852e+00   3.3611093515e-01
1.9624136852e+00   3.3525084786e-01
1.9724136852e+00   3.2645053647e-01
1.9725136852e+00   3.2636116014e-01
1.9735136852e+00   3.2546636248e-01
1.9835136852e+00   3.1645471369e-01
1.9836136852e+00   3.1636434791e-01
1.9846136852e+00   3.1546075006e-01
1.9946136852e+00   3.0645838592e-01
1.9947136852e+00   3.0636889959e-01
1.9957136852e+00   3.0547484256e-01
2.0057136852e+00   2.9663258857e-01
2.0058136852e+00   2.9654521166e-01
2.0068136852e+00   2.9567271547e-01
2.0168136852e+00   2.8708513843e-01
2.0169136852e+00   2.8700060250e-01
2.0179136852e+00   2.8615677229e-01
2.0279136852e+00   2.7787601983e-01
2.0435539589e+00   2.6551972232e-01
2.0436539589e+00   2.6544307192e-01
2.0446539589e+00   2.6467819802e-01
2.0546539589e+00   2.5719053472e-01
2.0702942326e+00   2.4604455389e-01
2.0703942326e+00   2.4597540811e-01
2.0713942326e+00   2.4528538225e-01
2.0813942326e+00   2.3852500474e-01
2.0970345064e+00   2.2843286207e-01
2.1126747801e+00   2.1887675633e-01
2.1127747801e+00   2.1881726715e-01
2.1137747801e+00   2.1822346152e-01
2.1237747801e+00   2.1239163665e-01
2.1394150538e+00   2.0363864242e-01
2.1550553275e+00   1.9530346260e-01
2.1706956012e+00   1.8735714053e-01
2.1863358749e+00   1.7977680854e-01
2.2019761486e+00   1.7254455285e-01
2.2020761486e+00   1.7249939979e-01
2.2030761486e+00   1.7204861935e-01
2.2130761486e+00   1.6761523957e-01
2.2287164223e+00   1.6094808025e-01
2.2443566960e+00   1.5459973785e-01
2.2599969697e+00   1.4856575090e-01
2.2756372434e+00   1.4284531051e-01
2.2912775171e+00   1.3744182263e-01
2.3069177908e+00   1.3236378819e-01
2.3070177908e+00   1.3233239566e-01
2.3080177908e+00   1.3201923501e-01
2.3180177908e+00   1.2896516314e-01
2.3336580645e+00   1.2448228158e-01
2.3492983382e+00   1.2038496088e-01
2.3649386119e+00   1.1671551802e-01
2.3650386119e+00   1.1669354862e-01
2.3660386119e+00   1.1647494774e-01
2.3760386119e+00   1.1440204747e-01
2.3916788856e+00   1.1161015139e-01
2.3917788856e+00   1.1159423009e-01
2.3927788856e+00   1.1143644874e-01
2.4027788856e+00   1.1000801031e-01
2.4184191593e+00   1.0837979853e-01
2.4185191593e+00   1.0837202743e-01
2.4195191593e+00   1.0829629354e-01
2.4295191593e+00   1.0774648366e-01
2.4296191593e+00   1.0774298543e-01
2.4306191593e+00   1.0771028922e-01
2.4406191593e+00   1.0762366007e-01
2.4407191593e+00   1.0762511302e-01
2.4417191593e+00   1.0764229680e-01
2.4517191593e+00   1.0809346493e-01
2.4518191593e+00   1.0810067439e-01
2.4528191593e+00   1.0817585844e-01
2.4628191593e+00   1.0925294850e-01
2.4629191593e+00   1.0926686128e-01
2.4639191593e+00   1.0940958727e-01
2.4739191593e+00   1.1121553150e-01
2.4740191593e+00   1.1123724727e-01
2.4750191593e+00   1.1145858957e-01
2.4850191593e+00   1.1411195598e-01
2.4851191593e+00   1.1414273231e-01
2.4861191593e+00   1.1445534446e-01
2.4961191593e+00   1.1809029462e-01
2.4962191593e+00   1.1813154107e-01
2.4972191593e+00   1.1854958963e-01
2.5072191593e+00   1.2331440412e-01
2.5073191593e+00   1.2336765892e-01
2.5083191593e+00   1.2390657936e-01
2.5183191593e+00   1.2996000239e-01
2.5184191593e+00   1.3002688327e-01
2.5194191593e+00   1.3070287354e-01
2.5294191593e+00   1.3820734727e-01
2.5295191593e+00   1.3828946664e-01
2.5305191593e+00   1.3911861779e-01
2.5405191593e+00   1.4822936128e-01
2.5406191593e+00   1.4832819497e-01
2.5416191593e+00   1.4932515336e-01
2.5516191593e+00   1.6017409227e-01
2.5517191593e+00   1.6029079309e-01
2.5527191593e+00   1.6146686691e-01
2.5627191593e+00   1.7414078942e-01
2.5628191593e+00   1.7427594223e-01
2.5638191593e+00   1.7563662433e-01
2.5738191593e+00   1.9014980886e-01
2.5739191593e+00   1.9030313551e-01
2.5749191593e+00   1.9184513305e-01
2.5849191593e+00   2.0810822067e-01
2.5850191593e+00   2.0827826151e-01
2.5860191593e+00   2.0998631096e-01
2.5960191593e+00   2.2777538986e-01
2.5961191593e+00   2.2795921304e-01
2.5971191593e+00   2.2980320493e-01
2.6071191593e+00   2.4873562097e-01
2.6072191593e+00   2.4892863570e-01
2.6082191593e+00   2.5086182226e-01
2.6182191593e+00   2.7038732204e-01
2.6183191593e+00   2.7058328729e-01
2.6193191593e+00   2.7254249079e-01
2.6293191593e+00   2.9195865129e-01
2.6294191593e+00   2.9214996278e-01
2.6304191593e+00   2.9405859780e-01
2.6404191593e+00   3.1255670565e-01
2.6405191593e+00   3.1273499840e-01
2.6415191593e+00   3.1450925059e-01
2.6515191593e+00   3.3125020902e-01
2.6516191593e+00   3.3140723161e-01
2.6526191593e+00   3.3296490521e-01
2.6527191593e+00   3.3311940461e-01
2.6537191593e+00   3.3465149883e-01
2.6538191593e+00   3.3480340585e-01
2.6548191593e+00   3.3630923730e-01
2.6549191593e+00   3.3645848447e-01
2.6559191593e+00   3.3793738740e-01
2.6560191593e+00   3.3808390905e-01
2.6570191593e+00   3.3953523626e-01
2.6571191593e+00   3.3967896864e-01
2.6581191593e+00   3.4110209229e-01
2.6582191593e+00   3.4124297360e-01
2.6592191593e+00   3.4263728606e-01
2.6593191593e+00   3.4277525658e-01
2.6603191593e+00   3.4414017116e-01
2.6604191593e+00   3.4427517329e-01
2.6614191593e+00   3.4561012506e-01
2.6615191593e+00   3.4574210342e-01
2.6625191593e+00   3.4704654985e-01
2.6626191593e+00   3.4717545133e-01
2.6636191593e+00   3.4844887305e-01
2.6637191593e+00   3.4857464689e-01
2.6647191593e+00   3.4981654825e-01
2.6648191593e+00   3.4993914610e-01
2.6658191593e+00   3.5114905583e-01
2.6659191593e+00   3.5126843181e-01
2.6669191593e+00   3.5244590356e-01
2.6670191593e+00   3.5256201428e-01
2.6680191593e+00   3.5370662715e-01
2.6681191593e+00   3.5381943181e-01
2.6691191593e+00   3.5493079079e-01
2.6692191593e+00   3.5504025122e-01
2.6702191593e+00   3.5611798765e-01
2.6703191593e+00   3.5622406829e-01
2.6713191593e+00   3.5726784025e-01
2.6714191593e+00   3.5737050827e-01
2.6724191593e+00   3.5838000086e-01
2.6725191593e+00   3.5847922613e-01
2.6735191593e+00   3.5945415184e-01
2.6736191593e+00   3.5954990698e-01
2.6746191593e+00   3.6049000585e-01
2.6747191593e+00   3.6058226626e-01
2.6757191593e+00   3.6148730612e-01
2.6758191593e+00   3.6157604997e-01
2.6768191593e+00   3.6244582657e-01
2.6769191593e+00   3.6253103483e-01
2.6779191593e+00   3.6336537192e-01
2.6780191593e+00   3.6344702837e-01
2.6790191593e+00   3.6424577775e-01
2.6791191593e+00   3.6432386898e-01
2.6801191593e+00   3.6508691051e-01
2.6802191593e+00   3.6516142590e-01
2.6812191593e+00   3.6588866742e-01
2.6813191593e+00   3.6595959915e-01
2.6823191593e+00   3.6665097640e-01
2.6824191593e+00   3.6671831944e-01
2.6834191593e+00   3.6737379589e-01
2.6835191593e+00   3.6743754797e-01
2.6845191593e+00   3.6805711464e-01
2.6846191593e+00   3.6811727622e-01
2.6856191593e+00   3.6870095144e-01
2.6857191593e+00   3.6875752572e-01
2.6867191593e+00   3.6930535482e-01
2.6868191593e+00   3.6935834767e-01
2.6878191593e+00   3.6987040268e-01
2.6879191593e+00   3.6991982262e-01
2.6889191593e+00   3.7039620188e-01
2.6890191593e+00   3.7044206005e-01
2.6900191593e+00   3.7088288777e-01
2.6901191593e+00   3.7092519787e-01
2.6911191593e+00   3.7133062373e-01
2.6912191593e+00   3.7136940198e-01
2.6922191593e+00   3.7173960061e-01
2.6923191593e+00   3.7177486571e-01
2.6933191593e+00   3.7211003615e-01
2.6934191593e+00   3.7214180919e-01
2.6944191593e+00   3.7244217434e-01
2.6945191593e+00   3.7247047880e-01
2.6955191593e+00   3.7273628482e-01
2.6956191593e+00   3.7276114645e-01
2.6966191593e+00   3.7299266215e-01
2.6967191593e+00   3.7301410894e-01
2.6977191593e+00   3.7321162509e-01
2.6978191593e+00   3.7322968720e-01
2.6988191593e+00   3.7339351587e-01
2.6989191593e+00   3.7340822555e-01
2.6999191593e+00   3.7353869941e-01
2.7000191593e+00   3.7355009092e-01
2.7010191593e+00   3.7364756250e-01
2.7011191593e+00   3.7365567207e-01
2.7021191593e+00   3.7372051299e-01
2.7022191593e+00   3.7372537870e-01
2.7032191593e+00   3.7375797893e-01
2.7033191593e+00   3.7375964067e-01
2.7043191593e+00   3.7376040772e-01
2.7044191593e+00   3.7375890710e-01
2.7054191593e+00   3.7372826523e-01
2.7055191593e+00   3.7372364548e-01
2.7065191593e+00   3.7366203489e-01
2.7066191593e+00   3.7365434080e-01
2.7076191593e+00   3.7356221680e-01
2.7077191593e+00   3.7355149463e-01
2.7087191593e+00   3.7342932679e-01
2.7088191593e+00   3.7341562418e-01
2.7098191593e+00   3.7326389556e-01
2.7099191593e+00   3.7324726146e-01
2.7109191593e+00   3.7306646767e-01
2.7110191593e+00   3.7304695224e-01
2.7120191593e+00   3.7283760067e-01
2.7121191593e+00   3.7281525521e-01
2.7131191593e+00   3.7257786416e-01
2.7132191593e+00   3.7255274101e-01
2.7142191593e+00   3.7228783886e-01
2.7143191593e+00   3.7225999134e-01
2.7153191593e+00   3.7196811568e-01
2.7154191593e+00   3.7193759799e-01
2.7164191593e+00   3.7161929483e-01
2.7165191593e+00   3.7158616196e-01
2.7175191593e+00   3.7124198487e-01
2.7176191593e+00   3.7120629252e-01
2.7186191593e+00   3.7083680185e-01
2.7187191593e+00   3.7079860637e-01
2.7197191593e+00   3.7040436840e-01
2.7198191593e+00   3.7036372668e-01
2.7208191593e+00   3.6994531285e-01
2.7209191593e+00   3.6990228227e-01
2.7219191593e+00   3.6946026839e-01
2.7220191593e+00   3.6941490673e-01
2.7230191593e+00   3.6894987222e-01
2.7231191593e+00   3.6890223757e-01
2.7241191593e+00   3.6841476471e-01
2.7242191593e+00   3.6836491541e-01
2.7252191593e+00   3.6785558859e-01
2.7253191593e+00   3.6780358317e-01
2.7263191593e+00   3.6727298817e-01
2.7264191593e+00   3.6721888526e-01
2.7274191593e+00   3.6666760858e-01
2.7275191593e+00   3.6661146683e-01
2.7285191593e+00   3.6604009500e-01
2.7286191593e+00   3.6598197304e-01
2.7296191593e+00   3.6539109195e-01
2.7297191593e+00   3.6533104832e-01
2.7307191593e+00   3.6472124256e-01
2.7308191593e+00   3.6465933564e-01
2.7318191593e+00   3.6403118796e-01
2.7319191593e+00   3.6396747590e-01
2.7329191593e+00   3.6332156653e-01
2.7330191593e+00   3.6325610722e-01
2.7340191593e+00   3.6259301338e-01
2.7341191593e+00   3.6252586436e-01
2.7351191593e+00   3.6184615964e-01
2.7352191593e+00   3.6177737807e-01
2.7362191593e+00   3.6108163196e-01
2.7462191593e+00   3.5342398161e-01
2.7463191593e+00   3.5334180332e-01
2.7473191593e+00   3.5251478711e-01
2.7573191593e+00   3.4380132631e-01
2.7574191593e+00   3.4371082013e-01
2.7584191593e+00   3.4280280363e-01
2.7684191593e+00   3.3349101724e-01
2.7685191593e+00   3.3339632000e-01
2.7695191593e+00   3.3244817829e-01
2.7795191593e+00   3.2289720456e-01
2.7796191593e+00   3.2280145497e-01
2.7806191593e+00   3.2184409096e-01
2.7906191593e+00   3.1231624152e-01
2.7907191593e+00   3.1222165230e-01
2.7917191593e+00   3.1127676960e-01
2.8017191593e+00   3.0194937630e-01
2.8018191593e+00   3.0185738179e-01
2.8028191593e+00   3.0093898305e-01
2.8128191593e+00   2.9192091742e-01
2.8129191593e+00   2.9183234661e-01
2.8139191593e+00   2.9094846722e-01
2.8239191593e+00   2.8229728132e-01
2.8240191593e+00   2.8221252391e-01
2.8250191593e+00   2.8136688280e-01
2.8350191593e+00   2.7310418131e-01
2.8506594330e+00   2.6087640206e-01
2.8507594330e+00   2.6080086689e-01
2.8517594330e+00   2.6004731301e-01
2.8617594330e+00   2.5268761416e-01
2.8773997067e+00   2.4178144076e-01
2.8774997067e+00   2.4171394165e-01
2.8784997067e+00   2.4104044708e-01
2.8884997067e+00   2.3445110243e-01
2.9041399805e+00   2.2464257377e-01
2.9197802542e+00   2.1538469795e-01
2.9198802542e+00   2.1532715751e-01
2.9208802542e+00   2.1475286841e-01
2.9308802542e+00   2.0911916297e-01
2.9465205279e+00   2.0068772521e-01
2.9621608016e+00   1.9269132044e-01
2.9778010753e+00   1.8510593518e-01
2.9934413490e+00   1.7791529666e-01
3.0090816227e+00   1.7110991009e-01
3.0091816227e+00   1.7106762746e-01
3.0101816227e+00   1.7064565901e-01
3.0201816227e+00   1.6651182648e-01
3.0358218964e+00   1.6036123569e-01
3.0514621701e+00   1.5460235591e-01
3.0671024438e+00   1.4925086350e-01
3.0827427175e+00   1.4433152270e-01
3.0828427175e+00   1.4430153051e-01
3.0838427175e+00   1.4400266082e-01
3.0938427175e+00   1.4112156685e-01
3.1094829912e+00   1.3703164089e-01
3.1251232649e+00   1.3350494379e-01
3.1252232649e+00   1.3348437061e-01
3.1262232649e+00   1.3328008963e-01
3.1362232649e+00   1.3138756723e-01
3.1518635386e+00   1.2902658987e-01
3.1519635386e+00   1.2901406149e-01
3.1529635386e+00   1.2889068086e-01
3.1629635386e+00   1.2785521106e-01
3.1786038123e+00   1.2703655272e-01
3.1787038123e+00   1.2703478711e-01
3.1797038123e+00   1.2701971743e-01
3.1897038123e+00   1.2713945678e-01
3.1898038123e+00   1.2714324961e-01
3.1908038123e+00   1.2718413178e-01
3.2008038123e+00   1.2790193304e-01
3.2009038123e+00   1.2791207708e-01
3.2019038123e+00   1.2801689342e-01
3.2119038123e+00   1.2941808956e-01
3.2120038123e+00   1.2943548905e-01
3.2130038123e+00   1.2961333727e-01
3.2230038123e+00   1.3179439804e-01
3.2231038123e+00   1.3182006725e-01
3.2241038123e+00   1.3208114281e-01
3.2341038123e+00   1.3514905854e-01
3.2342038123e+00   1.3518411100e-01
3.2352038123e+00   1.3553959328e-01
3.2452038123e+00   1.3961008014e-01
3.2453038123e+00   1.3965570391e-01
3.2463038123e+00   1.4011750047e-01
3.2563038123e+00   1.4531151937e-01
3.2564038123e+00   1.4536893279e-01
3.2574038123e+00   1.4594922617e-01
3.2674038123e+00   1.5238722156e-01
3.2675038123e+00   1.5245760344e-01
3.2685038123e+00   1.5316813821e-01
3.2785038123e+00   1.6096137636e-01
3.2786038123e+00   1.6104576445e-01
3.2796038123e+00   1.6189681498e-01
3.2896038123e+00   1.7113529653e-01
3.2897038123e+00   1.7123445003e-01
3.2907038123e+00   1.7223342744e-01
3.3007038123e+00   1.8297014967e-01
3.3008038123e+00   1.8308437575e-01
3.3018038123e+00   1.8423407639e-01
3.3118038123e+00   1.9646601726e-01
3.3119038123e+00   1.9659496906e-01
3.3129038123e+00   1.9789154410e-01
3.3229038123e+00   2.1153869612e-01
3.3230038123e+00   2.1168116090e-01
3.3240038123e+00   2.1311200044e-01
3.3340038123e+00   2.2799706895e-01
3.3341038123e+00   2.2815077905e-01
3.3351038123e+00   2.2969264429e-01
3.3451038123e+00   2.4552544210e-01
3.3607440860e+00   2.7115221265e-01
3.3608440860e+00   2.7131664798e-01
3.3618440860e+00   2.7295999145e-01
3.3718440860e+00   2.8919136179e-01
3.3719440860e+00   2.8935087366e-01
3.3729440860e+00   2.9094189397e-01
3.3829440860e+00   3.0633666441e-01
3.3830440860e+00   3.0648491468e-01
3.3840440860e+00   3.0796017396e-01
3.3940440860e+00   3.2188888565e-01
3.3941440860e+00   3.2201972498e-01
3.3951440860e+00   3.2331799899e-01
3.4051440860e+00   3.3520642141e-01
3.4052440860e+00   3.3531455611e-01
3.4062440860e+00   3.3638350107e-01
3.4162440860e+00   3.4577683528e-01
3.4163440860e+00   3.4585842590e-01
3.4173440860e+00   3.4666049461e-01
3.4174440860e+00   3.4673931434e-01
3.4184440860e+00   3.4751358414e-01
3.4185440860e+00   3.4758961535e-01
3.4195440860e+00   3.4833591966e-01
3.4196440860e+00   3.4840914665e-01
3.4206440860e+00   3.4912733844e-01
3.4207440860e+00   3.4919774749e-01
3.4217440860e+00   3.4988769932e-01
3.4218440860e+00   3.4995527867e-01
3.4228440860e+00   3.5061688269e-01
3.4229440860e+00   3.5068162254e-01
3.4239440860e+00   3.5131479052e-01
3.4240440860e+00   3.5137668302e-01
3.4250440860e+00   3.5198134627e-01
3.4251440860e+00   3.5204038552e-01
3.4261440860e+00   3.5261649479e-01
3.4262440860e+00   3.5267267685e-01
3.4272440860e+00   3.5322020226e-01
3.4273440860e+00   3.5327352509e-01
3.4283440860e+00   3.5379245598e-01
3.4284440860e+00   3.5384291948e-01
3.4294440860e+00   3.5433326424e-01
3.4295440860e+00   3.5438087019e-01
3.4305440860e+00   3.5484265607e-01
3.4306440860e+00   3.5488740814e-01
3.4316440860e+00   3.5532068105e-01
3.4317440860e+00   3.5536258474e-01
3.4327440860e+00   3.5576740898e-01
3.4328440860e+00   3.5580647164e-01
3.4338440860e+00   3.5618292964e-01
3.4339440860e+00   3.5621916040e-01
3.4349440860e+00   3.5656735243e-01
3.4350440860e+00   3.5660076221e-01
3.4360440860e+00   3.5692080604e-01
3.4361440860e+00   3.5695140748e-01
3.4371440860e+00   3.5724343808e-01
3.4372440860e+00   3.5727124553e-01
3.4382440860e+00   3.5753541468e-01
3.4383440860e+00   3.5756044413e-01
3.4393440860e+00   3.5779692004e-01
3.4394440860e+00   3.5781918913e-01
3.4404440860e+00   3.5802815605e-01
3.4405440860e+00   3.5804768399e-01
3.4415440860e+00   3.5822934177e-01
3.4416440860e+00   3.5824614931e-01
3.4426440860e+00   3.5840071299e-01
3.4427440860e+00   3.5841482237e-01
3.4437440860e+00   3.5854252170e-01
3.4438440860e+00   3.5855395662e-01
3.4448440860e+00   3.5865503560e-01
3.4449440860e+00   3.5866382116e-01
3.4459440860e+00   3.5873853756e-01
3.4460440860e+00   3.5874470021e-01
3.4470440860e+00   3.5879332510e-01
3.4471440860e+00   3.5879689259e-01
3.4481440860e+00   3.5881970980e-01
3.4482440860e+00   3.5882071114e-01
3.4492440860e+00   3.5881801674e-01
3.4493440860e+00   3.5881648213e-01
3.4503440860e+00   3.5878858396e-01
3.4504440860e+00   3.5878454474e-01
3.4514440860e+00   3.5873176182e-01
3.4515440860e+00   3.5872525045e-01
3.4525440860e+00   3.5864791247e-01
3.4526440860e+00   3.5863896243e-01
3.4536440860e+00   3.5853740921e-01
3.4537440860e+00   3.5852605497e-01
3.4547440860e+00   3.5840063591e-01
3.4548440860e+00   3.5838691286e-01
3.4558440860e+00   3.5823798638e-01
3.4559440860e+00   3.5822193081e-01
3.4569440860e+00   3.5804986382e-01
3.4570440860e+00   3.5803151282e-01
3.4580440860e+00   3.5783668016e-01
3.4581440860e+00   3.5781607158e-01
3.4591440860e+00   3.5759885547e-01
3.4592440860e+00   3.5757602789e-01
3.4602440860e+00   3.5733681737e-01
3.4702440860e+00   3.5391962092e-01
3.4703440860e+00   3.5387668061e-01
3.4713440860e+00   3.5343844255e-01
3.4813440860e+00   3.4824485657e-01
3.4814440860e+00   3.4818613344e-01
3.4824440860e+00   3.4759222296e-01
3.4924440860e+00   3.4105411918e-01
3.4925440860e+00   3.4098385495e-01
3.4935440860e+00   3.4027654460e-01
3.5035440860e+00   3.3279728394e-01
3.5036440860e+00   3.3271929511e-01
3.5046440860e+00   3.3193647742e-01
3.5146440860e+00   3.2386521619e-01
3.5147440860e+00   3.2378270300e-01
3.5157440860e+00   3.2295604897e-01
3.5257440860e+00   3.1457582906e-01
3.5258440860e+00   3.1449131154e-01
3.5268440860e+00   3.1364568592e-01
3.5368440860e+00   3.0517242258e-01
3.5369440860e+00   3.0508776905e-01
3.5379440860e+00   3.0424155113e-01
3.5479440860e+00   2.9583021166e-01
3.5480440860e+00   2.9574672247e-01
3.5490440860e+00   2.9491266193e-01
3.5590440860e+00   2.8666718835e-01
3.5591440860e+00   2.8658570362e-01
3.5601440860e+00   2.8577200285e-01
3.5701440860e+00   2.7775633996e-01
3.5857843597e+00   2.6570022611e-01
3.5858843597e+00   2.6562510957e-01
3.5868843597e+00   2.6487533196e-01
3.5968843597e+00   2.5751605447e-01
3.6125246334e+00   2.4650155966e-01
3.6126246334e+00   2.4643302638e-01
3.6136246334e+00   2.4574898365e-01
3.6236246334e+00   2.3903525573e-01
3.6392649071e+00   2.2897566758e-01
3.6549051808e+00   2.1941410636e-01
3.6550051808e+00   2.1935448100e-01
3.6560051808e+00   2.1875924893e-01
3.6660051808e+00   2.1290702895e-01
3.6816454545e+00   2.0410211407e-01
3.6972857283e+00   1.9569351267e-01
3.7129260020e+00   1.8765373185e-01
3.7285662757e+00   1.7995969389e-01
3.7442065494e+00   1.7259180784e-01
3.7598468231e+00   1.6553315546e-01
3.7599468231e+00   1.6548898614e-01
3.7609468231e+00   1.6504795375e-01
3.7709468231e+00   1.6070297089e-01
3.7865870968e+00   1.5413939020e-01
3.8022273705e+00   1.4784809925e-01
3.8178676442e+00   1.4181769628e-01
3.8335079179e+00   1.3603766664e-01
3.8491481916e+00   1.3049829263e-01
3.8647884653e+00   1.2519061813e-01
3.8804287390e+00   1.2010645921e-01
3.8960690127e+00   1.1523845801e-01
3.9117092864e+00   1.1058018276e-01
3.9273495601e+00   1.0612628214e-01
3.9429898338e+00   1.0187270848e-01
3.9586301075e+00   9.7817031236e-02
3.9587301075e+00   9.7791734860e-02
3.9597301075e+00   9.7539214752e-02
3.9697301075e+00   9.5058448686e-02
3.9853703812e+00   9.1341661045e-02
4.0010106549e+00   8.7828322131e-02
4.0166509286e+00   8.4527300289e-02
4.0322912023e+00   8.1453100998e-02
4.0323912023e+00   8.1434217769e-02
4.0333912023e+00   8.1245944710e-02
4.0433912023e+00   7.9420649886e-02
4.0590314761e+00   7.6790783024e-02
4.0746717498e+00   7.4472930612e-02
4.0747717498e+00   7.4459229658e-02
4.0757717498e+00   7.4323052732e-02
4.0857717498e+00   7.3048414037e-02
4.1014120235e+00   7.1411536836e-02
4.1015120235e+00   7.1402640947e-02
4.1025120235e+00   7.1314867349e-02
4.1125120235e+00   7.0562338489e-02
4.1281522972e+00   6.9908747084e-02
4.1282522972e+00   6.9906911731e-02
4.1292522972e+00   6.9890345177e-02
4.1392522972e+00   6.9914602035e-02
4.1393522972e+00   6.9916697092e-02
4.1403522972e+00   6.9939790415e-02
4.1503522972e+00   7.0398798353e-02
4.1504522972e+00   7.0405615942e-02
4.1514522972e+00   7.0476371219e-02
4.1614522972e+00   7.1458714113e-02
4.1615522972e+00   7.1471223156e-02
4.1625522972e+00   7.1599425049e-02
4.1725522972e+00   7.3212995385e-02
4.1726522972e+00   7.3232371675e-02
4.1736522972e+00   7.3429888624e-02
4.1836522972e+00   7.5804911158e-02
4.1837522972e+00   7.5832567258e-02
4.1847522972e+00   7.6113649584e-02
4.1947522972e+00   7.9405496922e-02
4.1948522972e+00   7.9443108044e-02
4.1958522972e+00   7.9824643284e-02
4.2058522972e+00   8.4215928199e-02
4.2059522972e+00   8.4265447676e-02
4.2069522972e+00   8.4767107906e-02
4.2169522972e+00   9.0468234330e-02
4.2170522972e+00   9.0531888838e-02
4.2180522972e+00   9.1176069487e-02
4.2280522972e+00   9.8423023831e-02
4.2281522972e+00   9.8503274087e-02
4.2291522972e+00   9.9314679124e-02
4.2391522972e+00   1.0836236465e-01
4.2392522972e+00   1.0846181233e-01
4.2402522972e+00   1.0946649084e-01
4.2502522972e+00   1.2057542638e-01
4.2503522972e+00   1.2069664358e-01
4.2513522972e+00   1.2192023952e-01
4.2613522972e+00   1.3533413645e-01
4.2614522972e+00   1.3547939267e-01
4.2624522972e+00   1.3694435758e-01
4.2724522972e+00   1.5285628023e-01
4.2725522972e+00   1.5302714723e-01
4.2735522972e+00   1.5474872558e-01
4.2835522972e+00   1.7325472103e-01
4.2836522972e+00   1.7345155399e-01
4.2846522972e+00   1.7543253944e-01
4.2946522972e+00   1.9647437416e-01
4.2947522972e+00   1.9669570400e-01
4.2957522972e+00   1.9892033646e-01
4.3057522972e+00   2.2222369917e-01
4.3058522972e+00   2.2246562657e-01
4.3068522972e+00   2.2489356962e-01
4.3168522972e+00   2.4991446953e-01
4.3169522972e+00   2.5017021886e-01
4.3179522972e+00   2.5273223133e-01
4.3279522972e+00   2.7863059394e-01
4.3280522972e+00   2.7889043829e-01
4.3290522972e+00   2.8148786649e-01
4.3390522972e+00   3.0714996761e-01
4.3391522972e+00   3.0740173220e-01
4.3401522972e+00   3.0991187207e-01
4.3501522972e+00   3.3403776560e-01
4.3502522972e+00   3.3426801423e-01
4.3512522972e+00   3.3655630721e-01
4.3513522972e+00   3.3678369392e-01
4.3523522972e+00   3.3904273060e-01
4.3524522972e+00   3.3926712827e-01
4.3534522972e+00   3.4149564607e-01
4.3535522972e+00   3.4171692934e-01
4.3545522972e+00   3.4391368428e-01
4.3546522972e+00   3.4413172975e-01
4.3556522972e+00   3.4629549843e-01
4.3557522972e+00   3.4651018486e-01
4.3567522972e+00   3.4863976643e-01
4.3568522972e+00   3.4885097492e-01
4.3578522972e+00   3.5094519301e-01
4.3579522972e+00   3.5115280723e-01
4.3589522972e+00   3.5321051187e-01
4.3590522972e+00   3.5341441819e-01
4.3600522972e+00   3.5543448768e-01
4.3601522972e+00   3.5563457540e-01
4.3611522972e+00   3.5761591812e-01
4.3612522972e+00   3.5781207967e-01
4.3622522972e+00   3.5975363589e-01
4.3623522972e+00   3.5994576694e-01
4.3633522972e+00   3.6184651055e-01
4.3634522972e+00   3.6203451021e-01
4.3644522972e+00   3.6389345038e-01
4.3645522972e+00   3.6407722141e-01
4.3655522972e+00   3.6589340420e-01
4.3656522972e+00   3.6607285308e-01
4.3666522972e+00   3.6784536298e-01
4.3667522972e+00   3.6802040016e-01
4.3677522972e+00   3.6974836157e-01
4.3678522972e+00   3.6991890151e-01
4.3688522972e+00   3.7160148012e-01
4.3689522972e+00   3.7176744151e-01
4.3699522972e+00   3.7340384560e-01
4.3700522972e+00   3.7356515143e-01
4.3710522972e+00   3.7515463311e-01
4.3711522972e+00   3.7531121083e-01
4.3721522972e+00   3.7685306715e-01
4.3722522972e+00   3.7700484874e-01
4.3732522972e+00   3.7849842271e-01
4.3733522972e+00   3.7864534482e-01
4.3743522972e+00   3.8009002640e-01
4.3744522972e+00   3.8023203039e-01
4.3754522972e+00   3.8162725729e-01
4.3755522972e+00   3.8176428934e-01
4.3765522972e+00   3.8310954776e-01
4.3766522972e+00   3.8324155895e-01
4.3776522972e+00   3.8453638422e-01
4.3777522972e+00   3.8466333055e-01
4.3787522972e+00   3.8590730765e-01
4.3788522972e+00   3.8602915011e-01
4.3798522972e+00   3.8722191410e-01
4.3799522972e+00   3.8733861872e-01
4.3809522972e+00   3.8847985503e-01
4.3810522972e+00   3.8859139288e-01
4.3820522972e+00   3.8968083753e-01
4.3821522972e+00   3.8978718474e-01
4.3831522972e+00   3.9082462442e-01
4.3832522972e+00   3.9092576219e-01
4.3842522972e+00   3.9191103427e-01
4.3843522972e+00   3.9200694887e-01
4.3853522972e+00   3.9293994123e-01
4.3854522972e+00   3.9303062397e-01
4.3864522972e+00   3.9391127481e-01
4.3865522972e+00   3.9399672202e-01
4.3875522972e+00   3.9482501951e-01
4.3876522972e+00   3.9490523249e-01
4.3886522972e+00   3.9568121435e-01
4.3887522972e+00   3.9575619932e-01
4.3897522972e+00   3.9647995226e-01
4.3898522972e+00   3.9654972033e-01
4.3908522972e+00   3.9722137942e-01
4.3909522972e+00   3.9728594649e-01
4.3919522972e+00   3.9790569441e-01
4.3920522972e+00   3.9796508110e-01
4.3930522972e+00   3.9853314736e-01
4.3931522972e+00   3.9858737893e-01
4.3941522972e+00   3.9910403893e-01
4.3942522972e+00   3.9915314519e-01
4.3952522972e+00   3.9961871920e-01
4.3953522972e+00   3.9966273437e-01
4.3963522972e+00   4.0007758651e-01
4.3964522972e+00   4.0011654916e-01
4.3974522972e+00   4.0048108618e-01
4.3975522972e+00   4.0051503908e-01
4.3985522972e+00   4.0082970917e-01
4.3986522972e+00   4.0085869917e-01
4.3996522972e+00   4.0112399068e-01
4.3997522972e+00   4.0114806857e-01
4.4007522972e+00   4.0136450861e-01
4.4008522972e+00   4.0138372899e-01
4.4018522972e+00   4.0155188206e-01
4.4019522972e+00   4.0156630320e-01
4.4029522972e+00   4.0168676969e-01
4.4030522972e+00   4.0169645339e-01
4.4040522972e+00   4.0176986808e-01
4.4041522972e+00   4.0177487947e-01
4.4051522972e+00   4.0180191001e-01
4.4052522972e+00   4.0180231744e-01
4.4062522972e+00   4.0178366269e-01
4.4063522972e+00   4.0177953755e-01
4.4073522972e+00   4.0171592600e-01
4.4074522972e+00   4.0170734258e-01
4.4084522972e+00   4.0159953070e-01
4.4085522972e+00   4.0158656598e-01
4.4095522972e+00   4.0143533653e-01
4.4096522972e+00   4.0141807005e-01
4.4106522972e+00   4.0122423043e-01
4.4107522972e+00   4.0120274409e-01
4.4117522972e+00   4.0096712459e-01
4.4118522972e+00   4.0094150251e-01
4.4128522972e+00   4.0066495466e-01
4.4129522972e+00   4.0063528300e-01
4.4139522972e+00   4.0031867781e-01
4.4140522972e+00   4.0028504459e-01
4.4150522972e+00   3.9992927090e-01
4.4151522972e+00   3.9989176584e-01
4.4161522972e+00   3.9949772861e-01
4.4162522972e+00   3.9945644294e-01
4.4172522972e+00   3.9902506155e-01
4.4173522972e+00   3.9898008789e-01
4.4183522972e+00   3.9851229450e-01
4.4184522972e+00   3.9846372664e-01
4.4194522972e+00   3.9796046453e-01
4.4195522972e+00   3.9790839729e-01
4.4205522972e+00   3.9737061926e-01
4.4206522972e+00   3.9731514836e-01
4.4216522972e+00   3.9674381511e-01
4.4217522972e+00   3.9668503695e-01
4.4227522972e+00   3.9608111555e-01
4.4228522972e+00   3.9601912710e-01
4.4238522972e+00   3.9538358944e-01
4.4239522972e+00   3.9531848809e-01
4.4249522972e+00   3.9465230941e-01
4.4250522972e+00   3.9458419280e-01
4.4260522972e+00   3.9388835023e-01
4.4261522972e+00   3.9381731610e-01
4.4271522972e+00   3.9309278725e-01
4.4272522972e+00   3.9301893336e-01
4.4282522972e+00   3.9226669496e-01
4.4283522972e+00   3.9219011889e-01
4.4293522972e+00   3.9141114548e-01
4.4294522972e+00   3.9133194453e-01
4.4304522972e+00   3.9052720719e-01
4.4305522972e+00   3.9044547825e-01
4.4315522972e+00   3.8961594339e-01
4.4316522972e+00   3.8953178283e-01
4.4326522972e+00   3.8867841099e-01
4.4327522972e+00   3.8859191453e-01
4.4337522972e+00   3.8771565930e-01
4.4338522972e+00   3.8762692191e-01
4.4348522972e+00   3.8672872887e-01
4.4349522972e+00   3.8663784467e-01
4.4359522972e+00   3.8571865033e-01
4.4360522972e+00   3.8562571250e-01
4.4370522972e+00   3.8468644339e-01
4.4371522972e+00   3.8459154405e-01
4.4381522972e+00   3.8363311581e-01
4.4382522972e+00   3.8353634595e-01
4.4392522972e+00   3.8255966249e-01
4.4393522972e+00   3.8246111187e-01
4.4403522972e+00   3.8146706454e-01
4.4404522972e+00   3.8136682166e-01
4.4414522972e+00   3.8035628855e-01
4.4415522972e+00   3.8025444052e-01
4.4425522972e+00   3.7922828575e-01
4.4426522972e+00   3.7912491827e-01
4.4436522972e+00   3.7808399135e-01
4.4437522972e+00   3.7797918861e-01
4.4447522972e+00   3.7692432388e-01
4.4448522972e+00   3.7681816855e-01
4.4458522972e+00   3.7575018463e-01
4.4459522972e+00   3.7564275776e-01
4.4469522972e+00   3.7456245707e-01
4.4470522972e+00   3.7445383809e-01
4.4480522972e+00   3.7336200642e-01
4.4481522972e+00   3.7325227305e-01
4.4491522972e+00   3.7214967918e-01
4.4492522972e+00   3.7203890744e-01
4.4502522972e+00   3.7092630278e-01
4.4503522972e+00   3.7081456693e-01
4.4513522972e+00   3.6969268526e-01
4.4514522972e+00   3.6958005779e-01
4.4524522972e+00   3.6844961497e-01
4.4525522972e+00   3.6833616656e-01
4.4535522972e+00   3.6719786035e-01
4.4536522972e+00   3.6708365987e-01
4.4546522972e+00   3.6593816974e-01
4.4547522972e+00   3.6582328422e-01
4.4557522972e+00   3.6467127126e-01
4.4558522972e+00   3.6455576587e-01
4.4568522972e+00   3.6339787265e-01
4.4569522972e+00   3.6328181074e-01
4.4579522972e+00   3.6211866130e-01
4.4580522972e+00   3.6200210433e-01
4.4590522972e+00   3.6083430412e-01
4.4690522972e+00   3.4902500551e-01
4.4691522972e+00   3.4890647797e-01
4.4701522972e+00   3.4772148702e-01
4.4801522972e+00   3.3596221682e-01
4.4802522972e+00   3.3584596542e-01
4.4812522972e+00   3.3468539730e-01
4.4912522972e+00   3.2331179870e-01
4.4913522972e+00   3.2320048958e-01
4.4923522972e+00   3.2209031069e-01
4.5023522972e+00   3.1129853888e-01
4.5024522972e+00   3.1119360569e-01
4.5034522972e+00   3.1014763736e-01
4.5134522972e+00   3.0003010674e-01
4.5135522972e+00   2.9993210374e-01
4.5145522972e+00   2.9895553831e-01
4.5245522972e+00   2.8953390987e-01
4.5246522972e+00   2.8944281683e-01
4.5256522972e+00   2.8853523551e-01
4.5356522972e+00   2.7978727589e-01
4.5357522972e+00   2.7970273517e-01
4.5367522972e+00   2.7886044441e-01
4.5467522972e+00   2.7074000992e-01
4.5468522972e+00   2.7066149642e-01
4.5478522972e+00   2.6987919616e-01
4.5578522972e+00   2.6233001508e-01
4.5734925709e+00   2.5143898552e-01
4.5735925709e+00   2.5137265011e-01
4.5745925709e+00   2.5071147562e-01
4.5845925709e+00   2.4431004388e-01
4.6002328446e+00   2.3500454232e-01
4.6158731183e+00   2.2646706210e-01
4.6159731183e+00   2.2641476287e-01
4.6169731183e+00   2.2589331319e-01
4.6269731183e+00   2.2083001379e-01
4.6426133920e+00   2.1344036954e-01
4.6582536657e+00   2.0666951989e-01
4.6738939394e+00   2.0050537472e-01
4.6739939394e+00   2.0046791860e-01
4.6749939394e+00   2.0009473285e-01
4.6849939394e+00   1.9650135831e-01
4.7006342131e+00   1.9139743362e-01
4.7162744868e+00   1.8695396833e-01
4.7163744868e+00   1.8692777992e-01
4.7173744868e+00   1.8666749124e-01
4.7273744868e+00   1.8422733948e-01
4.7430147605e+00   1.8103523565e-01
4.7586550342e+00   1.7867334660e-01
4.7587550342e+00   1.7866110755e-01
4.7597550342e+00   1.7854079555e-01
4.7697550342e+00   1.7755109274e-01
4.7853953079e+00   1.7683311178e-01
4.7854953079e+00   1.7683198729e-01
4.7864953079e+00   1.7682326443e-01
4.7964953079e+00   1.7699516257e-01
4.8121355816e+00   1.7827133369e-01
4.8122355816e+00   1.7828369082e-01
4.8132355816e+00   1.7841030824e-01
4.8232355816e+00   1.7998860490e-01
4.8388758553e+00   1.8365952668e-01
4.8389758553e+00   1.8368795391e-01
4.8399758553e+00   1.8397579175e-01
4.8499758553e+00   1.8721688989e-01
4.8656161290e+00   1.9365472700e-01
4.8657161290e+00   1.9370140094e-01
4.8667161290e+00   1.9417203631e-01
4.8767161290e+00   1.9926925981e-01
4.8923564027e+00   2.0865976180e-01
4.8924564027e+00   2.0872526747e-01
4.8934564027e+00   2.0938405819e-01
4.9034564027e+00   2.1633678654e-01
4.9190966764e+00   2.2843703241e-01
4.9191966764e+00   2.2851870000e-01
4.9201966764e+00   2.2933809501e-01
4.9301966764e+00   2.3778114117e-01
4.9458369501e+00   2.5166198547e-01
4.9614772239e+00   2.6583676188e-01
4.9615772239e+00   2.6592685166e-01
4.9625772239e+00   2.6682677540e-01
4.9725772239e+00   2.7568762422e-01
4.9882174976e+00   2.8868064218e-01
4.9883174976e+00   2.8875896614e-01
4.9893174976e+00   2.8953829187e-01
4.9993174976e+00   2.9690323869e-01
4.9994174976e+00   2.9697262911e-01
5.0004174976e+00   2.9766155571e-01
5.0104174976e+00   3.0402248789e-01
5.0105174976e+00   3.0408098362e-01
5.0115174976e+00   3.0466010832e-01
5.0215174976e+00   3.0984602555e-01
5.0216174976e+00   3.0989214608e-01
5.0226174976e+00   3.1034693122e-01
5.0326174976e+00   3.1424051352e-01
5.0327174976e+00   3.1427335308e-01
5.0337174976e+00   3.1459504018e-01
5.0437174976e+00   3.1713893109e-01
5.0438174976e+00   3.1715819409e-01
5.0448174976e+00   3.1734412756e-01
5.0548174976e+00   3.1854111739e-01
5.0549174976e+00   3.1854709268e-01
5.0559174976e+00   3.1860043377e-01
5.0659174976e+00   3.1850787836e-01
5.0660174976e+00   3.1850136043e-01
5.0670174976e+00   3.1843027618e-01
5.0770174976e+00   3.1715001812e-01
5.0771174976e+00   3.1713219106e-01
5.0781174976e+00   3.1694868088e-01
5.0881174976e+00   3.1461431700e-01
5.0882174976e+00   3.1458662108e-01
5.0892174976e+00   3.1430517901e-01
5.0992174976e+00   3.1106864778e-01
5.0993174976e+00   3.1103264762e-01
5.1003174976e+00   3.1066894936e-01
5.1103174976e+00   3.0668814155e-01
5.1104174976e+00   3.0664541087e-01
5.1114174976e+00   3.0621517207e-01
5.1214174976e+00   3.0164374407e-01
5.1215174976e+00   3.0159577597e-01
5.1225174976e+00   3.0111386931e-01
5.1325174976e+00   2.9609383653e-01
5.1481577713e+00   2.8768302365e-01
5.1482577713e+00   2.8762764748e-01
5.1492577713e+00   2.8707301067e-01
5.1592577713e+00   2.8145341394e-01
5.1748980450e+00   2.7250714125e-01
5.1749980450e+00   2.7244968755e-01
5.1759980450e+00   2.7187511568e-01
5.1859980450e+00   2.6613398686e-01
5.2016383187e+00   2.5723189764e-01
5.2172785924e+00   2.4851242037e-01
5.2173785924e+00   2.4845742270e-01
5.2183785924e+00   2.4790802125e-01
5.2283785924e+00   2.4247427419e-01
5.2440188661e+00   2.3421587320e-01
5.2596591398e+00   2.2628077169e-01
5.2752994135e+00   2.1869518191e-01
5.2909396872e+00   2.1148081662e-01
5.2910396872e+00   2.1143592848e-01
5.2920396872e+00   2.1098792953e-01
5.3020396872e+00   2.0659732657e-01
5.3176799609e+00   2.0006681287e-01
5.3333202346e+00   1.9396934151e-01
5.3489605083e+00   1.8833542696e-01
5.3646007820e+00   1.8320270909e-01
5.3647007820e+00   1.8317159923e-01
5.3657007820e+00   1.8286173336e-01
5.3757007820e+00   1.7988921417e-01
5.3913410557e+00   1.7572746599e-01
5.4069813294e+00   1.7222017576e-01
5.4070813294e+00   1.7220002383e-01
5.4080813294e+00   1.7200016173e-01
5.4180813294e+00   1.7017221688e-01
5.4337216031e+00   1.6798242261e-01
5.4338216031e+00   1.6797124021e-01
5.4348216031e+00   1.6786147982e-01
5.4448216031e+00   1.6697691841e-01
5.4604618768e+00   1.6643251648e-01
5.4605618768e+00   1.6643258079e-01
5.4615618768e+00   1.6643582240e-01
5.4715618768e+00   1.6673654120e-01
5.4872021505e+00   1.6826220417e-01
5.4873021505e+00   1.6827640473e-01
5.4883021505e+00   1.6842165936e-01
5.4983021505e+00   1.7020869219e-01
5.4984021505e+00   1.7022972203e-01
5.4994021505e+00   1.7044355769e-01
5.5094021505e+00   1.7294521674e-01
5.5095021505e+00   1.7297365626e-01
5.5105021505e+00   1.7326187320e-01
5.5205021505e+00   1.7653527953e-01
5.5206021505e+00   1.7657168702e-01
5.5216021505e+00   1.7693984825e-01
5.5316021505e+00   1.8103799677e-01
5.5317021505e+00   1.8108287155e-01
5.5327021505e+00   1.8153592936e-01
5.5427021505e+00   1.8650341562e-01
5.5428021505e+00   1.8655715026e-01
5.5438021505e+00   1.8709896285e-01
5.5538021505e+00   1.9296659591e-01
5.5539021505e+00   1.9302941736e-01
5.5549021505e+00   1.9366215479e-01
5.5649021505e+00   2.0044051847e-01
5.5650021505e+00   2.0051241947e-01
5.5660021505e+00   2.0123587370e-01
5.5760021505e+00   2.0890809238e-01
5.5916424242e+00   2.2240963790e-01
5.5917424242e+00   2.2250136210e-01
5.5927424242e+00   2.2342208255e-01
5.6027424242e+00   2.3295277445e-01
5.6183826979e+00   2.4878191614e-01
5.6184826979e+00   2.4888561121e-01
5.6194826979e+00   2.4992371349e-01
5.6294826979e+00   2.6037671277e-01
5.6451229717e+00   2.7658033255e-01
5.6452229717e+00   2.7668173044e-01
5.6462229717e+00   2.7769339940e-01
5.6562229717e+00   2.8752761957e-01
5.6718632454e+00   3.0143962070e-01
5.6719632454e+00   3.0152121948e-01
5.6729632454e+00   3.0233140379e-01
5.6829632454e+00   3.0981377699e-01
5.6830632454e+00   3.0988257671e-01
5.6840632454e+00   3.1056367592e-01
5.6940632454e+00   3.1665665268e-01
5.6941632454e+00   3.1671075941e-01
5.6951632454e+00   3.1724417949e-01
5.7051632454e+00   3.2179828969e-01
5.7052632454e+00   3.2183655811e-01
5.7062632454e+00   3.2221123830e-01
5.7162632454e+00   3.2515559465e-01
5.7163632454e+00   3.2517768152e-01
5.7173632454e+00   3.2539058449e-01
5.7273632454e+00   3.2673335399e-01
5.7274632454e+00   3.2673968280e-01
5.7284632454e+00   3.2679539943e-01
5.7384632454e+00   3.2661590593e-01
5.7385632454e+00   3.2660755474e-01
5.7395632454e+00   3.2651714948e-01
5.7495632454e+00   3.2495153756e-01
5.7496632454e+00   3.2493007436e-01
5.7506632454e+00   3.2470942122e-01
5.7606632454e+00   3.2193271246e-01
5.7607632454e+00   3.2190000841e-01
5.7617632454e+00   3.2156792020e-01
5.7717632454e+00   3.1777544920e-01
5.7718632454e+00   3.1773349818e-01
5.7728632454e+00   3.1730993138e-01
5.7828632454e+00   3.1270065638e-01
5.7829632454e+00   3.1265142218e-01
5.7839632454e+00   3.1215596640e-01
5.7939632454e+00   3.0691927352e-01
5.7940632454e+00   3.0686457643e-01
5.7950632454e+00   3.0631534119e-01
5.8050632454e+00   3.0062200716e-01
5.8051632454e+00   3.0056345259e-01
5.8061632454e+00   2.9997637388e-01
5.8161632454e+00   2.9397355440e-01
5.8318035191e+00   2.8426784862e-01
5.8319035191e+00   2.8420509063e-01
5.8329035191e+00   2.8357723209e-01
5.8429035191e+00   2.7728273691e-01
5.8585437928e+00   2.6746840435e-01
5.8586437928e+00   2.6740605306e-01
5.8596437928e+00   2.6678292341e-01
5.8696437928e+00   2.6059559670e-01
5.8852840665e+00   2.5111891195e-01
5.9009243402e+00   2.4194067236e-01
5.9010243402e+00   2.4188303957e-01
5.9020243402e+00   2.4130747039e-01
5.9120243402e+00   2.3562889757e-01
5.9276646139e+00   2.2703718240e-01
5.9433048876e+00   2.1881019460e-01
5.9589451613e+00   2.1095658897e-01
5.9745854350e+00   2.0348387804e-01
5.9746854350e+00   2.0343734261e-01
5.9756854350e+00   2.0297286472e-01
5.9856854350e+00   1.9841629530e-01
6.0013257087e+00   1.9161707215e-01
6.0169659824e+00   1.8523100053e-01
6.0326062561e+00   1.7927896466e-01
6.0482465298e+00   1.7378902376e-01
6.0483465298e+00   1.7375548333e-01
6.0493465298e+00   1.7342120151e-01
6.0593465298e+00   1.7019297921e-01
6.0749868035e+00   1.6558467024e-01
6.0906270772e+00   1.6156543342e-01
6.0907270772e+00   1.6154177774e-01
6.0917270772e+00   1.6130670988e-01
6.1017270772e+00   1.5910943773e-01
6.1173673509e+00   1.5627554180e-01
6.1174673509e+00   1.5625996888e-01
6.1184673509e+00   1.5610610896e-01
6.1284673509e+00   1.5476092974e-01
6.1441076246e+00   1.5342406144e-01
6.1442076246e+00   1.5341877903e-01
6.1452076246e+00   1.5336836179e-01
6.1552076246e+00   1.5311379657e-01
6.1708478983e+00   1.5370927540e-01
6.1709478983e+00   1.5371732094e-01
6.1719478983e+00   1.5380090119e-01
6.1819478983e+00   1.5496056251e-01
6.1820478983e+00   1.5497523924e-01
6.1830478983e+00   1.5512547942e-01
6.1930478983e+00   1.5698733689e-01
6.1931478983e+00   1.5700936910e-01
6.1941478983e+00   1.5723353374e-01
6.2041478983e+00   1.5987207968e-01
6.2042478983e+00   1.5990222594e-01
6.2052478983e+00   1.6020791154e-01
6.2152478983e+00   1.6369968782e-01
6.2153478983e+00   1.6373871376e-01
6.2163478983e+00   1.6413357066e-01
6.2263478983e+00   1.6855376015e-01
6.2264478983e+00   1.6860239819e-01
6.2274478983e+00   1.6909372088e-01
6.2374478983e+00   1.7451129566e-01
6.2375478983e+00   1.7457018924e-01
6.2385478983e+00   1.7516435028e-01
6.2485478983e+00   1.8163556463e-01
6.2486478983e+00   1.8170519523e-01
6.2496478983e+00   1.8240690672e-01
6.2596478983e+00   1.8996705356e-01
6.2597478983e+00   1.9004765057e-01
6.2607478983e+00   1.9085905510e-01
6.2707478983e+00   1.9951264336e-01
6.2708478983e+00   1.9960407994e-01
6.2718478983e+00   2.0052370329e-01
6.2818478983e+00   2.1023358133e-01
6.2819478983e+00   2.1033526339e-01
6.2829478983e+00   2.1135690446e-01
6.2929478983e+00   2.2203334414e-01
6.3085881720e+00   2.4015798833e-01
6.3086881720e+00   2.4027829441e-01
6.3096881720e+00   2.4148380672e-01
6.3196881720e+00   2.5373507488e-01
6.3353284457e+00   2.7313099433e-01
6.3354284457e+00   2.7325393474e-01
6.3364284457e+00   2.7448162129e-01
6.3464284457e+00   2.8652003232e-01
6.3465284457e+00   2.8663761037e-01
6.3475284457e+00   2.8780966150e-01
6.3575284457e+00   2.9909069099e-01
6.3576284457e+00   2.9919886378e-01
6.3586284457e+00   3.0027489900e-01
6.3686284457e+00   3.1040530832e-01
6.3687284457e+00   3.1050029352e-01
6.3697284457e+00   3.1144271043e-01
6.3797284457e+00   3.2007413742e-01
6.3798284457e+00   3.2015275456e-01
6.3808284457e+00   3.2093012936e-01
6.3908284457e+00   3.2779084474e-01
6.3909284457e+00   3.2785080343e-01
6.3919284457e+00   3.2844073209e-01
6.4019284457e+00   3.3335915109e-01
6.4020284457e+00   3.3339923465e-01
6.4030284457e+00   3.3379010661e-01
6.4130284457e+00   3.3670591027e-01
6.4131284457e+00   3.3672602366e-01
6.4141284457e+00   3.3691743137e-01
6.4241284457e+00   3.3787874998e-01
6.4242284457e+00   3.3787983034e-01
6.4252284457e+00   3.3788161134e-01
6.4352284457e+00   3.3702968664e-01
6.4353284457e+00   3.3701350297e-01
6.4363284457e+00   3.3684369248e-01
6.4463284457e+00   3.3438882678e-01
6.4464284457e+00   3.3435771426e-01
6.4474284457e+00   3.3403987018e-01
6.4574284457e+00   3.3023363039e-01
6.4575284457e+00   3.3019021027e-01
6.4585284457e+00   3.2975061670e-01
6.4685284457e+00   3.2485904973e-01
6.4686284457e+00   3.2480597772e-01
6.4696284457e+00   3.2427115211e-01
6.4796284457e+00   3.1855252632e-01
6.4797284457e+00   3.1849229736e-01
6.4807284457e+00   3.1788706995e-01
6.4907284457e+00   3.1157597366e-01
6.4908284457e+00   3.1151079357e-01
6.4918284457e+00   3.1085705747e-01
6.5018284457e+00   3.0415511202e-01
6.5019284457e+00   3.0408683276e-01
6.5029284457e+00   3.0340292532e-01
6.5129284457e+00   2.9647524849e-01
6.5130284457e+00   2.9640535493e-01
6.5140284457e+00   2.9570594647e-01
6.5240284457e+00   2.8868192856e-01
6.5396687195e+00   2.7771352164e-01
6.5397687195e+00   2.7764385259e-01
6.5407687195e+00   2.7694762618e-01
6.5507687195e+00   2.7003920905e-01
6.5664089932e+00   2.5948128735e-01
6.5665089932e+00   2.5941489762e-01
6.5675089932e+00   2.5875182735e-01
6.5775089932e+00   2.5220604541e-01
6.5931492669e+00   2.4229093231e-01
6.6087895406e+00   2.3278027375e-01
6.6088895406e+00   2.3272076907e-01
6.6098895406e+00   2.3212663014e-01
6.6198895406e+00   2.2627563394e-01
6.6355298143e+00   2.1744988149e-01
6.6511700880e+00   2.0901214873e-01
6.6668103617e+00   2.0095256829e-01
6.6824506354e+00   1.9326315385e-01
6.6825506354e+00   1.9321516780e-01
6.6835506354e+00   1.9273612715e-01
6.6935506354e+00   1.8802755594e-01
6.7091909091e+00   1.8096097325e-01
6.7248311828e+00   1.7425890393e-01
6.7404714565e+00   1.6792685959e-01
6.7561117302e+00   1.6197559543e-01
6.7562117302e+00   1.6193880260e-01
6.7572117302e+00   1.6157176868e-01
6.7672117302e+00   1.5799204324e-01
6.7828520039e+00   1.5273564601e-01
6.7984922776e+00   1.4792557298e-01
6.8141325513e+00   1.4360495613e-01
6.8142325513e+00   1.4357902094e-01
6.8152325513e+00   1.4332089940e-01
6.8252325513e+00   1.4086639415e-01
6.8408728250e+00   1.3752559917e-01
6.8409728250e+00   1.3750634755e-01
6.8419728250e+00   1.3731538261e-01
6.8519728250e+00   1.3556659319e-01
6.8676130987e+00   1.3347368727e-01
6.8677130987e+00   1.3346306113e-01
6.8687130987e+00   1.3335884299e-01
6.8787130987e+00   1.3252958166e-01
6.8943533724e+00   1.3209157082e-01
6.8944533724e+00   1.3209248551e-01
6.8954533724e+00   1.3210439903e-01
6.9054533724e+00   1.3251247856e-01
6.9055533724e+00   1.3251932893e-01
6.9065533724e+00   1.3259098048e-01
6.9165533724e+00   1.3363622489e-01
6.9166533724e+00   1.3364982756e-01
6.9176533724e+00   1.3378943343e-01
6.9276533724e+00   1.3555898836e-01
6.9277533724e+00   1.3558026000e-01
6.9287533724e+00   1.3579703498e-01
6.9387533724e+00   1.3838770427e-01
6.9388533724e+00   1.3841765366e-01
6.9398533724e+00   1.3872172747e-01
6.9498533724e+00   1.4223860059e-01
6.9499533724e+00   1.4227830940e-01
6.9509533724e+00   1.4268052700e-01
6.9609533724e+00   1.4723422545e-01
6.9610533724e+00   1.4728481296e-01
6.9620533724e+00   1.4779637285e-01
6.9720533724e+00   1.5349841780e-01
6.9721533724e+00   1.5356098443e-01
6.9731533724e+00   1.5419286205e-01
6.9831533724e+00   1.6114862913e-01
6.9832533724e+00   1.6122417350e-01
6.9842533724e+00   1.6198627725e-01
6.9942533724e+00   1.7028505490e-01
6.9943533724e+00   1.7037436014e-01
6.9953533724e+00   1.7127437880e-01
7.0053533724e+00   1.8097625068e-01
7.0054533724e+00   1.8107973882e-01
7.0064533724e+00   1.8212167002e-01
7.0164533724e+00   1.9324137228e-01
7.0165533724e+00   1.9335893096e-01
7.0175533724e+00   1.9454133719e-01
7.0275533724e+00   2.0702996091e-01
7.0276533724e+00   2.0716075533e-01
7.0286533724e+00   2.0847488135e-01
7.0386533724e+00   2.2220130239e-01
7.0387533724e+00   2.2234359656e-01
7.0397533724e+00   2.2377159546e-01
7.0497533724e+00   2.3850670541e-01
7.0653936461e+00   2.6267550017e-01
7.0654936461e+00   2.6283205898e-01
7.0664936461e+00   2.6439784157e-01
7.0764936461e+00   2.7998612854e-01
7.0765936461e+00   2.8014053201e-01
7.0775936461e+00   2.8168201613e-01
7.0875936461e+00   2.9674522756e-01
7.0876936461e+00   2.9689173907e-01
7.0886936461e+00   2.9835139450e-01
7.0986936461e+00   3.1230650565e-01
7.0987936461e+00   3.1243930777e-01
7.0997936461e+00   3.1375906900e-01
7.1097936461e+00   3.2604618756e-01
7.1098936461e+00   3.2615996278e-01
7.1108936461e+00   3.2728705931e-01
7.1208936461e+00   3.3742816904e-01
7.1209936461e+00   3.3751867398e-01
7.1219936461e+00   3.3841133794e-01
7.1319936461e+00   3.4606207787e-01
7.1320936461e+00   3.4612659551e-01
7.1330936461e+00   3.4675849552e-01
7.1430936461e+00   3.5174222448e-01
7.1431936461e+00   3.5177979944e-01
7.1441936461e+00   3.5214226980e-01
7.1442936461e+00   3.5217719050e-01
7.1452936461e+00   3.5251316428e-01
7.1453936461e+00   3.5254544021e-01
7.1463936461e+00   3.5285502023e-01
7.1464936461e+00   3.5288466245e-01
7.1474936461e+00   3.5316796710e-01
7.1475936461e+00   3.5319498823e-01
7.1485936461e+00   3.5345215114e-01
7.1486936461e+00   3.5347656529e-01
7.1496936461e+00   3.5370773497e-01
7.1497936461e+00   3.5372955773e-01
7.1507936461e+00   3.5393489728e-01
7.1508936461e+00   3.5395414567e-01
7.1518936461e+00   3.5413383236e-01
7.1519936461e+00   3.5415052479e-01
7.1529936461e+00   3.5430474970e-01
7.1530936461e+00   3.5431890597e-01
7.1540936461e+00   3.5444787357e-01
7.1541936461e+00   3.5445951478e-01
7.1551936461e+00   3.5456344256e-01
7.1552936461e+00   3.5457259109e-01
7.1562936461e+00   3.5465170911e-01
7.1563936461e+00   3.5465838859e-01
7.1573936461e+00   3.5471293904e-01
7.1574936461e+00   3.5471717427e-01
7.1584936461e+00   3.5474741107e-01
7.1585936461e+00   3.5474922801e-01
7.1595936461e+00   3.5475541630e-01
7.1695936461e+00   3.5366924587e-01
7.1696936461e+00   3.5364833723e-01
7.1706936461e+00   3.5342888245e-01
7.1806936461e+00   3.5025954649e-01
7.1807936461e+00   3.5021948802e-01
7.1817936461e+00   3.4981044389e-01
7.1917936461e+00   3.4494014516e-01
7.1918936461e+00   3.4488488739e-01
7.1928936461e+00   3.4432582558e-01
7.2028936461e+00   3.3815038296e-01
7.2029936461e+00   3.3808382918e-01
7.2039936461e+00   3.3741366762e-01
7.2139936461e+00   3.3030621499e-01
7.2140936461e+00   3.3023191262e-01
7.2150936461e+00   3.2948589097e-01
7.2250936461e+00   3.2177295236e-01
7.2251936461e+00   3.2169391121e-01
7.2261936461e+00   3.2090183492e-01
7.2361936461e+00   3.1285152856e-01
7.2362936461e+00   3.1277015214e-01
7.2372936461e+00   3.1195575450e-01
7.2472936461e+00   3.0377580473e-01
7.2473936461e+00   3.0369390581e-01
7.2483936461e+00   3.0287503667e-01
7.2583936461e+00   2.9471745666e-01
7.2584936461e+00   2.9463632511e-01
7.2594936461e+00   2.9382564743e-01
7.2694936461e+00   2.8579508338e-01
7.2851339198e+00   2.7359431438e-01
7.2852339198e+00   2.7351793507e-01
7.2862339198e+00   2.7275534588e-01
7.2962339198e+00   2.6525238982e-01
7.3118741935e+00   2.5397654222e-01
7.3119741935e+00   2.5390625476e-01
7.3129741935e+00   2.5320463353e-01
7.3229741935e+00   2.4631253635e-01
7.3386144673e+00   2.3597179951e-01
7.3542547410e+00   2.2613498367e-01
7.3543547410e+00   2.2607362913e-01
7.3553547410e+00   2.2546112927e-01
7.3653547410e+00   2.1943872163e-01
7.3809950147e+00   2.1037710331e-01
7.3966352884e+00   2.0172327993e-01
7.4122755621e+00   1.9344903255e-01
7.4279158358e+00   1.8553037264e-01
7.4435561095e+00   1.7794687649e-01
7.4436561095e+00   1.7789942870e-01
7.4446561095e+00   1.7742566354e-01
7.4546561095e+00   1.7275843485e-01
7.4702963832e+00   1.6570846689e-01
7.4859366569e+00   1.5895083281e-01
7.5015769306e+00   1.5247281980e-01
7.5172172043e+00   1.4626285279e-01
7.5328574780e+00   1.4031031089e-01
7.5484977517e+00   1.3460542338e-01
7.5641380254e+00   1.2913922917e-01
7.5797782991e+00   1.2390359030e-01
7.5954185728e+00   1.1889125582e-01
7.6110588465e+00   1.1409597883e-01
7.6266991202e+00   1.0951269575e-01
7.6267991202e+00   1.0948406476e-01
7.6277991202e+00   1.0919822293e-01
7.6377991202e+00   1.0638647406e-01
7.6534393939e+00   1.0215821360e-01
7.6690796676e+00   9.8136562339e-02
7.6847199413e+00   9.4324018592e-02
7.7003602151e+00   9.0726682464e-02
7.7160004888e+00   8.7355412493e-02
7.7161004888e+00   8.7334617750e-02
7.7171004888e+00   8.7127216904e-02
7.7271004888e+00   8.5109064443e-02
7.7427407625e+00   8.2168662751e-02
7.7583810362e+00   7.9522094291e-02
7.7584810362e+00   7.9506211271e-02
7.7594810362e+00   7.9348148041e-02
7.7694810362e+00   7.7847365309e-02
7.7851213099e+00   7.5823076892e-02
7.7852213099e+00   7.5811540685e-02
7.7862213099e+00   7.5697233795e-02
7.7962213099e+00   7.4665158395e-02
7.8118615836e+00   7.3510545012e-02
7.8119615836e+00   7.3505204311e-02
7.8129615836e+00   7.3453346849e-02
7.8229615836e+00   7.3098977533e-02
7.8230615836e+00   7.3097031145e-02
7.8240615836e+00   7.3079410217e-02
7.8340615836e+00   7.3098900893e-02
7.8341615836e+00   7.3101002999e-02
7.8351615836e+00   7.3124228210e-02
7.8451615836e+00   7.3590874658e-02
7.8452615836e+00   7.3597828285e-02
7.8462615836e+00   7.3670010656e-02
7.8562615836e+00   7.4673458731e-02
7.8563615836e+00   7.4686243010e-02
7.8573615836e+00   7.4817268625e-02
7.8673615836e+00   7.6466336099e-02
7.8674615836e+00   7.6486135011e-02
7.8684615836e+00   7.6687952735e-02
7.8784615836e+00   7.9113486341e-02
7.8785615836e+00   7.9141716629e-02
7.8795615836e+00   7.9428615930e-02
7.8895615836e+00   8.2786061880e-02
7.8896615836e+00   8.2824396054e-02
7.8906615836e+00   8.3213233101e-02
7.9006615836e+00   8.7684383322e-02
7.9007615836e+00   8.7734761147e-02
7.9017615836e+00   8.8245065665e-02
7.9117615836e+00   9.4038140967e-02
7.9118615836e+00   9.4102759408e-02
7.9128615836e+00   9.4756620060e-02
7.9228615836e+00   1.0210346142e-01
7.9229615836e+00   1.0218472875e-01
7.9239615836e+00   1.0300631187e-01
7.9339615836e+00   1.1215499750e-01
7.9340615836e+00   1.1225543264e-01
7.9350615836e+00   1.1326994283e-01
7.9450615836e+00   1.2447071650e-01
7.9451615836e+00   1.2459277094e-01
7.9461615836e+00   1.2582462537e-01
7.9561615836e+00   1.3930679555e-01
7.9562615836e+00   1.3945257459e-01
7.9572615836e+00   1.4092256048e-01
7.9672615836e+00   1.5686033600e-01
7.9673615836e+00   1.5703120306e-01
7.9683615836e+00   1.5875246102e-01
7.9783615836e+00   1.7721900082e-01
7.9784615836e+00   1.7741506760e-01
7.9794615836e+00   1.7938794395e-01
7.9894615836e+00   2.0029974386e-01
7.9895615836e+00   2.0051928622e-01
7.9905615836e+00   2.0272547380e-01
8.0005615836e+00   2.2578388997e-01
8.0006615836e+00   2.2602278347e-01
8.0016615836e+00   2.2841972391e-01
8.0116615836e+00   2.5306248183e-01
8.0117615836e+00   2.5331381396e-01
8.0127615836e+00   2.5583095810e-01
8.0227615836e+00   2.8121207915e-01
8.0228615836e+00   2.8146613935e-01
8.0238615836e+00   2.8400508884e-01
8.0338615836e+00   3.0902333144e-01
8.0339615836e+00   3.0926816642e-01
8.0349615836e+00   3.1170854149e-01
8.0449615836e+00   3.3509812408e-01
8.0450615836e+00   3.3532073718e-01
8.0460615836e+00   3.3753247556e-01
8.0461615836e+00   3.3775218800e-01
8.0471615836e+00   3.3993431362e-01
8.0472615836e+00   3.4015100449e-01
8.0482615836e+00   3.4230231748e-01
8.0483615836e+00   3.4251586774e-01
8.0493615836e+00   3.4463518786e-01
8.0494615836e+00   3.4484548055e-01
8.0504615836e+00   3.4693164908e-01
8.0505615836e+00   3.4713856945e-01
8.0515615836e+00   3.4919045105e-01
8.0516615836e+00   3.4939388681e-01
8.0526615836e+00   3.5141037130e-01
8.0527615836e+00   3.5161021274e-01
8.0537615836e+00   3.5359021688e-01
8.0538615836e+00   3.5378635709e-01
8.0548615836e+00   3.5572882633e-01
8.0549615836e+00   3.5592116134e-01
8.0559615836e+00   3.5782507152e-01
8.0560615836e+00   3.5801350050e-01
8.0570615836e+00   3.5987785948e-01
8.0571615836e+00   3.6006228486e-01
8.0581615836e+00   3.6188613410e-01
8.0582615836e+00   3.6206646178e-01
8.0592615836e+00   3.6384887791e-01
8.0593615836e+00   3.6402501734e-01
8.0603615836e+00   3.6576511358e-01
8.0604615836e+00   3.6593697797e-01
8.0614615836e+00   3.6763390557e-01
8.0615615836e+00   3.6780141199e-01
8.0625615836e+00   3.6945436152e-01
8.0626615836e+00   3.6961743104e-01
8.0636615836e+00   3.7122563366e-01
8.0637615836e+00   3.7138419145e-01
8.0647615836e+00   3.7294692006e-01
8.0648615836e+00   3.7310089554e-01
8.0658615836e+00   3.7461746587e-01
8.0659615836e+00   3.7476679280e-01
8.0669615836e+00   3.7623656439e-01
8.0670615836e+00   3.7638118094e-01
8.0680615836e+00   3.7780355807e-01
8.0681615836e+00   3.7794340694e-01
8.0691615836e+00   3.7931783941e-01
8.0692615836e+00   3.7945286787e-01
8.0702615836e+00   3.8077885174e-01
8.0703615836e+00   3.8090901174e-01
8.0713615836e+00   3.8218608991e-01
8.0714615836e+00   3.8231133809e-01
8.0724615836e+00   3.8353910085e-01
8.0725615836e+00   3.8365939863e-01
8.0735615836e+00   3.8483748404e-01
8.0736615836e+00   3.8495279763e-01
8.0746615836e+00   3.8608089185e-01
8.0747615836e+00   3.8619119228e-01
8.0757615836e+00   3.8726902981e-01
8.0758615836e+00   3.8737429294e-01
8.0768615836e+00   3.8840165668e-01
8.0769615836e+00   3.8850186323e-01
8.0779615836e+00   3.8947858449e-01
8.0780615836e+00   3.8957372000e-01
8.0790615836e+00   3.9049967845e-01
8.0791615836e+00   3.9058973331e-01
8.0801615836e+00   3.9146485671e-01
8.0802615836e+00   3.9154982609e-01
8.0812615836e+00   3.9237409009e-01
8.0813615836e+00   3.9245397393e-01
8.0823615836e+00   3.9322740159e-01
8.0824615836e+00   3.9330220455e-01
8.0834615836e+00   3.9402486590e-01
8.0835615836e+00   3.9409459732e-01
8.0845615836e+00   3.9476660875e-01
8.0846615836e+00   3.9483128257e-01
8.0856615836e+00   3.9545280620e-01
8.0857615836e+00   3.9551244088e-01
8.0867615836e+00   3.9608368377e-01
8.0868615836e+00   3.9613830224e-01
8.0878615836e+00   3.9665951555e-01
8.0879615836e+00   3.9670914510e-01
8.0889615836e+00   3.9718062316e-01
8.0890615836e+00   3.9722529534e-01
8.0900615836e+00   3.9764737467e-01
8.0901615836e+00   3.9768712522e-01
8.0911615836e+00   3.9806018345e-01
8.0912615836e+00   3.9809505214e-01
8.0922615836e+00   3.9841950685e-01
8.0923615836e+00   3.9844953739e-01
8.0933615836e+00   3.9872584493e-01
8.0934615836e+00   3.9875108486e-01
8.0944615836e+00   3.9897973905e-01
8.0945615836e+00   3.9900023959e-01
8.0955615836e+00   3.9918177043e-01
8.0956615836e+00   3.9919758633e-01
8.0966615836e+00   3.9933255861e-01
8.0967615836e+00   3.9934374804e-01
8.0977615836e+00   3.9943275993e-01
8.0978615836e+00   3.9943938433e-01
8.0988615836e+00   3.9948306590e-01
8.0989615836e+00   3.9948518983e-01
8.0999615836e+00   3.9948420157e-01
8.1000615836e+00   3.9948189254e-01
8.1010615836e+00   3.9943692385e-01
8.1011615836e+00   3.9943025218e-01
8.1021615836e+00   3.9934201976e-01
8.1022615836e+00   3.9933105845e-01
8.1032615836e+00   3.9920030478e-01
8.1033615836e+00   3.9918512930e-01
8.1043615836e+00   3.9901262102e-01
8.1044615836e+00   3.9899330919e-01
8.1054615836e+00   3.9877983549e-01
8.1055615836e+00   3.9875646731e-01
8.1065615836e+00   3.9850283834e-01
8.1066615836e+00   3.9847549582e-01
8.1076615836e+00   3.9818254106e-01
8.1077615836e+00   3.9815130804e-01
8.1087615836e+00   3.9781987468e-01
8.1088615836e+00   3.9778483673e-01
8.1098615836e+00   3.9741578808e-01
8.1099615836e+00   3.9737703227e-01
8.1109615836e+00   3.9697124615e-01
8.1110615836e+00   3.9692886093e-01
8.1120615836e+00   3.9648722808e-01
8.1121615836e+00   3.9644130313e-01
8.1131615836e+00   3.9596472567e-01
8.1132615836e+00   3.9591535171e-01
8.1142615836e+00   3.9540474154e-01
8.1143615836e+00   3.9535201020e-01
8.1153615836e+00   3.9480828756e-01
8.1154615836e+00   3.9475229123e-01
8.1164615836e+00   3.9417638313e-01
8.1165615836e+00   3.9411721480e-01
8.1175615836e+00   3.9351005361e-01
8.1176615836e+00   3.9344780673e-01
8.1186615836e+00   3.9281032872e-01
8.1187615836e+00   3.9274509707e-01
8.1197615836e+00   3.9207824105e-01
8.1198615836e+00   3.9201011859e-01
8.1208615836e+00   3.9131482451e-01
8.1209615836e+00   3.9124390525e-01
8.1219615836e+00   3.9052111295e-01
8.1220615836e+00   3.9044749081e-01
8.1230615836e+00   3.8969813869e-01
8.1231615836e+00   3.8962190741e-01
8.1241615836e+00   3.8884693124e-01
8.1242615836e+00   3.8876818422e-01
8.1252615836e+00   3.8796851595e-01
8.1253615836e+00   3.8788734616e-01
8.1263615836e+00   3.8706391278e-01
8.1264615836e+00   3.8698041264e-01
8.1274615836e+00   3.8613413512e-01
8.1275615836e+00   3.8604839638e-01
8.1285615836e+00   3.8518018862e-01
8.1286615836e+00   3.8509230229e-01
8.1296615836e+00   3.8420307013e-01
8.1297615836e+00   3.8411312634e-01
8.1307615836e+00   3.8320376663e-01
8.1308615836e+00   3.8311185461e-01
8.1318615836e+00   3.8218325432e-01
8.1319615836e+00   3.8208946223e-01
8.1329615836e+00   3.8114249764e-01
8.1330615836e+00   3.8104691254e-01
8.1340615836e+00   3.8008244843e-01
8.1341615836e+00   3.7998515621e-01
8.1351615836e+00   3.7900404513e-01
8.1352615836e+00   3.7890513041e-01
8.1362615836e+00   3.7790821202e-01
8.1363615836e+00   3.7780775809e-01
8.1373615836e+00   3.7679585850e-01
8.1374615836e+00   3.7669394728e-01
8.1384615836e+00   3.7566787850e-01
8.1385615836e+00   3.7556459046e-01
8.1395615836e+00   3.7452514983e-01
8.1396615836e+00   3.7442056397e-01
8.1406615836e+00   3.7336853368e-01
8.1407615836e+00   3.7326272743e-01
8.1417615836e+00   3.7219887413e-01
8.1418615836e+00   3.7209192336e-01
8.1428615836e+00   3.7101699767e-01
8.1429615836e+00   3.7090897665e-01
8.1439615836e+00   3.6982371289e-01
8.1440615836e+00   3.6971469421e-01
8.1450615836e+00   3.6861981008e-01
8.1451615836e+00   3.6850986467e-01
8.1461615836e+00   3.6740606093e-01
8.1462615836e+00   3.6729525802e-01
8.1472615836e+00   3.6618321834e-01
8.1473615836e+00   3.6607162543e-01
8.1483615836e+00   3.6495201615e-01
8.1484615836e+00   3.6483969900e-01
8.1494615836e+00   3.6371316902e-01
8.1495615836e+00   3.6360019165e-01
8.1505615836e+00   3.6246737227e-01
8.1506615836e+00   3.6235379693e-01
8.1516615836e+00   3.6121530184e-01
8.1616615836e+00   3.4964975468e-01
8.1617615836e+00   3.4953323116e-01
8.1627615836e+00   3.4836783162e-01
8.1727615836e+00   3.3676222804e-01
8.1728615836e+00   3.3664715034e-01
8.1738615836e+00   3.3549795174e-01
8.1838615836e+00   3.2420408854e-01
8.1839615836e+00   3.2409329028e-01
8.1849615836e+00   3.2298793499e-01
8.1949615836e+00   3.1221845419e-01
8.1950615836e+00   3.1211352825e-01
8.1960615836e+00   3.1106742096e-01
8.2060615836e+00   3.0092948602e-01
8.2061615836e+00   3.0083112284e-01
8.2071615836e+00   2.9985080435e-01
8.2171615836e+00   2.9037817783e-01
8.2172615836e+00   2.9028646530e-01
8.2182615836e+00   2.8937258408e-01
8.2282615836e+00   2.8055233936e-01
8.2283615836e+00   2.8046700080e-01
8.2293615836e+00   2.7961666031e-01
8.2393615836e+00   2.7140943434e-01
8.2394615836e+00   2.7133000224e-01
8.2404615836e+00   2.7053846773e-01
8.2504615836e+00   2.6289268365e-01
8.2661018573e+00   2.5183882359e-01
8.2662018573e+00   2.5177141159e-01
8.2672018573e+00   2.5109944972e-01
8.2772018573e+00   2.4458814332e-01
8.2928421310e+00   2.3510425127e-01
8.2929421310e+00   2.3504615942e-01
8.2939421310e+00   2.3446693925e-01
8.3039421310e+00   2.2883990983e-01
8.3195824047e+00   2.2060626454e-01
8.3352226784e+00   2.1301439479e-01
8.3353226784e+00   2.1296783131e-01
8.3363226784e+00   2.1250355477e-01
8.3463226784e+00   2.0799552433e-01
8.3619629521e+00   2.0143025421e-01
8.3776032258e+00   1.9545665794e-01
8.3932434995e+00   1.9008895050e-01
8.3933434995e+00   1.9005663572e-01
8.3943434995e+00   1.8973491618e-01
8.4043434995e+00   1.8666268749e-01
8.4199837732e+00   1.8240794811e-01
8.4356240469e+00   1.7887524077e-01
8.4357240469e+00   1.7885512369e-01
8.4367240469e+00   1.7865574095e-01
8.4467240469e+00   1.7684522120e-01
8.4623643206e+00   1.7472466690e-01
8.4624643206e+00   1.7471407603e-01
8.4634643206e+00   1.7461032739e-01
8.4734643206e+00   1.7379496833e-01
8.4891045943e+00   1.7338659201e-01
8.4892045943e+00   1.7338761255e-01
8.4902045943e+00   1.7340046545e-01
8.5002045943e+00   1.7380132900e-01
8.5158448680e+00   1.7548970973e-01
8.5159448680e+00   1.7550493750e-01
8.5169448680e+00   1.7566043589e-01
8.5269448680e+00   1.7754565505e-01
8.5425851417e+00   1.8176801349e-01
8.5426851417e+00   1.8180026496e-01
8.5436851417e+00   1.8212656076e-01
8.5536851417e+00   1.8577414185e-01
8.5537851417e+00   1.8581420551e-01
8.5547851417e+00   1.8621880649e-01
8.5647851417e+00   1.9066598530e-01
8.5648851417e+00   1.9071417869e-01
8.5658851417e+00   1.9120020041e-01
8.5758851417e+00   1.9647131528e-01
8.5915254154e+00   2.0621332667e-01
8.5916254154e+00   2.0628141302e-01
8.5926254154e+00   2.0696625083e-01
8.6026254154e+00   2.1420376794e-01
8.6182656891e+00   2.2683846719e-01
8.6183656891e+00   2.2692389332e-01
8.6193656891e+00   2.2778110377e-01
8.6293656891e+00   2.3662437476e-01
8.6450059629e+00   2.5120002400e-01
8.6606462366e+00   2.6612113643e-01
8.6607462366e+00   2.6621606065e-01
8.6617462366e+00   2.6716432803e-01
8.6717462366e+00   2.7650533164e-01
8.6873865103e+00   2.9020827187e-01
8.6874865103e+00   2.9029086231e-01
8.6884865103e+00   2.9111261279e-01
8.6984865103e+00   2.9887471079e-01
8.6985865103e+00   2.9894779678e-01
8.6995865103e+00   2.9967335052e-01
8.7095865103e+00   3.0636523606e-01
8.7096865103e+00   3.0642669628e-01
8.7106865103e+00   3.0703506977e-01
8.7206865103e+00   3.1247228949e-01
8.7207865103e+00   3.1252053272e-01
8.7217865103e+00   3.1299610928e-01
8.7317865103e+00   3.1705350462e-01
8.7318865103e+00   3.1708757484e-01
8.7328865103e+00   3.1742112475e-01
8.7428865103e+00   3.2003976369e-01
8.7429865103e+00   3.2005937802e-01
8.7439865103e+00   3.2024840321e-01
8.7539865103e+00   3.2143554173e-01
8.7540865103e+00   3.2144105870e-01
8.7550865103e+00   3.2148944227e-01
8.7650865103e+00   3.2131194096e-01
8.7651865103e+00   3.2130426870e-01
8.7661865103e+00   3.2122133196e-01
8.7761865103e+00   3.1979404082e-01
8.7762865103e+00   3.1977450428e-01
8.7772865103e+00   3.1957366373e-01
8.7872865103e+00   3.1704494356e-01
8.7873865103e+00   3.1701513354e-01
8.7883865103e+00   3.1671238924e-01
8.7983865103e+00   3.1324905398e-01
8.7984865103e+00   3.1321068015e-01
8.7994865103e+00   3.1282315209e-01
8.8094865103e+00   3.0859676392e-01
8.8095865103e+00   3.0855152829e-01
8.8105865103e+00   3.0809620462e-01
8.8205865103e+00   3.0327201481e-01
8.8206865103e+00   3.0322151540e-01
8.8216865103e+00   3.0271430556e-01
8.8316865103e+00   2.9744342390e-01
8.8473267840e+00   2.8865652922e-01
8.8474267840e+00   2.8859883614e-01
8.8484267840e+00   2.8802109936e-01
8.8584267840e+00   2.8217772891e-01
8.8740670577e+00   2.7290938433e-01
8.8741670577e+00   2.7284998267e-01
8.8751670577e+00   2.7225600816e-01
8.8851670577e+00   2.6632840749e-01
8.9008073314e+00   2.5716048947e-01
8.9164476051e+00   2.4820240685e-01
8.9165476051e+00   2.4814595929e-01
8.9175476051e+00   2.4758210717e-01
8.9275476051e+00   2.4200837134e-01
8.9431878788e+00   2.3354482710e-01
8.9588281525e+00   2.2541656087e-01
8.9744684262e+00   2.1764461092e-01
8.9901086999e+00   2.1024588690e-01
8.9902086999e+00   2.1019981660e-01
8.9912086999e+00   2.0973999006e-01
9.0012086999e+00   2.0523027881e-01
9.0168489736e+00   1.9850839817e-01
9.0324892473e+00   1.9220948463e-01
9.0481295210e+00   1.8635953079e-01
9.0637697947e+00   1.8099143280e-01
9.0638697947e+00   1.8095874509e-01
9.0648697947e+00   1.8063304567e-01
9.0748697947e+00   1.7749640771e-01
9.0905100684e+00   1.7305439262e-01
9.1061503421e+00   1.6923322019e-01
9.1062503421e+00   1.6921094120e-01
9.1072503421e+00   1.6898972013e-01
9.1172503421e+00   1.6693904958e-01
9.1328906158e+00   1.6436515240e-01
9.1329906158e+00   1.6435136507e-01
9.1339906158e+00   1.6421544763e-01
9.1439906158e+00   1.6305832708e-01
9.1596308895e+00   1.6204615705e-01
9.1597308895e+00   1.6204306427e-01
9.1607308895e+00   1.6201461824e-01
9.1707308895e+00   1.6198683642e-01
9.1863711632e+00   1.6295778193e-01
9.1864711632e+00   1.6296828496e-01
9.1874711632e+00   1.6307646558e-01
9.1974711632e+00   1.6448352885e-01
9.1975711632e+00   1.6450068084e-01
9.1985711632e+00   1.6467566109e-01
9.2085711632e+00   1.6678207528e-01
9.2086711632e+00   1.6680651114e-01
9.2096711632e+00   1.6705464794e-01
9.2196711632e+00   1.6992437361e-01
9.2197711632e+00   1.6995673250e-01
9.2207711632e+00   1.7028441229e-01
9.2307711632e+00   1.7398021357e-01
9.2308711632e+00   1.7402110738e-01
9.2318711632e+00   1.7443442497e-01
9.2418711632e+00   1.7901409201e-01
9.2419711632e+00   1.7906406208e-01
9.2429711632e+00   1.7956838232e-01
9.2529711632e+00   1.8507971521e-01
9.2530711632e+00   1.8513917628e-01
9.2540711632e+00   1.8573856676e-01
9.2640711632e+00   1.9221305705e-01
9.2641711632e+00   1.9228222829e-01
9.2651711632e+00   1.9297876345e-01
9.2751711632e+00   2.0042407100e-01
9.2752711632e+00   2.0050289607e-01
9.2762711632e+00   2.0129585363e-01
9.2862711632e+00   2.0968742303e-01
9.3019114369e+00   2.2438019566e-01
9.3020114369e+00   2.2447968855e-01
9.3030114369e+00   2.2547814336e-01
9.3130114369e+00   2.3578635221e-01
9.3286517107e+00   2.5278702136e-01
9.3287517107e+00   2.5289784395e-01
9.3297517107e+00   2.5400687640e-01
9.3397517106e+00   2.6512839325e-01
9.3553919844e+00   2.8217468944e-01
9.3554919844e+00   2.8228048240e-01
9.3564919844e+00   2.8333532664e-01
9.3664919844e+00   2.9351912666e-01
9.3665919844e+00   2.9361710764e-01
9.3675919844e+00   2.9459217252e-01
9.3775919844e+00   3.0381652328e-01
9.3776919844e+00   3.0390347537e-01
9.3786919844e+00   3.0476675562e-01
9.3886919844e+00   3.1273233771e-01
9.3887919844e+00   3.1280549688e-01
9.3897919844e+00   3.1352964214e-01
9.3997919844e+00   3.1999554021e-01
9.3998919844e+00   3.2005282676e-01
9.4008919844e+00   3.2061742808e-01
9.4108919844e+00   3.2542059350e-01
9.4109919844e+00   3.2546077040e-01
9.4119919844e+00   3.2585389964e-01
9.4219919844e+00   3.2891977348e-01
9.4220919844e+00   3.2894250646e-01
9.4230919844e+00   3.2916126472e-01
9.4330919844e+00   3.3050406698e-01
9.4331919844e+00   3.3050988049e-01
9.4341919844e+00   3.3055990918e-01
9.4441919844e+00   3.3027315826e-01
9.4442919844e+00   3.3026330224e-01
9.4452919844e+00   3.3015741274e-01
9.4552919844e+00   3.2839704144e-01
9.4553919844e+00   3.2837329856e-01
9.4563919844e+00   3.2812952490e-01
9.4663919844e+00   3.2509301806e-01
9.4664919844e+00   3.2505748783e-01
9.4674919844e+00   3.2469692610e-01
9.4774919844e+00   3.2060203644e-01
9.4775919844e+00   3.2055692987e-01
9.4785919844e+00   3.2010169680e-01
9.4885919844e+00   3.1516763918e-01
9.4886919844e+00   3.1511510823e-01
9.4896919844e+00   3.1458665764e-01
9.4996919844e+00   3.0901958440e-01
9.4997919844e+00   3.0896159894e-01
9.5007919844e+00   3.0837951599e-01
9.5107919844e+00   3.0236292028e-01
9.5108919844e+00   3.0230119425e-01
9.5118919844e+00   3.0168248036e-01
9.5218919844e+00   2.9537224297e-01
9.5375322581e+00   2.8522431836e-01
9.5376322581e+00   2.8515889816e-01
9.5386322581e+00   2.8450453575e-01
9.5486322581e+00   2.7795680686e-01
9.5642725318e+00   2.6778812662e-01
9.5643725318e+00   2.6772366473e-01
9.5653725318e+00   2.6707953224e-01
9.5753725318e+00   2.6069207800e-01
9.5910128055e+00   2.5093466173e-01
9.6066530792e+00   2.4150751463e-01
9.6067530792e+00   2.4144837439e-01
9.6077530792e+00   2.4085778275e-01
9.6177530792e+00   2.3503376456e-01
9.6333933529e+00   2.2622842808e-01
9.6490336266e+00   2.1779845829e-01
9.6646739003e+00   2.0974600946e-01
9.6803141740e+00   2.0207257177e-01
9.6804141740e+00   2.0202473435e-01
9.6814141740e+00   2.0154721888e-01
9.6914141740e+00   1.9685820087e-01
9.7070544477e+00   1.8984151633e-01
9.7226947214e+00   1.8321998084e-01
9.7383349951e+00   1.7700778236e-01
9.7539752688e+00   1.7122545983e-01
9.7540752688e+00   1.7118992848e-01
9.7550752688e+00   1.7083564547e-01
9.7650752688e+00   1.6739770377e-01
9.7807155425e+00   1.6242132074e-01
9.7963558162e+00   1.5797540553e-01
9.7964558162e+00   1.5794880725e-01
9.7974558162e+00   1.5768415317e-01
9.8074558162e+00   1.5517427369e-01
9.8230960899e+00   1.5178381905e-01
9.8231960899e+00   1.5176439622e-01
9.8241960899e+00   1.5157182123e-01
9.8341960899e+00   1.4981707850e-01
9.8498363636e+00   1.4775063145e-01
9.8499363636e+00   1.4774030734e-01
9.8509363636e+00   1.4763919744e-01
9.8609363636e+00   1.4684935512e-01
9.8765766373e+00   1.4649808667e-01
9.8766766373e+00   1.4649962853e-01
9.8776766373e+00   1.4651784976e-01
9.8876766373e+00   1.4699138586e-01
9.8877766373e+00   1.4699890049e-01
9.8887766373e+00   1.4707719078e-01
9.8987766373e+00   1.4818674719e-01
9.8988766373e+00   1.4820095723e-01
9.8998766373e+00   1.4834657799e-01
9.9098766373e+00   1.5016815442e-01
9.9099766373e+00   1.5018984939e-01
9.9109766373e+00   1.5041072622e-01
9.9209766373e+00   1.5302631415e-01
9.9210766373e+00   1.5305633615e-01
9.9220766373e+00   1.5336091025e-01
9.9320766373e+00   1.5685649235e-01
9.9321766373e+00   1.5689571076e-01
9.9331766373e+00   1.5729268053e-01
9.9431766373e+00   1.6175496782e-01
9.9432766373e+00   1.6180423997e-01
9.9442766373e+00   1.6230215932e-01
9.9542766373e+00   1.6781372788e-01
9.9543766373e+00   1.6787384216e-01
9.9553766373e+00   1.6848054211e-01
9.9653766373e+00   1.7511305930e-01
9.9654766373e+00   1.7518465797e-01
9.9664766373e+00   1.7590646466e-01
9.9764766373e+00   1.8371180800e-01
9.9765766373e+00   1.8379528871e-01
9.9775766373e+00   1.8463602778e-01
9.9875766373e+00   1.9363533788e-01
9.9876766373e+00   1.9373073572e-01
9.9886766373e+00   1.9469054454e-01
9.9986766373e+00   2.0486165218e-01
9.9987766373e+00   2.0496850904e-01
9.9997766373e+00   2.0604252709e-01
1.0009776637e+01   2.1730676478e-01
1.0009876637e+01   2.1742399919e-01
1.0010876637e+01   2.1860107145e-01
1.0020876637e+01   2.3081117811e-01
1.0036516911e+01   2.5114763101e-01
1.0036616911e+01   2.5128088506e-01
1.0037616911e+01   2.5261482165e-01
1.0047616911e+01   2.6602988168e-01
1.0063257185e+01   2.8668116692e-01
1.0063357185e+01   2.8680947689e-01
1.0064357185e+01   2.8808882848e-01
1.0074357185e+01   3.0043180826e-01
1.0074457185e+01   3.0055041367e-01
1.0075457185e+01   3.0173047775e-01
1.0085457185e+01   3.1286215920e-01
1.0085557185e+01   3.1296671511e-01
1.0086557185e+01   3.1400426897e-01
1.0096557185e+01   3.2352184473e-01
1.0096657185e+01   3.2360865337e-01
1.0097657185e+01   3.2446714170e-01
1.0107657185e+01   3.3205280807e-01
1.0107757185e+01   3.3211917591e-01
1.0108757185e+01   3.3277223528e-01
1.0118757185e+01   3.3822277334e-01
1.0118857185e+01   3.3826724617e-01
1.0119857185e+01   3.3870098140e-01
1.0129857185e+01   3.4194251906e-01
1.0129957185e+01   3.4196495240e-01
1.0130957185e+01   3.4217855474e-01
1.0140957185e+01   3.4326420620e-01
1.0141057185e+01   3.4326566563e-01
1.0142057185e+01   3.4327033694e-01
1.0152057185e+01   3.4236225806e-01
1.0152157185e+01   3.4234478108e-01
1.0153157185e+01   3.4216129770e-01
1.0163157185e+01   3.3950186289e-01
1.0163257185e+01   3.3946813948e-01
1.0164257185e+01   3.3912363473e-01
1.0174257185e+01   3.3500200218e-01
1.0174357185e+01   3.3495503824e-01
1.0175357185e+01   3.3447964385e-01
1.0185357185e+01   3.2919971225e-01
1.0185457185e+01   3.2914253008e-01
1.0186457185e+01   3.2856641045e-01
1.0196457185e+01   3.2242054218e-01
1.0196557185e+01   3.2235595214e-01
1.0197557185e+01   3.2170706059e-01
1.0207557185e+01   3.1495775485e-01
1.0207657185e+01   3.1488820999e-01
1.0208657185e+01   3.1419087650e-01
1.0218657185e+01   3.0706056428e-01
1.0218757185e+01   3.0698809240e-01
1.0219757185e+01   3.0626237816e-01
1.0229757185e+01   2.9893012352e-01
1.0229857185e+01   2.9885632021e-01
1.0230857185e+01   2.9811797331e-01
1.0240857185e+01   2.9072120398e-01
1.0256497458e+01   2.7923352158e-01
1.0256597458e+01   2.7916078378e-01
1.0257597458e+01   2.7843404224e-01
1.0267597458e+01   2.7123731214e-01
1.0283237732e+01   2.6028528989e-01
1.0283337732e+01   2.6021658333e-01
1.0284337732e+01   2.5953047664e-01
1.0294337732e+01   2.5276683203e-01
1.0309978006e+01   2.4255058435e-01
1.0325618280e+01   2.3277629985e-01
1.0325718280e+01   2.3271520559e-01
1.0326718280e+01   2.3210522926e-01
1.0336718280e+01   2.2610116919e-01
1.0352358553e+01   2.1705096847e-01
1.0367998827e+01   2.0839942743e-01
1.0383639101e+01   2.0012891537e-01
1.0399279374e+01   1.9222422923e-01
1.0399379374e+01   1.9217483758e-01
1.0400379374e+01   1.9168171483e-01
1.0410379374e+01   1.8682932169e-01
1.0426019648e+01   1.7952334654e-01
1.0441659922e+01   1.7255710999e-01
1.0457300195e+01   1.6592689625e-01
1.0472940469e+01   1.5963252751e-01
1.0488580743e+01   1.5367787314e-01
1.0488680743e+01   1.5364090935e-01
1.0489680743e+01   1.5327205447e-01
1.0499680743e+01   1.4966246649e-01
1.0515321017e+01   1.4431198769e-01
1.0530961290e+01   1.3933940511e-01
1.0546601564e+01   1.3477333486e-01
1.0546701564e+01   1.3474552731e-01
1.0547701564e+01   1.3446845540e-01
1.0557701564e+01   1.3180071552e-01
1.0573341838e+01   1.2802978057e-01
1.0588982111e+01   1.2480885775e-01
1.0589082111e+01   1.2479021063e-01
1.0590082111e+01   1.2460517564e-01
1.0600082111e+01   1.2290409562e-01
1.0615722385e+01   1.2084312516e-01
1.0615822385e+01   1.2083253576e-01
1.0616822385e+01   1.2072856895e-01
1.0626822385e+01   1.1989036370e-01
1.0642462659e+01   1.1939879711e-01
1.0642562659e+01   1.1939922654e-01
1.0643562659e+01   1.1940619556e-01
1.0653562659e+01   1.1975633347e-01
1.0653662659e+01   1.1976253362e-01
1.0654662659e+01   1.1982761460e-01
1.0664662659e+01   1.2080139726e-01
1.0664762659e+01   1.2081424335e-01
1.0665762659e+01   1.2094625078e-01
1.0675762659e+01   1.2263812285e-01
1.0675862659e+01   1.2265861768e-01
1.0676862659e+01   1.2286764331e-01
1.0686862659e+01   1.2538485539e-01
1.0686962659e+01   1.2541412881e-01
1.0687962659e+01   1.2571153216e-01
1.0697962659e+01   1.2917353986e-01
1.0698062659e+01   1.2921283739e-01
1.0699062659e+01   1.2961112522e-01
1.0709062659e+01   1.3414761637e-01
1.0709162659e+01   1.3419827147e-01
1.0710162659e+01   1.3471081089e-01
1.0720162659e+01   1.4045774286e-01
1.0720262659e+01   1.4052112617e-01
1.0721262659e+01   1.4116162339e-01
1.0731262659e+01   1.4825454074e-01
1.0731362659e+01   1.4833197857e-01
1.0732362659e+01   1.4911364658e-01
1.0742362659e+01   1.5767751118e-01
1.0742462659e+01   1.5777016582e-01
1.0743462659e+01   1.5870450693e-01
1.0753462659e+01   1.6883938966e-01
1.0753562659e+01   1.6894809621e-01
1.0754562659e+01   1.7004324840e-01
1.0764562659e+01   1.8180561512e-01
1.0764662659e+01   1.8193067506e-01
1.0765662659e+01   1.8318932738e-01
1.0775662659e+01   1.9656942153e-01
1.0775762659e+01   1.9671036275e-01
1.0776762659e+01   1.9812734469e-01
1.0786762659e+01   2.1302440580e-01
1.0786862659e+01   2.1317973373e-01
1.0787862659e+01   2.1473953086e-01
1.0797862659e+01   2.3093824463e-01
1.0797962659e+01   2.3110522640e-01
1.0798962659e+01   2.3277985371e-01
1.0808962659e+01   2.4993321444e-01
1.0824602933e+01   2.7748562070e-01
1.0824702933e+01   2.7766135134e-01
1.0825702933e+01   2.7941671586e-01
1.0835702933e+01   2.9666057768e-01
1.0835802933e+01   2.9682909548e-01
1.0836802933e+01   2.9850882022e-01
1.0846802933e+01   3.1464291198e-01
1.0846902933e+01   3.1479709560e-01
1.0847902933e+01   3.1632999746e-01
1.0857902933e+01   3.3065839987e-01
1.0858002933e+01   3.3079155667e-01
1.0859002933e+01   3.3211113142e-01
1.0869002933e+01   3.4402379333e-01
1.0869102933e+01   3.4413044050e-01
1.0870102933e+01   3.4518264842e-01
1.0870202933e+01   3.4528643650e-01
1.0871202933e+01   3.4630988254e-01
1.0871302933e+01   3.4641077772e-01
1.0872302933e+01   3.4740513448e-01
1.0872402933e+01   3.4750310508e-01
1.0873402933e+01   3.4846806653e-01
1.0873502933e+01   3.4856308304e-01
1.0874502933e+01   3.4949836485e-01
1.0874602933e+01   3.4959039993e-01
1.0875602933e+01   3.5049573968e-01
1.0875702933e+01   3.5058476819e-01
1.0876702933e+01   3.5145992562e-01
1.0876802933e+01   3.5154592464e-01
1.0877802933e+01   3.5239068181e-01
1.0877902933e+01   3.5247363066e-01
1.0878902933e+01   3.5328779206e-01
1.0879002933e+01   3.5336767234e-01
1.0880002933e+01   3.5415106504e-01
1.0880102933e+01   3.5422786057e-01
1.0881102933e+01   3.5498033427e-01
1.0881202933e+01   3.5505403116e-01
1.0882202933e+01   3.5577545821e-01
1.0882302933e+01   3.5584604483e-01
1.0883302933e+01   3.5653632022e-01
1.0883402933e+01   3.5660378719e-01
1.0884402933e+01   3.5726282855e-01
1.0884502933e+01   3.5732716876e-01
1.0885502933e+01   3.5795491621e-01
1.0885602933e+01   3.5801612481e-01
1.0886602933e+01   3.5861254089e-01
1.0886702933e+01   3.5867061524e-01
1.0887702933e+01   3.5923568477e-01
1.0887802933e+01   3.5929062446e-01
1.0888802933e+01   3.5982435432e-01
1.0888902933e+01   3.5987616113e-01
1.0889902933e+01   3.6037858007e-01
1.0890002933e+01   3.6042725796e-01
1.0891002933e+01   3.6089841633e-01
1.0891102933e+01   3.6094397142e-01
1.0892102933e+01   3.6138394089e-01
1.0892202933e+01   3.6142638139e-01
1.0893202933e+01   3.6183525466e-01
1.0893302933e+01   3.6187459088e-01
1.0894302933e+01   3.6225248131e-01
1.0894402933e+01   3.6228872560e-01
1.0895402933e+01   3.6263576684e-01
1.0895502933e+01   3.6266893358e-01
1.0896502933e+01   3.6298527916e-01
1.0896602933e+01   3.6301538469e-01
1.0897602933e+01   3.6330120764e-01
1.0897702933e+01   3.6332827020e-01
1.0898702933e+01   3.6358376255e-01
1.0898802933e+01   3.6360780229e-01
1.0899802933e+01   3.6383317460e-01
1.0899902933e+01   3.6385421348e-01
1.0900902933e+01   3.6404969438e-01
1.0901002933e+01   3.6406775615e-01
1.0902002933e+01   3.6423359176e-01
1.0902102933e+01   3.6424870189e-01
1.0903102933e+01   3.6438515533e-01
1.0903202933e+01   3.6439734097e-01
1.0904202933e+01   3.6450469180e-01
1.0904302933e+01   3.6451398170e-01
1.0905302933e+01   3.6459252531e-01
1.0905402933e+01   3.6459894978e-01
1.0906402933e+01   3.6464899686e-01
1.0906502933e+01   3.6465258772e-01
1.0907502933e+01   3.6467446359e-01
1.0907602933e+01   3.6467525408e-01
1.0908602933e+01   3.6466929815e-01
1.0908702933e+01   3.6466732289e-01
1.0909702933e+01   3.6463388798e-01
1.0909802933e+01   3.6462918291e-01
1.0910802933e+01   3.6456863464e-01
1.0910902933e+01   3.6456123693e-01
1.0911902933e+01   3.6447395307e-01
1.0912002933e+01   3.6446390109e-01
1.0913002933e+01   3.6435027095e-01
1.0913102933e+01   3.6433760418e-01
1.0914102933e+01   3.6419802792e-01
1.0914202933e+01   3.6418278690e-01
1.0915202933e+01   3.6401767487e-01
1.0915302933e+01   3.6399990112e-01
1.0916302933e+01   3.6380967326e-01
1.0916402933e+01   3.6378940923e-01
1.0917402933e+01   3.6357449436e-01
1.0917502933e+01   3.6355178336e-01
1.0918502933e+01   3.6331261857e-01
1.0918602933e+01   3.6328750469e-01
1.0919602933e+01   3.6302453465e-01
1.0919702933e+01   3.6299706273e-01
1.0920702933e+01   3.6271073907e-01
1.0920802933e+01   3.6268095459e-01
1.0921802933e+01   3.6237173527e-01
1.0921902933e+01   3.6233968432e-01
1.0922902933e+01   3.6200803296e-01
1.0923002933e+01   3.6197376217e-01
1.0924002933e+01   3.6162014745e-01
1.0924102933e+01   3.6158370390e-01
1.0925102933e+01   3.6120859894e-01
1.0925202933e+01   3.6117003016e-01
1.0926202933e+01   3.6077391188e-01
1.0926302933e+01   3.6073326573e-01
1.0927302933e+01   3.6031661429e-01
1.0927402933e+01   3.6027393893e-01
1.0928402933e+01   3.5983723713e-01
1.0928502933e+01   3.5979258095e-01
1.0929502933e+01   3.5933631365e-01
1.0939502933e+01   3.5388498333e-01
1.0939602933e+01   3.5382305969e-01
1.0940602933e+01   3.5319656047e-01
1.0950602933e+01   3.4628333946e-01
1.0950702933e+01   3.4620895308e-01
1.0951702933e+01   3.4546010178e-01
1.0961702933e+01   3.3754117800e-01
1.0961802933e+01   3.3745863632e-01
1.0962802933e+01   3.3663018723e-01
1.0972802933e+01   3.2809815574e-01
1.0972902933e+01   3.2801104292e-01
1.0973902933e+01   3.2713844949e-01
1.0983902933e+01   3.1830846880e-01
1.0984002933e+01   3.1821957422e-01
1.0985002933e+01   3.1733033965e-01
1.0995002933e+01   3.0843945236e-01
1.0995102933e+01   3.0835080998e-01
1.0996102933e+01   3.0746492349e-01
1.1006102933e+01   2.9867991370e-01
1.1006202933e+01   2.9859290617e-01
1.1007202933e+01   2.9772390497e-01
1.1017202933e+01   2.8915343915e-01
1.1017302933e+01   2.8906892826e-01
1.1018302933e+01   2.8822520748e-01
1.1028302933e+01   2.7993306189e-01
1.1043943206e+01   2.6752538023e-01
1.1044043206e+01   2.6744830739e-01
1.1045043206e+01   2.6667915752e-01
1.1055043206e+01   2.5914433195e-01
1.1070683480e+01   2.4791381367e-01
1.1070783480e+01   2.4784410076e-01
1.1071783480e+01   2.4714839042e-01
1.1081783480e+01   2.4033011874e-01
1.1097423754e+01   2.3014534013e-01
1.1113064027e+01   2.2049593763e-01
1.1113164027e+01   2.2043585193e-01
1.1114164027e+01   2.1983608133e-01
1.1124164027e+01   2.1394462928e-01
1.1139804301e+01   2.0509829799e-01
1.1155444575e+01   1.9666908824e-01
1.1171084848e+01   1.8862704512e-01
1.1186725122e+01   1.8094803280e-01
1.1202365396e+01   1.7361259902e-01
1.1202465396e+01   1.7356676797e-01
1.1203465396e+01   1.7310919334e-01
1.1213465396e+01   1.6860632176e-01
1.1229105670e+01   1.6182372566e-01
1.1244745943e+01   1.5534928291e-01
1.1260386217e+01   1.4917510617e-01
1.1276026491e+01   1.4329601451e-01
1.1291666764e+01   1.3770980106e-01
1.1307307038e+01   1.3241773320e-01
1.1322947312e+01   1.2742531439e-01
1.1323047312e+01   1.2739437818e-01
1.1324047312e+01   1.2708571372e-01
1.1334047312e+01   1.2406963384e-01
1.1349687586e+01   1.1961822225e-01
1.1365327859e+01   1.1551252486e-01
1.1380968133e+01   1.1178662809e-01
1.1381068133e+01   1.1176412184e-01
1.1382068133e+01   1.1154002058e-01
1.1392068133e+01   1.0939827691e-01
1.1407708407e+01   1.0644193677e-01
1.1407808407e+01   1.0642471489e-01
1.1408808407e+01   1.0625374038e-01
1.1418808407e+01   1.0467369409e-01
1.1434448680e+01   1.0272756263e-01
1.1434548680e+01   1.0271740439e-01
1.1435548680e+01   1.0261753311e-01
1.1445548680e+01   1.0179844996e-01
1.1461188954e+01   1.0125604047e-01
1.1461288954e+01   1.0125582729e-01
1.1462288954e+01   1.0125615018e-01
1.1472288954e+01   1.0151813266e-01
1.1472388954e+01   1.0152325575e-01
1.1473388954e+01   1.0157735829e-01
1.1483388954e+01   1.0242130170e-01
1.1483488954e+01   1.0243267315e-01
1.1484488954e+01   1.0254975237e-01
1.1494488954e+01   1.0407547662e-01
1.1494588954e+01   1.0409416887e-01
1.1495588954e+01   1.0428503204e-01
1.1505588954e+01   1.0660907457e-01
1.1505688954e+01   1.0663633193e-01
1.1506688954e+01   1.0691350916e-01
1.1516688954e+01   1.1016986676e-01
1.1516788954e+01   1.1020710858e-01
1.1517788954e+01   1.1058487848e-01
1.1527788954e+01   1.1492459790e-01
1.1527888954e+01   1.1497340723e-01
1.1528888954e+01   1.1546767493e-01
1.1538888954e+01   1.2105657554e-01
1.1538988954e+01   1.2111866530e-01
1.1539988954e+01   1.2174660963e-01
1.1549988954e+01   1.2876019660e-01
1.1550088954e+01   1.2883734255e-01
1.1551088954e+01   1.2961672732e-01
1.1561088954e+01   1.3823115116e-01
1.1561188954e+01   1.3832507993e-01
1.1562188954e+01   1.3927310744e-01
1.1572188954e+01   1.4965093564e-01
1.1572288954e+01   1.4976315530e-01
1.1573288954e+01   1.5089474165e-01
1.1583288954e+01   1.6316447457e-01
1.1583388954e+01   1.6329603930e-01
1.1584388954e+01   1.6462142711e-01
1.1594388954e+01   1.7885031792e-01
1.1594488954e+01   1.7900152697e-01
1.1595488954e+01   1.8052324544e-01
1.1605488954e+01   1.9668429885e-01
1.1605588954e+01   1.9685434708e-01
1.1606588954e+01   1.9856370165e-01
1.1616588954e+01   2.1649987557e-01
1.1616688954e+01   2.1668649783e-01
1.1617688954e+01   2.1856002828e-01
1.1627688954e+01   2.3795152794e-01
1.1627788954e+01   2.3815071046e-01
1.1628788954e+01   2.4014736213e-01
1.1638788954e+01   2.6049087744e-01
1.1638888954e+01   2.6069673581e-01
1.1639888954e+01   2.6275675100e-01
1.1649888954e+01   2.8336726897e-01
1.1649988954e+01   2.8357219985e-01
1.1650988954e+01   2.8561879528e-01
1.1660988954e+01   3.0566347706e-01
1.1661088954e+01   3.0585866091e-01
1.1662088954e+01   3.0780323749e-01
1.1672088954e+01   3.2637133175e-01
1.1672188954e+01   3.2654758738e-01
1.1673188954e+01   3.2829843036e-01
1.1683188954e+01   3.4450139729e-01
1.1683288954e+01   3.4465027727e-01
1.1684288954e+01   3.4612357999e-01
1.1684388954e+01   3.4626934885e-01
1.1685388954e+01   3.4771122251e-01
1.1685488954e+01   3.4785381711e-01
1.1686488954e+01   3.4926364242e-01
1.1686588954e+01   3.4940300206e-01
1.1687588954e+01   3.5078018459e-01
1.1687688954e+01   3.5091625111e-01
1.1688688954e+01   3.5226022207e-01
1.1688788954e+01   3.5239293988e-01
1.1689788954e+01   3.5370315687e-01
1.1689888954e+01   3.5383247308e-01
1.1690888954e+01   3.5510842076e-01
1.1690988954e+01   3.5523428521e-01
1.1691988954e+01   3.5647547594e-01
1.1692088954e+01   3.5659784128e-01
1.1693088954e+01   3.5780381573e-01
1.1693188954e+01   3.5792263745e-01
1.1694188954e+01   3.5909296513e-01
1.1694288954e+01   3.5920820164e-01
1.1695288954e+01   3.6034248138e-01
1.1695388954e+01   3.6045409406e-01
1.1696388954e+01   3.6155195447e-01
1.1696488954e+01   3.6165990767e-01
1.1697488954e+01   3.6272100750e-01
1.1697588954e+01   3.6282526862e-01
1.1698588954e+01   3.6384929711e-01
1.1698688954e+01   3.6394983660e-01
1.1699688954e+01   3.6493651373e-01
1.1699788954e+01   3.6503330513e-01
1.1700788954e+01   3.6598238184e-01
1.1700888954e+01   3.6607540181e-01
1.1701888954e+01   3.6698666014e-01
1.1701988954e+01   3.6707588844e-01
1.1702988954e+01   3.6794914169e-01
1.1703088954e+01   3.6803456122e-01
1.1704088954e+01   3.6886965392e-01
1.1704188954e+01   3.6895125068e-01
1.1705188954e+01   3.6974805865e-01
1.1705288954e+01   3.6982582179e-01
1.1706288954e+01   3.7058425198e-01
1.1706388954e+01   3.7065817375e-01
1.1707388954e+01   3.7137816423e-01
1.1707488954e+01   3.7144823998e-01
1.1708488954e+01   3.7212975966e-01
1.1708588954e+01   3.7219598783e-01
1.1709588954e+01   3.7283903627e-01
1.1709688954e+01   3.7290141833e-01
1.1710688954e+01   3.7350602548e-01
1.1710788954e+01   3.7356456594e-01
1.1711788954e+01   3.7413079175e-01
1.1711888954e+01   3.7418549809e-01
1.1712888954e+01   3.7471343217e-01
1.1712988954e+01   3.7476431481e-01
1.1713988954e+01   3.7525407595e-01
1.1714088954e+01   3.7530114822e-01
1.1715088954e+01   3.7575288394e-01
1.1715188954e+01   3.7579616201e-01
1.1716188954e+01   3.7621004802e-01
1.1716288954e+01   3.7624955085e-01
1.1717288954e+01   3.7662579046e-01
1.1717388954e+01   3.7666153975e-01
1.1718388954e+01   3.7700036330e-01
1.1718488954e+01   3.7703238339e-01
1.1719488954e+01   3.7733404755e-01
1.1719588954e+01   3.7736236542e-01
1.1720588954e+01   3.7762715252e-01
1.1720688954e+01   3.7765179766e-01
1.1721688954e+01   3.7788001495e-01
1.1721788954e+01   3.7790101930e-01
1.1722788954e+01   3.7809299823e-01
1.1722888954e+01   3.7811039612e-01
1.1723888954e+01   3.7826649150e-01
1.1723988954e+01   3.7828031955e-01
1.1724988954e+01   3.7840090878e-01
1.1725088954e+01   3.7841120583e-01
1.1726088954e+01   3.7849668801e-01
1.1726188954e+01   3.7850349503e-01
1.1727188954e+01   3.7855429013e-01
1.1727288954e+01   3.7855765013e-01
1.1728288954e+01   3.7857419810e-01
1.1728388954e+01   3.7857415604e-01
1.1729388954e+01   3.7855691589e-01
1.1729488954e+01   3.7855351860e-01
1.1730488954e+01   3.7850296751e-01
1.1730588954e+01   3.7849626357e-01
1.1731588954e+01   3.7841289592e-01
1.1731688954e+01   3.7840293561e-01
1.1732688954e+01   3.7828726206e-01
1.1732788954e+01   3.7827409722e-01
1.1733788954e+01   3.7812664376e-01
1.1733888954e+01   3.7811032773e-01
1.1734888954e+01   3.7793163473e-01
1.1734988954e+01   3.7791222223e-01
1.1735988954e+01   3.7770284345e-01
1.1736088954e+01   3.7768039049e-01
1.1737088954e+01   3.7744089216e-01
1.1737188954e+01   3.7741545596e-01
1.1738188954e+01   3.7714641580e-01
1.1738288954e+01   3.7711805467e-01
1.1739288954e+01   3.7682006093e-01
1.1739388954e+01   3.7678883419e-01
1.1740388954e+01   3.7646248471e-01
1.1740488954e+01   3.7642845259e-01
1.1741488954e+01   3.7607435386e-01
1.1741588954e+01   3.7603757740e-01
1.1742588954e+01   3.7565634362e-01
1.1742688954e+01   3.7561688461e-01
1.1743688954e+01   3.7520913676e-01
1.1743788954e+01   3.7516705760e-01
1.1744788954e+01   3.7473342256e-01
1.1744888954e+01   3.7468878621e-01
1.1745888954e+01   3.7422989584e-01
1.1745988954e+01   3.7418276569e-01
1.1746988954e+01   3.7369925599e-01
1.1747088954e+01   3.7364969582e-01
1.1748088954e+01   3.7314220600e-01
1.1748188954e+01   3.7309027987e-01
1.1749188954e+01   3.7255945158e-01
1.1749288954e+01   3.7250522375e-01
1.1750288954e+01   3.7195170025e-01
1.1750388954e+01   3.7189523509e-01
1.1751388954e+01   3.7131966041e-01
1.1751488954e+01   3.7126102235e-01
1.1752488954e+01   3.7066404057e-01
1.1752588954e+01   3.7060329397e-01
1.1753588954e+01   3.6998554843e-01
1.1753688954e+01   3.6992275759e-01
1.1754688954e+01   3.6928489018e-01
1.1754788954e+01   3.6922011917e-01
1.1755788954e+01   3.6856276963e-01
1.1755888954e+01   3.6849608231e-01
1.1756888954e+01   3.6781988754e-01
1.1756988954e+01   3.6775134742e-01
1.1757988954e+01   3.6705694086e-01
1.1758088954e+01   3.6698661110e-01
1.1759088954e+01   3.6627462207e-01
1.1759188954e+01   3.6620256538e-01
1.1760188954e+01   3.6547361852e-01
1.1760288954e+01   3.6539989711e-01
1.1761288954e+01   3.6465461180e-01
1.1761388954e+01   3.6457928731e-01
1.1762388954e+01   3.6381827713e-01
1.1762488954e+01   3.6374141062e-01
1.1763488954e+01   3.6296528283e-01
1.1763588954e+01   3.6288693470e-01
1.1764588954e+01   3.6209628977e-01
1.1764688954e+01   3.6201651971e-01
1.1765688954e+01   3.6121195086e-01
1.1775688954e+01   3.5257469226e-01
1.1775788954e+01   3.5248372646e-01
1.1776788954e+01   3.5156993429e-01
1.1786788954e+01   3.4209694543e-01
1.1786888954e+01   3.4199981525e-01
1.1787888954e+01   3.4102658482e-01
1.1797888954e+01   3.3116107028e-01
1.1797988954e+01   3.3106169726e-01
1.1798988954e+01   3.3006768664e-01
1.1808988954e+01   3.2014159026e-01
1.1809088954e+01   3.2004280687e-01
1.1810088954e+01   3.1905583137e-01
1.1820088954e+01   3.0929905936e-01
1.1820188954e+01   3.0920274859e-01
1.1821188954e+01   3.0824121608e-01
1.1831188954e+01   2.9879894578e-01
1.1831288954e+01   2.9870623266e-01
1.1832288954e+01   2.9778107074e-01
1.1842288954e+01   2.8873350103e-01
1.1842388954e+01   2.8864494909e-01
1.1843388954e+01   2.8776156316e-01
1.1853388954e+01   2.7914250899e-01
1.1853488954e+01   2.7905829440e-01
1.1854488954e+01   2.7821829427e-01
1.1864488954e+01   2.7003080900e-01
1.1880129228e+01   2.5797133928e-01
1.1880229228e+01   2.5789702407e-01
1.1881229228e+01   2.5715575048e-01
1.1891229228e+01   2.4992589746e-01
1.1906869501e+01   2.3924155651e-01
1.1906969501e+01   2.3917552976e-01
1.1907969501e+01   2.3851679023e-01
1.1917969501e+01   2.3207786037e-01
1.1933609775e+01   2.2251350091e-01
1.1949250049e+01   2.1350994059e-01
1.1949350049e+01   2.1345406103e-01
1.1950350049e+01   2.1289640668e-01
1.1960350049e+01   2.0743180916e-01
1.1975990323e+01   1.9927656092e-01
1.1991630596e+01   1.9157451122e-01
1.2007270870e+01   1.8430724517e-01
1.2022911144e+01   1.7746548013e-01
1.2023011144e+01   1.7742309832e-01
1.2024011144e+01   1.7700023367e-01
1.2034011144e+01   1.7286719283e-01
1.2049651417e+01   1.6675553164e-01
1.2065291691e+01   1.6108680125e-01
1.2080931965e+01   1.5588456566e-01
1.2081031965e+01   1.5585287321e-01
1.2082031965e+01   1.5553707599e-01
1.2092031965e+01   1.5249417178e-01
1.2107672239e+01   1.4817790517e-01
1.2123312512e+01   1.4445623054e-01
1.2123412512e+01   1.4443450731e-01
1.2124412512e+01   1.4421879115e-01
1.2134412512e+01   1.4221827641e-01
1.2150052786e+01   1.3970959872e-01
1.2150152786e+01   1.3969619982e-01
1.2151152786e+01   1.3956416020e-01
1.2161152786e+01   1.3844630470e-01
1.2176793060e+01   1.3750950824e-01
1.2176893060e+01   1.3750700815e-01
1.2177893060e+01   1.3748459679e-01
1.2187893060e+01   1.3753031270e-01
1.2187993060e+01   1.3753335071e-01
1.2188993060e+01   1.3756665836e-01
1.2198993060e+01   1.3820486334e-01
1.2199093060e+01   1.3821416422e-01
1.2200093060e+01   1.3831048367e-01
1.2210093060e+01   1.3961862391e-01
1.2210193060e+01   1.3963500332e-01
1.2211193060e+01   1.3980253557e-01
1.2221193060e+01   1.4186693251e-01
1.2221293060e+01   1.4189129184e-01
1.2222293060e+01   1.4213909045e-01
1.2232293060e+01   1.4505396104e-01
1.2232393060e+01   1.4508727321e-01
1.2233393060e+01   1.4542509691e-01
1.2243393060e+01   1.4929047539e-01
1.2243493060e+01   1.4933375790e-01
1.2244493060e+01   1.4977179369e-01
1.2254493060e+01   1.5468994642e-01
1.2254593060e+01   1.5474421728e-01
1.2255593060e+01   1.5529263036e-01
1.2265593060e+01   1.6136251141e-01
1.2265693060e+01   1.6142872349e-01
1.2266693060e+01   1.6209698831e-01
1.2276693060e+01   1.6940629980e-01
1.2276793060e+01   1.6948524940e-01
1.2277793060e+01   1.7028122237e-01
1.2287793060e+01   1.7889576762e-01
1.2287893060e+01   1.7898797535e-01
1.2288893060e+01   1.7991668951e-01
1.2298893060e+01   1.8986699802e-01
1.2298993060e+01   1.8997256356e-01
1.2299993060e+01   1.9103476524e-01
1.2309993060e+01   2.0230048293e-01
1.2310093060e+01   2.0241892186e-01
1.2311093060e+01   2.0360943319e-01
1.2321093060e+01   2.1610273348e-01
1.2321193060e+01   2.1623281271e-01
1.2322193060e+01   2.1753889182e-01
1.2332193060e+01   2.3108912283e-01
1.2347833333e+01   2.5363814517e-01
1.2347933333e+01   2.5378569725e-01
1.2348933333e+01   2.5526255690e-01
1.2358933333e+01   2.7008895207e-01
1.2374573607e+01   2.9276868575e-01
1.2374673607e+01   2.9290881808e-01
1.2375673607e+01   2.9430539081e-01
1.2385673607e+01   3.0770785831e-01
1.2385773607e+01   3.0783591417e-01
1.2386773607e+01   3.0910912448e-01
1.2396773607e+01   3.2102688479e-01
1.2396873607e+01   3.2113788817e-01
1.2397873607e+01   3.2223830398e-01
1.2407873607e+01   3.3221816664e-01
1.2407973607e+01   3.3230803659e-01
1.2408973607e+01   3.3319541436e-01
1.2418973607e+01   3.4089792466e-01
1.2419073607e+01   3.4096389666e-01
1.2420073607e+01   3.4161132525e-01
1.2430073607e+01   3.4684387408e-01
1.2430173607e+01   3.4688474430e-01
1.2431173607e+01   3.4728098324e-01
1.2441173607e+01   3.5001026584e-01
1.2441273607e+01   3.5002641268e-01
1.2442273607e+01   3.5017599504e-01
1.2452273607e+01   3.5051816165e-01
1.2452373607e+01   3.5051135292e-01
1.2453373607e+01   3.5043256258e-01
1.2463373607e+01   3.4862466795e-01
1.2463473607e+01   3.4859771047e-01
1.2464473607e+01   3.4831902101e-01
1.2474473607e+01   3.4467916477e-01
1.2474573607e+01   3.4463548022e-01
1.2475573607e+01   3.4419130017e-01
1.2485573607e+01   3.3907608420e-01
1.2485673607e+01   3.3901929524e-01
1.2486673607e+01   3.3844585306e-01
1.2496673607e+01   3.3221253755e-01
1.2496773607e+01   3.3214612685e-01
1.2497773607e+01   3.3147810858e-01
1.2507773607e+01   3.2445608432e-01
1.2507873607e+01   3.2438315844e-01
1.2508873607e+01   3.2365140101e-01
1.2518873607e+01   3.1612453242e-01
1.2518973607e+01   3.1604769345e-01
1.2519973607e+01   3.1527795161e-01
1.2529973607e+01   3.0747691460e-01
1.2530073607e+01   3.0739822286e-01
1.2531073607e+01   3.0661083457e-01
1.2541073607e+01   2.9871317723e-01
1.2541173607e+01   2.9863417900e-01
1.2542173607e+01   2.9784436749e-01
1.2552173607e+01   2.8997960248e-01
1.2552273607e+01   2.8990139614e-01
1.2553273607e+01   2.8911994464e-01
1.2563273607e+01   2.8137723719e-01
1.2578913881e+01   2.6959905188e-01
1.2579013881e+01   2.6952523621e-01
1.2580013881e+01   2.6878817872e-01
1.2590013881e+01   2.6152980722e-01
1.2605654154e+01   2.5059687901e-01
1.2605754154e+01   2.5052863205e-01
1.2606754154e+01   2.4984731296e-01
1.2616754154e+01   2.4314826215e-01
1.2632394428e+01   2.3307617603e-01
1.2648034702e+01   2.2347376980e-01
1.2648134702e+01   2.2341381952e-01
1.2649134702e+01   2.2281530185e-01
1.2659134702e+01   2.1692703232e-01
1.2674774976e+01   2.0805741373e-01
1.2690415249e+01   1.9957882940e-01
1.2706055523e+01   1.9146785850e-01
1.2721695797e+01   1.8370457150e-01
1.2737336070e+01   1.7627210199e-01
1.2737436070e+01   1.7622561302e-01
1.2738436070e+01   1.7576143380e-01
1.2748436070e+01   1.7119002185e-01
1.2764076344e+01   1.6429129129e-01
1.2779716618e+01   1.5768961891e-01
1.2795356891e+01   1.5137614411e-01
1.2810997165e+01   1.4534382912e-01
1.2826637439e+01   1.3958759287e-01
1.2842277713e+01   1.3410459664e-01
1.2857917986e+01   1.2889469894e-01
1.2858017986e+01   1.2886227166e-01
1.2859017986e+01   1.2853861960e-01
1.2869017986e+01   1.2536449102e-01
1.2884658260e+01   1.2063124038e-01
1.2900298534e+01   1.1619031609e-01
1.2915938807e+01   1.1205954244e-01
1.2931579081e+01   1.0826536902e-01
1.2931679081e+01   1.0824226713e-01
1.2932679081e+01   1.0801208972e-01
1.2942679081e+01   1.0579697314e-01
1.2958319355e+01   1.0267368232e-01
1.2973959629e+01   1.0002607900e-01
1.2974059629e+01   1.0001085877e-01
1.2975059629e+01   9.9859926861e-02
1.2985059629e+01   9.8483436540e-02
1.3000699902e+01   9.6872219841e-02
1.3000799902e+01   9.6864290055e-02
1.3001799902e+01   9.6786775568e-02
1.3011799902e+01   9.6199342226e-02
1.3011899902e+01   9.6195281810e-02
1.3012899902e+01   9.6156756906e-02
1.3022899902e+01   9.5990776000e-02
1.3022999902e+01   9.5991238651e-02
1.3023999902e+01   9.5998301770e-02
1.3033999902e+01   9.6326221256e-02
1.3034099902e+01   9.6331993723e-02
1.3035099902e+01   9.6392583372e-02
1.3045099902e+01   9.7301209046e-02
1.3045199902e+01   9.7313230414e-02
1.3046199902e+01   9.7436817918e-02
1.3056199902e+01   9.9029198552e-02
1.3056299902e+01   9.9048578381e-02
1.3057299902e+01   9.9246348002e-02
1.3067299902e+01   1.0164340550e-01
1.3067399902e+01   1.0167143802e-01
1.3068399902e+01   1.0195642602e-01
1.3078399902e+01   1.0529797318e-01
1.3078499902e+01   1.0533614324e-01
1.3079499902e+01   1.0572329185e-01
1.3089499902e+01   1.1016790058e-01
1.3089599902e+01   1.1021787502e-01
1.3090599902e+01   1.1072393683e-01
1.3100599902e+01   1.1644689309e-01
1.3100699902e+01   1.1651048878e-01
1.3101699902e+01   1.1715369245e-01
1.3111699902e+01   1.2434201678e-01
1.3111799902e+01   1.2442113381e-01
1.3112799902e+01   1.2522049596e-01
1.3122799902e+01   1.3406376483e-01
1.3122899902e+01   1.3416027153e-01
1.3123899902e+01   1.3513441865e-01
1.3133899902e+01   1.4580998707e-01
1.3133999902e+01   1.4592554270e-01
1.3134999902e+01   1.4709090408e-01
1.3144999902e+01   1.5974226335e-01
1.3145099902e+01   1.5987806778e-01
1.3146099902e+01   1.6124633475e-01
1.3156099902e+01   1.7595397468e-01
1.3156199902e+01   1.7611044373e-01
1.3157199902e+01   1.7768528884e-01
1.3167199902e+01   1.9443083958e-01
1.3167299902e+01   1.9460722301e-01
1.3168299902e+01   1.9638046036e-01
1.3178299902e+01   2.1500726059e-01
1.3178399902e+01   2.1520124778e-01
1.3179399902e+01   2.1714890218e-01
1.3189399902e+01   2.3732538318e-01
1.3189499902e+01   2.3753277670e-01
1.3190499902e+01   2.3961188008e-01
1.3200499902e+01   2.6080759958e-01
1.3200599902e+01   2.6102216827e-01
1.3201599902e+01   2.6316941261e-01
1.3211599902e+01   2.8465576581e-01
1.3211699902e+01   2.8486939958e-01
1.3212699902e+01   2.8700286262e-01
1.3222699902e+01   3.0788939492e-01
1.3222799902e+01   3.0809265110e-01
1.3223799902e+01   3.1011746444e-01
1.3233799902e+01   3.2942854528e-01
1.3233899902e+01   3.2961158995e-01
1.3234899902e+01   3.3142952611e-01
1.3234999902e+01   3.3161005252e-01
1.3235999902e+01   3.3340236426e-01
1.3236099902e+01   3.3358028433e-01
1.3237099902e+01   3.3534609898e-01
1.3237199902e+01   3.3552132627e-01
1.3238199902e+01   3.3725978786e-01
1.3238299902e+01   3.3743223765e-01
1.3239299902e+01   3.3914250819e-01
1.3239399902e+01   3.3931209762e-01
1.3240399902e+01   3.4099335823e-01
1.3240499902e+01   3.4116000640e-01
1.3241499902e+01   3.4281145846e-01
1.3241599902e+01   3.4297508657e-01
1.3242599902e+01   3.4459595288e-01
1.3242699902e+01   3.4475648431e-01
1.3243699902e+01   3.4634601015e-01
1.3243799902e+01   3.4650337059e-01
1.3244799902e+01   3.4806082478e-01
1.3244899902e+01   3.4821494233e-01
1.3245899902e+01   3.4973961827e-01
1.3245999902e+01   3.4989042353e-01
1.3246999902e+01   3.5138164019e-01
1.3247099902e+01   3.5152906636e-01
1.3248099902e+01   3.5298616918e-01
1.3248199902e+01   3.5313015217e-01
1.3249199902e+01   3.5455251398e-01
1.3249299902e+01   3.5469299247e-01
1.3250299902e+01   3.5608001435e-01
1.3250399902e+01   3.5621692988e-01
1.3251399902e+01   3.5756804192e-01
1.3251499902e+01   3.5770133898e-01
1.3252499902e+01   3.5901600107e-01
1.3252599902e+01   3.5914562716e-01
1.3253599902e+01   3.6042332963e-01
1.3253699902e+01   3.6054923533e-01
1.3254699902e+01   3.6178949962e-01
1.3254799902e+01   3.6191163865e-01
1.3255799902e+01   3.6311401789e-01
1.3255899902e+01   3.6323234716e-01
1.3256899902e+01   3.6439642666e-01
1.3256999902e+01   3.6451090633e-01
1.3257999902e+01   3.6563630405e-01
1.3258099902e+01   3.6574689757e-01
1.3259099902e+01   3.6683326453e-01
1.3259199902e+01   3.6693993866e-01
1.3260199902e+01   3.6798695926e-01
1.3260299902e+01   3.6808968412e-01
1.3261299902e+01   3.6909707641e-01
1.3261399902e+01   3.6919582550e-01
1.3262399902e+01   3.7016334139e-01
1.3262499902e+01   3.7025809159e-01
1.3263499902e+01   3.7118551700e-01
1.3263599902e+01   3.7127624861e-01
1.3264599902e+01   3.7216340355e-01
1.3264699902e+01   3.7225010027e-01
1.3265699902e+01   3.7309683883e-01
1.3265799902e+01   3.7317948778e-01
1.3266799902e+01   3.7398569811e-01
1.3266899902e+01   3.7406428980e-01
1.3267899902e+01   3.7482989400e-01
1.3267999902e+01   3.7490442234e-01
1.3268999902e+01   3.7562937627e-01
1.3269099902e+01   3.7569983852e-01
1.3270099902e+01   3.7638413158e-01
1.3270199902e+01   3.7645052835e-01
1.3271199902e+01   3.7709418319e-01
1.3271299902e+01   3.7715651839e-01
1.3272299902e+01   3.7775959054e-01
1.3272399902e+01   3.7781787136e-01
1.3273399902e+01   3.7838044883e-01
1.3273499902e+01   3.7843468568e-01
1.3274499902e+01   3.7895688851e-01
1.3274599902e+01   3.7900709497e-01
1.3275599902e+01   3.7948907469e-01
1.3275699902e+01   3.7953526748e-01
1.3276699902e+01   3.7997720654e-01
1.3276799902e+01   3.8001940543e-01
1.3277799902e+01   3.8042151661e-01
1.3277899902e+01   3.8045974436e-01
1.3278899902e+01   3.8082227006e-01
1.3278999902e+01   3.8085655238e-01
1.3279999902e+01   3.8117976393e-01
1.3280099902e+01   3.8121012937e-01
1.3281099902e+01   3.8149432630e-01
1.3281199902e+01   3.8152080619e-01
1.3282199902e+01   3.8176631537e-01
1.3282299902e+01   3.8178894374e-01
1.3283299902e+01   3.8199611861e-01
1.3283399902e+01   3.8201493211e-01
1.3284399902e+01   3.8218415178e-01
1.3284499902e+01   3.8219918957e-01
1.3285499902e+01   3.8233085794e-01
1.3285599902e+01   3.8234216160e-01
1.3286599902e+01   3.8243670641e-01
1.3286699902e+01   3.8244431990e-01
1.3287699902e+01   3.8250219178e-01
1.3287799902e+01   3.8250616126e-01
1.3288799902e+01   3.8252783277e-01
1.3288899902e+01   3.8252820656e-01
1.3289899902e+01   3.8251417117e-01
1.3289999902e+01   3.8251099964e-01
1.3290999902e+01   3.8246177073e-01
1.3291099902e+01   3.8245510616e-01
1.3292099902e+01   3.8237121597e-01
1.3292199902e+01   3.8236111250e-01
1.3293199902e+01   3.8224311111e-01
1.3293299902e+01   3.8222962461e-01
1.3294299902e+01   3.8207807885e-01
1.3294399902e+01   3.8206126679e-01
1.3295399902e+01   3.8187675923e-01
1.3295499902e+01   3.8185668063e-01
1.3296499902e+01   3.8163980847e-01
1.3296599902e+01   3.8161652374e-01
1.3297599902e+01   3.8136789777e-01
1.3297699902e+01   3.8134146864e-01
1.3298699902e+01   3.8106171218e-01
1.3298799902e+01   3.8103220157e-01
1.3299799902e+01   3.8072194939e-01
1.3299899902e+01   3.8068942131e-01
1.3300899902e+01   3.8034931860e-01
1.3300999902e+01   3.8031383805e-01
1.3301999902e+01   3.7994453937e-01
1.3302099902e+01   3.7990617225e-01
1.3303099902e+01   3.7950834047e-01
1.3303199902e+01   3.7946715344e-01
1.3304199902e+01   3.7904145877e-01
1.3304299902e+01   3.7899751917e-01
1.3305299902e+01   3.7854463810e-01
1.3305399902e+01   3.7849801388e-01
1.3306399902e+01   3.7801862823e-01
1.3306499902e+01   3.7796938779e-01
1.3307499902e+01   3.7746418371e-01
1.3307599902e+01   3.7741239586e-01
1.3308599902e+01   3.7688206290e-01
1.3308699902e+01   3.7682779674e-01
1.3309699902e+01   3.7627302693e-01
1.3309799902e+01   3.7621635174e-01
1.3310799902e+01   3.7563783866e-01
1.3310899902e+01   3.7557882385e-01
1.3311899902e+01   3.7497726176e-01
1.3311999902e+01   3.7491597677e-01
1.3312999902e+01   3.7429205976e-01
1.3313099902e+01   3.7422857395e-01
1.3314099902e+01   3.7358299511e-01
1.3314199902e+01   3.7351737772e-01
1.3315199902e+01   3.7285082834e-01
1.3315299902e+01   3.7278314837e-01
1.3316299902e+01   3.7209631715e-01
1.3316399902e+01   3.7202664334e-01
1.3317399902e+01   3.7132021568e-01
1.3317499902e+01   3.7124861636e-01
1.3318499902e+01   3.7052327364e-01
1.3318599902e+01   3.7044981672e-01
1.3319599902e+01   3.6970623560e-01
1.3319699902e+01   3.6963098849e-01
1.3320699902e+01   3.6886984026e-01
1.3320799902e+01   3.6879286982e-01
1.3321799902e+01   3.6801481980e-01
1.3321899902e+01   3.6793619222e-01
1.3322899902e+01   3.6714189916e-01
1.3322999902e+01   3.6706167998e-01
1.3323999902e+01   3.6625179552e-01
1.3324099902e+01   3.6617004952e-01
1.3325099902e+01   3.6534521762e-01
1.3325199902e+01   3.6526200880e-01
1.3326199902e+01   3.6442286529e-01
1.3326299902e+01   3.6433825682e-01
1.3327299902e+01   3.6348542892e-01
1.3327399902e+01   3.6339948306e-01
1.3328399902e+01   3.6253358896e-01
1.3328499902e+01   3.6244636707e-01
1.3329499902e+01   3.6156801550e-01
1.3339499902e+01   3.5226797742e-01
1.3339599902e+01   3.5217107925e-01
1.3340599902e+01   3.5119871964e-01
1.3350599902e+01   3.4121440002e-01
1.3350699902e+01   3.4111282259e-01
1.3351699902e+01   3.4009582201e-01
1.3361699902e+01   3.2985990086e-01
1.3361799902e+01   3.2975741224e-01
1.3362799902e+01   3.2873285225e-01
1.3372799902e+01   3.1855826381e-01
1.3372899902e+01   3.1845748473e-01
1.3373899902e+01   3.1745104772e-01
1.3383899902e+01   3.0754550040e-01
1.3383999902e+01   3.0744808944e-01
1.3384999902e+01   3.0647594184e-01
1.3394999902e+01   2.9696286466e-01
1.3395099902e+01   2.9686973863e-01
1.3396099902e+01   2.9594073860e-01
1.3406099902e+01   2.8688110953e-01
1.3406199902e+01   2.8679265458e-01
1.3407199902e+01   2.8591045096e-01
1.3417199902e+01   2.7732227376e-01
1.3417299902e+01   2.7723852418e-01
1.3418299902e+01   2.7640332550e-01
1.3428299902e+01   2.6827735182e-01
1.3443940176e+01   2.5635147755e-01
1.3444040176e+01   2.5627812698e-01
1.3445040176e+01   2.5554656393e-01
1.3455040176e+01   2.4841955858e-01
1.3470680450e+01   2.3791249150e-01
1.3470780450e+01   2.3784764999e-01
1.3471780450e+01   2.3720079510e-01
1.3481780450e+01   2.3088376156e-01
1.3497420723e+01   2.2152032431e-01
1.3513060997e+01   2.1273016257e-01
1.3528701271e+01   2.0446403572e-01
1.3528801271e+01   2.0441278929e-01
1.3529801271e+01   2.0390142247e-01
1.3539801271e+01   1.9889618296e-01
1.3555441544e+01   1.9145399882e-01
1.3571081818e+01   1.8447223467e-01
1.3586722092e+01   1.7794821109e-01
1.3602362366e+01   1.7188924593e-01
1.3602462366e+01   1.7185203477e-01
1.3603462366e+01   1.7148100758e-01
1.3613462366e+01   1.6788051200e-01
1.3629102639e+01   1.6266349160e-01
1.3644742913e+01   1.5798608742e-01
1.3644842913e+01   1.5795802119e-01
1.3645842913e+01   1.5767868984e-01
1.3655842913e+01   1.5502184840e-01
1.3671483187e+01   1.5139728714e-01
1.3671583187e+01   1.5137633732e-01
1.3672583187e+01   1.5116846524e-01
1.3682583187e+01   1.4925762490e-01
1.3698223460e+01   1.4693207574e-01
1.3698323460e+01   1.4692002278e-01
1.3699323460e+01   1.4680156763e-01
1.3709323460e+01   1.4583221178e-01
1.3724963734e+01   1.4517465155e-01
1.3725063734e+01   1.4517412231e-01
1.3726063734e+01   1.4517154838e-01
1.3736063734e+01   1.4542838522e-01
1.3736163734e+01   1.4543364968e-01
1.3737163734e+01   1.4548934461e-01
1.3747163734e+01   1.4636334242e-01
1.3747263734e+01   1.4637510660e-01
1.3748263734e+01   1.4649616859e-01
1.3758263734e+01   1.4806200066e-01
1.3758363734e+01   1.4808104410e-01
1.3759363734e+01   1.4827530260e-01
1.3769363734e+01   1.5061446281e-01
1.3769463734e+01   1.5064162743e-01
1.3770463734e+01   1.5091752811e-01
1.3780463734e+01   1.5411670982e-01
1.3780563734e+01   1.5415287896e-01
1.3781563734e+01   1.5451926782e-01
1.3791563734e+01   1.5866757115e-01
1.3791663734e+01   1.5871363524e-01
1.3792663734e+01   1.5917940824e-01
1.3802663734e+01   1.6436402467e-01
1.3802763734e+01   1.6442083012e-01
1.3803763734e+01   1.6499441249e-01
1.3813763734e+01   1.7129443972e-01
1.3813863734e+01   1.7136271763e-01
1.3814863734e+01   1.7205134056e-01
1.3824863734e+01   1.7952945747e-01
1.3824963734e+01   1.7960973022e-01
1.3825963734e+01   1.8041848548e-01
1.3835963734e+01   1.8911040947e-01
1.3836063734e+01   1.8920287568e-01
1.3837063734e+01   1.9013355523e-01
1.3847063734e+01   2.0003555346e-01
1.3847163734e+01   2.0013995612e-01
1.3848163734e+01   2.0118972771e-01
1.3858163734e+01   2.1224498557e-01
1.3858263734e+01   2.1236047442e-01
1.3859263734e+01   2.1352050660e-01
1.3869263734e+01   2.2560585264e-01
1.3884904008e+01   2.4594794011e-01
1.3885004008e+01   2.4608213809e-01
1.3886004008e+01   2.4742619552e-01
1.3896004008e+01   2.6101299618e-01
1.3911644282e+01   2.8220199937e-01
1.3911744282e+01   2.8233481054e-01
1.3912744282e+01   2.8365990069e-01
1.3922744282e+01   2.9653045956e-01
1.3922844282e+01   2.9665495711e-01
1.3923844282e+01   2.9789457696e-01
1.3933844282e+01   3.0968049374e-01
1.3933944282e+01   3.0979208232e-01
1.3934944282e+01   3.1090043878e-01
1.3944944282e+01   3.2116702041e-01
1.3945044282e+01   3.2126163143e-01
1.3946044282e+01   3.2219841085e-01
1.3956044282e+01   3.3058603979e-01
1.3956144282e+01   3.3066053074e-01
1.3957144282e+01   3.3139485553e-01
1.3967144282e+01   3.3765376303e-01
1.3967244282e+01   3.3770621075e-01
1.3968244282e+01   3.3821950301e-01
1.3978244282e+01   3.4223065770e-01
1.3978344282e+01   3.4226049026e-01
1.3979344282e+01   3.4254770212e-01
1.3989344282e+01   3.4432612894e-01
1.3989444282e+01   3.4433407680e-01
1.3990444282e+01   3.4440311433e-01
1.4000444282e+01   3.4408396405e-01
1.4000544282e+01   3.4407185192e-01
1.4001544282e+01   3.4394142784e-01
1.4011544282e+01   3.4175283618e-01
1.4011644282e+01   3.4172326942e-01
1.4012644282e+01   3.4141973182e-01
1.4022644282e+01   3.3764876262e-01
1.4022744282e+01   3.3760477543e-01
1.4023744282e+01   3.3715858804e-01
1.4033744282e+01   3.3211685302e-01
1.4033844282e+01   3.3206158021e-01
1.4034844282e+01   3.3150406549e-01
1.4044844282e+01   3.2549824893e-01
1.4044944282e+01   3.2543466421e-01
1.4045944282e+01   3.2479542584e-01
1.4055944282e+01   3.1810570806e-01
1.4056044282e+01   3.1803644793e-01
1.4057044282e+01   3.1734165308e-01
1.4067044282e+01   3.1020877502e-01
1.4067144282e+01   3.1013604683e-01
1.4068144282e+01   3.0940754559e-01
1.4078144282e+01   3.0202757042e-01
1.4078244282e+01   3.0195312986e-01
1.4079244282e+01   3.0120825914e-01
1.4089244282e+01   2.9373317537e-01
1.4089344282e+01   2.9365835282e-01
1.4090344282e+01   2.9291021857e-01
1.4100344282e+01   2.8545230589e-01
1.4115984555e+01   2.7397329648e-01
1.4116084555e+01   2.7390092454e-01
1.4117084555e+01   2.7317801959e-01
1.4127084555e+01   2.6603524425e-01
1.4142724829e+01   2.5520816543e-01
1.4142824829e+01   2.5514036568e-01
1.4143824829e+01   2.5446338362e-01
1.4153824829e+01   2.4779561884e-01
1.4169465103e+01   2.3773910845e-01
1.4185105376e+01   2.2812724129e-01
1.4185205376e+01   2.2806717933e-01
1.4186205376e+01   2.2746751794e-01
1.4196205376e+01   2.2156561962e-01
1.4211845650e+01   2.1267047125e-01
1.4227485924e+01   2.0416702368e-01
1.4243126197e+01   1.9603716726e-01
1.4258766471e+01   1.8826564324e-01
1.4274406745e+01   1.8084022246e-01
1.4274506745e+01   1.8079383826e-01
1.4275506745e+01   1.8033075280e-01
1.4285506745e+01   1.7577516474e-01
1.4301147019e+01   1.6892178233e-01
1.4316787292e+01   1.6239658651e-01
1.4332427566e+01   1.5619895300e-01
1.4348067840e+01   1.5033211904e-01
1.4363708113e+01   1.4480395563e-01
1.4363808113e+01   1.4476972532e-01
1.4364808113e+01   1.4442821388e-01
1.4374808113e+01   1.4109323810e-01
1.4390448387e+01   1.3617949825e-01
1.4406088661e+01   1.3165908911e-01
1.4421728934e+01   1.2757010344e-01
1.4421828934e+01   1.2754545105e-01
1.4422828934e+01   1.2730001447e-01
1.4432828934e+01   1.2495777427e-01
1.4448469208e+01   1.2173685951e-01
1.4448569208e+01   1.2171814639e-01
1.4449569208e+01   1.2153240317e-01
1.4459569208e+01   1.1981925310e-01
1.4475209482e+01   1.1771985803e-01
1.4475309482e+01   1.1770894098e-01
1.4476309482e+01   1.1760163802e-01
1.4486309482e+01   1.1672394882e-01
1.4501949756e+01   1.1614702804e-01
1.4502049756e+01   1.1614681469e-01
1.4503049756e+01   1.1614728645e-01
1.4513049756e+01   1.1642541296e-01
1.4513149756e+01   1.1643082771e-01
1.4514149756e+01   1.1648798314e-01
1.4524149756e+01   1.1737533345e-01
1.4524249756e+01   1.1738724940e-01
1.4525249756e+01   1.1750988418e-01
1.4535249756e+01   1.1910099499e-01
1.4535349756e+01   1.1912041882e-01
1.4536349756e+01   1.1931866711e-01
1.4546349756e+01   1.2172163071e-01
1.4546449756e+01   1.2174970501e-01
1.4547449756e+01   1.2203505911e-01
1.4557449756e+01   1.2537125185e-01
1.4557549756e+01   1.2540924741e-01
1.4558549756e+01   1.2579447405e-01
1.4568549756e+01   1.3019699030e-01
1.4568649756e+01   1.3024628276e-01
1.4569649756e+01   1.3074518066e-01
1.4579649756e+01   1.3635534369e-01
1.4579749756e+01   1.3641736779e-01
1.4580749756e+01   1.3704429611e-01
1.4590749756e+01   1.4400548162e-01
1.4590849756e+01   1.4408165464e-01
1.4591849756e+01   1.4485075083e-01
1.4601849756e+01   1.5329868337e-01
1.4601949756e+01   1.5339028967e-01
1.4602949756e+01   1.5431429280e-01
1.4612949756e+01   1.6436304231e-01
1.4613049756e+01   1.6447107195e-01
1.4614049756e+01   1.6555968568e-01
1.4624049756e+01   1.7728291546e-01
1.4624149756e+01   1.7740785517e-01
1.4625149756e+01   1.7866563422e-01
1.4635149756e+01   1.9207337054e-01
1.4635249756e+01   1.9221495426e-01
1.4636249756e+01   1.9363879485e-01
1.4646249756e+01   2.0865121207e-01
1.4646349756e+01   2.0880815338e-01
1.4647349756e+01   2.1038461686e-01
1.4657349756e+01   2.2680605811e-01
1.4657449756e+01   2.2697580543e-01
1.4658449756e+01   2.2867869696e-01
1.4668449756e+01   2.4617713375e-01
1.4668549756e+01   2.4635570924e-01
1.4669549756e+01   2.4814452642e-01
1.4679549756e+01   2.6624330070e-01
1.4679649756e+01   2.6642529554e-01
1.4680649756e+01   2.6824527814e-01
1.4690649756e+01   2.8633431220e-01
1.4690749756e+01   2.8651310547e-01
1.4691749756e+01   2.8829754796e-01
1.4701749756e+01   3.0566921057e-01
1.4701849756e+01   3.0583744590e-01
1.4702849756e+01   3.0751259071e-01
1.4712849756e+01   3.2342252693e-01
1.4712949756e+01   3.2357282002e-01
1.4713949756e+01   3.2506502609e-01
1.4723949756e+01   3.3881115865e-01
1.4724049756e+01   3.3893693309e-01
1.4725049756e+01   3.4018105809e-01
1.4725149756e+01   3.4030409987e-01
1.4726149756e+01   3.4152065983e-01
1.4726249756e+01   3.4164092162e-01
1.4727249756e+01   3.4282945319e-01
1.4727349756e+01   3.4294688966e-01
1.4728349756e+01   3.4410694981e-01
1.4728449756e+01   3.4422151770e-01
1.4729449756e+01   3.4535268422e-01
1.4729549756e+01   3.4546434235e-01
1.4730549756e+01   3.4656621435e-01
1.4730649756e+01   3.4667492373e-01
1.4731649756e+01   3.4774712205e-01
1.4731749756e+01   3.4785284585e-01
1.4732749756e+01   3.4889501348e-01
1.4732849756e+01   3.4899771712e-01
1.4733849756e+01   3.5000951956e-01
1.4733949756e+01   3.5010917074e-01
1.4734949756e+01   3.5109029634e-01
1.4735049756e+01   3.5118686503e-01
1.4736049756e+01   3.5213702526e-01
1.4736149756e+01   3.5223048378e-01
1.4737149756e+01   3.5314941349e-01
1.4737249756e+01   3.5323973652e-01
1.4738249756e+01   3.5412719417e-01
1.4738349756e+01   3.5421435872e-01
1.4739349756e+01   3.5507012654e-01
1.4739449756e+01   3.5515411203e-01
1.4740449756e+01   3.5597799615e-01
1.4740549756e+01   3.5605878440e-01
1.4741549756e+01   3.5685061496e-01
1.4741649756e+01   3.5692819017e-01
1.4742649756e+01   3.5768782134e-01
1.4742749756e+01   3.5776217015e-01
1.4743749756e+01   3.5848948019e-01
1.4743849756e+01   3.5856059161e-01
1.4744849756e+01   3.5925548281e-01
1.4744949756e+01   3.5932334829e-01
1.4745949756e+01   3.5998574692e-01
1.4746049756e+01   3.6005036027e-01
1.4747049756e+01   3.6068021647e-01
1.4747149756e+01   3.6074157389e-01
1.4748149756e+01   3.6133886155e-01
1.4748249756e+01   3.6139696161e-01
1.4749249756e+01   3.6196167814e-01
1.4749349756e+01   3.6201652176e-01
1.4750349756e+01   3.6254868793e-01
1.4750449756e+01   3.6260027834e-01
1.4751449756e+01   3.6309993799e-01
1.4751549756e+01   3.6314828072e-01
1.4752549756e+01   3.6361550049e-01
1.4752649756e+01   3.6366060333e-01
1.4753649756e+01   3.6409547234e-01
1.4753749756e+01   3.6413734532e-01
1.4754749756e+01   3.6453997478e-01
1.4754849756e+01   3.6457863012e-01
1.4755849756e+01   3.6494915300e-01
1.4755949756e+01   3.6498460506e-01
1.4756949756e+01   3.6532317564e-01
1.4757049756e+01   3.6535544089e-01
1.4758049756e+01   3.6566223431e-01
1.4758149756e+01   3.6569133130e-01
1.4759149756e+01   3.6596654308e-01
1.4759249756e+01   3.6599249237e-01
1.4760249756e+01   3.6623633794e-01
1.4760349756e+01   3.6625916204e-01
1.4761349756e+01   3.6647187619e-01
1.4761449756e+01   3.6649159954e-01
1.4762449756e+01   3.6667343587e-01
1.4762549756e+01   3.6669008474e-01
1.4763549756e+01   3.6684131510e-01
1.4763649756e+01   3.6685491757e-01
1.4764649756e+01   3.6697583146e-01
1.4764749756e+01   3.6698641735e-01
1.4765749756e+01   3.6707732132e-01
1.4765849756e+01   3.6708492211e-01
1.4766849756e+01   3.6714613913e-01
1.4766949756e+01   3.6715078791e-01
1.4767949756e+01   3.6718265672e-01
1.4768049756e+01   3.6718438814e-01
1.4769049756e+01   3.6718726260e-01
1.4769149756e+01   3.6718611278e-01
1.4770149756e+01   3.6716036122e-01
1.4770249756e+01   3.6715636768e-01
1.4771249756e+01   3.6710237220e-01
1.4771349756e+01   3.6709557383e-01
1.4772349756e+01   3.6701372962e-01
1.4772449756e+01   3.6700416656e-01
1.4773449756e+01   3.6689488121e-01
1.4773549756e+01   3.6688259482e-01
1.4774549756e+01   3.6674628764e-01
1.4774649756e+01   3.6673132041e-01
1.4775649756e+01   3.6656842169e-01
1.4775749756e+01   3.6655081719e-01
1.4776749756e+01   3.6636176754e-01
1.4776849756e+01   3.6634157031e-01
1.4777849756e+01   3.6612681994e-01
1.4777949756e+01   3.6610407545e-01
1.4778949756e+01   3.6586408346e-01
1.4779049756e+01   3.6583883805e-01
1.4780049756e+01   3.6557407173e-01
1.4780149756e+01   3.6554637251e-01
1.4781149756e+01   3.6525730668e-01
1.4781249756e+01   3.6522720149e-01
1.4782249756e+01   3.6491431774e-01
1.4782349756e+01   3.6488185506e-01
1.4783349756e+01   3.6454564115e-01
1.4783449756e+01   3.6451087002e-01
1.4784449756e+01   3.6415181914e-01
1.4784549756e+01   3.6411478915e-01
1.4785549756e+01   3.6373339928e-01
1.4785649756e+01   3.6369416044e-01
1.4786649756e+01   3.6329093370e-01
1.4786749756e+01   3.6324953639e-01
1.4787749756e+01   3.6282497838e-01
1.4787849756e+01   3.6278147333e-01
1.4788849756e+01   3.6233609249e-01
1.4788949756e+01   3.6229053066e-01
1.4789949756e+01   3.6182483769e-01
1.4790049756e+01   3.6177727024e-01
1.4791049756e+01   3.6129177743e-01
1.4791149756e+01   3.6124225565e-01
1.4792149756e+01   3.6073747636e-01
1.4792249756e+01   3.6068605162e-01
1.4793249756e+01   3.6016249965e-01
1.4793349756e+01   3.6010922334e-01
1.4794349756e+01   3.5956741239e-01
1.4804349756e+01   3.5333012064e-01
1.4804449756e+01   3.5326100138e-01
1.4805449756e+01   3.5256328870e-01
1.4815449756e+01   3.4501274367e-01
1.4815549756e+01   3.4493266982e-01
1.4816549756e+01   3.4412768282e-01
1.4826549756e+01   3.3571955039e-01
1.4826649756e+01   3.3563275905e-01
1.4827649756e+01   3.3476248731e-01
1.4837649756e+01   3.2587649926e-01
1.4837749756e+01   3.2578640651e-01
1.4838749756e+01   3.2488458834e-01
1.4848749756e+01   3.1581614521e-01
1.4848849756e+01   3.1572532582e-01
1.4849849756e+01   3.1481730687e-01
1.4859849756e+01   3.0578129888e-01
1.4859949756e+01   3.0569156479e-01
1.4860949756e+01   3.0479511808e-01
1.4870949756e+01   2.9593692470e-01
1.4871049756e+01   2.9584945423e-01
1.4872049756e+01   2.9497608671e-01
1.4882049756e+01   2.8638554183e-01
1.4882149756e+01   2.8630102311e-01
1.4883149756e+01   2.8545741007e-01
1.4893149756e+01   2.7718281009e-01
1.4908790029e+01   2.6484674918e-01
1.4908890029e+01   2.6477025758e-01
1.4909890029e+01   2.6400698768e-01
1.4919890029e+01   2.5653672762e-01
1.4935530303e+01   2.4542126616e-01
1.4935630303e+01   2.4535232355e-01
1.4936630303e+01   2.4466433340e-01
1.4946630303e+01   2.3792462513e-01
1.4962270577e+01   2.2786542922e-01
1.4977910850e+01   2.1834249311e-01
1.4978010850e+01   2.1828321621e-01
1.4979010850e+01   2.1769153360e-01
1.4989010850e+01   2.1188095685e-01
1.5004651124e+01   2.0316134936e-01
1.5020291398e+01   1.9486000883e-01
1.5035931672e+01   1.8694838985e-01
1.5051571945e+01   1.7940413758e-01
1.5067212219e+01   1.7220995995e-01
1.5067312219e+01   1.7216505832e-01
1.5068312219e+01   1.7171679848e-01
1.5078312219e+01   1.6730929246e-01
1.5093952493e+01   1.6068548277e-01
1.5109592766e+01   1.5438499665e-01
1.5125233040e+01   1.4840476994e-01
1.5140873314e+01   1.4274577575e-01
1.5156513587e+01   1.3741370362e-01
1.5156613587e+01   1.3738068462e-01
1.5157613587e+01   1.3705125484e-01
1.5167613587e+01   1.3383383903e-01
1.5183253861e+01   1.2909106586e-01
1.5198894135e+01   1.2472390089e-01
1.5214534409e+01   1.2076811299e-01
1.5214634409e+01   1.2074424263e-01
1.5215634409e+01   1.2050657584e-01
1.5225634409e+01   1.1823685129e-01
1.5241274682e+01   1.1510936812e-01
1.5241374682e+01   1.1509116991e-01
1.5242374682e+01   1.1491051642e-01
1.5252374682e+01   1.1324221787e-01
1.5268014956e+01   1.1119010653e-01
1.5268114956e+01   1.1117939949e-01
1.5269114956e+01   1.1107413134e-01
1.5279114956e+01   1.1021023016e-01
1.5294755230e+01   1.0963108392e-01
1.5294855230e+01   1.0963076506e-01
1.5295855230e+01   1.0963011970e-01
1.5305855230e+01   1.0989107453e-01
1.5305955230e+01   1.0989626460e-01
1.5306955230e+01   1.0995111825e-01
1.5316955230e+01   1.1081031351e-01
1.5317055230e+01   1.1082190448e-01
1.5318055230e+01   1.1094124681e-01
1.5328055230e+01   1.1249574516e-01
1.5328155230e+01   1.1251477491e-01
1.5329155230e+01   1.1270905919e-01
1.5339155230e+01   1.1507092511e-01
1.5339255230e+01   1.1509858380e-01
1.5340255230e+01   1.1537978724e-01
1.5350255230e+01   1.1867625618e-01
1.5350355230e+01   1.1871388321e-01
1.5351355230e+01   1.1909547049e-01
1.5361355230e+01   1.2346787682e-01
1.5361455230e+01   1.2351694259e-01
1.5362455230e+01   1.2401367422e-01
1.5372455230e+01   1.2961446581e-01
1.5372555230e+01   1.2967653080e-01
1.5373555230e+01   1.3030403998e-01
1.5383555230e+01   1.3729103215e-01
1.5383655230e+01   1.3736767403e-01
1.5384655230e+01   1.3814171956e-01
1.5394655230e+01   1.4666861103e-01
1.5394755230e+01   1.4676130981e-01
1.5395755230e+01   1.4769660427e-01
1.5405755230e+01   1.5789877973e-01
1.5405855230e+01   1.5800875189e-01
1.5406855230e+01   1.5911727562e-01
1.5416855230e+01   1.7109218275e-01
1.5416955230e+01   1.7122015947e-01
1.5417955230e+01   1.7250891565e-01
1.5427955230e+01   1.8629099653e-01
1.5428055230e+01   1.8643695073e-01
1.5429055230e+01   1.8790521403e-01
1.5439055230e+01   2.0343665114e-01
1.5439155230e+01   2.0359949366e-01
1.5440155230e+01   2.0523576578e-01
1.5450155230e+01   2.2233622852e-01
1.5450255230e+01   2.2251351570e-01
1.5451255230e+01   2.2429262248e-01
1.5461255230e+01   2.4263357022e-01
1.5461355230e+01   2.4282128936e-01
1.5462355230e+01   2.4470229568e-01
1.5472355230e+01   2.6379358366e-01
1.5472455230e+01   2.6398610110e-01
1.5473455230e+01   2.6591189511e-01
1.5483455230e+01   2.8510933736e-01
1.5483555230e+01   2.8529959290e-01
1.5484555230e+01   2.8719897005e-01
1.5494555230e+01   3.0573980305e-01
1.5494655230e+01   3.0591980211e-01
1.5495655230e+01   3.0771253731e-01
1.5505655230e+01   3.2478050093e-01
1.5505755230e+01   3.2494208773e-01
1.5506755230e+01   3.2654678517e-01
1.5516755230e+01   3.4136027071e-01
1.5516855230e+01   3.4149607471e-01
1.5517855230e+01   3.4283967417e-01
1.5517955230e+01   3.4297258005e-01
1.5518955230e+01   3.4428692642e-01
1.5519055230e+01   3.4441688020e-01
1.5520055230e+01   3.4570144463e-01
1.5520155230e+01   3.4582839453e-01
1.5521155230e+01   3.4708267047e-01
1.5521255230e+01   3.4720656697e-01
1.5522255230e+01   3.4843007075e-01
1.5522355230e+01   3.4855086664e-01
1.5523355230e+01   3.4974313807e-01
1.5523455230e+01   3.4986078854e-01
1.5524455230e+01   3.5102139145e-01
1.5524555230e+01   3.5113585408e-01
1.5525555230e+01   3.5226437682e-01
1.5525655230e+01   3.5237561170e-01
1.5526655230e+01   3.5347166757e-01
1.5526755230e+01   3.5357963730e-01
1.5527755230e+01   3.5464286502e-01
1.5527855230e+01   3.5474753474e-01
1.5528855230e+01   3.5577759878e-01
1.5528955230e+01   3.5587893624e-01
1.5529955230e+01   3.5687552715e-01
1.5530055230e+01   3.5697350272e-01
1.5531055230e+01   3.5793633740e-01
1.5531155230e+01   3.5803092410e-01
1.5532155230e+01   3.5895974608e-01
1.5532255230e+01   3.5905091960e-01
1.5533255230e+01   3.5994549918e-01
1.5533355230e+01   3.6003323789e-01
1.5534355230e+01   3.6089337230e-01
1.5534455230e+01   3.6097765727e-01
1.5535455230e+01   3.6180317077e-01
1.5535555230e+01   3.6188398579e-01
1.5536555230e+01   3.6267472969e-01
1.5536655230e+01   3.6275206124e-01
1.5537655230e+01   3.6350791396e-01
1.5537755230e+01   3.6358175124e-01
1.5538755230e+01   3.6430261820e-01
1.5538855230e+01   3.6437295309e-01
1.5539855230e+01   3.6505876665e-01
1.5539955230e+01   3.6512559373e-01
1.5540955230e+01   3.6577631307e-01
1.5541055230e+01   3.6583962960e-01
1.5542055230e+01   3.6645524049e-01
1.5542155230e+01   3.6651504636e-01
1.5543155230e+01   3.6709556098e-01
1.5543255230e+01   3.6715185873e-01
1.5544255230e+01   3.6769731539e-01
1.5544355230e+01   3.6775011014e-01
1.5545355230e+01   3.6826057295e-01
1.5545455230e+01   3.6830987239e-01
1.5546455230e+01   3.6878543094e-01
1.5546555230e+01   3.6883124530e-01
1.5547555230e+01   3.6927201425e-01
1.5547655230e+01   3.6931435622e-01
1.5548655230e+01   3.6972047489e-01
1.5548755230e+01   3.6975935963e-01
1.5549755230e+01   3.7013099150e-01
1.5549855230e+01   3.7016643655e-01
1.5550855230e+01   3.7050376880e-01
1.5550955230e+01   3.7053579404e-01
1.5551955230e+01   3.7083903701e-01
1.5552055230e+01   3.7086766460e-01
1.5553055230e+01   3.7113705119e-01
1.5553155230e+01   3.7116230555e-01
1.5554155230e+01   3.7139809068e-01
1.5554255230e+01   3.7141999837e-01
1.5555255230e+01   3.7162245830e-01
1.5555355230e+01   3.7164104800e-01
1.5556355230e+01   3.7181047973e-01
1.5556455230e+01   3.7182578215e-01
1.5557455230e+01   3.7196250273e-01
1.5557555230e+01   3.7197455055e-01
1.5558555230e+01   3.7207889637e-01
1.5558655230e+01   3.7208772418e-01
1.5559655230e+01   3.7216005028e-01
1.5559755230e+01   3.7216569448e-01
1.5560755230e+01   3.7220637379e-01
1.5560855230e+01   3.7220887255e-01
1.5561855230e+01   3.7221829516e-01
1.5561955230e+01   3.7221768831e-01
1.5562955230e+01   3.7219626070e-01
1.5563055230e+01   3.7219258970e-01
1.5564055230e+01   3.7214073395e-01
1.5564155230e+01   3.7213404175e-01
1.5565155230e+01   3.7205219479e-01
1.5565255230e+01   3.7204252579e-01
1.5566255230e+01   3.7193113855e-01
1.5566355230e+01   3.7191853853e-01
1.5567355230e+01   3.7177807518e-01
1.5567455230e+01   3.7176259119e-01
1.5568455230e+01   3.7159352833e-01
1.5568555230e+01   3.7157520862e-01
1.5569555230e+01   3.7137803445e-01
1.5569655230e+01   3.7135692840e-01
1.5570655230e+01   3.7113214193e-01
1.5570755230e+01   3.7110829995e-01
1.5571755230e+01   3.7085641020e-01
1.5571855230e+01   3.7082988366e-01
1.5572855230e+01   3.7055140884e-01
1.5572955230e+01   3.7052224999e-01
1.5573955230e+01   3.7021771668e-01
1.5574055230e+01   3.7018597858e-01
1.5575055230e+01   3.6985592097e-01
1.5575155230e+01   3.6982165739e-01
1.5576155230e+01   3.6946661650e-01
1.5576255230e+01   3.6942988185e-01
1.5577255230e+01   3.6905040471e-01
1.5577355230e+01   3.6901125397e-01
1.5578355230e+01   3.6860789289e-01
1.5578455230e+01   3.6856638153e-01
1.5579455230e+01   3.6813969332e-01
1.5579555230e+01   3.6809587723e-01
1.5580555230e+01   3.6764642250e-01
1.5580655230e+01   3.6760035789e-01
1.5581655230e+01   3.6712870027e-01
1.5581755230e+01   3.6708044364e-01
1.5582755230e+01   3.6658714911e-01
1.5582855230e+01   3.6653675715e-01
1.5583855230e+01   3.6602239332e-01
1.5583955230e+01   3.6596992285e-01
1.5584955230e+01   3.6543505830e-01
1.5585055230e+01   3.6538056620e-01
1.5586055230e+01   3.6482576983e-01
1.5586155230e+01   3.6476931299e-01
1.5587155230e+01   3.6419515334e-01
1.5587255230e+01   3.6413678857e-01
1.5588255230e+01   3.6354383324e-01
1.5588355230e+01   3.6348361724e-01
1.5589355230e+01   3.6287243229e-01
1.5589455230e+01   3.6281042156e-01
1.5590455230e+01   3.6218157091e-01
1.5590555230e+01   3.6211782172e-01
1.5591555230e+01   3.6147186661e-01
1.5591655230e+01   3.6140643492e-01
1.5592655230e+01   3.6074393337e-01
1.5602655230e+01   3.5339184481e-01
1.5602755230e+01   3.5331246516e-01
1.5603755230e+01   3.5251314811e-01
1.5613755230e+01   3.4404776520e-01
1.5613855230e+01   3.4395947502e-01
1.5614855230e+01   3.4307333354e-01
1.5624855230e+01   3.3395249697e-01
1.5624955230e+01   3.3385946189e-01
1.5625955230e+01   3.3292768247e-01
1.5635955230e+01   3.2351560830e-01
1.5636055230e+01   3.2342103240e-01
1.5637055230e+01   3.2247518426e-01
1.5647055230e+01   3.1304177130e-01
1.5647155230e+01   3.1294794902e-01
1.5648155230e+01   3.1201055645e-01
1.5658155230e+01   3.0274149919e-01
1.5658255230e+01   3.0264994815e-01
1.5659255230e+01   3.0173584477e-01
1.5669255230e+01   2.9274799781e-01
1.5669355230e+01   2.9265962289e-01
1.5670355230e+01   2.9177759767e-01
1.5680355230e+01   2.8313547946e-01
1.5680455230e+01   2.8305073442e-01
1.5681455230e+01   2.8220514058e-01
1.5691455230e+01   2.7393605508e-01
1.5707095503e+01   2.6167912466e-01
1.5707195503e+01   2.6160334631e-01
1.5708195503e+01   2.6084732784e-01
1.5718195503e+01   2.5346006707e-01
1.5733835777e+01   2.4250272889e-01
1.5733935777e+01   2.4243487866e-01
1.5734935777e+01   2.4175785874e-01
1.5744935777e+01   2.3513197686e-01
1.5760576051e+01   2.2526243937e-01
1.5776216325e+01   2.1593964197e-01
1.5776316325e+01   2.1588167442e-01
1.5777316325e+01   2.1530310561e-01
1.5787316325e+01   2.0962573025e-01
1.5802956598e+01   2.0112252094e-01
1.5818596872e+01   1.9304929602e-01
1.5834237146e+01   1.8538074097e-01
1.5849877419e+01   1.7809886662e-01
1.5865517693e+01   1.7119198925e-01
1.5865617693e+01   1.7114901912e-01
1.5866617693e+01   1.7072014636e-01
1.5876617693e+01   1.6651416723e-01
1.5892257967e+01   1.6023776010e-01
1.5907898240e+01   1.5433354461e-01
1.5923538514e+01   1.4881201348e-01
1.5939178788e+01   1.4369139850e-01
1.5939278788e+01   1.4366000227e-01
1.5940278788e+01   1.4334700328e-01
1.5950278788e+01   1.4031522375e-01
1.5965919062e+01   1.3595047571e-01
1.5981559335e+01   1.3209042719e-01
1.5981659335e+01   1.3206750404e-01
1.5982659335e+01   1.3183955803e-01
1.5992659335e+01   1.2969294692e-01
1.6000000000e+01   1.2827986103e-01
