X    Y
2.0000000000e-01   0.0000000000e+00
1.9999999900e-01   -2.0000287969e-05
1.9999987899e-01   -2.2003480731e-04
1.9999204317e-01   -1.7855312385e-03
1.9997195752e-01   -3.3544465576e-03
1.9993959566e-01   -4.9266925982e-03
1.9989493190e-01   -6.5021808463e-03
1.9983794124e-01   -8.0808224449e-03
1.9976859938e-01   -9.6625281991e-03
1.9968688273e-01   -1.1247208581e-02
1.9959276838e-01   -1.2834773735e-02
1.9948623414e-01   -1.4425133482e-02
1.9936725852e-01   -1.6018197325e-02
1.9923582073e-01   -1.7613874453e-02
1.9909190071e-01   -1.9212073749e-02
1.9893547910e-01   -2.0812703791e-02
1.9876653725e-01   -2.2415672858e-02
1.9858505725e-01   -2.4020888937e-02
1.9839102189e-01   -2.5628259726e-02
1.9818441470e-01   -2.7237692640e-02
1.9796521991e-01   -2.8849094813e-02
1.9773342249e-01   -3.0462373108e-02
1.9748900816e-01   -3.2077434118e-02
1.9723196333e-01   -3.3694184171e-02
1.9696227518e-01   -3.5312529337e-02
1.9667993161e-01   -3.6932375433e-02
1.9638492124e-01   -3.8553628023e-02
1.9607723347e-01   -4.0176192429e-02
1.9575685840e-01   -4.1799973733e-02
1.9542378689e-01   -4.3424876782e-02
1.9507801056e-01   -4.5050806193e-02
1.9471952174e-01   -4.6677666356e-02
1.9434831355e-01   -4.8305361443e-02
1.9396437982e-01   -4.9933795409e-02
1.9356771517e-01   -5.1562871998e-02
1.9315831494e-01   -5.3192494747e-02
1.9273617524e-01   -5.4822566995e-02
1.9230129294e-01   -5.6452991880e-02
1.9185366567e-01   -5.8083672350e-02
1.9139329179e-01   -5.9714511165e-02
1.9092017046e-01   -6.1345410905e-02
1.9043430158e-01   -6.2976273968e-02
1.8993568583e-01   -6.4607002581e-02
1.8942432462e-01   -6.6237498803e-02
1.8890022017e-01   -6.7867664528e-02
1.8836337544e-01   -6.9497401491e-02
1.8781379416e-01   -7.1126611271e-02
1.8725148085e-01   -7.2755195299e-02
1.8667644077e-01   -7.4383054860e-02
1.8608867999e-01   -7.6010091097e-02
1.8548820531e-01   -7.7636205017e-02
1.8487502434e-01   -7.9261297496e-02
1.8424914544e-01   -8.0885269282e-02
1.8361057778e-01   -8.2508021001e-02
1.8295933126e-01   -8.4129453159e-02
1.8229541660e-01   -8.5749466150e-02
1.8161884527e-01   -8.7367960258e-02
1.8092962955e-01   -8.8984835663e-02
1.8022778246e-01   -9.0599992443e-02
1.7951331784e-01   -9.2213330583e-02
1.7878625030e-01   -9.3824749973e-02
1.7804659521e-01   -9.5434150419e-02
1.7729436876e-01   -9.7041431644e-02
1.7652958789e-01   -9.8646493290e-02
1.7575227036e-01   -1.0024923493e-01
1.7496243469e-01   -1.0184955606e-01
1.7416010019e-01   -1.0344735613e-01
1.7334528695e-01   -1.0504253450e-01
1.7251801588e-01   -1.0663499050e-01
1.7167830863e-01   -1.0822462339e-01
1.7082618766e-01   -1.0981133239e-01
1.6996167623e-01   -1.1139501669e-01
1.6908479838e-01   -1.1297557541e-01
1.6819557892e-01   -1.1455290767e-01
1.6729404347e-01   -1.1612691254e-01
1.6638021843e-01   -1.1769748906e-01
1.6545413100e-01   -1.1926453627e-01
1.6451580915e-01   -1.2082795317e-01
1.6356528166e-01   -1.2238763876e-01
1.6260257808e-01   -1.2394349203e-01
1.6162772877e-01   -1.2549541196e-01
1.6064076486e-01   -1.2704329754e-01
1.5964171828e-01   -1.2858704776e-01
1.5863062175e-01   -1.3012656161e-01
1.5760750878e-01   -1.3166173811e-01
1.5657241367e-01   -1.3319247628e-01
1.5552537149e-01   -1.3471867518e-01
1.5446641813e-01   -1.3624023388e-01
1.5339559025e-01   -1.3775705149e-01
1.5231292530e-01   -1.3926902716e-01
1.5121846153e-01   -1.4077606006e-01
1.5011223795e-01   -1.4227804941e-01
1.4899429438e-01   -1.4377489450e-01
1.4786467143e-01   -1.4526649465e-01
1.4672341049e-01   -1.4675274923e-01
1.4557055373e-01   -1.4823355770e-01
1.4440614412e-01   -1.4970881955e-01
1.4323022540e-01   -1.5117843438e-01
1.4204284209e-01   -1.5264230182e-01
1.4084403953e-01   -1.5410032162e-01
1.3963386380e-01   -1.5555239358e-01
1.3841236179e-01   -1.5699841761e-01
1.3717958115e-01   -1.5843829371e-01
1.3593557035e-01   -1.5987192196e-01
1.3468037859e-01   -1.6129920255e-01
1.3341405589e-01   -1.6272003580e-01
1.3213665303e-01   -1.6413432209e-01
1.3084822157e-01   -1.6554196196e-01
1.2954881384e-01   -1.6694285605e-01
1.2823848298e-01   -1.6833690513e-01
1.2691728286e-01   -1.6972401009e-01
1.2558526815e-01   -1.7110407196e-01
1.2424249428e-01   -1.7247699190e-01
1.2288901748e-01   -1.7384267123e-01
1.2152489471e-01   -1.7520101141e-01
1.2015018372e-01   -1.7655191403e-01
1.1876494304e-01   -1.7789528088e-01
1.1736923195e-01   -1.7923101388e-01
1.1596311050e-01   -1.8055901511e-01
1.1454663951e-01   -1.8187918686e-01
1.1311988055e-01   -1.8319143157e-01
1.1168289598e-01   -1.8449565185e-01
1.1023574888e-01   -1.8579175052e-01
1.0877850312e-01   -1.8707963059e-01
1.0731122331e-01   -1.8835919524e-01
1.0583397484e-01   -1.8963034790e-01
1.0434682382e-01   -1.9089299215e-01
1.0284983715e-01   -1.9214703183e-01
1.0134308244e-01   -1.9339237096e-01
9.9826628080e-02   -1.9462891382e-01
9.8300543200e-02   -1.9585656487e-01
9.6764897672e-02   -1.9707522885e-01
9.5219762113e-02   -1.9828481072e-01
9.3665207882e-02   -1.9948521566e-01
9.2101307079e-02   -2.0067634915e-01
9.0528132542e-02   -2.0185811687e-01
8.8945757843e-02   -2.0303042479e-01
8.7354257290e-02   -2.0419317915e-01
8.5753705922e-02   -2.0534628644e-01
8.4144179509e-02   -2.0648965345e-01
8.2525754546e-02   -2.0762318724e-01
8.0898508256e-02   -2.0874679515e-01
7.9262518584e-02   -2.0986038483e-01
7.7617864195e-02   -2.1096386422e-01
7.5964624474e-02   -2.1205714157e-01
7.4302879519e-02   -2.1314012544e-01
7.2632710146e-02   -2.1421272471e-01
7.0954197877e-02   -2.1527484857e-01
6.9267424946e-02   -2.1632640657e-01
6.7572474292e-02   -2.1736730856e-01
6.5869429556e-02   -2.1839746476e-01
6.4158375081e-02   -2.1941678572e-01
6.2439395907e-02   -2.2042518235e-01
6.0712577769e-02   -2.2142256592e-01
5.8978007093e-02   -2.2240884808e-01
5.7235770997e-02   -2.2338394083e-01
5.5485957283e-02   -2.2434775656e-01
5.3728654436e-02   -2.2530020806e-01
5.1963951623e-02   -2.2624120849e-01
5.0191938687e-02   -2.2717067142e-01
4.8412706145e-02   -2.2808851083e-01
4.6626345185e-02   -2.2899464110e-01
4.4832947663e-02   -2.2988897706e-01
4.3032606099e-02   -2.3077143392e-01
4.1225413672e-02   -2.3164192736e-01
3.9411464221e-02   -2.3250037348e-01
3.7590852239e-02   -2.3334668885e-01
3.5763672867e-02   -2.3418079046e-01
3.3930021895e-02   -2.3500259579e-01
3.2089995755e-02   -2.3581202277e-01
3.0243691521e-02   -2.3660898982e-01
2.8391206899e-02   -2.3739341584e-01
2.6532640230e-02   -2.3816522020e-01
2.4668090483e-02   -2.3892432279e-01
2.2797657249e-02   -2.3967064400e-01
2.0921440743e-02   -2.4040410471e-01
1.9039541791e-02   -2.4112462636e-01
1.7152061837e-02   -2.4183213087e-01
1.5259102930e-02   -2.4252654073e-01
1.3360767722e-02   -2.4320777896e-01
1.1457159466e-02   -2.4387576911e-01
9.5483820109e-03   -2.4453043532e-01
7.6345397947e-03   -2.4517170227e-01
5.7157378431e-03   -2.4579949523e-01
3.7920817633e-03   -2.4641374002e-01
1.8636777398e-03   -2.4701436309e-01
-6.9367469822e-05   -2.4760129144e-01
-2.0069465403e-03   -2.4817445270e-01
-3.9489515828e-03   -2.4873377512e-01
-5.8952741500e-03   -2.4927918754e-01
-7.8458052411e-03   -2.4981061946e-01
-9.8004353064e-03   -2.5032800097e-01
-1.1759054252e-02   -2.5083126285e-01
-1.3721551447e-02   -2.5132033651e-01
-1.5687815725e-02   -2.5179515401e-01
-1.7657735393e-02   -2.5225564809e-01
-1.9631198233e-02   -2.5270175216e-01
-2.1608091510e-02   -2.5313340032e-01
-2.3588301977e-02   -2.5355052735e-01
-2.5571715879e-02   -2.5395306875e-01
-2.7558218962e-02   -2.5434096069e-01
-2.9547696473e-02   -2.5471414010e-01
-3.1540033170e-02   -2.5507254461e-01
-3.3535113327e-02   -2.5541611258e-01
-3.5532820737e-02   -2.5574478313e-01
-3.7533038723e-02   -2.5605849609e-01
-3.9535650138e-02   -2.5635719210e-01
-4.1540537377e-02   -2.5664081253e-01
-4.3547582375e-02   -2.5690929953e-01
-4.5556666624e-02   -2.5716259604e-01
-4.7567671167e-02   -2.5740064578e-01
-4.9580476615e-02   -2.5762339328e-01
-4.9606239092e-02   -2.5762614368e-01
-4.9863878940e-02   -2.5765350939e-01
-5.1878592410e-02   -2.5785873444e-01
-5.3894849761e-02   -2.5804854120e-01
-5.5912530272e-02   -2.5822287678e-01
-5.7931512812e-02   -2.5838168908e-01
-5.9951675845e-02   -2.5852492688e-01
-6.1972897437e-02   -2.5865253976e-01
-6.3995055266e-02   -2.5876447822e-01
-6.6018026624e-02   -2.5886069358e-01
-6.8041688428e-02   -2.5894113804e-01
-7.0065917223e-02   -2.5900576470e-01
-7.2090589192e-02   -2.5905452754e-01
-7.4115580161e-02   -2.5908738144e-01
-7.6140765607e-02   -2.5910428217e-01
-7.8166020666e-02   -2.5910518646e-01
-8.0191220139e-02   -2.5909005191e-01
-8.2216238497e-02   -2.5905883707e-01
-8.4240949894e-02   -2.5901150145e-01
-8.6265228169e-02   -2.5894800548e-01
-8.8288946856e-02   -2.5886831055e-01
-9.0311979191e-02   -2.5877237903e-01
-9.2334198120e-02   -2.5866017422e-01
-9.4355476305e-02   -2.5853166044e-01
-9.6375686135e-02   -2.5838680298e-01
-9.8394699729e-02   -2.5822556811e-01
-1.0041238895e-01   -2.5804792313e-01
-1.0242862540e-01   -2.5785383630e-01
-1.0444328045e-01   -2.5764327695e-01
-1.0645622523e-01   -2.5741621541e-01
-1.0846733064e-01   -2.5717262302e-01
-1.1047646735e-01   -2.5691247218e-01
-1.1248350585e-01   -2.5663573634e-01
-1.1448831639e-01   -2.5634238998e-01
-1.1649076904e-01   -2.5603240866e-01
-1.1849073370e-01   -2.5570576899e-01
-1.2048808006e-01   -2.5536244865e-01
-1.2248267765e-01   -2.5500242642e-01
-1.2447439586e-01   -2.5462568215e-01
-1.2646310391e-01   -2.5423219678e-01
-1.2844867086e-01   -2.5382195236e-01
-1.3043096566e-01   -2.5339493203e-01
-1.3240985712e-01   -2.5295112005e-01
-1.3438521393e-01   -2.5249050180e-01
-1.3635690468e-01   -2.5201306379e-01
-1.3832479784e-01   -2.5151879364e-01
-1.4028876182e-01   -2.5100768012e-01
-1.4224866490e-01   -2.5047971314e-01
-1.4420437534e-01   -2.4993488376e-01
-1.4615576129e-01   -2.4937318417e-01
-1.4810269087e-01   -2.4879460774e-01
-1.5004503213e-01   -2.4819914901e-01
-1.5198265311e-01   -2.4758680367e-01
-1.5391542179e-01   -2.4695756858e-01
-1.5584320616e-01   -2.4631144180e-01
-1.5776587418e-01   -2.4564842255e-01
-1.5968329382e-01   -2.4496851126e-01
-1.6159533304e-01   -2.4427170953e-01
-1.6350185984e-01   -2.4355802018e-01
-1.6540274222e-01   -2.4282744720e-01
-1.6729784826e-01   -2.4207999581e-01
-1.6918704603e-01   -2.4131567244e-01
-1.7107020369e-01   -2.4053448472e-01
-1.7294718946e-01   -2.3973644149e-01
-1.7481787164e-01   -2.3892155283e-01
-1.7668211858e-01   -2.3808983002e-01
-1.7853979877e-01   -2.3724128560e-01
-1.8039078077e-01   -2.3637593331e-01
-1.8223493326e-01   -2.3549378813e-01
-1.8407212505e-01   -2.3459486627e-01
-1.8590222507e-01   -2.3367918519e-01
-1.8772510240e-01   -2.3274676359e-01
-1.8954062627e-01   -2.3179762141e-01
-1.9134866607e-01   -2.3083177981e-01
-1.9314909135e-01   -2.2984926124e-01
-1.9494177185e-01   -2.2885008936e-01
-1.9672657751e-01   -2.2783428910e-01
-1.9850337845e-01   -2.2680188664e-01
-2.0027204501e-01   -2.2575290941e-01
-2.0203244775e-01   -2.2468738609e-01
-2.0378445745e-01   -2.2360534662e-01
-2.0552794515e-01   -2.2250682220e-01
-2.0726278211e-01   -2.2139184526e-01
-2.0898883986e-01   -2.2026044951e-01
-2.1070599022e-01   -2.1911266993e-01
-2.1241410525e-01   -2.1794854272e-01
-2.1411305733e-01   -2.1676810535e-01
-2.1580271912e-01   -2.1557139657e-01
-2.1748296359e-01   -2.1435845635e-01
-2.1915366404e-01   -2.1312932593e-01
-2.2081469408e-01   -2.1188404782e-01
-2.2246592767e-01   -2.1062266576e-01
-2.2410723910e-01   -2.0934522475e-01
-2.2573850304e-01   -2.0805177103e-01
-2.2735959451e-01   -2.0674235212e-01
-2.2897038891e-01   -2.0541701676e-01
-2.3057076203e-01   -2.0407581493e-01
-2.3216059005e-01   -2.0271879787e-01
-2.3373974956e-01   -2.0134601807e-01
-2.3530811755e-01   -1.9995752923e-01
-2.3686557147e-01   -1.9855338631e-01
-2.3841198916e-01   -1.9713364548e-01
-2.3994724893e-01   -1.9569836417e-01
-2.4147122955e-01   -1.9424760101e-01
-2.4298381023e-01   -1.9278141586e-01
-2.4448487068e-01   -1.9129986981e-01
-2.4597429105e-01   -1.8980302516e-01
-2.4745195204e-01   -1.8829094542e-01
-2.4891773480e-01   -1.8676369531e-01
-2.5037152101e-01   -1.8522134076e-01
-2.5181319289e-01   -1.8366394888e-01
-2.5324263314e-01   -1.8209158800e-01
-2.5465972506e-01   -1.8050432763e-01
-2.5606435244e-01   -1.7890223845e-01
-2.5745639967e-01   -1.7728539236e-01
-2.5883575168e-01   -1.7565386239e-01
-2.6020229399e-01   -1.7400772276e-01
-2.6155591270e-01   -1.7234704886e-01
-2.6289649450e-01   -1.7067191724e-01
-2.6422392670e-01   -1.6898240558e-01
-2.6553809719e-01   -1.6727859273e-01
-2.6683889452e-01   -1.6556055866e-01
-2.6812620783e-01   -1.6382838450e-01
-2.6939992692e-01   -1.6208215248e-01
-2.7065994224e-01   -1.6032194597e-01
-2.7190614489e-01   -1.5854784944e-01
-2.7313842664e-01   -1.5675994849e-01
-2.7435667991e-01   -1.5495832978e-01
-2.7556079784e-01   -1.5314308110e-01
-2.7675067424e-01   -1.5131429131e-01
-2.7792620360e-01   -1.4947205035e-01
-2.7908728115e-01   -1.4761644922e-01
-2.8023380282e-01   -1.4574758000e-01
-2.8136566527e-01   -1.4386553581e-01
-2.8248276588e-01   -1.4197041082e-01
-2.8358500278e-01   -1.4006230025e-01
-2.8467227485e-01   -1.3814130033e-01
-2.8574448172e-01   -1.3620750832e-01
-2.8680152379e-01   -1.3426102250e-01
-2.8784330222e-01   -1.3230194215e-01
-2.8886971896e-01   -1.3033036753e-01
-2.8988067675e-01   -1.2834639992e-01
-2.9087607912e-01   -1.2635014153e-01
-2.9185583040e-01   -1.2434169560e-01
-2.9281983574e-01   -1.2232116627e-01
-2.9376800111e-01   -1.2028865866e-01
-2.9470023328e-01   -1.1824427884e-01
-2.9561643988e-01   -1.1618813379e-01
-2.9651652938e-01   -1.1412033143e-01
-2.9740041107e-01   -1.1204098057e-01
-2.9826799512e-01   -1.0995019094e-01
-2.9911919255e-01   -1.0784807316e-01
-2.9995391525e-01   -1.0573473874e-01
-3.0077207600e-01   -1.0361030004e-01
-3.0157358842e-01   -1.0147487032e-01
-3.0235836707e-01   -9.9328563653e-02
-3.0312632738e-01   -9.7171494985e-02
-3.0387738567e-01   -9.5003780083e-02
-3.0461145918e-01   -9.2825535539e-02
-3.0532846608e-01   -9.0636878757e-02
-3.0602832544e-01   -8.8437927946e-02
-3.0671095725e-01   -8.6228802105e-02
-3.0737628247e-01   -8.4009621015e-02
-3.0802422295e-01   -8.1780505230e-02
-3.0865470153e-01   -7.9541576065e-02
-3.0926764198e-01   -7.7292955583e-02
-3.0986296902e-01   -7.5034766591e-02
-3.1044060835e-01   -7.2767132623e-02
-3.1100048662e-01   -7.0490177933e-02
-3.1154253148e-01   -6.8204027485e-02
-3.1206667153e-01   -6.5908806940e-02
-3.1257283637e-01   -6.3604642647e-02
-3.1306095660e-01   -6.1291661633e-02
-3.1353096379e-01   -5.8969991589e-02
-3.1398279054e-01   -5.6639760866e-02
-3.1441637043e-01   -5.4301098458e-02
-3.1483163806e-01   -5.1954133995e-02
-3.1522852905e-01   -4.9598997731e-02
-3.1560698004e-01   -4.7235820537e-02
-3.1596692870e-01   -4.4864733883e-02
-3.1630831371e-01   -4.2485869837e-02
-3.1663107480e-01   -4.0099361047e-02
-3.1693515273e-01   -3.7705340734e-02
-3.1722048933e-01   -3.5303942682e-02
-3.1748702745e-01   -3.2895301227e-02
-3.1773471099e-01   -3.0479551246e-02
-3.1796348492e-01   -2.8056828148e-02
-3.1817329527e-01   -2.5627267862e-02
-3.1836408914e-01   -2.3191006831e-02
-3.1853581467e-01   -2.0748181997e-02
-3.1868842111e-01   -1.8298930792e-02
-3.1882185876e-01   -1.5843391133e-02
-3.1893607901e-01   -1.3381701404e-02
-3.1903103433e-01   -1.0914000454e-02
-3.1910667828e-01   -8.4404275808e-03
-3.1916296550e-01   -5.9611225262e-03
-3.1919985175e-01   -3.4762254632e-03
-3.1921729385e-01   -9.8587698819e-04
-3.1921524976e-01   1.5097818895e-03
-3.1919367852e-01   4.0106097564e-03
-3.1919327586e-01   4.0426375953e-03
-3.1918907307e-01   4.3629611763e-03
-3.1914517800e-01   6.8695123011e-03
-3.1908167183e-01   9.3809283724e-03
-3.1899851708e-01   1.1897066768e-02
-3.1889567741e-01   1.4417784502e-02
-3.1877311759e-01   1.6942938227e-02
-3.1863080349e-01   1.9472384253e-02
-3.1846870214e-01   2.2005978547e-02
-3.1828678167e-01   2.4543576747e-02
-3.1808501136e-01   2.7085034168e-02
-3.1786336159e-01   2.9630205812e-02
-3.1762180392e-01   3.2178946378e-02
-3.1736031101e-01   3.4731110264e-02
-3.1707885668e-01   3.7286551582e-02
-3.1677741587e-01   3.9845124164e-02
-3.1645596469e-01   4.2406681567e-02
-3.1611448038e-01   4.4971077085e-02
-3.1575294133e-01   4.7538163756e-02
-3.1537132708e-01   5.0107794365e-02
-3.1496961832e-01   5.2679821460e-02
-3.1454779690e-01   5.5254097350e-02
-3.1410584581e-01   5.7830474120e-02
-3.1364374923e-01   6.0408803634e-02
-3.1316149245e-01   6.2988937544e-02
-3.1265906196e-01   6.5570727295e-02
-3.1213644540e-01   6.8154024133e-02
-3.1159363157e-01   7.0738679113e-02
-3.1103061043e-01   7.3324543103e-02
-3.1044737312e-01   7.5911466794e-02
-3.0984391195e-01   7.8499300701e-02
-3.0922022038e-01   8.1087895176e-02
-3.0857629304e-01   8.3677100408e-02
-3.0791212576e-01   8.6266766432e-02
-3.0722771552e-01   8.8856743137e-02
-3.0652306048e-01   9.1446880267e-02
-3.0579815997e-01   9.4037027429e-02
-3.0505301450e-01   9.6627034101e-02
-3.0428762575e-01   9.9216749632e-02
-3.0350199660e-01   1.0180602325e-01
-3.0269613109e-01   1.0439470408e-01
-3.0187003443e-01   1.0698264111e-01
-3.0102371304e-01   1.0956968325e-01
-3.0015717450e-01   1.1215567930e-01
-2.9927042757e-01   1.1474047796e-01
-2.9836348221e-01   1.1732392784e-01
-2.9743634956e-01   1.1990587747e-01
-2.9648904193e-01   1.2248617530e-01
-2.9552157282e-01   1.2506466968e-01
-2.9453395692e-01   1.2764120891e-01
-2.9352621012e-01   1.3021564121e-01
-2.9249834946e-01   1.3278781475e-01
-2.9145039321e-01   1.3535757762e-01
-2.9038236079e-01   1.3792477785e-01
-2.8929427283e-01   1.4048926344e-01
-2.8818615114e-01   1.4305088232e-01
-2.8705801873e-01   1.4560948238e-01
-2.8590989979e-01   1.4816491146e-01
-2.8474181969e-01   1.5071701737e-01
-2.8355380501e-01   1.5326564788e-01
-2.8234588350e-01   1.5581065072e-01
-2.8111808411e-01   1.5835187359e-01
-2.7987043700e-01   1.6088916418e-01
-2.7860297348e-01   1.6342237013e-01
-2.7731572608e-01   1.6595133908e-01
-2.7600872852e-01   1.6847591864e-01
-2.7468201569e-01   1.7099595640e-01
-2.7333562369e-01   1.7351129995e-01
-2.7196958982e-01   1.7602179686e-01
-2.7058395255e-01   1.7852729468e-01
-2.6917875154e-01   1.8102764098e-01
-2.6775402767e-01   1.8352268331e-01
-2.6630982298e-01   1.8601226922e-01
-2.6484618072e-01   1.8849624626e-01
-2.6336314533e-01   1.9097446198e-01
-2.6186076243e-01   1.9344676395e-01
-2.6033907885e-01   1.9591299973e-01
-2.5879814259e-01   1.9837301689e-01
-2.5723800285e-01   2.0082666304e-01
-2.5565871004e-01   2.0327378576e-01
-2.5406031573e-01   2.0571423268e-01
-2.5244287270e-01   2.0814785142e-01
-2.5080643492e-01   2.1057448965e-01
-2.4915105754e-01   2.1299399504e-01
-2.4747679692e-01   2.1540621527e-01
-2.4578371059e-01   2.1781099809e-01
-2.4407185727e-01   2.2020819122e-01
-2.4234129689e-01   2.2259764247e-01
-2.4059209056e-01   2.2497919962e-01
-2.3882430057e-01   2.2735271053e-01
-2.3703799041e-01   2.2971802307e-01
-2.3523322475e-01   2.3207498514e-01
-2.3341006946e-01   2.3442344471e-01
-2.3156859159e-01   2.3676324975e-01
-2.2970885939e-01   2.3909424831e-01
-2.2783094227e-01   2.4141628845e-01
-2.2593491085e-01   2.4372921830e-01
-2.2402083695e-01   2.4603288603e-01
-2.2208879354e-01   2.4832713985e-01
-2.2013885480e-01   2.5061182804e-01
-2.1817109609e-01   2.5288679892e-01
-2.1618559396e-01   2.5515190087e-01
-2.1418242614e-01   2.5740698234e-01
-2.1216167155e-01   2.5965189182e-01
-2.1012341028e-01   2.6188647789e-01
-2.0806772361e-01   2.6411058916e-01
-2.0599469402e-01   2.6632407434e-01
-2.0390440515e-01   2.6852678220e-01
-2.0179694182e-01   2.7071856158e-01
-1.9967239006e-01   2.7289926140e-01
-1.9753083705e-01   2.7506873066e-01
-1.9537237116e-01   2.7722681843e-01
-1.9319708195e-01   2.7937337389e-01
-1.9100506015e-01   2.8150824628e-01
-1.8879639765e-01   2.8363128496e-01
-1.8657118755e-01   2.8574233935e-01
-1.8432952411e-01   2.8784125900e-01
-1.8207150276e-01   2.8992789355e-01
-1.7979722012e-01   2.9200209273e-01
-1.7750677396e-01   2.9406370640e-01
-1.7520026326e-01   2.9611258453e-01
-1.7287778814e-01   2.9814857720e-01
-1.7053944990e-01   3.0017153461e-01
-1.6818535102e-01   3.0218130709e-01
-1.6581559513e-01   3.0417774510e-01
-1.6343028706e-01   3.0616069923e-01
-1.6339966972e-01   3.0618598065e-01
-1.6309335738e-01   3.0643867197e-01
-1.6069043790e-01   3.0840606238e-01
-1.5827219452e-01   3.1035964955e-01
-1.5583873571e-01   3.1229928452e-01
-1.5339017112e-01   3.1422481851e-01
-1.5092661153e-01   3.1613610286e-01
-1.4844816892e-01   3.1803298912e-01
-1.4595495639e-01   3.1991532898e-01
-1.4344708823e-01   3.2178297433e-01
-1.4092467988e-01   3.2363577722e-01
-1.3838784792e-01   3.2547358991e-01
-1.3583671010e-01   3.2729626485e-01
-1.3327138531e-01   3.2910365470e-01
-1.3069199361e-01   3.3089561231e-01
-1.2809865620e-01   3.3267199078e-01
-1.2549149541e-01   3.3443264339e-01
-1.2287063473e-01   3.3617742371e-01
-1.2023619881e-01   3.3790618549e-01
-1.1758831342e-01   3.3961878277e-01
-1.1492710547e-01   3.4131506983e-01
-1.1225270303e-01   3.4299490121e-01
-1.0956523527e-01   3.4465813173e-01
-1.0686483253e-01   3.4630461649e-01
-1.0415162626e-01   3.4793421088e-01
-1.0142574905e-01   3.4954677058e-01
-9.8687334598e-02   3.5114215159e-01
-9.5936517750e-02   3.5272021023e-01
-9.3173434463e-02   3.5428080314e-01
-9.0398221812e-02   3.5582378729e-01
-8.7611017990e-02   3.5734902003e-01
-8.4811962306e-02   3.5885635903e-01
-8.2001195177e-02   3.6034566235e-01
-7.9178858129e-02   3.6181678844e-01
-7.6345093794e-02   3.6326959612e-01
-7.3500045903e-02   3.6470394463e-01
-7.0643859289e-02   3.6611969361e-01
-6.7776679879e-02   3.6751670315e-01
-6.4898654691e-02   3.6889483374e-01
-6.2009931833e-02   3.7025394637e-01
-5.9110660497e-02   3.7159390247e-01
-5.6200990956e-02   3.7291456393e-01
-5.3281074562e-02   3.7421579316e-01
-5.0351063740e-02   3.7549745307e-01
-4.7411111983e-02   3.7675940706e-01
-4.4461373851e-02   3.7800151909e-01
-4.1502004966e-02   3.7922365366e-01
-3.8533162004e-02   3.8042567581e-01
-3.5555002698e-02   3.8160745119e-01
-3.2567685824e-02   3.8276884600e-01
-2.9571371205e-02   3.8390972708e-01
-2.6566219701e-02   3.8502996186e-01
-2.3552393207e-02   3.8612941841e-01
-2.0530054644e-02   3.8720796548e-01
-1.7499367960e-02   3.8826547244e-01
-1.4460498117e-02   3.8930180938e-01
-1.1413611094e-02   3.9031684708e-01
-8.3588738743e-03   3.9131045702e-01
-5.2964544443e-03   3.9228251144e-01
-2.2265217856e-03   3.9323288330e-01
8.5075413019e-04   3.9416144636e-01
3.9352023476e-03   3.9506807513e-01
7.0266509335e-03   3.9595264495e-01
1.0124926984e-02   3.9681503198e-01
1.3229856629e-02   3.9765511319e-01
1.6341265042e-02   3.9847276644e-01
1.9458976445e-02   3.9926787046e-01
2.2582814114e-02   4.0004030485e-01
2.5712600389e-02   4.0078995015e-01
2.8848156679e-02   4.0151668783e-01
3.1989303471e-02   4.0222040030e-01
3.5135860336e-02   4.0290097096e-01
3.8287645939e-02   4.0355828417e-01
4.1444478042e-02   4.0419222533e-01
4.4606173517e-02   4.0480268087e-01
4.7772548355e-02   4.0538953825e-01
5.0943417666e-02   4.0595268602e-01
5.4118595698e-02   4.0649201382e-01
5.7297895839e-02   4.0700741240e-01
6.0481130626e-02   4.0749877364e-01
6.3668111758e-02   4.0796599058e-01
6.6858650101e-02   4.0840895743e-01
7.0052555698e-02   4.0882756961e-01
7.3249637782e-02   4.0922172374e-01
7.6449704781e-02   4.0959131769e-01
7.9652564329e-02   4.0993625059e-01
8.2858023277e-02   4.1025642284e-01
8.6065887704e-02   4.1055173617e-01
8.9275962925e-02   4.1082209360e-01
9.2488053502e-02   4.1106739953e-01
9.5701963254e-02   4.1128755972e-01
9.8917495272e-02   4.1148248130e-01
1.0213445192e-01   4.1165207283e-01
1.0535263487e-01   4.1179624432e-01
1.0857184507e-01   4.1191490720e-01
1.1179188280e-01   4.1200797441e-01
1.1501254767e-01   4.1207536038e-01
1.1823363860e-01   4.1211698106e-01
1.2145495389e-01   4.1213275394e-01
1.2467629118e-01   4.1212259809e-01
1.2789744751e-01   4.1208643415e-01
1.3111821926e-01   4.1202418440e-01
1.3433840225e-01   4.1193577272e-01
1.3755779171e-01   4.1182112466e-01
1.3759897374e-01   4.1181948759e-01
1.3801078496e-01   4.1180287996e-01
1.4122901842e-01   4.1165821448e-01
1.4444601804e-01   4.1148715890e-01
1.4766157727e-01   4.1128964410e-01
1.5087548904e-01   4.1106560271e-01
1.5408754574e-01   4.1081496912e-01
1.5729753928e-01   4.1053767951e-01
1.6050526105e-01   4.1023367186e-01
1.6371050200e-01   4.0990288599e-01
1.6691305257e-01   4.0954526356e-01
1.7011270278e-01   4.0916074811e-01
1.7330924222e-01   4.0874928505e-01
1.7650246004e-01   4.0831082172e-01
1.7969214501e-01   4.0784530738e-01
1.8287808550e-01   4.0735269326e-01
1.8606006949e-01   4.0683293253e-01
1.8923788463e-01   4.0628598038e-01
1.9241131821e-01   4.0571179399e-01
1.9558015719e-01   4.0511033257e-01
1.9874418824e-01   4.0448155740e-01
2.0190319772e-01   4.0382543180e-01
2.0505697171e-01   4.0314192118e-01
2.0820529604e-01   4.0243099307e-01
2.1134795627e-01   4.0169261709e-01
2.1448473776e-01   4.0092676504e-01
2.1761542564e-01   4.0013341083e-01
2.2073980486e-01   3.9931253057e-01
2.2385766016e-01   3.9846410256e-01
2.2696877616e-01   3.9758810729e-01
2.3007293731e-01   3.9668452748e-01
2.3316992793e-01   3.9575334809e-01
2.3625953226e-01   3.9479455631e-01
2.3934153442e-01   3.9380814163e-01
2.4241571847e-01   3.9279409580e-01
2.4548186840e-01   3.9175241285e-01
2.4853976820e-01   3.9068308916e-01
2.5158920178e-01   3.8958612338e-01
2.5462995311e-01   3.8846151655e-01
2.5766180615e-01   3.8730927200e-01
2.6068454487e-01   3.8612939546e-01
2.6369795335e-01   3.8492189502e-01
2.6670181569e-01   3.8368678113e-01
2.6969591612e-01   3.8242406666e-01
2.7268003895e-01   3.8113376687e-01
2.7565396864e-01   3.7981589942e-01
2.7861748979e-01   3.7847048440e-01
2.8157038716e-01   3.7709754433e-01
2.8451244570e-01   3.7569710417e-01
2.8744345057e-01   3.7426919130e-01
2.9036318716e-01   3.7281383560e-01
2.9327144107e-01   3.7133106935e-01
2.9616799820e-01   3.6982092733e-01
2.9905264472e-01   3.6828344678e-01
3.0192516709e-01   3.6671866742e-01
3.0478535209e-01   3.6512663144e-01
3.0763298686e-01   3.6350738351e-01
3.1046785888e-01   3.6186097080e-01
3.1328975601e-01   3.6018744295e-01
3.1609846652e-01   3.5848685211e-01
3.1889377908e-01   3.5675925290e-01
3.2167548281e-01   3.5500470246e-01
3.2444336728e-01   3.5322326040e-01
3.2719722255e-01   3.5141498884e-01
3.2993683914e-01   3.4957995239e-01
3.3266200813e-01   3.4771821813e-01
3.3537252110e-01   3.4582985565e-01
3.3806817020e-01   3.4391493704e-01
3.4074874814e-01   3.4197353685e-01
3.4341404824e-01   3.4000573212e-01
3.4606386442e-01   3.3801160237e-01
3.4869799123e-01   3.3599122957e-01
3.5131622389e-01   3.3394469819e-01
3.5391835826e-01   3.3187209513e-01
3.5650419090e-01   3.2977350977e-01
3.5907351909e-01   3.2764903392e-01
3.6162614083e-01   3.2549876182e-01
3.6416185486e-01   3.2332279016e-01
3.6668046069e-01   3.2112121805e-01
3.6918175861e-01   3.1889414698e-01
3.7166554973e-01   3.1664168088e-01
3.7413163595e-01   3.1436392606e-01
3.7657982004e-01   3.1206099119e-01
3.7900990562e-01   3.0973298734e-01
3.8142169718e-01   3.0738002790e-01
3.8381500011e-01   3.0500222863e-01
3.8618962071e-01   3.0259970760e-01
3.8854536622e-01   3.0017258520e-01
3.9088204483e-01   2.9772098413e-01
3.9319946569e-01   2.9524502936e-01
3.9549743893e-01   2.9274484813e-01
3.9777577571e-01   2.9022056995e-01
4.0003428819e-01   2.8767232653e-01
4.0227278956e-01   2.8510025183e-01
4.0449109409e-01   2.8250448199e-01
4.0668901711e-01   2.7988515536e-01
4.0886637503e-01   2.7724241241e-01
4.1102298539e-01   2.7457639579e-01
4.1315866683e-01   2.7188725025e-01
4.1527323914e-01   2.6917512265e-01
4.1736652328e-01   2.6644016194e-01
4.1943834135e-01   2.6368251913e-01
4.1946470783e-01   2.6364709225e-01
4.1972817771e-01   2.6329262070e-01
4.2177529310e-01   2.6050929068e-01
4.2380056564e-01   2.5770360864e-01
4.2580382124e-01   2.5487573191e-01
4.2778488704e-01   2.5202581979e-01
4.2974359143e-01   2.4915403353e-01
4.3167976407e-01   2.4626053630e-01
4.3359323591e-01   2.4334549314e-01
4.3548383918e-01   2.4040907100e-01
4.3735140745e-01   2.3745143866e-01
4.3919577559e-01   2.3447276671e-01
4.4101677982e-01   2.3147322754e-01
4.4281425772e-01   2.2845299533e-01
4.4458804823e-01   2.2541224597e-01
4.4633799167e-01   2.2235115709e-01
4.4806392976e-01   2.1926990799e-01
4.4976570564e-01   2.1616867965e-01
4.5144316385e-01   2.1304765467e-01
4.5309615036e-01   2.0990701727e-01
4.5472451262e-01   2.0674695322e-01
4.5632809951e-01   2.0356764987e-01
4.5790676137e-01   2.0036929609e-01
4.5946035006e-01   1.9715208221e-01
4.6098871890e-01   1.9391620005e-01
4.6249172274e-01   1.9066184287e-01
4.6396921792e-01   1.8738920532e-01
4.6542106232e-01   1.8409848342e-01
4.6684711536e-01   1.8078987455e-01
4.6824723801e-01   1.7746357741e-01
4.6962129280e-01   1.7411979197e-01
4.7096914380e-01   1.7075871946e-01
4.7229065670e-01   1.6738056235e-01
4.7358569874e-01   1.6398552429e-01
4.7485413879e-01   1.6057381012e-01
4.7609584729e-01   1.5714562578e-01
4.7731069633e-01   1.5370117836e-01
4.7849855959e-01   1.5024067598e-01
4.7965931241e-01   1.4676432785e-01
4.8079283175e-01   1.4327234416e-01
4.8189899622e-01   1.3976493610e-01
4.8297768608e-01   1.3624231583e-01
4.8402878328e-01   1.3270469642e-01
4.8505217139e-01   1.2915229182e-01
4.8604773571e-01   1.2558531689e-01
4.8701536318e-01   1.2200398728e-01
4.8795494244e-01   1.1840851948e-01
4.8886636385e-01   1.1479913073e-01
4.8974951944e-01   1.1117603904e-01
4.9060430295e-01   1.0753946313e-01
4.9143060985e-01   1.0388962241e-01
4.9222833731e-01   1.0022673695e-01
4.9299738424e-01   9.6551027451e-02
4.9373765127e-01   9.2862715217e-02
4.9444904074e-01   8.9162022130e-02
4.9513145677e-01   8.5449170618e-02
4.9578480518e-01   8.1724383629e-02
4.9640899356e-01   7.7987884603e-02
4.9700393124e-01   7.4239897444e-02
4.9756952929e-01   7.0480646494e-02
4.9810570056e-01   6.6710356507e-02
4.9861235965e-01   6.2929252621e-02
4.9908942290e-01   5.9137560333e-02
4.9953680843e-01   5.5335505471e-02
4.9995443614e-01   5.1523314174e-02
5.0034222768e-01   4.7701212861e-02
5.0070010647e-01   4.3869428209e-02
5.0102799772e-01   4.0028187128e-02
5.0132582839e-01   3.6177716740e-02
5.0159352724e-01   3.2318244349e-02
5.0183102479e-01   2.8449997424e-02
5.0203825334e-01   2.4573203572e-02
5.0221514699e-01   2.0688090520e-02
5.0236164159e-01   1.6794886088e-02
5.0247767479e-01   1.2893818171e-02
5.0256318602e-01   8.9851147153e-03
5.0261811649e-01   5.0690037001e-03
5.0264240919e-01   1.1457131163e-03
5.0263600889e-01   -2.7845290535e-03
5.0259886215e-01   -6.7214948541e-03
5.0253091731e-01   -1.0664956377e-02
5.0243212447e-01   -1.4614685777e-02
5.0230243555e-01   -1.8570455294e-02
5.0214180421e-01   -2.2532037266e-02
5.0195018593e-01   -2.6499204148e-02
5.0172753792e-01   -3.0471728530e-02
5.0147381921e-01   -3.4449383151e-02
5.0118899058e-01   -3.8431940912e-02
5.0087301459e-01   -4.2419174899e-02
5.0086877012e-01   -4.2470215884e-02
5.0082604469e-01   -4.2980665686e-02
5.0047449449e-01   -4.6972957172e-02
5.0009172276e-01   -5.0969439785e-02
4.9967769761e-01   -5.4969887266e-02
4.9923238894e-01   -5.8974073590e-02
4.9875576840e-01   -6.2981772982e-02
4.9824780942e-01   -6.6992759925e-02
4.9770848719e-01   -7.1006809176e-02
4.9713777863e-01   -7.5023695773e-02
4.9653566247e-01   -7.9043195047e-02
4.9590211914e-01   -8.3065082631e-02
4.9523713087e-01   -8.7089134468e-02
4.9454068160e-01   -9.1115126823e-02
4.9381275704e-01   -9.5142836287e-02
4.9305334465e-01   -9.9172039787e-02
4.9226243362e-01   -1.0320251459e-01
4.9144001487e-01   -1.0723403832e-01
4.9058608108e-01   -1.1126638894e-01
4.8970062666e-01   -1.1529934479e-01
4.8878364773e-01   -1.1933268457e-01
4.8783514215e-01   -1.2336618734e-01
4.8685510953e-01   -1.2739963254e-01
4.8584355116e-01   -1.3143279999e-01
4.8480047008e-01   -1.3546546989e-01
4.8372587104e-01   -1.3949742281e-01
4.8261976049e-01   -1.4352843971e-01
4.8148214661e-01   -1.4755830194e-01
4.8031303927e-01   -1.5158679123e-01
4.7911245006e-01   -1.5561368969e-01
4.7788039226e-01   -1.5963877982e-01
4.7661688086e-01   -1.6366184452e-01
4.7532193253e-01   -1.6768266704e-01
4.7399556565e-01   -1.7170103104e-01
4.7263780027e-01   -1.7571672054e-01
4.7124865815e-01   -1.7972951996e-01
4.6982816272e-01   -1.8373921407e-01
4.6837633908e-01   -1.8774558803e-01
4.6689321403e-01   -1.9174842734e-01
4.6537881603e-01   -1.9574751788e-01
4.6383317522e-01   -1.9974264589e-01
4.6225632341e-01   -2.0373359795e-01
4.6064829407e-01   -2.0772016099e-01
4.5900912233e-01   -2.1170212228e-01
4.5733884500e-01   -2.1567926942e-01
4.5563750054e-01   -2.1965139033e-01
4.5390512905e-01   -2.2361827327e-01
4.5214177231e-01   -2.2757970678e-01
4.5034747374e-01   -2.3153547972e-01
4.4852227840e-01   -2.3548538125e-01
4.4666623301e-01   -2.3942920079e-01
4.4477938594e-01   -2.4336672807e-01
4.4286178718e-01   -2.4729775304e-01
4.4091348838e-01   -2.5122206595e-01
4.3893454282e-01   -2.5513945728e-01
4.3692500543e-01   -2.5904971772e-01
4.3488493275e-01   -2.6295263823e-01
4.3281438297e-01   -2.6684800994e-01
4.3071341592e-01   -2.7073562421e-01
4.2858209304e-01   -2.7461527258e-01
4.2642047741e-01   -2.7848674676e-01
4.2422863374e-01   -2.8234983863e-01
4.2200662836e-01   -2.8620434024e-01
4.1975452922e-01   -2.9005004375e-01
4.1747240590e-01   -2.9388674146e-01
4.1516032961e-01   -2.9771422580e-01
4.1281837318e-01   -3.0153228928e-01
4.1044661105e-01   -3.0534072449e-01
4.0804511928e-01   -3.0913932413e-01
4.0561397557e-01   -3.1292788091e-01
4.0315325923e-01   -3.1670618764e-01
4.0066305118e-01   -3.2047403710e-01
3.9814343397e-01   -3.2423122214e-01
3.9559449176e-01   -3.2797753559e-01
3.9301631035e-01   -3.3171277026e-01
3.9040897713e-01   -3.3543671894e-01
3.8777258113e-01   -3.3914917440e-01
3.8510721300e-01   -3.4284992931e-01
3.8241296500e-01   -3.4653877631e-01
3.7968993101e-01   -3.5021550794e-01
3.7693820655e-01   -3.5387991662e-01
3.7415788875e-01   -3.5753179469e-01
3.7134907637e-01   -3.6117093434e-01
3.6851186977e-01   -3.6479712760e-01
3.6564637098e-01   -3.6841016637e-01
3.6275268362e-01   -3.7200984237e-01
3.5983091296e-01   -3.7559594710e-01
3.5688116588e-01   -3.7916827190e-01
3.5390355092e-01   -3.8272660786e-01
3.5089817823e-01   -3.8627074585e-01
3.4786515960e-01   -3.8980047649e-01
3.4480460847e-01   -3.9331559014e-01
3.4171663991e-01   -3.9681587688e-01
3.3860137063e-01   -4.0030112651e-01
3.3545891899e-01   -4.0377112851e-01
3.3228940499e-01   -4.0722567206e-01
3.2909295028e-01   -4.1066454602e-01
3.2586967818e-01   -4.1408753887e-01
3.2261971364e-01   -4.1749443877e-01
3.1934318327e-01   -4.2088503349e-01
3.1604021536e-01   -4.2425911043e-01
3.1271093984e-01   -4.2761645660e-01
3.0935548832e-01   -4.3095685859e-01
3.0597399408e-01   -4.3428010260e-01
3.0256659207e-01   -4.3758597437e-01
2.9913341891e-01   -4.4087425923e-01
2.9567461290e-01   -4.4414474205e-01
2.9219031404e-01   -4.4739720724e-01
2.8868066401e-01   -4.5063143874e-01
2.8514580616e-01   -4.5384722003e-01
2.8158588556e-01   -4.5704433408e-01
2.8154017909e-01   -4.5708511528e-01
2.8108289013e-01   -4.5749275710e-01
2.7749455895e-01   -4.6066831124e-01
2.7388148128e-01   -4.6382473189e-01
2.7024380751e-01   -4.6696180045e-01
2.6658168976e-01   -4.7007929780e-01
2.6289528187e-01   -4.7317700431e-01
2.5918473939e-01   -4.7625469980e-01
2.5545021959e-01   -4.7931216355e-01
2.5169188147e-01   -4.8234917432e-01
2.4790988578e-01   -4.8536551031e-01
2.4410439497e-01   -4.8836094918e-01
2.4027557325e-01   -4.9133526802e-01
2.3642358659e-01   -4.9428824338e-01
2.3637415589e-01   -4.9432588376e-01
2.3587964187e-01   -4.9470209326e-01
2.3200143509e-01   -4.9763044790e-01
2.3195167018e-01   -4.9766777163e-01
2.3145381586e-01   -4.9804081233e-01
2.2754960979e-01   -5.0094425391e-01
2.2749951351e-01   -5.0098125724e-01
2.2699834731e-01   -5.0135109168e-01
2.2306836539e-01   -5.0422932704e-01
2.2301794062e-01   -5.0426600622e-01
2.2251349129e-01   -5.0463259684e-01
2.1855795958e-01   -5.0748533200e-01
2.1850720923e-01   -5.0752168326e-01
2.1799950586e-01   -5.0788499240e-01
2.1401865304e-01   -5.1071193252e-01
2.1396758005e-01   -5.1074795209e-01
2.1345665207e-01   -5.1110794196e-01
2.0945070945e-01   -5.1390879140e-01
2.0939931679e-01   -5.1394447550e-01
2.0888519397e-01   -5.1430110823e-01
2.0485439551e-01   -5.1707557052e-01
2.0480268618e-01   -5.1711091533e-01
2.0428539862e-01   -5.1746415295e-01
2.0022998092e-01   -5.2021193079e-01
2.0017795797e-01   -5.2024693252e-01
1.9965753611e-01   -5.2059673693e-01
1.9557773842e-01   -5.2331753223e-01
1.9552540493e-01   -5.2335218706e-01
1.9500187955e-01   -5.2369852006e-01
1.9089794379e-01   -5.2639203392e-01
1.9084530287e-01   -5.2642633801e-01
1.9031870509e-01   -5.2676916133e-01
1.8619087585e-01   -5.2943509404e-01
1.8613793064e-01   -5.2946904356e-01
1.8560829193e-01   -5.2980831879e-01
1.8145681646e-01   -5.3244636988e-01
1.8140357015e-01   -5.3247996098e-01
1.8087092231e-01   -5.3281564964e-01
1.7669605056e-01   -5.3542551786e-01
1.7664250635e-01   -5.3545874668e-01
1.7610688154e-01   -5.3579081017e-01
1.7190886615e-01   -5.3837219352e-01
1.7185502729e-01   -5.3840505620e-01
1.7131645800e-01   -5.3873345584e-01
1.6709555429e-01   -5.4128605158e-01
1.6704142406e-01   -5.4131854424e-01
1.6649994313e-01   -5.4164324125e-01
1.6225640914e-01   -5.4416674592e-01
1.6220199086e-01   -5.4419886467e-01
1.6165763149e-01   -5.4451982018e-01
1.5739172795e-01   -5.4701392962e-01
1.5733702497e-01   -5.4704567056e-01
1.5678982068e-01   -5.4736284561e-01
1.5250181106e-01   -5.4982725498e-01
1.5244682676e-01   -5.4985861421e-01
1.5189681143e-01   -5.5017196976e-01
1.4758696190e-01   -5.5260637355e-01
1.4753169971e-01   -5.5263734716e-01
1.4697890758e-01   -5.5294684408e-01
1.4692361135e-01   -5.5297776984e-01
1.4637047904e-01   -5.5328678801e-01
1.4203641606e-01   -5.5568711931e-01
1.4198084582e-01   -5.5571765505e-01
1.4142497557e-01   -5.5602277054e-01
1.3706964692e-01   -5.5839244549e-01
1.3701380617e-01   -5.5842258728e-01
1.3645523296e-01   -5.5872376080e-01
1.3207891336e-01   -5.6106247202e-01
1.3202280562e-01   -5.6109221591e-01
1.3146156477e-01   -5.6138940810e-01
1.2706453166e-01   -5.6369684764e-01
1.2700816051e-01   -5.6372618970e-01
1.2644428770e-01   -5.6401936113e-01
1.2202682128e-01   -5.6629522053e-01
1.2197019032e-01   -5.6632415680e-01
1.2140372156e-01   -5.6661326797e-01
1.1696610481e-01   -5.6885723829e-01
1.1690921766e-01   -5.6888576483e-01
1.1634018935e-01   -5.6917077618e-01
1.1188270796e-01   -5.7138254803e-01
1.1182556829e-01   -5.7141066087e-01
1.1125401716e-01   -5.7169153280e-01
1.0677695961e-01   -5.7387079638e-01
1.0671957114e-01   -5.7389849156e-01
1.0614553426e-01   -5.7417518440e-01
1.0164919179e-01   -5.7632162953e-01
1.0159155826e-01   -5.7634890308e-01
1.0101507308e-01   -5.7662137714e-01
9.6499739681e-02   -5.7873469332e-01
9.6441864869e-02   -5.7876154126e-01
9.5862969180e-02   -5.7902975678e-01
9.1328941633e-02   -5.8110963322e-01
9.1270829349e-02   -5.8113605157e-01
9.0689561299e-02   -5.8139996878e-01
8.6137139151e-02   -5.8344609444e-01
8.6078793242e-02   -5.8347207923e-01
8.5495191332e-02   -5.8373165832e-01
8.0924676903e-02   -5.8574372197e-01
8.0866101253e-02   -5.8576926920e-01
8.0280204342e-02   -5.8602447035e-01
7.5691902727e-02   -5.8800216059e-01
7.5633101256e-02   -5.8802726630e-01
7.5044948556e-02   -5.8827804965e-01
7.0439167628e-02   -5.9022105501e-01
7.0380144289e-02   -5.9024571520e-01
6.9789775369e-02   -5.9049204090e-01
6.5166825778e-02   -5.9240004984e-01
6.5107584562e-02   -5.9242426052e-01
6.4515039346e-02   -5.9266608872e-01
5.9875234520e-02   -5.9453878973e-01
5.9815779453e-02   -5.9456254692e-01
5.9221098218e-02   -5.9479983775e-01
5.4564754362e-02   -5.9663691936e-01
5.4505089505e-02   -5.9666021907e-01
5.3908312886e-02   -5.9689293271e-01
4.9235748983e-02   -5.9869408357e-01
4.9175878433e-02   -5.9871692183e-01
4.8577047420e-02   -5.9894501844e-01
4.3888585226e-02   -6.0070992740e-01
4.3828513115e-02   -6.0073230022e-01
4.3227669051e-02   -6.0095574002e-01
3.8523633098e-02   -6.0268409615e-01
3.8463363594e-02   -6.0270599956e-01
3.7860548178e-02   -6.0292474279e-01
3.3141265767e-02   -6.0461623549e-01
3.3080803072e-02   -6.0463766551e-01
3.2476058359e-02   -6.0485167244e-01
2.7741859559e-02   -6.0650599147e-01
2.7681207913e-02   -6.0652694415e-01
2.7074576308e-02   -6.0673617512e-01
2.2325793954e-02   -6.0835301068e-01
2.2264957629e-02   -6.0837348204e-01
2.1656481894e-02   -6.0857789746e-01
1.6893451579e-02   -6.1015694026e-01
1.6832434885e-02   -6.1017692636e-01
1.6222158133e-02   -6.1037648668e-01
1.1445218205e-02   -6.1191742801e-01
1.1384025488e-02   -6.1193692490e-01
1.0771991184e-02   -6.1213159068e-01
5.9814827423e-03   -6.1363412249e-01
5.9201183798e-03   -6.1365312623e-01
5.3063703414e-03   -6.1384285809e-01
5.0263722831e-04   -6.1530667307e-01
4.4110563562e-04   -6.1532517973e-01
-1.7431197012e-04   -6.1550993842e-01
-4.9909231761e-03   -6.1693473005e-01
-5.0526175494e-03   -6.1695273572e-01
-5.6696602053e-03   -6.1713248206e-01
-1.0498800196e-02   -6.1851794471e-01
-1.0560652866e-02   -6.1853544548e-01
-1.1179275706e-02   -6.1871014045e-01
-1.6020592454e-02   -6.2005596947e-01
-1.6082598901e-02   -6.2007296145e-01
-1.6702756712e-02   -6.2024256613e-01
-2.1555895476e-02   -6.2154845791e-01
-2.1618051146e-02   -6.2156493722e-01
-2.2239698369e-02   -6.2172941284e-01
-2.7104301707e-02   -6.2299506491e-01
-2.7166602011e-02   -6.2301102769e-01
-2.7789692741e-02   -6.2317033563e-01
-3.2665400519e-02   -6.2439544675e-01
-3.2727840836e-02   -6.2441088915e-01
-3.3352328825e-02   -6.2456499096e-01
-3.8238778228e-02   -6.2574926118e-01
-3.8301353900e-02   -6.2576417938e-01
-3.8927192557e-02   -6.2591303676e-01
-4.3824018104e-02   -6.2705616755e-01
-4.3886724440e-02   -6.2707055774e-01
-4.4513866835e-02   -6.2721413260e-01
-4.9420700387e-02   -6.2831582693e-01
-4.9483532663e-02   -6.2832968530e-01
-5.0111931525e-02   -6.2846793974e-01
-5.5028402305e-02   -6.2952790215e-01
-5.5091355761e-02   -6.2954122495e-01
-5.5720963484e-02   -6.2967412127e-01
-6.0646698084e-02   -6.3069205799e-01
-6.0709767930e-02   -6.3070484146e-01
-6.1340536572e-02   -6.3083234220e-01
-6.6275158975e-02   -6.3180796124e-01
-6.6338340384e-02   -6.3182020165e-01
-6.6970221670e-02   -6.3194226956e-01
-7.1913353265e-02   -6.3287528080e-01
-7.1976641377e-02   -6.3288697446e-01
-7.2609586702e-02   -6.3300357256e-01
-7.7560846296e-02   -6.3389368787e-01
-7.7624236222e-02   -6.3390483110e-01
-7.8258196651e-02   -6.3401592265e-01
-8.3217200495e-02   -6.3486285596e-01
-8.3280687310e-02   -6.3487344512e-01
-8.3915613581e-02   -6.3497899367e-01
-8.8881975383e-02   -6.3578246111e-01
-8.8945554131e-02   -6.3579249257e-01
-8.9581396660e-02   -6.3589246194e-01
-9.4554727607e-02   -6.3665218193e-01
-9.4618393299e-02   -6.3666165210e-01
-9.5255102181e-02   -6.3675600642e-01
-1.0023501096e-01   -6.3747169975e-01
-1.0029875858e-01   -6.3748060508e-01
-1.0093628359e-01   -6.3756930880e-01
-1.0592237641e-01   -6.3824069877e-01
-1.0598620089e-01   -6.3824903573e-01
-1.0662449149e-01   -6.3833205360e-01
-1.1161637211e-01   -6.3895886613e-01
-1.1168026838e-01   -6.3896663124e-01
-1.1231927372e-01   -6.3904392837e-01
-1.1731654345e-01   -6.3962589208e-01
-1.1738050640e-01   -6.3963308187e-01
-1.1802017530e-01   -6.3970462373e-01
-1.2302243307e-01   -6.4024147008e-01
-1.2802873170e-01   -6.4073854660e-01
-1.2809280586e-01   -6.4074464753e-01
-1.2873358088e-01   -6.4080529694e-01
-1.3374410845e-01   -6.4125676016e-01
-1.3380823440e-01   -6.4126227605e-01
-1.3444952413e-01   -6.4131707294e-01
-1.3946387276e-01   -6.4172266308e-01
-1.3952804528e-01   -6.4172759062e-01
-1.4016979738e-01   -6.4177650196e-01
-1.4518755692e-01   -6.4213596252e-01
-1.5020796739e-01   -6.4245477614e-01
-1.5523071033e-01   -6.4273275065e-01
-1.6025546578e-01   -6.4296969628e-01
-1.6528191231e-01   -6.4316542580e-01
-1.7030972705e-01   -6.4331975449e-01
-1.7533858567e-01   -6.4343250028e-01
-1.8036816246e-01   -6.4350348382e-01
-1.8539813028e-01   -6.4353252851e-01
-1.9042816065e-01   -6.4351946059e-01
-1.9545792375e-01   -6.4346410924e-01
-2.0048708840e-01   -6.4336630659e-01
-2.0551532215e-01   -6.4322588786e-01
-2.1054229126e-01   -6.4304269136e-01
-2.1556766075e-01   -6.4281655864e-01
-2.2059109441e-01   -6.4254733448e-01
-2.2561225483e-01   -6.4223486703e-01
-2.3063080341e-01   -6.4187900782e-01
-2.3564640043e-01   -6.4147961189e-01
-2.4065870504e-01   -6.4103653780e-01
-2.4072280840e-01   -6.4103058564e-01
-2.4136380908e-01   -6.4097066953e-01
-2.4637194035e-01   -6.4047760236e-01
-2.4643598778e-01   -6.4047100961e-01
-2.4707642569e-01   -6.4040468615e-01
-2.4714046583e-01   -6.4039801420e-01
-2.4778083034e-01   -6.4033089874e-01
-2.5278374078e-01   -6.3978146384e-01
-2.5284771856e-01   -6.3977414885e-01
-2.5348745600e-01   -6.3970060151e-01
-2.5848524313e-01   -6.3910081112e-01
-2.5854915281e-01   -6.3909285096e-01
-2.5918820572e-01   -6.3901285068e-01
-2.6418041983e-01   -6.3836254300e-01
-2.6424425566e-01   -6.3835393563e-01
-2.6488256642e-01   -6.3826746210e-01
-2.6986875638e-01   -6.3756648118e-01
-2.6993251257e-01   -6.3755722465e-01
-2.7057002337e-01   -6.3746425828e-01
-2.7554973670e-01   -6.3671245414e-01
-2.7561340745e-01   -6.3670254656e-01
-2.7625006032e-01   -6.3660306857e-01
-2.8122284321e-01   -6.3580029730e-01
-2.8128642272e-01   -6.3578973687e-01
-2.8192215951e-01   -6.3568372923e-01
-2.8688755691e-01   -6.3482985312e-01
-2.8695103933e-01   -6.3481863810e-01
-2.8758580175e-01   -6.3470608361e-01
-2.9254335740e-01   -6.3380097123e-01
-2.9260673690e-01   -6.3378909999e-01
-2.9324046650e-01   -6.3366998225e-01
-2.9818972299e-01   -6.3271350859e-01
-2.9825299371e-01   -6.3270097956e-01
-2.9888563191e-01   -6.3257528299e-01
-3.0382613075e-01   -6.3156732957e-01
-3.0388928683e-01   -6.3155414127e-01
-3.0452077488e-01   -6.3142185113e-01
-3.0945205658e-01   -6.3036230607e-01
-3.0951509211e-01   -6.3034845711e-01
-3.1014537118e-01   -6.3020955953e-01
-3.1020839144e-01   -6.3019562897e-01
-3.1083851728e-01   -6.3005591532e-01
-3.1575889546e-01   -6.2893828873e-01
-3.1582178856e-01   -6.2892369605e-01
-3.1645063915e-01   -6.2877736040e-01
-3.2136082132e-01   -6.2760792706e-01
-3.2142358135e-01   -6.2759267105e-01
-3.2205109760e-01   -6.2743970138e-01
-3.2695062143e-01   -6.2621837078e-01
-3.2701324247e-01   -6.2620245032e-01
-3.2763936518e-01   -6.2604283550e-01
-3.3252776756e-01   -6.2476952417e-01
-3.3259024368e-01   -6.2475293823e-01
-3.3321491355e-01   -6.2458666805e-01
-3.3809173066e-01   -6.2326129964e-01
-3.3815405593e-01   -6.2324404729e-01
-3.3877721357e-01   -6.2307111243e-01
-3.4364198094e-01   -6.2169361784e-01
-3.4370414941e-01   -6.2167569823e-01
-3.4432573536e-01   -6.2149609034e-01
-3.4917798794e-01   -6.2006640779e-01
-3.4923999365e-01   -6.2004782018e-01
-3.4985994839e-01   -6.1986153182e-01
-3.5469922059e-01   -6.1837960694e-01
-3.5476105759e-01   -6.1836035067e-01
-3.5537932152e-01   -6.1816737538e-01
-3.6020514733e-01   -6.1663316130e-01
-3.6026680965e-01   -6.1661323582e-01
-3.6088332311e-01   -6.1641356809e-01
-3.6094496347e-01   -6.1639356002e-01
-3.6156125684e-01   -6.1619306631e-01
-3.6637142111e-01   -6.1460006567e-01
-3.6643288008e-01   -6.1457938788e-01
-3.6704735593e-01   -6.1437219671e-01
-3.7184308307e-01   -6.1272683262e-01
-3.7190435469e-01   -6.1270548475e-01
-3.7251695329e-01   -6.1249159269e-01
-3.7729777631e-01   -6.1079384224e-01
-3.7735885459e-01   -6.1077182406e-01
-3.7796951618e-01   -6.1055122868e-01
-3.8273496792e-01   -6.0880107679e-01
-3.8279584689e-01   -6.0877838814e-01
-3.8340451169e-01   -6.0855108804e-01
-3.8815412487e-01   -6.0674852753e-01
-3.8821479856e-01   -6.0672516837e-01
-3.8882140678e-01   -6.0649116313e-01
-3.9355471412e-01   -6.0463619481e-01
-3.9361517654e-01   -6.0461216519e-01
-3.9421966841e-01   -6.0437145543e-01
-3.9893620265e-01   -6.0246408814e-01
-3.9899644782e-01   -6.0243938821e-01
-3.9959876357e-01   -6.0219197560e-01
-4.0429805757e-01   -6.0023222627e-01
-4.0435807953e-01   -6.0020685631e-01
-4.0495815939e-01   -5.9995274352e-01
-4.0501815339e-01   -5.9992729093e-01
-4.0561795328e-01   -5.9967235178e-01
-4.1029732323e-01   -5.9765378842e-01
-4.1035708730e-01   -5.9762766620e-01
-4.1095458421e-01   -5.9736603117e-01
-4.1561572274e-01   -5.9529514887e-01
-4.1567525092e-01   -5.9526835753e-01
-4.1627038518e-01   -5.9500003153e-01
-4.2091282597e-01   -5.9287687290e-01
-4.2097211229e-01   -5.9284941302e-01
-4.2156482426e-01   -5.9257440205e-01
-4.2618810143e-01   -5.9039901803e-01
-4.2624713992e-01   -5.9037089032e-01
-4.2683737003e-01   -5.9008920143e-01
-4.3144101818e-01   -5.8786165133e-01
-4.3149980291e-01   -5.8783285658e-01
-4.3208749164e-01   -5.8754449790e-01
-4.3667104593e-01   -5.8526484944e-01
-4.3672957095e-01   -5.8523538857e-01
-4.3731465889e-01   -5.8494036932e-01
-4.4187765513e-01   -5.8260869866e-01
-4.4193591449e-01   -5.8257857270e-01
-4.4251834229e-01   -5.8227690316e-01
-4.4257656847e-01   -5.8224669522e-01
-4.4315866398e-01   -5.8194420601e-01
-4.4769801321e-01   -5.7955419658e-01
-4.4775596708e-01   -5.7952332482e-01
-4.4833533591e-01   -5.7921419819e-01
-4.4839325578e-01   -5.7918324462e-01
-4.4897228411e-01   -5.7887329998e-01
-4.5348740257e-01   -5.7642507068e-01
-4.5354504349e-01   -5.7639345471e-01
-4.5412127873e-01   -5.7607688688e-01
-4.5861433735e-01   -5.7357694130e-01
-4.5867169343e-01   -5.7354466430e-01
-4.5924507657e-01   -5.7322148712e-01
-4.6371561475e-01   -5.7066993763e-01
-4.6377268009e-01   -5.7063700110e-01
-4.6434315227e-01   -5.7030722949e-01
-4.6879071041e-01   -5.6770419704e-01
-4.6884747915e-01   -5.6767060257e-01
-4.6941498164e-01   -5.6733425257e-01
-4.6947171338e-01   -5.6730057704e-01
-4.7003884544e-01   -5.6696341663e-01
-4.7446004177e-01   -5.6430270473e-01
-4.7451647033e-01   -5.6426837319e-01
-4.7508056690e-01   -5.6392465371e-01
-4.7947781113e-01   -5.6121274418e-01
-4.7953393066e-01   -5.6117775845e-01
-4.8009493335e-01   -5.6082749827e-01
-4.8446776963e-01   -5.5806453893e-01
-4.8452357431e-01   -5.5802890095e-01
-4.8508142488e-01   -5.5767211952e-01
-4.8942939873e-01   -5.5485826679e-01
-4.8948488274e-01   -5.5482197862e-01
-4.9003952314e-01   -5.5445869652e-01
-4.9436218152e-01   -5.5159411541e-01
-4.9441733908e-01   -5.5155717920e-01
-4.9496871144e-01   -5.5118741810e-01
-4.9926560279e-01   -5.4827228222e-01
-4.9932042814e-01   -5.4823470024e-01
-4.9986847479e-01   -5.4785848290e-01
-5.0413914915e-01   -5.4489297445e-01
-5.0419363654e-01   -5.4485474908e-01
-5.0473830002e-01   -5.4447209937e-01
-5.0898230911e-01   -5.4145640908e-01
-5.0903645281e-01   -5.4141754281e-01
-5.0957767589e-01   -5.4102848568e-01
-5.1379457315e-01   -5.3796281283e-01
-5.1384836745e-01   -5.3792330826e-01
-5.1438609310e-01   -5.3752786976e-01
-5.1857543379e-01   -5.3441242214e-01
-5.1862887302e-01   -5.3437228198e-01
-5.1916304447e-01   -5.3397048924e-01
-5.2332438574e-01   -5.3080548312e-01
-5.2337746425e-01   -5.3076471018e-01
-5.2390802496e-01   -5.3035659141e-01
-5.2804092592e-01   -5.2714225151e-01
-5.2809363807e-01   -5.2710084871e-01
-5.2862053177e-01   -5.2668643322e-01
-5.3272455359e-01   -5.2342299264e-01
-5.3277689379e-01   -5.2338096301e-01
-5.3330006447e-01   -5.2296028115e-01
-5.3737477041e-01   -5.1964798137e-01
-5.3742673308e-01   -5.1960532806e-01
-5.3794612501e-01   -5.1917841126e-01
-5.4199108054e-01   -5.1581750206e-01
-5.4204266012e-01   -5.1577422830e-01
-5.4255821785e-01   -5.1534110906e-01
-5.4657299070e-01   -5.1193184848e-01
-5.4662418169e-01   -5.1188795762e-01
-5.4713585006e-01   -5.1144866949e-01
-5.5112001029e-01   -5.0799132376e-01
-5.5117080720e-01   -5.0794681925e-01
-5.5167853136e-01   -5.0750139681e-01
-5.5563165145e-01   -5.0399624032e-01
-5.5568204882e-01   -5.0395112572e-01
-5.5618577424e-01   -5.0349960460e-01
-5.6010742914e-01   -4.9994691980e-01
-5.6015742155e-01   -4.9990119877e-01
-5.6065709401e-01   -4.9944361562e-01
-5.6454686123e-01   -4.9584369295e-01
-5.6459644329e-01   -4.9579736925e-01
-5.6509200891e-01   -4.9533376175e-01
-5.6894946860e-01   -4.9168689959e-01
-5.6899863494e-01   -4.9163997708e-01
-5.6949004018e-01   -4.9117038392e-01
-5.7331477516e-01   -4.8747688850e-01
-5.7336352047e-01   -4.8742937114e-01
-5.7385071213e-01   -4.8695383199e-01
-5.7764230800e-01   -4.8321401731e-01
-5.7769062699e-01   -4.8316590917e-01
-5.7817355224e-01   -4.8268446470e-01
-5.8193159743e-01   -4.7889865243e-01
-5.8197948486e-01   -4.7884995766e-01
-5.8245809122e-01   -4.7836264953e-01
-5.8618217707e-01   -4.7453116893e-01
-5.8622962772e-01   -4.7448189179e-01
-5.8670386310e-01   -4.7398876260e-01
-5.9039358391e-01   -4.7011195044e-01
-5.9044059261e-01   -4.7006209528e-01
-5.9091040530e-01   -4.6956318860e-01
-5.9456535841e-01   -4.6564138903e-01
-5.9461192002e-01   -4.6559096029e-01
-5.9507725872e-01   -4.6508632062e-01
-5.9869704456e-01   -4.6111988509e-01
-5.9874315399e-01   -4.6106888732e-01
-5.9920396777e-01   -4.6055856009e-01
-6.0278818995e-01   -4.5654784725e-01
-6.0283384216e-01   -4.5649628506e-01
-6.0329008051e-01   -4.5598031662e-01
-6.0683834586e-01   -4.5192569218e-01
-6.0688353583e-01   -4.5187357030e-01
-6.0733514867e-01   -4.5135200789e-01
-6.1084706732e-01   -4.4725384453e-01
-6.1089179007e-01   -4.4720116777e-01
-6.1133872774e-01   -4.4667405952e-01
-6.1481391318e-01   -4.4253273677e-01
-6.1485816379e-01   -4.4247951002e-01
-6.1530037705e-01   -4.4194690491e-01
-6.1873844616e-01   -4.3776280905e-01
-6.1878221976e-01   -4.3770903729e-01
-6.1921965982e-01   -4.3717098518e-01
-6.2262023298e-01   -4.3294450906e-01
-6.2266352471e-01   -4.3289019735e-01
-6.2309614324e-01   -4.3234674892e-01
-6.2645884434e-01   -4.2807829190e-01
-6.2650164943e-01   -4.2802344539e-01
-6.2692939853e-01   -4.2747465214e-01
-6.3025385506e-01   -4.2316461990e-01
-6.3029616876e-01   -4.2310924382e-01
-6.3071900101e-01   -4.2255515806e-01
-6.3400484411e-01   -4.1820396253e-01
-6.3404666171e-01   -4.1814806217e-01
-6.3446453016e-01   -4.1758873701e-01
-6.3771139467e-01   -4.1319679616e-01
-6.3775271153e-01   -4.1314037692e-01
-6.3816556970e-01   -4.1257586620e-01
-6.4137309419e-01   -4.0814360399e-01
-6.4141390570e-01   -4.0808667131e-01
-6.4182170760e-01   -4.0751702967e-01
-6.4498953448e-01   -4.0304487581e-01
-6.4502983609e-01   -4.0298743523e-01
-6.4543253622e-01   -4.0241271800e-01
-6.4856031173e-01   -3.9790110791e-01
-6.4860009894e-01   -3.9784316503e-01
-6.4899765229e-01   -3.9726342828e-01
-6.5208502659e-01   -3.9271280284e-01
-6.5212429494e-01   -3.9265436333e-01
-6.5251665700e-01   -3.9206966382e-01
-6.5556328421e-01   -3.8748046931e-01
-6.5560202931e-01   -3.8742153891e-01
-6.5598915609e-01   -3.8683193407e-01
-6.5899469431e-01   -3.8220462196e-01
-6.5903291180e-01   -3.8214520648e-01
-6.5941475982e-01   -3.8155075439e-01
-6.6237887123e-01   -3.7688578122e-01
-6.6241655681e-01   -3.7682588653e-01
-6.6279308312e-01   -3.7622664594e-01
-6.6571543396e-01   -3.7152447314e-01
-6.6575258338e-01   -3.7146410516e-01
-6.6612374555e-01   -3.7086013540e-01
-6.6900400621e-01   -3.6612122917e-01
-6.6904061529e-01   -3.6606039390e-01
-6.6940637141e-01   -3.6545175492e-01
-6.7224421647e-01   -3.6067658602e-01
-6.7228028106e-01   -3.6061528950e-01
-6.7264058977e-01   -3.6000204182e-01
-6.7543569801e-01   -3.5519108545e-01
-6.7547121403e-01   -3.5512933379e-01
-6.7582603451e-01   -3.5451153848e-01
-6.7857808898e-01   -3.4966527410e-01
-6.7861305239e-01   -3.4960307346e-01
-6.7896234437e-01   -3.4898079213e-01
-6.8167103239e-01   -3.4409970332e-01
-6.8170543923e-01   -3.4403705990e-01
-6.8204916298e-01   -3.4341035468e-01
-6.8471417623e-01   -3.3849492894e-01
-6.8474802256e-01   -3.3843184901e-01
-6.8508613892e-01   -3.3780078251e-01
-6.8770717342e-01   -3.3285151111e-01
-6.8774045540e-01   -3.3278800097e-01
-6.8807292575e-01   -3.3215263628e-01
-6.9064968193e-01   -3.2717001411e-01
-6.9068239574e-01   -3.2710608011e-01
-6.9100918206e-01   -3.2646648078e-01
-6.9354136476e-01   -3.2145100615e-01
-6.9357350665e-01   -3.2138665469e-01
-6.9389457145e-01   -3.2074288467e-01
-6.9638189000e-01   -3.1569505919e-01
-6.9641345627e-01   -3.1563029670e-01
-6.9672876267e-01   -3.1498242038e-01
-6.9917093086e-01   -3.0990274873e-01
-6.9920191787e-01   -3.0983758168e-01
-6.9951142953e-01   -3.0918566383e-01
-7.0190816567e-01   -3.0407465363e-01
-7.0193856986e-01   -3.0400908854e-01
-7.0224225103e-01   -3.0335319427e-01
-7.0459327797e-01   -2.9821135592e-01
-7.0462309581e-01   -2.9814539933e-01
-7.0492091134e-01   -2.9748559412e-01
-7.0722595648e-01   -2.9231344060e-01
-7.0725518451e-01   -2.9224709909e-01
-7.0754709982e-01   -2.9158344872e-01
-7.0980589517e-01   -2.8638149544e-01
-7.0983452998e-01   -2.8631477561e-01
-7.1012051108e-01   -2.8564734618e-01
-7.1233279324e-01   -2.8041611080e-01
-7.1236083150e-01   -2.8034901929e-01
-7.1264084498e-01   -2.7967787716e-01
-7.1480635517e-01   -2.7441787943e-01
-7.1483379359e-01   -2.7435042290e-01
-7.1510780665e-01   -2.7367563470e-01
-7.1722629075e-01   -2.6838739628e-01
-7.1725312610e-01   -2.6831958142e-01
-7.1752110653e-01   -2.6764121400e-01
-7.1959231506e-01   -2.6232525831e-01
-7.1961854418e-01   -2.6225709181e-01
-7.1988046037e-01   -2.6157521224e-01
-7.2190414854e-01   -2.5623206428e-01
-7.2192976832e-01   -2.5616355288e-01
-7.2218558924e-01   -2.5547822842e-01
-7.2416151694e-01   -2.5010841459e-01
-7.2418652434e-01   -2.5003956503e-01
-7.2443621959e-01   -2.4935086312e-01
-7.2636415141e-01   -2.4395491107e-01
-7.2638854344e-01   -2.4388573011e-01
-7.2663208319e-01   -2.4319371832e-01
-7.2851178843e-01   -2.3777215681e-01
-7.2853556217e-01   -2.3770265121e-01
-7.2877291723e-01   -2.3700739725e-01
-7.3060416990e-01   -2.3156075592e-01
-7.3062732249e-01   -2.3149093247e-01
-7.3085846424e-01   -2.3079250417e-01
-7.3264104310e-01   -2.2532131344e-01
-7.3266357172e-01   -2.2525117892e-01
-7.3288847216e-01   -2.2454964416e-01
-7.3462216068e-01   -2.1905443504e-01
-7.3464406260e-01   -2.1898399626e-01
-7.3486269434e-01   -2.1827942302e-01
-7.3654728073e-01   -2.1276072695e-01
-7.3656855326e-01   -2.1268999070e-01
-7.3678088951e-01   -2.1198244699e-01
-7.3841616673e-01   -2.0644079569e-01
-7.3843680726e-01   -2.0636976878e-01
-7.3864282183e-01   -2.0565932263e-01
-7.4022858756e-01   -2.0009524795e-01
-7.4024859352e-01   -2.0002393718e-01
-7.4044826085e-01   -1.9931065664e-01
-7.4198431754e-01   -1.9372469037e-01
-7.4200368643e-01   -1.9365310254e-01
-7.4219698154e-01   -1.9293705565e-01
-7.4368313637e-01   -1.8732972940e-01
-7.4370186575e-01   -1.8725787132e-01
-7.4388876427e-01   -1.8653912606e-01
-7.4532482915e-01   -1.8091097113e-01
-7.4534291664e-01   -1.8083884958e-01
-7.4552339483e-01   -1.8011747390e-01
-7.4690918641e-01   -1.7446902106e-01
-7.4692662970e-01   -1.7439664284e-01
-7.4710066439e-01   -1.7367270460e-01
-7.4843600406e-01   -1.6800448402e-01
-7.4845280088e-01   -1.6793185591e-01
-7.4862036954e-01   -1.6720542289e-01
-7.4990508340e-01   -1.6151796394e-01
-7.4992123156e-01   -1.6144509271e-01
-7.5008231224e-01   -1.6071623258e-01
-7.5131623111e-01   -1.5501006373e-01
-7.5133172846e-01   -1.5493695611e-01
-7.5148629983e-01   -1.5420573643e-01
-7.5266925924e-01   -1.4848138507e-01
-7.5268410372e-01   -1.4840804782e-01
-7.5283214503e-01   -1.4767453598e-01
-7.5396398521e-01   -1.4193252831e-01
-7.5397817478e-01   -1.4185896816e-01
-7.5411966590e-01   -1.4112323139e-01
-7.5520023176e-01   -1.3536409229e-01
-7.5521376448e-01   -1.3529031594e-01
-7.5534868587e-01   -1.3455242131e-01
-7.5637782699e-01   -1.2877667419e-01
-7.5639070095e-01   -1.2870268833e-01
-7.5651903367e-01   -1.2796270270e-01
-7.5749660430e-01   -1.2217086939e-01
-7.5750881767e-01   -1.2209668069e-01
-7.5763054337e-01   -1.2135467071e-01
-7.5855640240e-01   -1.1554727132e-01
-7.5856795340e-01   -1.1547288641e-01
-7.5868305432e-01   -1.1472891851e-01
-7.5955706527e-01   -1.0890647132e-01
-7.5956795219e-01   -1.0883189683e-01
-7.5967641117e-01   -1.0808603719e-01
-7.6049844217e-01   -1.0224905851e-01
-7.6050866334e-01   -1.0217430104e-01
-7.6061046381e-01   -1.0142661558e-01
-7.6138038759e-01   -9.5575619665e-02
-7.6138994140e-01   -9.5500685768e-02
-7.6148506738e-01   -9.4751240151e-02
-7.6220276123e-01   -8.8886739058e-02
-7.6221164615e-01   -8.8811635279e-02
-7.6230008223e-01   -8.8060494866e-02
-7.6296542803e-01   -8.2182998364e-02
-7.6297364256e-01   -8.2107731212e-02
-7.6305537392e-01   -8.1354961067e-02
-7.6366825805e-01   -7.5464976524e-02
-7.6367580077e-01   -7.5389552475e-02
-7.6375081317e-01   -7.4635217350e-02
-7.6431112653e-01   -6.8733249627e-02
-7.6431799608e-01   -6.8657675126e-02
-7.6438627585e-01   -6.7901839446e-02
-7.6489391384e-01   -6.1988390804e-02
-7.6490010890e-01   -6.1912672262e-02
-7.6496164295e-01   -6.1155400110e-02
-7.6541650543e-01   -5.5230970109e-02
-7.6542202473e-01   -5.5155113900e-02
-7.6547680054e-01   -5.4396469012e-02
-7.6587879182e-01   -4.8461554418e-02
-7.6588363418e-01   -4.8385566883e-02
-7.6593163978e-01   -4.7625612629e-02
-7.6628066858e-01   -4.1680707328e-02
-7.6628483284e-01   -4.1604594769e-02
-7.6632605685e-01   -4.0843394144e-02
-7.6662203627e-01   -3.4888989055e-02
-7.6662552136e-01   -3.4812757735e-02
-7.6665995294e-01   -3.4050373352e-02
-7.6690280046e-01   -2.8086956346e-02
-7.6690560534e-01   -2.8010612489e-02
-7.6693323421e-01   -2.7247106563e-02
-7.6712287165e-01   -2.1275162383e-02
-7.6712499534e-01   -2.1198712173e-02
-7.6714581178e-01   -2.0434146516e-02
-7.6728216525e-01   -1.4454156703e-02
-7.6728360684e-01   -1.4377606282e-02
-7.6729760167e-01   -1.3612042290e-02
-7.6738060157e-01   -7.6244851139e-03
-7.6738136018e-01   -7.5478405819e-03
-7.6738852478e-01   -6.7813392292e-03
-7.6741810575e-01   -7.8668961834e-04
-7.6741818058e-01   -7.0995703235e-04
-7.6741850686e-01   5.7421138745e-05
-7.6739460777e-01   6.0586916583e-03
-7.6739399806e-01   6.1355062853e-03
-7.6738747846e-01   6.9037011718e-03
-7.6731004237e-01   1.2911124537e-02
-7.6730874741e-01   1.2988015237e-02
-7.6729537493e-01   1.3756967183e-02
-7.6716434904e-01   1.9770078850e-02
-7.6716236818e-01   1.9847039699e-02
-7.6714213633e-01   2.0616689501e-02
-7.6695747199e-01   2.6635028499e-02
-7.6695480463e-01   2.6712053620e-02
-7.6692770744e-01   2.7482342536e-02
-7.6668936008e-01   3.3505451510e-02
-7.6668600568e-01   3.3582535073e-02
-7.6665203772e-01   3.4353404828e-02
-7.6635996683e-01   4.0380830090e-02
-7.6635592489e-01   4.0457966311e-02
-7.6631508124e-01   4.1229359098e-02
-7.6596925035e-01   4.7260650665e-02
-7.6596452043e-01   4.7337833810e-02
-7.6591679667e-01   4.8109692301e-02
-7.6551717330e-01   5.4144403933e-02
-7.6551175500e-01   5.4221628312e-02
-7.6545714724e-01   5.4993895661e-02
-7.6500370287e-01   6.1031584893e-02
-7.6499759585e-01   6.1108844868e-02
-7.6493610070e-01   6.1881464712e-02
-7.6442881074e-01   6.7921692885e-02
-7.6442201471e-01   6.7998982865e-02
-7.6435362927e-01   6.8771899331e-02
-7.6379247302e-01   7.4814231618e-02
-7.6378498773e-01   7.4891546062e-02
-7.6370970961e-01   7.5664703767e-02
-7.6309467023e-01   8.1708709195e-02
-7.6308649550e-01   8.1786042612e-02
-7.6300432278e-01   8.2559386670e-02
-7.6233538727e-01   8.8604638138e-02
-7.6232652294e-01   8.8681985085e-02
-7.6223745422e-01   8.9455461103e-02
-7.6151461335e-01   9.5501535398e-02
-7.6150505933e-01   9.5578890483e-02
-7.6140909366e-01   9.6352444570e-02
-7.6063234197e-01   1.0239892238e-01
-7.6062209821e-01   1.0247628026e-01
-7.6051923514e-01   1.0324985902e-01
-7.5968857089e-01   1.0929632493e-01
-7.5967763739e-01   1.0937368031e-01
-7.5956787693e-01   1.1014723085e-01
-7.5868330206e-01   1.1619327337e-01
-7.5867167887e-01   1.1627062101e-01
-7.5855502151e-01   1.1704409094e-01
-7.5761654161e-01   1.2308930247e-01
-7.5760422881e-01   1.2316663719e-01
-7.5748067550e-01   1.2393997461e-01
-7.5648829979e-01   1.2998395148e-01
-7.5647529753e-01   1.3006126812e-01
-7.5634484968e-01   1.3083442165e-01
-7.5529859095e-01   1.3687676407e-01
-7.5528489941e-01   1.3695405754e-01
-7.5514755889e-01   1.3772697628e-01
-7.5404743348e-01   1.4376728837e-01
-7.5403305288e-01   1.4384455363e-01
-7.5388882201e-01   1.4461718717e-01
-7.5273484977e-01   1.5065507692e-01
-7.5271978040e-01   1.5073230897e-01
-7.5256866194e-01   1.5150460743e-01
-7.5136086621e-01   1.5753968667e-01
-7.5134510838e-01   1.5761688058e-01
-7.5118710554e-01   1.5838879453e-01
-7.4992551309e-01   1.6442067897e-01
-7.4990906716e-01   1.6449782983e-01
-7.4974418359e-01   1.6526931036e-01
-7.4842882461e-01   1.7129761948e-01
-7.4841169099e-01   1.7137472246e-01
-7.4823993076e-01   1.7214572113e-01
-7.4687083881e-01   1.7817007824e-01
-7.4685301795e-01   1.7824712853e-01
-7.4667438558e-01   1.7901759738e-01
-7.4525159755e-01   1.8503762953e-01
-7.4523308994e-01   1.8511462239e-01
-7.4504759037e-01   1.8588451396e-01
-7.4357114648e-01   1.9189985191e-01
-7.4355195265e-01   1.9197678263e-01
-7.4335959123e-01   1.9274604992e-01
-7.4182953498e-01   1.9875632815e-01
-7.4180965550e-01   1.9883319207e-01
-7.4161043800e-01   1.9960178855e-01
-7.4002681611e-01   2.0560664517e-01
-7.4000625161e-01   2.0568343769e-01
-7.3980018422e-01   2.0645131729e-01
-7.3816304663e-01   2.1245039402e-01
-7.3814179775e-01   2.1252711057e-01
-7.3792888708e-01   2.1329422769e-01
-7.3623828690e-01   2.1928716980e-01
-7.3621635435e-01   2.1936380587e-01
-7.3599660738e-01   2.2013011535e-01
-7.3425260090e-01   2.2611657165e-01
-7.3422998541e-01   2.2619312275e-01
-7.3400340955e-01   2.2695857989e-01
-7.3220605613e-01   2.3293820262e-01
-7.3218275849e-01   2.3301466433e-01
-7.3194936154e-01   2.3377922486e-01
-7.3009872365e-01   2.3975166968e-01
-7.3007474467e-01   2.3982803762e-01
-7.2983453481e-01   2.4059165770e-01
-7.2793067799e-01   2.4655658361e-01
-7.2790601852e-01   2.4663285343e-01
-7.2765900434e-01   2.4739548965e-01
-7.2570199712e-01   2.5335255895e-01
-7.2567665806e-01   2.5342872634e-01
-7.2542284852e-01   2.5419033571e-01
-7.2341276246e-01   2.6013921392e-01
-7.2338674473e-01   2.6021527463e-01
-7.2312614918e-01   2.6097581456e-01
-7.2106305878e-01   2.6691617035e-01
-7.2103636337e-01   2.6699212016e-01
-7.2076899153e-01   2.6775154846e-01
-7.1865297425e-01   2.7368305361e-01
-7.1862560216e-01   2.7375888833e-01
-7.1835146412e-01   2.7451716321e-01
-7.1618260034e-01   2.8043949252e-01
-7.1615455260e-01   2.8051520801e-01
-7.1587365885e-01   2.8127228804e-01
-7.1365203181e-01   2.8718511925e-01
-7.1362330952e-01   2.8726071141e-01
-7.1333567087e-01   2.8801655557e-01
-7.1106136669e-01   2.9391956929e-01
-7.1103197096e-01   2.9399503405e-01
-7.1073759863e-01   2.9474960164e-01
-7.0841070625e-01   3.0064248131e-01
-7.0838063824e-01   3.0071781462e-01
-7.0807954379e-01   3.0147106533e-01
-7.0570015498e-01   3.0735349706e-01
-7.0566941587e-01   3.0742869493e-01
-7.0536161121e-01   3.0818058877e-01
-7.0292982051e-01   3.1405226133e-01
-7.0289841154e-01   3.1412731979e-01
-7.0258390895e-01   3.1487781712e-01
-7.0009981368e-01   3.2073842182e-01
-7.0006773609e-01   3.2081333694e-01
-6.9974654821e-01   3.2156239842e-01
-6.9721024841e-01   3.2741162905e-01
-6.9717750351e-01   3.2748639692e-01
-6.9684964330e-01   3.2823398352e-01
-6.9426124175e-01   3.3407153624e-01
-6.9422783086e-01   3.3414615299e-01
-6.9389331166e-01   3.3489222600e-01
-6.9125291382e-01   3.4071779924e-01
-6.9121883832e-01   3.4079226102e-01
-6.9087767378e-01   3.4153678200e-01
-6.8818538780e-01   3.4735007640e-01
-6.8815064908e-01   3.4742437940e-01
-6.8780285322e-01   3.4816731018e-01
-6.8505878992e-01   3.5396802848e-01
-6.8502338941e-01   3.5404216890e-01
-6.8466897657e-01   3.5478347159e-01
-6.8187324939e-01   3.6057131851e-01
-6.8183718856e-01   3.6064529259e-01
-6.8147617343e-01   3.6138492954e-01
-6.7862889845e-01   3.6715961174e-01
-6.7859217880e-01   3.6723341573e-01
-6.7822457640e-01   3.6797134952e-01
-6.7532587230e-01   3.7373257544e-01
-6.7528849536e-01   3.7380620563e-01
-6.7491432104e-01   3.7454239907e-01
-6.7196430909e-01   3.8028987887e-01
-6.7192627643e-01   3.8036333155e-01
-6.7154554588e-01   3.8109774768e-01
-6.6854434993e-01   3.8683119311e-01
-6.6850566315e-01   3.8690446461e-01
-6.6811839237e-01   3.8763706663e-01
-6.6506613884e-01   3.9335619096e-01
-6.6502679957e-01   3.9342927761e-01
-6.6463300490e-01   3.9416002894e-01
-6.6152982275e-01   3.9986454681e-01
-6.6148983266e-01   3.9993744498e-01
-6.6108953076e-01   4.0066630920e-01
-6.5793555150e-01   4.0635593654e-01
-6.5789491228e-01   4.0642864260e-01
-6.5748812014e-01   4.0715558344e-01
-6.5428347781e-01   4.1283003739e-01
-6.5424219118e-01   4.1290254771e-01
-6.5382892612e-01   4.1362752906e-01
-6.5057375725e-01   4.1928652779e-01
-6.5053182498e-01   4.1935883879e-01
-6.5011210463e-01   4.2008182465e-01
-6.4680654828e-01   4.2572508732e-01
-6.4676397216e-01   4.2579719541e-01
-6.4633781447e-01   4.2651814991e-01
-6.4298201220e-01   4.3214539651e-01
-6.4293879406e-01   4.3221729810e-01
-6.4250621730e-01   4.3293618547e-01
-6.3910031315e-01   4.3854713674e-01
-6.3905645486e-01   4.3861882827e-01
-6.3861747761e-01   4.3933561281e-01
-6.3516161813e-01   4.4492999011e-01
-6.3166208877e-01   4.5050960936e-01
-6.3161703424e-01   4.5058089707e-01
-6.3116609695e-01   4.5129363932e-01
-6.2761689394e-01   4.5685616296e-01
-6.2402427181e-01   4.6240347182e-01
-6.2397802792e-01   4.6247434321e-01
-6.2351519927e-01   4.6318291806e-01
-6.1987319390e-01   4.6871261072e-01
-6.1618802781e-01   4.7422663243e-01
-6.1614060163e-01   4.7429707499e-01
-6.1566595239e-01   4.7500135751e-01
-6.1614060163e-01   4.7429707499e-01
-6.1566595239e-01   4.7500135751e-01
-6.1561844873e-01   4.7507177145e-01
-6.1514302494e-01   4.7577576741e-01
-6.1140273051e-01   4.8126939587e-01
-6.0761955914e-01   4.8674686707e-01
-6.0379363796e-01   4.9220796760e-01
-5.9992509577e-01   4.9765248380e-01
-5.9987532705e-01   4.9772203120e-01
-5.9937725733e-01   4.9841735392e-01
-5.9546025541e-01   5.0384269057e-01
-5.9150091380e-01   5.0925098431e-01
-5.9144998525e-01   5.0932006532e-01
-5.9094031983e-01   5.1001071994e-01
-5.8693284380e-01   5.1539930986e-01
-5.8288331712e-01   5.2077039613e-01
-5.8283123665e-01   5.2083899813e-01
-5.8231005469e-01   5.2152485845e-01
-5.7821272768e-01   5.2687571377e-01
-5.7407364677e-01   5.3220860179e-01
-5.7402042251e-01   5.3227671208e-01
-5.7348780530e-01   5.3295765112e-01
-5.6930126702e-01   5.3826977737e-01
-5.6507327938e-01   5.4356346914e-01
-5.6501891965e-01   5.4363107492e-01
-5.6447495061e-01   5.4430696472e-01
-5.6019985747e-01   5.4957935943e-01
-5.5588362737e-01   5.5483284818e-01
-5.5582814073e-01   5.5489993656e-01
-5.5527290541e-01   5.5557064798e-01
-5.5090993068e-01   5.6080229914e-01
-5.4650613931e-01   5.6601456793e-01
-5.4644953453e-01   5.6608112584e-01
-5.4588312068e-01   5.6674652840e-01
-5.4143295464e-01   5.7193641301e-01
-5.3694230032e-01   5.7710643320e-01
-5.3688458637e-01   5.7717244746e-01
-5.3630708392e-01   5.7783240912e-01
-5.3177043409e-01   5.8297949171e-01
-5.2719363243e-01   5.8810622152e-01
-5.2713481854e-01   5.8817167876e-01
-5.2654631964e-01   5.8882606575e-01
-5.2192391097e-01   5.9392929696e-01
-5.1726169516e-01   5.9901168001e-01
-5.1720179075e-01   5.9907656667e-01
-5.1660238981e-01   5.9972524331e-01
-5.1189496493e-01   6.0478355841e-01
-5.0714808595e-01   6.0982052233e-01
-5.0708710069e-01   6.0988482462e-01
-5.0647689442e-01   6.1052765313e-01
-5.0168521392e-01   6.1553997063e-01
-4.9685444085e-01   6.2053042560e-01
-4.9679238462e-01   6.2059412954e-01
-4.9617147204e-01   6.2123096987e-01
-4.9129631476e-01   6.2619619010e-01
-4.8638243505e-01   6.3113902750e-01
-4.8631931800e-01   6.3120211885e-01
-4.8568780049e-01   6.3183282848e-01
-4.8072996382e-01   6.3674983224e-01
-4.7573378367e-01   6.4164392330e-01
-4.7566961616e-01   6.4170638754e-01
-4.7502759752e-01   6.4233082134e-01
-4.6998789775e-01   6.4719846857e-01
-4.6992317480e-01   6.4726059263e-01
-4.6927560366e-01   6.4788162200e-01
-4.6419262153e-01   6.5272249541e-01
-4.6412734619e-01   6.5278427505e-01
-4.6347425309e-01   6.5340185753e-01
-4.5834822880e-01   6.5821562362e-01
-4.5828240416e-01   6.5827705454e-01
-4.5762382003e-01   6.5889114725e-01
-4.5245499677e-01   6.6367746891e-01
-4.5238862597e-01   6.6373854679e-01
-4.5172458211e-01   6.6434910635e-01
-4.4651320611e-01   6.6910764276e-01
-4.4644629231e-01   6.6916836322e-01
-4.4577682043e-01   6.6977534579e-01
-4.4052314096e-01   6.7450575235e-01
-4.4045568737e-01   6.7456611094e-01
-4.3978081954e-01   6.7516947219e-01
-4.3448508897e-01   6.7987140039e-01
-4.3441709883e-01   6.7993139264e-01
-4.3373686756e-01   6.8053108772e-01
-4.3366881145e-01   6.8059103447e-01
-4.3298792076e-01   6.8119027412e-01
-4.2764525615e-01   6.8585978999e-01
-4.2757666719e-01   6.8591936530e-01
-4.2689045003e-01   6.8651488779e-01
-4.2150628058e-01   6.9115517195e-01
-4.2143716210e-01   6.9121437124e-01
-4.2074565182e-01   6.9180613061e-01
-4.1532023979e-01   6.9641682180e-01
-4.1525059517e-01   6.9647564041e-01
-4.1455382552e-01   6.9706359018e-01
-4.0908743639e-01   7.0164432287e-01
-4.0901726904e-01   7.0170275611e-01
-4.0831527420e-01   7.0228684922e-01
-4.0280817674e-01   7.0683725355e-01
-4.0273749012e-01   7.0689529666e-01
-4.0203030469e-01   7.0747548551e-01
-4.0195955424e-01   7.0753348016e-01
-4.0125173087e-01   7.0811318402e-01
-3.9569922760e-01   7.1262907175e-01
-3.9562796181e-01   7.1268667085e-01
-3.9491498723e-01   7.1326241630e-01
-3.8932235736e-01   7.1774717550e-01
-3.8925057978e-01   7.1780437419e-01
-3.8853248950e-01   7.1837611238e-01
-3.8290001230e-01   7.2282935910e-01
-3.8282772652e-01   7.2288615242e-01
-3.8210455649e-01   7.2345383394e-01
-3.7643251466e-01   7.2787517956e-01
-3.7635972433e-01   7.2793156252e-01
-3.7563151094e-01   7.2849513735e-01
-3.6992019067e-01   7.3288418851e-01
-3.6984689945e-01   7.3294015605e-01
-3.6911367955e-01   7.3349957354e-01
-3.6336337056e-01   7.3785593210e-01
-3.6328958219e-01   7.3791147910e-01
-3.6255139307e-01   7.3846668801e-01
-3.5676238866e-01   7.4278995094e-01
-3.5668810691e-01   7.4284507222e-01
-3.5594498632e-01   7.4339602067e-01
-3.5011758339e-01   7.4768578005e-01
-3.5004281207e-01   7.4774047036e-01
-3.4929479824e-01   7.4828710584e-01
-3.4342929735e-01   7.5254294876e-01
-3.4335404035e-01   7.5259720279e-01
-3.4260117197e-01   7.5313947215e-01
-3.3669787739e-01   7.5736098067e-01
-3.3662213860e-01   7.5741479304e-01
-3.3586445484e-01   7.5795264248e-01
-3.2992367460e-01   7.6213939359e-01
-3.2984745799e-01   7.6219275886e-01
-3.2908499850e-01   7.6272613393e-01
-3.2310704440e-01   7.6687769948e-01
-3.2303035398e-01   7.6693061215e-01
-3.2226315891e-01   7.6745945774e-01
-3.1624834660e-01   7.7157540443e-01
-3.1617118644e-01   7.7162785892e-01
-3.1539929641e-01   7.7215211926e-01
-3.0934794544e-01   7.7623200858e-01
-3.0927031964e-01   7.7628399925e-01
-3.0849377579e-01   7.7680361791e-01
-3.0240620963e-01   7.8084700611e-01
-3.0232812236e-01   7.8089852725e-01
-3.0154696633e-01   7.8141344711e-01
-2.9542351244e-01   7.8541988518e-01
-2.9534496790e-01   7.8547093102e-01
-2.9455924184e-01   7.8598109429e-01
-2.8840023169e-01   7.8995012794e-01
-2.8832123415e-01   7.9000069263e-01
-2.8753098074e-01   7.9050604085e-01
-2.8133674990e-01   7.9443721045e-01
-2.8125730367e-01   7.9448728809e-01
-2.8046256610e-01   7.9498776211e-01
-2.7423345423e-01   7.9888060272e-01
-2.7415356369e-01   7.9893018733e-01
-2.7335438569e-01   7.9942572732e-01
-2.7327444064e-01   7.9947525069e-01
-2.7247471788e-01   7.9997017779e-01
-2.6620683204e-01   8.0381939964e-01
-2.6612644765e-01   8.0386842318e-01
-2.6532233422e-01   8.0435834822e-01
-2.5902030250e-01   8.0816823612e-01
-2.5893948325e-01   8.0821675371e-01
-2.5813102402e-01   8.0870161542e-01
-2.5179519927e-01   8.1247168772e-01
-2.5171394970e-01   8.1251969316e-01
-2.5090119009e-01   8.1299942957e-01
-2.5081988775e-01   8.1304737139e-01
-2.5000660078e-01   8.1352647117e-01
-2.4363324020e-01   8.1725123479e-01
-2.4355151271e-01   8.1729865743e-01
-2.4273397705e-01   8.1777256148e-01
-2.3632758707e-01   8.2145646910e-01
-2.3624543908e-01   8.2150336622e-01
-2.3542370134e-01   8.2197201113e-01
-2.2898464846e-01   8.2561456444e-01
-2.2890208469e-01   8.2566092963e-01
-2.2807619205e-01   8.2612425130e-01
-2.2160484725e-01   8.2972494670e-01
-2.2152187246e-01   8.2977077350e-01
-2.2069187267e-01   8.3022870716e-01
-2.1418861143e-01   8.3378703578e-01
-2.1410523046e-01   8.3383231763e-01
-2.1327117185e-01   8.3428479784e-01
-2.0673637421e-01   8.3780024554e-01
-2.0665259195e-01   8.3784497585e-01
-2.0581452344e-01   8.3829193649e-01
-1.9924857406e-01   8.4176398395e-01
-1.9916439545e-01   8.4180815604e-01
-1.9832236655e-01   8.4224953034e-01
-1.9172565472e-01   8.4567765304e-01
-1.9164108478e-01   8.4572126017e-01
-1.9079514560e-01   8.4615698069e-01
-1.8416806534e-01   8.4954064902e-01
-1.8408310912e-01   8.4958368439e-01
-1.8323331038e-01   8.5001368304e-01
-1.7657626042e-01   8.5335236231e-01
-1.7649092306e-01   8.5339481904e-01
-1.7563731609e-01   8.5381902709e-01
-1.7555193207e-01   8.5386141196e-01
-1.7469785885e-01   8.5428490083e-01
-1.6800762339e-01   8.5757239686e-01
-1.6792186406e-01   8.5761419530e-01
-1.6706404100e-01   8.5803181561e-01
-1.6034469848e-01   8.6127317072e-01
-1.6025856910e-01   8.6131437572e-01
-1.5939704883e-01   8.6172605739e-01
-1.5264901310e-01   8.6492072148e-01
-1.5256251900e-01   8.6496132600e-01
-1.5169735478e-01   8.6536699833e-01
-1.4492104464e-01   8.6851441654e-01
-1.4483419120e-01   8.6855441343e-01
-1.4396543693e-01   8.6895400514e-01
-1.3716127611e-01   8.7205361788e-01
-1.3707406878e-01   8.7209299996e-01
-1.3620177901e-01   8.7248643916e-01
-1.3611452840e-01   8.7252574490e-01
-1.3524180626e-01   8.7291842006e-01
-1.2840687047e-01   8.7596365652e-01
-1.2831927217e-01   8.7600233931e-01
-1.2744307655e-01   8.7638878050e-01
-1.2058120653e-01   8.7938500821e-01
-1.2049326613e-01   8.7942306074e-01
-1.1961365294e-01   8.7980319486e-01
-1.1272528822e-01   8.8274984020e-01
-1.1263701137e-01   8.8278725511e-01
-1.1175403718e-01   8.8316100849e-01
-1.0483962243e-01   8.8605749360e-01
-1.0475101484e-01   8.8609426348e-01
-1.0386473687e-01   8.8646156192e-01
-9.6924721928e-02   8.8930730478e-01
-9.6835789392e-02   8.8934342216e-01
-9.5946265524e-02   8.8970419093e-01
-8.8981105431e-02   8.9249860551e-01
-8.8891853798e-02   8.9253406286e-01
-8.7999142591e-02   8.9288822674e-01
-8.1009297633e-02   8.9563072311e-01
-8.0919732821e-02   8.9566551287e-01
-8.0023893504e-02   8.9601299613e-01
-7.3009829243e-02   8.9870298064e-01
-7.2919957240e-02   8.9873709520e-01
-7.2021049718e-02   8.9907782165e-01
-6.4983237028e-02   9.0171469704e-01
-6.4893063887e-02   9.0174812872e-01
-6.3991148747e-02   9.0208202174e-01
-5.6930063841e-02   9.0466518729e-01
-5.6839595685e-02   9.0469792840e-01
-5.5934734201e-02   9.0502491091e-01
-4.8850858662e-02   9.0755376266e-01
-4.8760101684e-02   9.0758580545e-01
-4.7852355815e-02   9.0790579998e-01
-4.0746176628e-02   9.1037973084e-01
-4.0655137088e-02   9.1041106753e-01
-3.9744569490e-02   9.1072399622e-01
-3.2616579063e-02   9.1314239619e-01
-3.2525263292e-02   9.1317301895e-01
-3.1611937314e-02   9.1347880357e-01
-2.4462633508e-02   9.1584105991e-01
-2.4371047907e-02   9.1587096089e-01
-2.3455027598e-02   9.1616952289e-01
-1.6284913749e-02   9.1847502028e-01
-1.6193064788e-02   9.1850419160e-01
-1.5274414898e-02   9.1879545209e-01
-8.0839998388e-03   9.2104357290e-01
-7.9918940598e-03   9.2107200664e-01
-7.0706800439e-03   9.2135588647e-01
1.3952187623e-04   9.2354601091e-01
2.3187786180e-04   9.2357369913e-01
1.1555898409e-03   9.2385011886e-01
8.3850587377e-03   9.2598162522e-01
8.4776582470e-03   9.2600855996e-01
9.4038013178e-03   9.2627743994e-01
1.6652011756e-02   9.2834970480e-01
1.6744848035e-02   9.2837587807e-01
1.7673354615e-02   9.2863713845e-01
2.4939775593e-02   9.3064953692e-01
2.5032841817e-02   9.3067494073e-01
2.5963643611e-02   9.3092850147e-01
3.3247738552e-02   9.3288040743e-01
3.3341027824e-02   9.3290503375e-01
3.4274055821e-02   9.3315081469e-01
4.1575282558e-02   9.3504160102e-01
4.1668787911e-02   9.3506544183e-01
4.2603972387e-02   9.3530336267e-01
4.9921783160e-02   9.3713240153e-01
5.0015497553e-02   9.3715544878e-01
5.0952768067e-02   9.3738542917e-01
5.8286609516e-02   9.3915209222e-01
5.8380525837e-02   9.3917433789e-01
5.9319811230e-02   9.3939629742e-01
6.6669124390e-02   9.4109995612e-01
6.6763235457e-02   9.4112139216e-01
6.7704463855e-02   9.4133525041e-01
7.5068684156e-02   9.4297527629e-01
7.5162982715e-02   9.4299589465e-01
7.6106081525e-02   9.4320157124e-01
8.3484638797e-02   9.4477733616e-01
8.3579117520e-02   9.4479712882e-01
8.4524013434e-02   9.4499454341e-01
9.1916331908e-02   9.4650541987e-01
9.2010983398e-02   9.4652437880e-01
9.2957602392e-02   9.4671345117e-01
1.0036310071e-01   9.4815881260e-01
1.0045791749e-01   9.4817692979e-01
1.0140618483e-01   9.4835757986e-01
1.0882427604e-01   9.4973680091e-01
1.0891925059e-01   9.4975406837e-01
1.0986909081e-01   9.4992621621e-01
1.1729918241e-01   9.5123867308e-01
1.1739430710e-01   9.5125508284e-01
1.1834564405e-01   9.5141864877e-01
1.2578713798e-01   9.5266371950e-01
1.2588240513e-01   9.5267926362e-01
1.2683516192e-01   9.5283416820e-01
1.3428745458e-01   9.5401123302e-01
1.3438285643e-01   9.5402590357e-01
1.3533695550e-01   9.5417206766e-01
1.4279943776e-01   9.5528050931e-01
1.4289496650e-01   9.5529429842e-01
1.4385032955e-01   9.5543164323e-01
1.5132238681e-01   9.5647084726e-01
1.5141803454e-01   9.5648374709e-01
1.5237458260e-01   9.5661219420e-01
1.5985559479e-01   9.5758154938e-01
1.5995135354e-01   9.5759355212e-01
1.6090900691e-01   9.5771302356e-01
1.6839834852e-01   9.5861192216e-01
1.6849421027e-01   9.5862302006e-01
1.6945288858e-01   9.5873343832e-01
1.7694992870e-01   9.5956127650e-01
1.7704588534e-01   9.5957146185e-01
1.7800550753e-01   9.5967274994e-01
1.8550960989e-01   9.6042892809e-01
1.8560565325e-01   9.6043819326e-01
1.8656613757e-01   9.6053027476e-01
1.9407666057e-01   9.6121419787e-01
1.9417278241e-01   9.6122253526e-01
1.9513404643e-01   9.6130533436e-01
2.0265034318e-01   9.6191641239e-01
2.0274653520e-01   9.6192381449e-01
2.0370849582e-01   9.6199725604e-01
2.1122991421e-01   9.6253490429e-01
2.1132616803e-01   9.6254136364e-01
2.1228874148e-01   9.6260537320e-01
2.1981462420e-01   9.6306901268e-01
2.1991093138e-01   9.6307452192e-01
2.2087403324e-01   9.6312902580e-01
2.2840371784e-01   9.6351808363e-01
2.2850006988e-01   9.6352263546e-01
2.2946361507e-01   9.6356756078e-01
2.3699643403e-01   9.6388147056e-01
2.3709282236e-01   9.6388505777e-01
2.3805672514e-01   9.6392033250e-01
2.4559200592e-01   9.6415853470e-01
2.4568842191e-01   9.6416115018e-01
2.4665259592e-01   9.6418670319e-01
2.5418966102e-01   9.6434864554e-01
2.5428609596e-01   9.6435028226e-01
2.5525045422e-01   9.6436604340e-01
2.6278862123e-01   9.6445118130e-01
2.6288506639e-01   9.6445183234e-01
2.6384952126e-01   9.6445773244e-01
2.7138810299e-01   9.6446552935e-01
2.7148454953e-01   9.6446518789e-01
2.7244901279e-01   9.6446115884e-01
2.7998731728e-01   9.6439108669e-01
2.8008375632e-01   9.6438974603e-01
2.8104813915e-01   9.6437572083e-01
2.8858546977e-01   9.6422726039e-01
2.8868189238e-01   9.6422491393e-01
2.8964610534e-01   9.6420082676e-01
2.9718176087e-01   9.6397346808e-01
2.9727815805e-01   9.6397010936e-01
2.9824211115e-01   9.6393589558e-01
3.0577538588e-01   9.6362913839e-01
3.0587174857e-01   9.6362476106e-01
3.0683535123e-01   9.6358035732e-01
3.0693170904e-01   9.6357585389e-01
3.0789526215e-01   9.6353018870e-01
3.1542501519e-01   9.6313365353e-01
3.1552132828e-01   9.6312812452e-01
3.1648442854e-01   9.6307219977e-01
3.2401028774e-01   9.6259523776e-01
3.2410654693e-01   9.6258867711e-01
3.2506910258e-01   9.6252243229e-01
3.3259034874e-01   9.6196457600e-01
3.3268654482e-01   9.6195697780e-01
3.3364846358e-01   9.6188035383e-01
3.4116437338e-01   9.6124114721e-01
3.4126049706e-01   9.6123250568e-01
3.4222168614e-01   9.6114544497e-01
3.4231780024e-01   9.6113667434e-01
3.4327889284e-01   9.6104832214e-01
3.5078794027e-01   9.6031719971e-01
3.5088397150e-01   9.6030737946e-01
3.5184422955e-01   9.6020852765e-01
3.5934639157e-01   9.5939512597e-01
3.5944233054e-01   9.5938425066e-01
3.6040166019e-01   9.5927484495e-01
3.6789620128e-01   9.5837874604e-01
3.6799203856e-01   9.5836681039e-01
3.6895034547e-01   9.5824679815e-01
3.7643652648e-01   9.5726759705e-01
3.7653225259e-01   9.5725459596e-01
3.7748944195e-01   9.5712392623e-01
3.7758515368e-01   9.5711079336e-01
3.7854219858e-01   9.5697880537e-01
3.8601810214e-01   9.5590578353e-01
3.8611369201e-01   9.5589157969e-01
3.8706951234e-01   9.5574887907e-01
3.8716508651e-01   9.5573454277e-01
3.8812074914e-01   9.5559051723e-01
3.9558543311e-01   9.5442320020e-01
3.9568087466e-01   9.5440778763e-01
3.9663520515e-01   9.5425299658e-01
4.0408910530e-01   9.5300135718e-01
4.0418440461e-01   9.5298486382e-01
4.0513730677e-01   9.5281926215e-01
4.1257966969e-01   9.5148295517e-01
4.1267481711e-01   9.5146537670e-01
4.1362619436e-01   9.5128892120e-01
4.2105626365e-01   9.4986761654e-01
4.2115124948e-01   9.4984894881e-01
4.2210100485e-01   9.4966159825e-01
4.2219597007e-01   9.4964279586e-01
4.2314551862e-01   9.4945409843e-01
4.3056087192e-01   9.4793693547e-01
4.3065566462e-01   9.4791703942e-01
4.3160348195e-01   9.4771740299e-01
4.3169825269e-01   9.4769737175e-01
4.3264584967e-01   9.4749638319e-01
4.4004552494e-01   9.4588298737e-01
4.4014011218e-01   9.4586185832e-01
4.4108586816e-01   9.4564988942e-01
4.4847077485e-01   9.4395053269e-01
4.4856516879e-01   9.4392830235e-01
4.4950898571e-01   9.4370531855e-01
4.4960335512e-01   9.4368295212e-01
4.5054692600e-01   9.4345860713e-01
4.5791432649e-01   9.4166237308e-01
4.5800849156e-01   9.4163890172e-01
4.5895001287e-01   9.4140350558e-01
4.6630101212e-01   9.3952077491e-01
4.6639496297e-01   9.3949619562e-01
4.6733433603e-01   9.3924971839e-01
4.6742825977e-01   9.3922500222e-01
4.6836736095e-01   9.3897715596e-01
4.7569901444e-01   9.3699698981e-01
4.7579271284e-01   9.3697116260e-01
4.7672955463e-01   9.3671220432e-01
4.8404316482e-01   9.3464508435e-01
4.8413662798e-01   9.3461814358e-01
4.8507111118e-01   9.3434804816e-01
4.9236590192e-01   9.3219378716e-01
4.9245911990e-01   9.3216573053e-01
4.9339114510e-01   9.3188447522e-01
4.9348433214e-01   9.3185628078e-01
4.9441604721e-01   9.3157364721e-01
5.0168876909e-01   9.2932129428e-01
5.0178169976e-01   9.2929198169e-01
5.0271084494e-01   9.2899816550e-01
5.0280374328e-01   9.2896871484e-01
5.0373256450e-01   9.2867351778e-01
5.1098223406e-01   9.2632288655e-01
5.1107486482e-01   9.2629231577e-01
5.1200100404e-01   9.2598591640e-01
5.1922932408e-01   9.2354766504e-01
5.1932167726e-01   9.2351597262e-01
5.2024503453e-01   9.2319835605e-01
5.2745122333e-01   9.2067237775e-01
5.2754328893e-01   9.2063956244e-01
5.2846376417e-01   9.2031071628e-01
5.3564703911e-01   9.1769692394e-01
5.3573880711e-01   9.1766298473e-01
5.3665630015e-01   9.1732289912e-01
5.4381587795e-01   9.1462122560e-01
5.4390733832e-01   9.1458616175e-01
5.4482174892e-01   9.1423482940e-01
5.5195684577e-01   9.1144522776e-01
5.5204798848e-01   9.1140903880e-01
5.5204798848e-01   9.1140903880e-01
5.5295921634e-01   9.1104645501e-01
5.5305031917e-01   9.1101012722e-01
5.5396114741e-01   9.1064615516e-01
5.6106780791e-01   9.0775774722e-01
5.6115858181e-01   9.0772029408e-01
5.6206611459e-01   9.0734506847e-01
5.6914662899e-01   9.0436870089e-01
5.6923706393e-01   9.0433012247e-01
5.7014120092e-01   9.0394364425e-01
5.7023159334e-01   9.0390492703e-01
5.7113530444e-01   9.0351706078e-01
5.7818551181e-01   9.0044190422e-01
5.7827555401e-01   9.0040206213e-01
5.7917575662e-01   9.0000294753e-01
5.8619815303e-01   8.9683989418e-01
5.8628783497e-01   8.9679892787e-01
5.8718442882e-01   8.9638857161e-01
5.9417823081e-01   8.9313768429e-01
5.9426754247e-01   8.9309559469e-01
5.9516042738e-01   8.9267400620e-01
6.0212485215e-01   8.8933536925e-01
6.0221378353e-01   8.8929215757e-01
6.0310285939e-01   8.8885934903e-01
6.1003712500e-01   8.8543306847e-01
6.1012566609e-01   8.8538873618e-01
6.1101083292e-01   8.8494472257e-01
6.1791415847e-01   8.8143092625e-01
6.1800229929e-01   8.8138547511e-01
6.1888345727e-01   8.8093027420e-01
6.2575506309e-01   8.7732911191e-01
6.2584279367e-01   8.7728254396e-01
6.2671984314e-01   8.7681617634e-01
6.3355895099e-01   8.7312781994e-01
6.3364626139e-01   8.7308013751e-01
6.3451910288e-01   8.7260262660e-01
6.4132493617e-01   8.6882727011e-01
6.4141181645e-01   8.6877847581e-01
6.4228035072e-01   8.6828984787e-01
6.4905213467e-01   8.6442770754e-01
6.4913857494e-01   8.6437780426e-01
6.5000270299e-01   8.6387808840e-01
6.5673966486e-01   8.5992940282e-01
6.5682565525e-01   8.5987839374e-01
6.5682565525e-01   8.5987839374e-01
6.5768527836e-01   8.5936762192e-01
6.5777121257e-01   8.5931647665e-01
6.5863027308e-01   8.5880434323e-01
6.6532719803e-01   8.5475874767e-01
6.6541267129e-01   8.5470650051e-01
6.6626711632e-01   8.5418335046e-01
6.6635253204e-01   8.5413096762e-01
6.6720640085e-01   8.5360646103e-01
6.7386231999e-01   8.4946431651e-01
6.7394726375e-01   8.4941083605e-01
6.7479640695e-01   8.4887535578e-01
6.8141501149e-01   8.4464759487e-01
6.8149947352e-01   8.4459302091e-01
6.8234379343e-01   8.4404660822e-01
6.8892432146e-01   8.3973356457e-01
6.8900829203e-01   8.3967790150e-01
6.8984769138e-01   8.3912060054e-01
6.9638938405e-01   8.3472263018e-01
6.9647285348e-01   8.3466588269e-01
6.9730723539e-01   8.3409774045e-01
7.0380933715e-01   8.2961522177e-01
7.0389229578e-01   8.2955739481e-01
7.0472156380e-01   8.2897846114e-01
7.1118332255e-01   8.2441179479e-01
7.1126576079e-01   8.2435289363e-01
7.1208981895e-01   8.2376322123e-01
7.1851048627e-01   8.1911283008e-01
7.1859239456e-01   8.1905286025e-01
7.1941114734e-01   8.1845250464e-01
7.1949298958e-01   8.1839240337e-01
7.2031108125e-01   8.1779073377e-01
7.2668469993e-01   8.1304682053e-01
7.2676600156e-01   8.1298565714e-01
7.2757868117e-01   8.1237337010e-01
7.2765991544e-01   8.1231207610e-01
7.2847192082e-01   8.1169848339e-01
7.3479755705e-01   8.0686164079e-01
7.3487824010e-01   8.0679929158e-01
7.3568472742e-01   8.0617515071e-01
7.4196686999e-01   8.0125610810e-01
7.4204699243e-01   8.0119271013e-01
7.4284786793e-01   8.0055808574e-01
7.4908578621e-01   7.9555735905e-01
7.4916533873e-01   7.9549291905e-01
7.4996050922e-01   7.9484787854e-01
7.5615347727e-01   7.8976600524e-01
7.5623245060e-01   7.8970053020e-01
7.5702182353e-01   7.8904514371e-01
7.6316912029e-01   7.8388268260e-01
7.6324750524e-01   7.8381617979e-01
7.6403098868e-01   7.8315052020e-01
7.7013189818e-01   7.7790805123e-01
7.7020968561e-01   7.7784052819e-01
7.7098718830e-01   7.7716467104e-01
7.7704099982e-01   7.7184279510e-01
7.7711818068e-01   7.7177425963e-01
7.7788961204e-01   7.7108828315e-01
7.8389562033e-01   7.6568762179e-01
7.8397218561e-01   7.6561808197e-01
7.8473745578e-01   7.6492206701e-01
7.9069496120e-01   7.5944326225e-01
7.9077090200e-01   7.5937272640e-01
7.9152992183e-01   7.5866675640e-01
7.9743823057e-01   7.5311047042e-01
7.9751353804e-01   7.5303894713e-01
7.9826621916e-01   7.5232310810e-01
8.0412464339e-01   7.4669002298e-01
8.0419930877e-01   7.4661752109e-01
8.0494556357e-01   7.4589190156e-01
8.0502014913e-01   7.4581927957e-01
8.0502014913e-01   7.4581927957e-01
8.0576560509e-01   7.4509245969e-01
8.0584011070e-01   7.4501971773e-01
8.0658476650e-01   7.4429169888e-01
8.1238004384e-01   7.3856385023e-01
8.1245389654e-01   7.3849014104e-01
8.1319201793e-01   7.3775245556e-01
8.1893588817e-01   7.3194941116e-01
8.1900907938e-01   7.3187474412e-01
8.1974058058e-01   7.3112748607e-01
8.2543237657e-01   7.2524999043e-01
8.2550489779e-01   7.2517437518e-01
8.2622969389e-01   7.2441764101e-01
8.2630213187e-01   7.2434190945e-01
8.2702609492e-01   7.2358401302e-01
8.3265860493e-01   7.1762379203e-01
8.3273036348e-01   7.1754712336e-01
8.3344752706e-01   7.1677986196e-01
8.3902656867e-01   7.1074683148e-01
8.3909763948e-01   7.1066923582e-01
8.3980792054e-01   7.0989271082e-01
8.4533284811e-01   7.0378767193e-01
8.4540322296e-01   7.0370915962e-01
8.4610653936e-01   7.0292347464e-01
8.5157671449e-01   6.9674724573e-01
8.5164638524e-01   6.9666782735e-01
8.5234265578e-01   6.9587308820e-01
8.5775744742e-01   6.8962650459e-01
8.5782640605e-01   6.8954619091e-01
8.5851555049e-01   6.8874250552e-01
8.6387433511e-01   6.8242641901e-01
8.6394257369e-01   6.8234522103e-01
8.6462451274e-01   6.8153269944e-01
8.6992667450e-01   6.7514797789e-01
8.6999418519e-01   6.7506590680e-01
8.7066884056e-01   6.7424466105e-01
8.7073626092e-01   6.7416248303e-01
8.7141001232e-01   6.7334016885e-01
8.7664784089e-01   6.6687939925e-01
8.7671452468e-01   6.6679636092e-01
8.7738090567e-01   6.6596545081e-01
8.8256082975e-01   6.5943794017e-01
8.8262676935e-01   6.5935405315e-01
8.8328570379e-01   6.5851466326e-01
8.8840713238e-01   6.5192132670e-01
8.8847232028e-01   6.5183660276e-01
8.8912373308e-01   6.5098885110e-01
8.9418608338e-01   6.4433061786e-01
8.9425051216e-01   6.4424506898e-01
8.9489432931e-01   6.4338907532e-01
8.9495866393e-01   6.4330342551e-01
8.9560153894e-01   6.4244642343e-01
9.0059683778e-01   6.3571641248e-01
9.0066040510e-01   6.3562995137e-01
9.0129560258e-01   6.3476484390e-01
9.0135907473e-01   6.3467828355e-01
9.0199332004e-01   6.3381218463e-01
9.0692085453e-01   6.2701160449e-01
9.0698355133e-01   6.2692424670e-01
9.0761003861e-01   6.2605018106e-01
9.1247666079e-01   6.1918781285e-01
9.1253857517e-01   6.1909967013e-01
9.1315723396e-01   6.1821776289e-01
9.1796239728e-01   6.1129459039e-01
9.1802352229e-01   6.1120567538e-01
9.1863428322e-01   6.1031605314e-01
9.1869531038e-01   6.1022704374e-01
9.1930509221e-01   6.0933647855e-01
9.2404057365e-01   6.0234618793e-01
9.2410080378e-01   6.0225642063e-01
9.2470261121e-01   6.0135828439e-01
9.2937550265e-01   5.9430931580e-01
9.2943492906e-01   5.9421880355e-01
9.3002869514e-01   5.9331322584e-01
9.3463847794e-01   5.8620659713e-01
9.3469709404e-01   5.8611535301e-01
9.3528275301e-01   5.8520246469e-01
9.3534126869e-01   5.8511113119e-01
9.3592592300e-01   5.8419735010e-01
9.4046420421e-01   5.7702717388e-01
9.4052190232e-01   5.7693512335e-01
9.4109837704e-01   5.7601418011e-01
9.4115597385e-01   5.7592204203e-01
9.4173143505e-01   5.7500022442e-01
9.4619758471e-01   5.6776781059e-01
9.4625435685e-01   5.6767497047e-01
9.4682156747e-01   5.6674614060e-01
9.4687823744e-01   5.6665321480e-01
9.4744442587e-01   5.6572352914e-01
9.5183782720e-01   5.5843019975e-01
9.5189366554e-01   5.5833658700e-01
9.5245153392e-01   5.5740004033e-01
9.5250726924e-01   5.5730634378e-01
9.5306410695e-01   5.5636896004e-01
9.5738415647e-01   5.4901604842e-01
9.5743905336e-01   5.4892168017e-01
9.5798750306e-01   5.4797758788e-01
9.6224175948e-01   5.4057276755e-01
9.6229581200e-01   5.4047774127e-01
9.6283581447e-01   5.3952707709e-01
9.6702381973e-01   5.3207141958e-01
9.6707702209e-01   5.3197574901e-01
9.6760851935e-01   5.3101865044e-01
9.7172982497e-01   5.2351323341e-01
9.7178217147e-01   5.2341693236e-01
9.7230510677e-01   5.2245353765e-01
9.7635927390e-01   5.1489944433e-01
9.7641075900e-01   5.1480252671e-01
9.7692507680e-01   5.1383297478e-01
9.8091167628e-01   5.0623129343e-01
9.8096229454e-01   5.0613377318e-01
9.8146794058e-01   5.0515820355e-01
9.8538655296e-01   4.9751002686e-01
9.8543629906e-01   4.9741191798e-01
9.8593322031e-01   4.9643047071e-01
9.8978343592e-01   4.8873689526e-01
9.8983230467e-01   4.8863821180e-01
9.9032044934e-01   4.8765102741e-01
9.9410186829e-01   4.7991315305e-01
9.9414985464e-01   4.7981390910e-01
9.9462917221e-01   4.7882112849e-01
9.9467704936e-01   4.7872181637e-01
9.9515527450e-01   4.7772835514e-01
9.9885894464e-01   4.6994203191e-01
9.9890593385e-01   4.6984217515e-01
9.9937527662e-01   4.6884327637e-01
1.0030093336e+00   4.6101499802e-01
1.0030554301e+00   4.6091461079e-01
1.0035158426e+00   4.5991041593e-01
1.0070799172e+00   4.5204128903e-01
1.0071251163e+00   4.5194038548e-01
1.0075765521e+00   4.5093103618e-01
1.0110702851e+00   4.4302216827e-01
1.0111145822e+00   4.4292076257e-01
1.0115569958e+00   4.4190640058e-01
1.0149800378e+00   4.3395889962e-01
1.0150234286e+00   4.3385700595e-01
1.0154567760e+00   4.3283777301e-01
1.0155000547e+00   4.3273582013e-01
1.0159322807e+00   4.3171599608e-01
1.0192755061e+00   4.2372641722e-01
1.0193178736e+00   4.2362399229e-01
1.0197409854e+00   4.2259945648e-01
1.0230128106e+00   4.1457359616e-01
1.0230542628e+00   4.1447071333e-01
1.0234682190e+00   4.1344160733e-01
1.0266683254e+00   4.0538057137e-01
1.0267088583e+00   4.0527724479e-01
1.0271136188e+00   4.0424370996e-01
1.0302416978e+00   3.9614860241e-01
1.0302813075e+00   3.9604484619e-01
1.0306768335e+00   3.9500702364e-01
1.0307163290e+00   3.9490321539e-01
1.0311107131e+00   3.9386487363e-01
1.0341575226e+00   3.8573280496e-01
1.0341960907e+00   3.8562858288e-01
1.0345811981e+00   3.8458611153e-01
1.0346196515e+00   3.8448183938e-01
1.0350036119e+00   3.8343886829e-01
1.0379687887e+00   3.7527122477e-01
1.0380063106e+00   3.7516655456e-01
1.0383809537e+00   3.7411961149e-01
1.0412731685e+00   3.6592146234e-01
1.0413097554e+00   3.6581640804e-01
1.0416750464e+00   3.6476563280e-01
1.0444940320e+00   3.5653806873e-01
1.0445296805e+00   3.5643264429e-01
1.0448855859e+00   3.5537817614e-01
1.0476310848e+00   3.4712228344e-01
1.0476657917e+00   3.4701650272e-01
1.0480122792e+00   3.4595848033e-01
1.0506840437e+00   3.3767534035e-01
1.0507178059e+00   3.3756921716e-01
1.0510548444e+00   3.3650777853e-01
1.0536526363e+00   3.2819846725e-01
1.0536854508e+00   3.2809201532e-01
1.0540130105e+00   3.2702729774e-01
1.0565366012e+00   3.1869288527e-01
1.0565684652e+00   3.1858611826e-01
1.0568865174e+00   3.1751825824e-01
1.0593356879e+00   3.0915980841e-01
1.0593665985e+00   3.0905273988e-01
1.0596751158e+00   3.0798187310e-01
1.0620496565e+00   2.9960044298e-01
1.0620796112e+00   2.9949308642e-01
1.0623785674e+00   2.9841934767e-01
1.0646782781e+00   2.9001598717e-01
1.0647072743e+00   2.8990835598e-01
1.0649966444e+00   2.8883187909e-01
1.0672213342e+00   2.8040763055e-01
1.0672493695e+00   2.8029973801e-01
1.0675291298e+00   2.7922065583e-01
1.0696786170e+00   2.7077655359e-01
1.0697056892e+00   2.7066841289e-01
1.0699758169e+00   2.6958685721e-01
1.0720499291e+00   2.6112392723e-01
1.0720760360e+00   2.6101555145e-01
1.0723365097e+00   2.5993165298e-01
1.0743350836e+00   2.5145091245e-01
1.0743602232e+00   2.5134231455e-01
1.0746110225e+00   2.5025620283e-01
1.0765339038e+00   2.4175865983e-01
1.0765580742e+00   2.4164985265e-01
1.0767991800e+00   2.4056165606e-01
1.0786462233e+00   2.3204830914e-01
1.0786694226e+00   2.3193930541e-01
1.0789008169e+00   2.3084915106e-01
1.0806718857e+00   2.2232098898e-01
1.0806941123e+00   2.2221180128e-01
1.0809157782e+00   2.2111981502e-01
1.0826107448e+00   2.1257781634e-01
1.0826319971e+00   2.1246845715e-01
1.0828439187e+00   2.1137476350e-01
1.0844626641e+00   2.0281989632e-01
1.0844829406e+00   2.0271037794e-01
1.0846851033e+00   2.0161510008e-01
1.0862275170e+00   1.9304832168e-01
1.0862468163e+00   1.9293865631e-01
1.0864392066e+00   1.9184191598e-01
1.0879051866e+00   1.8326417258e-01
1.0879235075e+00   1.8315437226e-01
1.0881061129e+00   1.8205628980e-01
1.0894955655e+00   1.7346851625e-01
1.0895129069e+00   1.7335859287e-01
1.0896857159e+00   1.7225928714e-01
1.0909985559e+00   1.6366240665e-01
1.0910149167e+00   1.6355237196e-01
1.0911779189e+00   1.6245196030e-01
1.0924140692e+00   1.5384688421e-01
1.0924294484e+00   1.5373674981e-01
1.0925826345e+00   1.5263534803e-01
1.0937420261e+00   1.4402297556e-01
1.0937564228e+00   1.4391275286e-01
1.0938997845e+00   1.4281047523e-01
1.0949823562e+00   1.3419169324e-01
1.0949957698e+00   1.3408139353e-01
1.0951292997e+00   1.3297835268e-01
1.0961349983e+00   1.2435403548e-01
1.0961474282e+00   1.2424366987e-01
1.0962711201e+00   1.2313997685e-01
1.0971999001e+00   1.1451098597e-01
1.0972113456e+00   1.1440056542e-01
1.0973251941e+00   1.1329632962e-01
1.0981770176e+00   1.0466351366e-01
1.0981874784e+00   1.0455304895e-01
1.0982914791e+00   1.0344837808e-01
1.0990663158e+00   9.4812572523e-02
1.0990757915e+00   9.4702074254e-02
1.0991699411e+00   9.3597074354e-02
1.0998677679e+00   8.4959101399e-02
1.0998762583e+00   8.4848580020e-02
1.0999605543e+00   8.3743355415e-02
1.1005813555e+00   7.5104023828e-02
1.1005888604e+00   7.4993489611e-02
1.1006633012e+00   7.3888142898e-02
1.1012070683e+00   6.5248247892e-02
1.1012135876e+00   6.5137710932e-02
1.1012781727e+00   6.4032342966e-02
1.1017449042e+00   5.5392666075e-02
1.1017504379e+00   5.5282136294e-02
1.1018051674e+00   5.4176846173e-02
1.1021948686e+00   4.5538155144e-02
1.1021994169e+00   4.5427642285e-02
1.1022442920e+00   4.4322527336e-02
1.1025569751e+00   3.5685576035e-02
1.1025605381e+00   3.5575089664e-02
1.1025955608e+00   3.4470245434e-02
1.1028312447e+00   2.5835773765e-02
1.1028338227e+00   2.5725323269e-02
1.1028589958e+00   2.4620843511e-02
1.1030177057e+00   1.5989577347e-02
1.1030192991e+00   1.5879171931e-02
1.1030346263e+00   1.4775148603e-02
1.1031163941e+00   6.1477997253e-03
1.1031170033e+00   6.0374484168e-03
1.1031224890e+00   4.9339716680e-03
1.1031273527e+00   -3.6887622746e-03
1.1031269783e+00   -3.7990506309e-03
1.1031226278e+00   -4.9018924606e-03
1.1031221321e+00   -5.0121724464e-03
1.1031165685e+00   -6.1149299142e-03
1.1030350935e+00   -1.4731665112e-02
1.1030336148e+00   -1.4841872425e-02
1.1030182219e+00   -1.5943897899e-02
1.1028599438e+00   -2.4554583799e-02
1.1028574828e+00   -2.4664709980e-02
1.1028322675e+00   -2.5765918976e-02
1.1025972432e+00   -3.4369902230e-02
1.1025938007e+00   -3.4479939002e-02
1.1025587706e+00   -3.5580248849e-02
1.1022470627e+00   -4.4176890307e-02
1.1022426395e+00   -4.4286829572e-02
1.1021978030e+00   -4.5386159418e-02
1.1018094798e+00   -5.3974834105e-02
1.1018040768e+00   -5.4084667948e-02
1.1017494430e+00   -5.5182938750e-02
1.1012845782e+00   -6.3763035847e-02
1.1012781964e+00   -6.3872756532e-02
1.1012137751e+00   -6.4969891059e-02
1.1006724479e+00   -7.3540813860e-02
1.1006650884e+00   -7.3650413835e-02
1.1005908900e+00   -7.4746336655e-02
1.0999731848e+00   -8.3307502524e-02
1.0999648486e+00   -8.3416974415e-02
1.0998808843e+00   -8.4511611895e-02
1.0991868907e+00   -9.3062452209e-02
1.0991775790e+00   -9.3171788819e-02
1.0990838606e+00   -9.4265069115e-02
1.0983136730e+00   -1.0280502919e-01
1.0983033871e+00   -1.0291422350e-01
1.0981999269e+00   -1.0400607655e-01
1.0973536449e+00   -1.1253461558e-01
1.0973423860e+00   -1.1264366075e-01
1.0972291972e+00   -1.1373401825e-01
1.0963069249e+00   -1.2225060919e-01
1.0962946944e+00   -1.2235949856e-01
1.0961717905e+00   -1.2344829397e-01
1.0951736368e+00   -1.3195242346e-01
1.0951604362e+00   -1.3206115054e-01
1.0950278314e+00   -1.3314831906e-01
1.0939539096e+00   -1.4163948733e-01
1.0939397402e+00   -1.4174804580e-01
1.0937974494e+00   -1.4283352437e-01
1.0926478773e+00   -1.5131124510e-01
1.0926327408e+00   -1.5141962881e-01
1.0924807793e+00   -1.5250335608e-01
1.0912556788e+00   -1.6096715628e-01
1.0912395767e+00   -1.6107535926e-01
1.0910779603e+00   -1.6215727556e-01
1.0897774577e+00   -1.7060669548e-01
1.0897603917e+00   -1.7071471191e-01
1.0895891369e+00   -1.7179475928e-01
1.0882133624e+00   -1.8022935218e-01
1.0881953340e+00   -1.8033717643e-01
1.0880144578e+00   -1.8141529855e-01
1.0865635455e+00   -1.8983463064e-01
1.0865445566e+00   -1.8994225724e-01
1.0863540763e+00   -1.9101839944e-01
1.0848281641e+00   -1.9942204969e-01
1.0848082165e+00   -1.9952947331e-01
1.0846081500e+00   -2.0060358255e-01
1.0830073797e+00   -2.0899114252e-01
1.0829864752e+00   -2.0909835801e-01
1.0827768408e+00   -2.1017038283e-01
1.0811013576e+00   -2.1854145651e-01
1.0810794981e+00   -2.1864845887e-01
1.0808603146e+00   -2.1971834941e-01
1.0791102672e+00   -2.2807255304e-01
1.0790874546e+00   -2.2817933744e-01
1.0788587414e+00   -2.2924704538e-01
1.0770342818e+00   -2.3758400725e-01
1.0770105181e+00   -2.3769056899e-01
1.0767722947e+00   -2.3875604756e-01
1.0748735784e+00   -2.4707540784e-01
1.0748488655e+00   -2.4718174240e-01
1.0746011521e+00   -2.4824494631e-01
1.0726283375e+00   -2.5654635686e-01
1.0726026775e+00   -2.5665245983e-01
1.0723454946e+00   -2.5771334529e-01
1.0702987432e+00   -2.6599646943e-01
1.0702721383e+00   -2.6610233658e-01
1.0700055067e+00   -2.6716086125e-01
1.0678849831e+00   -2.7542537356e-01
1.0678574352e+00   -2.7553100079e-01
1.0675813762e+00   -2.7658712375e-01
1.0653872477e+00   -2.8483270986e-01
1.0653587591e+00   -2.8493809321e-01
1.0650732942e+00   -2.8599177495e-01
1.0628057310e+00   -2.9421813132e-01
1.0627763039e+00   -2.9432326697e-01
1.0624814550e+00   -2.9537446935e-01
1.0601406298e+00   -3.0358130305e-01
1.0601102664e+00   -3.0368618730e-01
1.0598060559e+00   -3.0473487351e-01
1.0573921441e+00   -3.1292190197e-01
1.0573608466e+00   -3.1302653127e-01
1.0570472970e+00   -3.1407266583e-01
1.0570158845e+00   -3.1417726344e-01
1.0567011843e+00   -3.1522308081e-01
1.0542053814e+00   -3.2338753625e-01
1.0541730374e+00   -3.2349187506e-01
1.0538490239e+00   -3.2453510243e-01
1.0512805147e+00   -3.3267918598e-01
1.0512472416e+00   -3.3278326271e-01
1.0509139380e+00   -3.3382386728e-01
1.0482729054e+00   -3.4194732722e-01
1.0482387055e+00   -3.4205113870e-01
1.0478961353e+00   -3.4308908888e-01
1.0451827642e+00   -3.5119168290e-01
1.0451476399e+00   -3.5129522609e-01
1.0447958270e+00   -3.5233049147e-01
1.0420103044e+00   -3.6041198637e-01
1.0419742581e+00   -3.6051525833e-01
1.0416132265e+00   -3.6154780966e-01
1.0387557417e+00   -3.6960798111e-01
1.0387187758e+00   -3.6971097902e-01
1.0383485499e+00   -3.7074078815e-01
1.0354192939e+00   -3.7877942045e-01
1.0353814108e+00   -3.7888214159e-01
1.0350020151e+00   -3.7990918148e-01
1.0320011810e+00   -3.8792606723e-01
1.0319623832e+00   -3.8802850901e-01
1.0315738426e+00   -3.8905275365e-01
1.0285016250e+00   -3.9704769357e-01
1.0284619152e+00   -3.9714985348e-01
1.0280642546e+00   -3.9817127788e-01
1.0249208501e+00   -4.0614408048e-01
1.0248802306e+00   -4.0624595611e-01
1.0244734754e+00   -4.0726453628e-01
1.0244327438e+00   -4.0736637668e-01
1.0240248683e+00   -4.0838460433e-01
1.0208017312e+00   -4.1633231953e-01
1.0207600929e+00   -4.1643387306e-01
1.0203431513e+00   -4.1744923064e-01
1.0170492502e+00   -4.2537442660e-01
1.0170067077e+00   -4.2547569105e-01
1.0165807257e+00   -4.2648815652e-01
1.0165380718e+00   -4.2658938516e-01
1.0161109764e+00   -4.2760149234e-01
1.0127378215e+00   -4.3550118984e-01
1.0126942663e+00   -4.3560212702e-01
1.0122581595e+00   -4.3661131838e-01
1.0088146703e+00   -4.4448814607e-01
1.0087702164e+00   -4.4458878977e-01
1.0083251245e+00   -4.4559504506e-01
1.0048115055e+00   -4.5344884795e-01
1.0047661556e+00   -4.5354919621e-01
1.0043121047e+00   -4.5455249602e-01
1.0007285619e+00   -4.6238312516e-01
1.0006823186e+00   -4.6248317612e-01
1.0002193352e+00   -4.6348350177e-01
9.9656607585e-01   -4.7129081402e-01
9.9651894178e-01   -4.7139056588e-01
9.9604705252e-01   -4.7238789941e-01
9.9232428518e-01   -4.8017175715e-01
9.9227626303e-01   -4.8027120817e-01
9.9179549463e-01   -4.8126553232e-01
9.8800342901e-01   -4.8902580311e-01
9.8795452147e-01   -4.8912495164e-01
9.8746490084e-01   -4.9011624979e-01
9.8360374782e-01   -4.9785280612e-01
9.8355395760e-01   -4.9795165054e-01
9.8305551179e-01   -4.9893990669e-01
9.7912548336e-01   -5.0665262569e-01
9.7907481317e-01   -5.0675116447e-01
9.7856756938e-01   -5.0773636318e-01
9.7456887862e-01   -5.1542512632e-01
9.7451733120e-01   -5.1552335795e-01
9.7400131675e-01   -5.1650548432e-01
9.6993417777e-01   -5.2417017710e-01
9.6988175585e-01   -5.2426810015e-01
9.6935699820e-01   -5.2524713978e-01
9.6522162612e-01   -5.3288765146e-01
9.6516833247e-01   -5.3298526452e-01
9.6463485921e-01   -5.3396120347e-01
9.6043147011e-01   -5.4157742675e-01
9.6037730750e-01   -5.4167472848e-01
9.5983514633e-01   -5.4264755324e-01
9.5978087671e-01   -5.4274481646e-01
9.5923764565e-01   -5.4371725611e-01
9.5495810720e-01   -5.5130607047e-01
9.5490297175e-01   -5.5140302088e-01
9.5435108404e-01   -5.5237233161e-01
9.5000399050e-01   -5.5993663982e-01
9.4994799201e-01   -5.6003327614e-01
9.4938747562e-01   -5.6099944520e-01
9.4497304593e-01   -5.6853914883e-01
9.4491618720e-01   -5.6863546981e-01
9.4434707019e-01   -5.6959848475e-01
9.3986552417e-01   -5.7711348758e-01
9.3980780802e-01   -5.7720949201e-01
9.3923011858e-01   -5.7816934065e-01
9.3468167688e-01   -5.8565954837e-01
9.3462310614e-01   -5.8575523505e-01
9.3403687254e-01   -5.8671190545e-01
9.3397819657e-01   -5.8680755285e-01
9.3339091085e-01   -5.8776383032e-01
9.2876758482e-01   -5.9522607352e-01
9.2870805744e-01   -5.9532140184e-01
9.2811225947e-01   -5.9627448786e-01
9.2342250906e-01   -6.0371174072e-01
9.2336213313e-01   -6.0380674881e-01
9.2275785141e-01   -6.0475663177e-01
9.1800189985e-01   -6.1216880405e-01
9.1794067823e-01   -6.1226349075e-01
9.1732794138e-01   -6.1321015917e-01
9.1250601268e-01   -6.2059716130e-01
9.1244394825e-01   -6.2069152548e-01
9.1182278497e-01   -6.2163496791e-01
9.0693510397e-01   -6.2899671072e-01
9.0687219960e-01   -6.2909075123e-01
9.0624263872e-01   -6.3003095629e-01
9.0128943103e-01   -6.3736735066e-01
9.0122568961e-01   -6.3746106636e-01
9.0058776003e-01   -6.3839802263e-01
8.9556925207e-01   -6.4570897923e-01
8.9550467650e-01   -6.4580236897e-01
8.9485840725e-01   -6.4673606500e-01
8.8977482623e-01   -6.5402149396e-01
8.8970941943e-01   -6.5411455660e-01
8.8905483963e-01   -6.5504498084e-01
8.8390641355e-01   -6.6230479147e-01
8.8384017843e-01   -6.6239752584e-01
8.8317731731e-01   -6.6332466662e-01
8.7796427501e-01   -6.7055876709e-01
8.7789721452e-01   -6.7065117200e-01
8.7722610139e-01   -6.7157501749e-01
8.7715893927e-01   -6.7166738167e-01
8.7648681014e-01   -6.7259081979e-01
8.7120145391e-01   -6.7979592695e-01
8.7113346972e-01   -6.7988796033e-01
8.7045312166e-01   -6.8080808961e-01
8.6510363785e-01   -6.8798728651e-01
8.6503483454e-01   -6.8807898785e-01
8.6434629712e-01   -6.8899579599e-01
8.5893291719e-01   -6.9614898533e-01
8.5886329772e-01   -6.9624035337e-01
8.5816660060e-01   -6.9715382777e-01
8.5268955689e-01   -7.0428090988e-01
8.5261912425e-01   -7.0437194333e-01
8.5191429721e-01   -7.0528207108e-01
8.5184376445e-01   -7.0537306317e-01
8.5113793650e-01   -7.0628277713e-01
8.4558965306e-01   -7.1338040896e-01
8.4551831049e-01   -7.1347106497e-01
8.4480438622e-01   -7.1437741733e-01
8.3919293534e-01   -7.2144872105e-01
8.3912078595e-01   -7.2153903961e-01
8.3839879539e-01   -7.2244201663e-01
8.3272441231e-01   -7.2948688323e-01
8.3265145913e-01   -7.2957686294e-01
8.3192143244e-01   -7.3047645045e-01
8.2618435338e-01   -7.3749476731e-01
8.2611059942e-01   -7.3758440669e-01
8.2537256689e-01   -7.3848059003e-01
8.1957302908e-01   -7.4547224063e-01
8.1949847739e-01   -7.4556153817e-01
8.1875246944e-01   -7.4645430218e-01
8.1289071120e-01   -7.5341916578e-01
8.1281536483e-01   -7.5350811991e-01
8.1206141202e-01   -7.5439744885e-01
8.0613767273e-01   -7.6133540023e-01
8.0606153476e-01   -7.6142400933e-01
8.0529966778e-01   -7.6230988687e-01
7.9931418798e-01   -7.6922079601e-01
7.9923726149e-01   -7.6930905838e-01
7.9846751119e-01   -7.7019146758e-01
7.9242053260e-01   -7.7707519936e-01
7.9234282068e-01   -7.7716311324e-01
7.9156521807e-01   -7.7804203646e-01
7.8545698363e-01   -7.8489845039e-01
7.8537848940e-01   -7.8498601396e-01
7.8459306565e-01   -7.8586143286e-01
7.7842381957e-01   -7.9269038277e-01
7.7834454617e-01   -7.9277759411e-01
7.7755133260e-01   -7.9364948961e-01
7.7132132045e-01   -8.0045082335e-01
7.7124127102e-01   -8.0053768049e-01
7.7044029913e-01   -8.0140603273e-01
7.7036015419e-01   -8.0149284603e-01
7.6955822735e-01   -8.0236075973e-01
7.6326024704e-01   -8.0913088106e-01
7.6317932963e-01   -8.0921733784e-01
7.6236968008e-01   -8.1008168498e-01
7.5601145974e-01   -8.1682384595e-01
7.5592977305e-01   -8.1690994404e-01
7.5511243270e-01   -8.1777070297e-01
7.5503065132e-01   -8.1785675666e-01
7.5421236438e-01   -8.1871707137e-01
7.4778677057e-01   -8.2542761625e-01
7.4770422353e-01   -8.2551330872e-01
7.4687828183e-01   -8.2637000983e-01
7.4679564055e-01   -8.2645565758e-01
7.4596875673e-01   -8.2731191126e-01
7.3947610727e-01   -8.3399061196e-01
7.3939270395e-01   -8.3407589584e-01
7.3855820171e-01   -8.3492850935e-01
7.3847470460e-01   -8.3501374816e-01
7.3763926474e-01   -8.3586591089e-01
7.3107987977e-01   -8.4251252868e-01
7.3099562427e-01   -8.4259740085e-01
7.3015260259e-01   -8.4344589558e-01
7.2353408238e-01   -8.5006374400e-01
7.2344907178e-01   -8.5014824695e-01
7.2259850110e-01   -8.5099304783e-01
7.2251339758e-01   -8.5107750505e-01
7.2166189786e-01   -8.5192184838e-01
7.1497725406e-01   -8.5850713198e-01
7.1489139914e-01   -8.5859121696e-01
7.1403238758e-01   -8.5943183614e-01
7.0728915740e-01   -8.6598790275e-01
7.0720255442e-01   -8.6607161267e-01
7.0633606434e-01   -8.6690847958e-01
6.9953450927e-01   -8.7343510491e-01
6.9944716159e-01   -8.7351843686e-01
6.9857322658e-01   -8.7435152222e-01
6.9171361017e-01   -8.8084847301e-01
6.9162552118e-01   -8.8093142396e-01
6.9074417508e-01   -8.8176069733e-01
6.9065599487e-01   -8.8184360105e-01
6.8977373683e-01   -8.8267240197e-01
6.8284921304e-01   -8.8913572755e-01
6.8276029535e-01   -8.8921824671e-01
6.8187066459e-01   -8.9004320001e-01
6.7488864619e-01   -8.9647632464e-01
6.7479899445e-01   -8.9655845594e-01
6.7390202543e-01   -8.9737952858e-01
6.6686278287e-01   -9.0378218909e-01
6.6677240057e-01   -9.0386392911e-01
6.6586812802e-01   -9.0468108678e-01
6.5877193415e-01   -9.1105300990e-01
6.5868082478e-01   -9.1113435508e-01
6.5776928378e-01   -9.1194756215e-01
6.5767808496e-01   -9.1202885837e-01
6.5676564971e-01   -9.1284157552e-01
6.4960580695e-01   -9.1917863035e-01
6.4951388504e-01   -9.1925952758e-01
6.4859422112e-01   -9.2006825249e-01
6.4850221025e-01   -9.2014910024e-01
6.4758165700e-01   -9.2095732999e-01
6.4035851647e-01   -9.2725914343e-01
6.4026578654e-01   -9.2733958785e-01
6.3933804481e-01   -9.2814378198e-01
6.3205885640e-01   -9.3441389776e-01
6.3196541101e-01   -9.3449393486e-01
6.3103051698e-01   -9.3529405326e-01
6.3093698358e-01   -9.3537403982e-01
6.3000120969e-01   -9.3617365254e-01
6.2265939772e-01   -9.4240777885e-01
6.2256515296e-01   -9.4248735342e-01
6.2162226782e-01   -9.4328284359e-01
6.1422501455e-01   -9.4948458068e-01
6.1413006213e-01   -9.4956373894e-01
6.1318010269e-01   -9.5035506331e-01
6.1308506323e-01   -9.5043416990e-01
6.1213423362e-01   -9.5122497726e-01
6.0467504569e-01   -9.5738991850e-01
6.0457930277e-01   -9.5746860376e-01
6.0362144083e-01   -9.5825519490e-01
5.9610743178e-01   -9.6438700224e-01
5.9601098917e-01   -9.6446526152e-01
5.9504613270e-01   -9.6524758992e-01
5.9494960403e-01   -9.6532579632e-01
5.9398388730e-01   -9.6610759553e-01
5.8640864835e-01   -9.7220173962e-01
5.8631142429e-01   -9.7227951463e-01
5.8533875599e-01   -9.7305699694e-01
5.7770933073e-01   -9.7911720697e-01
5.7761141514e-01   -9.7919454560e-01
5.7663183399e-01   -9.7996766107e-01
5.7653383336e-01   -9.8004494551e-01
5.7555340209e-01   -9.8081751870e-01
5.6786346870e-01   -9.8683913447e-01
5.6776478094e-01   -9.8691597675e-01
5.6677748085e-01   -9.8768412502e-01
5.5903401163e-01   -9.9367094878e-01
5.5893464071e-01   -9.9374734355e-01
5.5794051149e-01   -9.9451101342e-01
5.5784105657e-01   -9.9458735261e-01
5.5684608762e-01   -9.9535046619e-01
5.4904285030e-01   -1.0012976985e+00
5.4894271674e-01   -1.0013735840e+00
5.4794096382e-01   -1.0021321570e+00
5.4008485797e-01   -1.0080436794e+00
5.3998404983e-01   -1.0081191055e+00
5.3897555369e-01   -1.0088730808e+00
5.3887466261e-01   -1.0089484498e+00
5.3786533742e-01   -1.0097018539e+00
5.2995022301e-01   -1.0155727190e+00
5.2984866199e-01   -1.0156476220e+00
5.2883263996e-01   -1.0163963620e+00
5.2086534227e-01   -1.0222305372e+00
5.2076311550e-01   -1.0223049681e+00
5.1974043848e-01   -1.0230489831e+00
5.1172128680e-01   -1.0288459847e+00
5.1161839851e-01   -1.0289199372e+00
5.1058910891e-01   -1.0296591644e+00
5.1048613930e-01   -1.0297330573e+00
5.0945603688e-01   -1.0304716894e+00
5.0137903219e-01   -1.0362263367e+00
5.0127540588e-01   -1.0362997440e+00
5.0023873921e-01   -1.0370335155e+00
4.9211059439e-01   -1.0427499142e+00
4.9200631575e-01   -1.0428228292e+00
4.9096312845e-01   -1.0435516733e+00
4.8278418689e-01   -1.0492292941e+00
4.8267926034e-01   -1.0493017099e+00
4.8162959666e-01   -1.0500255580e+00
4.7340020652e-01   -1.0556638566e+00
4.7329463654e-01   -1.0557357662e+00
4.7223854134e-01   -1.0564545476e+00
4.7213289229e-01   -1.0565263942e+00
4.7107600677e-01   -1.0572445456e+00
4.6279036563e-01   -1.0628380027e+00
4.6268407826e-01   -1.0629093350e+00
4.6162081238e-01   -1.0636223380e+00
4.6151444658e-01   -1.0636936063e+00
4.6045039675e-01   -1.0644059690e+00
4.5210895737e-01   -1.0699538568e+00
4.5200195844e-01   -1.0700246023e+00
4.5093158023e-01   -1.0707317325e+00
4.4254085733e-01   -1.0762384252e+00
4.4243322998e-01   -1.0763086402e+00
4.4135657038e-01   -1.0770104609e+00
4.3291693398e-01   -1.0824753485e+00
4.3280868297e-01   -1.0825450252e+00
4.3172578967e-01   -1.0832414572e+00
4.3161746205e-01   -1.0833110669e+00
4.3053380305e-01   -1.0840068286e+00
4.2203966688e-01   -1.0894240065e+00
4.2193072103e-01   -1.0894930687e+00
4.2084088276e-01   -1.0901833506e+00
4.1229863722e-01   -1.0955573754e+00
4.1218907806e-01   -1.0956258819e+00
4.1109310976e-01   -1.0963106004e+00
4.1098347528e-01   -1.0963790377e+00
4.0988675418e-01   -1.0970630641e+00
4.0129092672e-01   -1.1023878243e+00
4.0118068454e-01   -1.1024556961e+00
4.0007788961e-01   -1.1031340631e+00
3.9143478311e-01   -1.1084142496e+00
3.9132393832e-01   -1.1084815473e+00
3.9021512041e-01   -1.1091541670e+00
3.8152513539e-01   -1.1143890853e+00
3.8141369314e-01   -1.1144557998e+00
3.8029890390e-01   -1.1151225823e+00
3.7156244713e-01   -1.1203115213e+00
3.7145041268e-01   -1.1203776435e+00
3.7032970455e-01   -1.1210384968e+00
3.6154718925e-01   -1.1261807289e+00
3.6143456790e-01   -1.1262462493e+00
3.6030799418e-01   -1.1269010793e+00
3.5147984009e-01   -1.1319958603e+00
3.5136663725e-01   -1.1320607694e+00
3.5023425207e-01   -1.1327094797e+00
3.4136088567e-01   -1.1377560487e+00
3.4124710685e-01   -1.1378203365e+00
3.4010896521e-01   -1.1384628288e+00
3.3999511571e-01   -1.1385270393e+00
3.3885626776e-01   -1.1391687575e+00
3.2993262838e-01   -1.1441602383e+00
3.2981820918e-01   -1.1442238164e+00
3.2867366761e-01   -1.1448592033e+00
3.1970574440e-01   -1.1498008009e+00
3.1959076117e-01   -1.1498637362e+00
3.1844058290e-01   -1.1504926889e+00
3.1832553049e-01   -1.1505555442e+00
3.1717466081e-01   -1.1511836959e+00
3.0815752563e-01   -1.1560682854e+00
3.0804191569e-01   -1.1561304860e+00
3.0688547434e-01   -1.1567520853e+00
2.9782501617e-01   -1.1615850445e+00
2.9770885459e-01   -1.1616465798e+00
2.9654690048e-01   -1.1622615190e+00
2.8744358344e-01   -1.1670419988e+00
2.8732687619e-01   -1.1671028579e+00
2.8615946919e-01   -1.1677110273e+00
2.8604269504e-01   -1.1677718021e+00
2.8487461952e-01   -1.1683791287e+00
2.7572371918e-01   -1.1730996214e+00
2.7560640621e-01   -1.1731597073e+00
2.7443294622e-01   -1.1737601383e+00
2.7431556721e-01   -1.1738201385e+00
2.7314144722e-01   -1.1744197110e+00
2.6394357001e-01   -1.1790791000e+00
2.6382565913e-01   -1.1791383985e+00
2.6264622439e-01   -1.1797309468e+00
2.5340704868e-01   -1.1843349841e+00
2.5328861226e-01   -1.1843935692e+00
2.5210392592e-01   -1.1849789768e+00
2.4282394933e-01   -1.1895267422e+00
2.4270499376e-01   -1.1895846021e+00
2.4151512002e-01   -1.1901627501e+00
2.3219484846e-01   -1.1946533068e+00
2.3207538027e-01   -1.1947104294e+00
2.3088038439e-01   -1.1952811970e+00
2.2152033219e-01   -1.1997135917e+00
2.2140035801e-01   -1.1997699648e+00
2.2020030635e-01   -1.2003332288e+00
2.1080099640e-01   -1.2047064920e+00
2.1068052297e-01   -1.2047621029e+00
2.0947548298e-01   -1.2053177384e+00
2.0935494843e-01   -1.2053732545e+00
2.0814929776e-01   -1.2059279401e+00
1.9870652135e-01   -1.2102335999e+00
1.9858549525e-01   -1.2102883396e+00
1.9737493338e-01   -1.2108352536e+00
1.9725384712e-01   -1.2108898966e+00
1.9604268418e-01   -1.2114358429e+00
1.8655712476e-01   -1.2156726325e+00
1.8643555481e-01   -1.2157264846e+00
1.8521955923e-01   -1.2162645137e+00
1.8509793010e-01   -1.2163182673e+00
1.8388134323e-01   -1.2168553105e+00
1.7435369707e-01   -1.2210219403e+00
1.7423159223e-01   -1.2210748882e+00
1.7301025278e-01   -1.2216038661e+00
1.6344573820e-01   -1.2257069381e+00
1.6332316490e-01   -1.2257590670e+00
1.6209714537e-01   -1.2262798455e+00
1.5249633377e-01   -1.2303183048e+00
1.5237329937e-01   -1.2303696009e+00
1.5114267347e-01   -1.2308820441e+00
1.5101958271e-01   -1.2309332365e+00
1.4978839369e-01   -1.2314446419e+00
1.4014750038e-01   -1.2354092400e+00
1.4002395693e-01   -1.2354595842e+00
1.3878824581e-01   -1.2359624992e+00
1.2911230034e-01   -1.2398601941e+00
1.2898831184e-01   -1.2399096762e+00
1.2774815495e-01   -1.2404039607e+00
1.2762411208e-01   -1.2404533355e+00
1.2638341206e-01   -1.2409465455e+00
1.1666880785e-01   -1.2447677686e+00
1.1654432865e-01   -1.2448162652e+00
1.1529927009e-01   -1.2453006853e+00
1.0555090259e-01   -1.2490526483e+00
1.0542599494e-01   -1.2491002525e+00
1.0417665686e-01   -1.2495757386e+00
9.4395148641e-02   -1.2532573096e+00
9.4269820575e-02   -1.2533040067e+00
9.3016283280e-02   -1.2537704132e+00
8.3202267077e-02   -1.2573804462e+00
8.3076526744e-02   -1.2574262215e+00
8.1818871846e-02   -1.2578834010e+00
7.1972990675e-02   -1.2614207368e+00
7.1846846359e-02   -1.2614655754e+00
7.0585156794e-02   -1.2619133786e+00
6.0708064062e-02   -1.2653768451e+00
6.0581524183e-02   -1.2654207320e+00
5.9315884224e-02   -1.2658590081e+00
4.9408243847e-02   -1.2692474204e+00
4.9281316959e-02   -1.2692903403e+00
4.8011812229e-02   -1.2697189369e+00
3.8074298741e-02   -1.2730310981e+00
3.7946993534e-02   -1.2730730355e+00
3.6673711024e-02   -1.2734917989e+00
2.6707009686e-02   -1.2767265001e+00
2.6579334989e-02   -1.2767674396e+00
2.5302363068e-02   -1.2771762142e+00
1.5307169966e-02   -1.2803322355e+00
1.5179134746e-02   -1.2803721614e+00
1.3898563174e-02   -1.2807707905e+00
3.8755853244e-03   -1.2838469011e+00
3.7471986894e-03   -1.2838857976e+00
2.4631186320e-03   -1.2842741231e+00
-7.5869259319e-03   -1.2872690819e+00
-7.7156547328e-03   -1.2873069331e+00
-9.0031506956e-03   -1.2876847955e+00
-1.9079532830e-02   -1.2905973518e+00
-1.9208594405e-02   -1.2906341417e+00
-2.0499412266e-02   -1.2910013804e+00
-2.0628514237e-02   -1.2910380382e+00
-2.1919735334e-02   -1.2914039551e+00
-3.2024820761e-02   -1.2942224400e+00
-3.2154244784e-02   -1.2942580182e+00
-3.3448680460e-02   -1.2946131296e+00
-4.3578518003e-02   -1.2973465267e+00
-4.3708254379e-02   -1.2973810091e+00
-4.5005807563e-02   -1.2977251521e+00
-5.5159632861e-02   -1.3003721840e+00
-5.5289671748e-02   -1.3004055542e+00
-5.6590243913e-02   -1.3007385649e+00
-6.6767281186e-02   -1.3032979472e+00
-6.6897612593e-02   -1.3033301888e+00
-6.8201103745e-02   -1.3036519024e+00
-7.8400565731e-02   -1.3061223440e+00
-7.8531179521e-02   -1.3061534403e+00
-7.9837488194e-02   -1.3064636913e+00
-9.0058576091e-02   -1.3088438952e+00
-9.0189461978e-02   -1.3088738297e+00
-9.1498485228e-02   -1.3091724518e+00
-1.0174038865e-01   -1.3114611161e+00
-1.0187153620e-01   -1.3114898719e+00
-1.0318316959e-01   -1.3117766983e+00
-1.0331434869e-01   -1.3118053076e+00
-1.0462629679e-01   -1.3120906671e+00
-1.1489060277e-01   -1.3142749402e+00
-1.1502203163e-01   -1.3143023522e+00
-1.1633647079e-01   -1.3145757278e+00
-1.2661983292e-01   -1.3166656829e+00
-1.2675150080e-01   -1.3166918808e+00
-1.2806832341e-01   -1.3169531047e+00
-1.3836989489e-01   -1.3189474286e+00
-1.3850179088e-01   -1.3189723955e+00
-1.3850179088e-01   -1.3189723955e+00
-1.3982088784e-01   -1.3192212996e+00
-1.3995281121e-01   -1.3192461135e+00
-1.4127218113e-01   -1.3194934860e+00
-1.5159318389e-01   -1.3213788122e+00
-1.5172532295e-01   -1.3214023762e+00
-1.5304684288e-01   -1.3216372398e+00
-1.6338421799e-01   -1.3234241411e+00
-1.6351656152e-01   -1.3234464384e+00
-1.6484011917e-01   -1.3236686245e+00
-1.6497248714e-01   -1.3236907644e+00
-1.6629628833e-01   -1.3239113749e+00
-1.7665100140e-01   -1.3255861388e+00
-1.7678356106e-01   -1.3256069930e+00
-1.7810927204e-01   -1.3258147370e+00
-1.8847846756e-01   -1.3273882818e+00
-1.8861120737e-01   -1.3274078336e+00
-1.8993871268e-01   -1.3276025428e+00
-2.0032148229e-01   -1.3290735551e+00
-2.0045439056e-01   -1.3290917877e+00
-2.0178357322e-01   -1.3292732943e+00
-2.1217899687e-01   -1.3306404631e+00
-2.1231206176e-01   -1.3306573597e+00
-2.1364280331e-01   -1.3308254962e+00
-2.2404994926e-01   -1.3320875146e+00
-2.2418315879e-01   -1.3321030585e+00
-2.2551533927e-01   -1.3322576580e+00
-2.3593326415e-01   -1.3334132235e+00
-2.3606660619e-01   -1.3334273981e+00
-2.3740010416e-01   -1.3335682942e+00
-2.4782785303e-01   -1.3346161102e+00
-2.4796131528e-01   -1.3346288990e+00
-2.4929600782e-01   -1.3347559263e+00
-2.5973261419e-01   -1.3356947029e+00
-2.5986618423e-01   -1.3357060894e+00
-2.6120194695e-01   -1.3358190834e+00
-2.7164643286e-01   -1.3366475384e+00
-2.7178009812e-01   -1.3366575062e+00
-2.7311680515e-01   -1.3367563034e+00
-2.7325048127e-01   -1.3367660950e+00
-2.7458729602e-01   -1.3368631295e+00
-2.8503945307e-01   -1.3375661346e+00
-2.8517321010e-01   -1.3375744893e+00
-2.8651082605e-01   -1.3376571448e+00
-2.9696874841e-01   -1.3382471367e+00
-2.9710257347e-01   -1.3382540384e+00
-2.9844086171e-01   -1.3383221541e+00
-2.9857469426e-01   -1.3383288755e+00
-2.9991305643e-01   -1.3383951863e+00
-3.1037624636e-01   -1.3388567313e+00
-3.1051013230e-01   -1.3388619818e+00
-3.1184902021e-01   -1.3389135741e+00
-3.2231581074e-01   -1.3392594645e+00
-3.2244973688e-01   -1.3392632284e+00
-3.2378901860e-01   -1.3392999447e+00
-3.3425837304e-01   -1.3395289572e+00
-3.3439232605e-01   -1.3395312188e+00
-3.3573186825e-01   -1.3395529036e+00
-3.3586582365e-01   -1.3395549788e+00
-3.3720538868e-01   -1.3395747984e+00
-3.4767637347e-01   -1.3396710729e+00
-3.4781034060e-01   -1.3396716287e+00
-3.4915001468e-01   -1.3396762443e+00
-3.5962132635e-01   -1.3396530933e+00
-3.5975529161e-01   -1.3396521145e+00
-3.6109493850e-01   -1.3396413749e+00
-3.7156550696e-01   -1.3394976247e+00
-3.7169945659e-01   -1.3394950964e+00
-3.7303893871e-01   -1.3394688525e+00
-3.8350768350e-01   -1.3392033479e+00
-3.8364160363e-01   -1.3391992554e+00
-3.8498078209e-01   -1.3391573607e+00
-3.9544661253e-01   -1.3387689660e+00
-3.9558048914e-01   -1.3387632949e+00
-3.9691922374e-01   -1.3387056054e+00
-4.0738103912e-01   -1.3381932058e+00
-4.0751485807e-01   -1.3381859419e+00
-4.0885300735e-01   -1.3381123163e+00
-4.1930969711e-01   -1.3374748187e+00
-4.1944344415e-01   -1.3374659483e+00
-4.2078086540e-01   -1.3373762483e+00
-4.3123130933e-01   -1.3366125829e+00
-4.3136497006e-01   -1.3366020923e+00
-4.3270151935e-01   -1.3364961827e+00
-4.4314458784e-01   -1.3356053041e+00
-4.4327814776e-01   -1.3355931802e+00
-4.4461367997e-01   -1.3354709286e+00
-4.5504823417e-01   -1.3344518171e+00
-4.5518167866e-01   -1.3344380469e+00
-4.5651604750e-01   -1.3342993248e+00
-4.6694093959e-01   -1.3331509873e+00
-4.6707425392e-01   -1.3331355583e+00
-4.6840731197e-01   -1.3329802403e+00
-4.7882138542e-01   -1.3317017120e+00
-4.7895455474e-01   -1.3316846119e+00
-4.8028615349e-01   -1.3315125765e+00
-4.9068824327e-01   -1.3301029216e+00
-4.9082125262e-01   -1.3300841387e+00
-4.9215124248e-01   -1.3298952681e+00
-5.0254017538e-01   -1.3283535813e+00
-5.0267300971e-01   -1.3283331042e+00
-5.0400124007e-01   -1.3281272846e+00
-5.1437583492e-01   -1.3264526923e+00
-5.1450847908e-01   -1.3264305100e+00
-5.1583479831e-01   -1.3262076318e+00
-5.2619386631e-01   -1.3243992931e+00
-5.2632630505e-01   -1.3243753950e+00
-5.2765056058e-01   -1.3241353528e+00
-5.3799290559e-01   -1.3221924610e+00
-5.3812512356e-01   -1.3221668370e+00
-5.3944716191e-01   -1.3219095298e+00
-5.4977158074e-01   -1.3198313132e+00
-5.4990356250e-01   -1.3198039537e+00
-5.5122322929e-01   -1.3195292851e+00
-5.6152851204e-01   -1.3173150085e+00
-5.6166024208e-01   -1.3172859043e+00
-5.6166024208e-01   -1.3172859043e+00
-5.6297738209e-01   -1.3169937825e+00
-5.6310908000e-01   -1.3169644624e+00
-5.6442589749e-01   -1.3166701813e+00
-5.7470823243e-01   -1.3143022288e+00
-5.7483966110e-01   -1.3142711542e+00
-5.7615377650e-01   -1.3139593229e+00
-5.8641438552e-01   -1.3114538746e+00
-5.8654552926e-01   -1.3114210373e+00
-5.8785678573e-01   -1.3110915746e+00
-5.9809444011e-01   -1.3084480161e+00
-5.9822528318e-01   -1.3084134085e+00
-5.9953352317e-01   -1.3080662384e+00
-6.0974698887e-01   -1.3052839959e+00
-6.0987751545e-01   -1.3052476109e+00
-6.1118258075e-01   -1.3048826626e+00
-6.2137061883e-01   -1.3019612043e+00
-6.2150081305e-01   -1.3019230354e+00
-6.2280254485e-01   -1.3015402437e+00
-6.3296391181e-01   -1.2984790808e+00
-6.3309375772e-01   -1.2984391219e+00
-6.3439199666e-01   -1.2980384271e+00
-6.4452544482e-01   -1.2948371147e+00
-6.4465492645e-01   -1.2947953604e+00
-6.4594951265e-01   -1.2943767085e+00
-6.5605379059e-01   -1.2910348466e+00
-6.5618289189e-01   -1.2909912921e+00
-6.5747366503e-01   -1.2905546347e+00
-6.6754751794e-01   -1.2870718693e+00
-6.6767622286e-01   -1.2870265102e+00
-6.6896302219e-01   -1.2865718052e+00
-6.7900519233e-01   -1.2829478288e+00
-6.7913348476e-01   -1.2829006616e+00
-6.8041614919e-01   -1.2824278726e+00
-6.9042537629e-01   -1.2786624255e+00
-6.9055324009e-01   -1.2786134470e+00
-6.9183160825e-01   -1.2781225440e+00
-7.0180662993e-01   -1.2742154148e+00
-7.0193404893e-01   -1.2741646227e+00
-7.0320795921e-01   -1.2736555817e+00
-7.1314751142e-01   -1.2696066084e+00
-7.1327446945e-01   -1.2695540008e+00
-7.1454376003e-01   -1.2690268044e+00
-7.2444657752e-01   -1.2648358748e+00
-7.2457305838e-01   -1.2647814506e+00
-7.2583756732e-01   -1.2642360876e+00
-7.3570238405e-01   -1.2599031402e+00
-7.3582837155e-01   -1.2598468989e+00
-7.3708793685e-01   -1.2592833649e+00
-7.4691348645e-01   -1.2548083895e+00
-7.4703896439e-01   -1.2547503313e+00
-7.4829342404e-01   -1.2541686282e+00
-7.5807844029e-01   -1.2495516667e+00
-7.5820339247e-01   -1.2494917924e+00
-7.5945258450e-01   -1.2488919290e+00
-7.6919580179e-01   -1.2441330756e+00
-7.6932021202e-01   -1.2440713867e+00
-7.7056397457e-01   -1.2434533785e+00
-7.8026412838e-01   -1.2385527806e+00
-7.8038798048e-01   -1.2384892792e+00
-7.8162615186e-01   -1.2378531485e+00
-7.9128197920e-01   -1.2328110069e+00
-7.9140525703e-01   -1.2327456960e+00
-7.9263767578e-01   -1.2320914719e+00
-8.0224791569e-01   -1.2269080412e+00
-8.0237060313e-01   -1.2268409243e+00
-8.0359710809e-01   -1.2261686430e+00
-8.1316050212e-01   -1.2208442322e+00
-8.1328258310e-01   -1.2207753136e+00
-8.1450301343e-01   -1.2200850180e+00
-8.2401830615e-01   -1.2146199906e+00
-8.2413976461e-01   -1.2145492753e+00
-8.2535395992e-01   -1.2138410156e+00
-8.3481989937e-01   -1.2082357899e+00
-8.3494071933e-01   -1.2081632835e+00
-8.3614851969e-01   -1.2074371166e+00
-8.4556385789e-01   -1.2016921661e+00
-8.4568402339e-01   -1.2016178750e+00
-8.4688526942e-01   -1.2008738651e+00
-8.5624876285e-01   -1.1949897181e+00
-8.5636825801e-01   -1.1949136493e+00
-8.5756279094e-01   -1.1941518677e+00
-8.6687320103e-01   -1.1881291079e+00
-8.6699201005e-01   -1.1880512693e+00
-8.6817967175e-01   -1.1872717941e+00
-8.7743576540e-01   -1.1811110605e+00
-8.7755387253e-01   -1.1810314605e+00
-8.7873450561e-01   -1.1802343771e+00
-8.8793505567e-01   -1.1739363639e+00
-8.8805244523e-01   -1.1738550117e+00
-8.8922589311e-01   -1.1730404124e+00
-8.9836967883e-01   -1.1666058687e+00
-8.9848633526e-01   -1.1665227743e+00
-8.9965244219e-01   -1.1656907586e+00
-9.0873824978e-01   -1.1591204886e+00
-9.0885415759e-01   -1.1590356625e+00
-9.1001276875e-01   -1.1581863368e+00
-9.1903939181e-01   -1.1514811994e+00
-9.1915453560e-01   -1.1513946529e+00
-9.2030549715e-01   -1.1505281306e+00
-9.2927173720e-01   -1.1436890392e+00
-9.2938610169e-01   -1.1436007843e+00
-9.3052926084e-01   -1.1427171858e+00
-9.3943392776e-01   -1.1357451078e+00
-9.3954749778e-01   -1.1356551572e+00
-9.4068270282e-01   -1.1347546097e+00
-9.4952461539e-01   -1.1276505662e+00
-9.4963737587e-01   -1.1275589333e+00
-9.5076447628e-01   -1.1266415708e+00
-9.5954246260e-01   -1.1194066362e+00
-9.5965439860e-01   -1.1193133350e+00
-9.6077324507e-01   -1.1183792985e+00
-9.6948614306e-01   -1.1110145998e+00
-9.6959723977e-01   -1.1109196450e+00
-9.7070768428e-01   -1.1099690821e+00
-9.7935434214e-01   -1.1024757985e+00
-9.7946458489e-01   -1.1023792055e+00
-9.8056648078e-01   -1.1014122703e+00
-9.8914575745e-01   -1.0937916324e+00
-9.8925513170e-01   -1.0936934172e+00
-9.9034833370e-01   -1.0927102705e+00
-9.9885909932e-01   -1.0849635597e+00
-9.9896759069e-01   -1.0848637391e+00
-1.0000519550e+00   -1.0838645480e+00
-1.0084930914e+00   -1.0759930958e+00
-1.0086006856e+00   -1.0758916870e+00
-1.0096760699e+00   -1.0748766252e+00
-1.0180464709e+00   -1.0668818121e+00
-1.0181531539e+00   -1.0667788330e+00
-1.0192194175e+00   -1.0657480802e+00
-1.0275179896e+00   -1.0576313352e+00
-1.0276237475e+00   -1.0575268045e+00
-1.0286807513e+00   -1.0564805466e+00
-1.0369064138e+00   -1.0482433460e+00
-1.0370112328e+00   -1.0481372828e+00
-1.0380588394e+00   -1.0470757117e+00
-1.0462105250e+00   -1.0387195782e+00
-1.0463143916e+00   -1.0386120022e+00
-1.0473524654e+00   -1.0375353156e+00
-1.0554291207e+00   -1.0290618175e+00
-1.0555320214e+00   -1.0289527490e+00
-1.0565604285e+00   -1.0278611505e+00
-1.0645610141e+00   -1.0192719000e+00
-1.0646629358e+00   -1.0191613600e+00
-1.0656815441e+00   -1.0180550587e+00
-1.0736050353e+00   -1.0093517115e+00
-1.0737059649e+00   -1.0092397212e+00
-1.0747146444e+00   -1.0081189317e+00
-1.0825600314e+00   -9.9930318525e-01
-1.0826599561e+00   -9.9918976681e-01
-1.0836585785e+00   -9.9805470882e-01
-1.0914248669e+00   -9.8912830152e-01
-1.0915237740e+00   -9.8901347733e-01
-1.0925122130e+00   -9.8786437588e-01
-1.1001984240e+00   -9.7882908547e-01
-1.1002963011e+00   -9.7871287850e-01
-1.1012744327e+00   -9.7754996354e-01
-1.1088796035e+00   -9.6840760598e-01
-1.1089764383e+00   -9.6829003966e-01
-1.1099441403e+00   -9.6711354592e-01
-1.1174673245e+00   -9.5786597397e-01
-1.1175631051e+00   -9.5774707223e-01
-1.1185202574e+00   -9.5655723906e-01
-1.1259605252e+00   -9.4720634092e-01
-1.1260552399e+00   -9.4708612809e-01
-1.1270017246e+00   -9.4588319930e-01
-1.1343581634e+00   -9.3643089713e-01
-1.1344518004e+00   -9.3630939801e-01
-1.1353875021e+00   -9.3509362165e-01
-1.1426592163e+00   -9.2554187018e-01
-1.1427517643e+00   -9.2541910994e-01
-1.1436765694e+00   -9.2419073813e-01
-1.1508626812e+00   -9.1454152311e-01
-1.1509541291e+00   -9.1441752733e-01
-1.1518679264e+00   -9.1317681607e-01
-1.1589675757e+00   -9.0343215277e-01
-1.1590579127e+00   -9.0330694741e-01
-1.1599605933e+00   -9.0205415635e-01
-1.1669729382e+00   -8.9221608803e-01
-1.1670621535e+00   -8.9208969937e-01
-1.1679536110e+00   -8.9082509168e-01
-1.1748778278e+00   -8.8089568797e-01
-1.1749659110e+00   -8.8076814264e-01
-1.1758460411e+00   -8.7949198473e-01
-1.1826813248e+00   -8.6947334009e-01
-1.1827682657e+00   -8.6934466501e-01
-1.1836369668e+00   -8.6805722637e-01
-1.1903825310e+00   -8.5795145845e-01
-1.1904683197e+00   -8.5782168085e-01
-1.1913254922e+00   -8.5652323384e-01
-1.1979805698e+00   -8.4633248183e-01
-1.1980651965e+00   -8.4620162918e-01
-1.1989107437e+00   -8.4489244880e-01
-1.2054745864e+00   -8.3461887182e-01
-1.2055580417e+00   -8.3448697186e-01
-1.2063918690e+00   -8.3316733556e-01
-1.2128637481e+00   -8.2281311097e-01
-1.2129460227e+00   -8.2268019165e-01
-1.2137680381e+00   -8.2135037910e-01
-1.2201472443e+00   -8.1091770086e-01
-1.2202283294e+00   -8.1078379035e-01
-1.2210384434e+00   -8.0944408323e-01
-1.2273242870e+00   -7.9893516022e-01
-1.2274041737e+00   -7.9880028685e-01
-1.2282022995e+00   -7.9745096866e-01
-1.2343941105e+00   -7.8686802298e-01
-1.2344727905e+00   -7.8673221524e-01
-1.2352588435e+00   -7.8537357105e-01
-1.2413559719e+00   -7.7471883638e-01
-1.2414334369e+00   -7.7458212292e-01
-1.2414334369e+00   -7.7458212292e-01
-1.2422073353e+00   -7.7321443916e-01
-1.2422846499e+00   -7.7307761595e-01
-1.2430570432e+00   -7.7170883691e-01
-1.2490470576e+00   -7.6097613289e-01
-1.2491231483e+00   -7.6083843626e-01
-1.2498832981e+00   -7.5946094080e-01
-1.2557773158e+00   -7.4866122135e-01
-1.2558521750e+00   -7.4852268016e-01
-1.2566000048e+00   -7.4713675693e-01
-1.2623974384e+00   -7.3627228102e-01
-1.2624710587e+00   -7.3613292420e-01
-1.2632064947e+00   -7.3473886254e-01
-1.2689067769e+00   -7.2381189380e-01
-1.2689791511e+00   -7.2367175033e-01
-1.2697021220e+00   -7.2226984006e-01
-1.2753047057e+00   -7.1128264512e-01
-1.2753758269e+00   -7.1114174401e-01
-1.2760862640e+00   -7.0973227525e-01
-1.2815906224e+00   -6.9868712211e-01
-1.2816604840e+00   -6.9854549238e-01
-1.2823583212e+00   -6.9712875531e-01
-1.2877639475e+00   -6.8602791172e-01
-1.2878325432e+00   -6.8588558237e-01
-1.2885177170e+00   -6.8446186703e-01
-1.2938241249e+00   -6.7330759888e-01
-1.2938914485e+00   -6.7316459889e-01
-1.2945638979e+00   -6.7173419498e-01
-1.2997706210e+00   -6.6052876471e-01
-1.2998366667e+00   -6.6038512300e-01
-1.3004963335e+00   -6.5894831967e-01
-1.3056029257e+00   -6.4769398470e-01
-1.3056676879e+00   -6.4754973011e-01
-1.3063145162e+00   -6.4610681579e-01
-1.3113205516e+00   -6.3480582698e-01
-1.3113840249e+00   -6.3466098827e-01
-1.3120179616e+00   -6.3321225042e-01
-1.3169230341e+00   -6.2186685056e-01
-1.3169852135e+00   -6.2172145637e-01
-1.3176062079e+00   -6.2026718135e-01
-1.3224099315e+00   -6.0887960363e-01
-1.3224708122e+00   -6.0873368248e-01
-1.3230788161e+00   -6.0727415531e-01
-1.3277808247e+00   -5.9584662192e-01
-1.3278404021e+00   -5.9570020216e-01
-1.3284353701e+00   -5.9423570636e-01
-1.3330353173e+00   -5.8277042702e-01
-1.3330935870e+00   -5.8262353684e-01
-1.3336754760e+00   -5.8115435425e-01
-1.3381730350e+00   -5.6965352479e-01
-1.3382299930e+00   -5.6950619221e-01
-1.3387987624e+00   -5.6803260280e-01
-1.3431936260e+00   -5.5649840382e-01
-1.3432492685e+00   -5.5635065664e-01
-1.3438048803e+00   -5.5487293835e-01
-1.3480967606e+00   -5.4330753389e-01
-1.3481510839e+00   -5.4315939970e-01
-1.3486935026e+00   -5.4167782826e-01
-1.3528821310e+00   -5.3008336448e-01
-1.3529351319e+00   -5.2993487064e-01
-1.3534643242e+00   -5.2844971940e-01
-1.3575494510e+00   -5.1682832336e-01
-1.3576011264e+00   -5.1667949696e-01
-1.3581170617e+00   -5.1519103677e-01
-1.3620984562e+00   -5.0354481515e-01
-1.3621488033e+00   -5.0339568303e-01
-1.3626514532e+00   -5.0190418204e-01
-1.3665289034e+00   -4.9023522002e-01
-1.3665779195e+00   -4.9008580872e-01
-1.3670672582e+00   -4.8859153226e-01
-1.3708405705e+00   -4.7690189234e-01
-1.3708882532e+00   -4.7675222812e-01
-1.3713642571e+00   -4.7525543854e-01
-1.3750332563e+00   -4.6354715944e-01
-1.3750796035e+00   -4.6339726824e-01
-1.3755422513e+00   -4.6189822480e-01
-1.3791067802e+00   -4.5017332042e-01
-1.3791517900e+00   -4.5002322787e-01
-1.3796010627e+00   -4.4852218656e-01
-1.3830609819e+00   -4.3678264496e-01
-1.3831046527e+00   -4.3663237633e-01
-1.3835405337e+00   -4.3512958978e-01
-1.3868957214e+00   -4.2337737220e-01
-1.3869380517e+00   -4.2322695244e-01
-1.3873605265e+00   -4.2172266979e-01
-1.3906108784e+00   -4.0995970972e-01
-1.3906518669e+00   -4.0980916339e-01
-1.3910609233e+00   -4.0830363018e-01
-1.3942063522e+00   -3.9653183249e-01
-1.3942459978e+00   -3.9638118381e-01
-1.3946416258e+00   -3.9487464184e-01
-1.3976820611e+00   -3.8309588192e-01
-1.3977203632e+00   -3.8294515470e-01
-1.3981025547e+00   -3.8143784197e-01
-1.4010379428e+00   -3.6965396496e-01
-1.4010749006e+00   -3.6950318264e-01
-1.4014436499e+00   -3.6799533322e-01
-1.4042739531e+00   -3.5620815322e-01
-1.4043095664e+00   -3.5605733883e-01
-1.4046648697e+00   -3.5454918277e-01
-1.4073900666e+00   -3.4276048218e-01
-1.4074243351e+00   -3.4260965834e-01
-1.4077661906e+00   -3.4110142160e-01
-1.4103862755e+00   -3.2931295042e-01
-1.4104191992e+00   -3.2916213934e-01
-1.4107476073e+00   -3.2765404368e-01
-1.4132625898e+00   -3.1586751894e-01
-1.4132941690e+00   -3.1571674238e-01
-1.4136091319e+00   -3.1420900532e-01
-1.4160190370e+00   -3.0242611044e-01
-1.4160492721e+00   -3.0227538976e-01
-1.4163507939e+00   -3.0076822447e-01
-1.4186556613e+00   -2.8899060880e-01
-1.4186845528e+00   -2.8883996491e-01
-1.4189726396e+00   -2.8733358017e-01
-1.4211725235e+00   -2.7556285847e-01
-1.4212000723e+00   -2.7541231182e-01
-1.4214747319e+00   -2.7390691197e-01
-1.4235697010e+00   -2.6214466398e-01
-1.4235959080e+00   -2.6199423458e-01
-1.4238571501e+00   -2.6049001944e-01
-1.4258472868e+00   -2.4873778947e-01
-1.4258721531e+00   -2.4858749688e-01
-1.4261199891e+00   -2.4708466173e-01
-1.4280053895e+00   -2.3534395832e-01
-1.4280289164e+00   -2.3519382163e-01
-1.4282633596e+00   -2.3369255713e-01
-1.4300441330e+00   -2.2196485274e-01
-1.4300663220e+00   -2.2181489059e-01
-1.4302873872e+00   -2.2031538278e-01
-1.4319636560e+00   -2.0860211352e-01
-1.4319845087e+00   -2.0845234406e-01
-1.4321922122e+00   -2.0695477431e-01
-1.4337641114e+00   -1.9525733969e-01
-1.4337836297e+00   -1.9510778063e-01
-1.4339779897e+00   -1.9361232561e-01
-1.4354456665e+00   -1.8193208837e-01
-1.4354638522e+00   -1.8178275694e-01
-1.4356448884e+00   -1.8028958861e-01
-1.4370085021e+00   -1.6862787456e-01
-1.4370253575e+00   -1.6847878750e-01
-1.4371930909e+00   -1.6698807309e-01
-1.4384528124e+00   -1.5534617100e-01
-1.4384683396e+00   -1.5519734459e-01
-1.4386227929e+00   -1.5370924659e-01
-1.4397788046e+00   -1.4208840812e-01
-1.4397930060e+00   -1.4193985817e-01
-1.4399342031e+00   -1.4045453429e-01
-1.4409866982e+00   -1.2885597396e-01
-1.4409995764e+00   -1.2870771578e-01
-1.4411275428e+00   -1.2722531902e-01
-1.4420767251e+00   -1.1565021416e-01
-1.4420882828e+00   -1.1550226262e-01
-1.4422030453e+00   -1.1402294120e-01
-1.4430491292e+00   -1.0247243206e-01
-1.4430593690e+00   -1.0232480153e-01
-1.4431609557e+00   -1.0084869891e-01
-1.4439041653e+00   -8.9323888667e-02
-1.4439130904e+00   -8.9176593052e-02
-1.4440015305e+00   -8.7703848000e-02
-1.4446420998e+00   -7.6205802871e-02
-1.4446497131e+00   -7.6058855601e-02
-1.4447250373e+00   -7.4589602135e-02
-1.4452632095e+00   -6.3119351527e-02
-1.4452695141e+00   -6.2972765564e-02
-1.4453317540e+00   -6.1507133008e-02
-1.4457677815e+00   -5.0065669662e-02
-1.4457727807e+00   -4.9919457499e-02
-1.4458219692e+00   -4.8457570499e-02
-1.4461561129e+00   -3.7045850690e-02
-1.4461598101e+00   -3.6900024356e-02
-1.4461959811e+00   -3.5442002907e-02
-1.4464285103e+00   -2.4060946664e-02
-1.4464309091e+00   -2.3915517724e-02
-1.4464540976e+00   -2.2461477197e-02
-1.4465852897e+00   -1.1111968552e-02
-1.4465863936e+00   -1.0966948113e-02
-1.4465966355e+00   -9.5169992928e-03
-1.4466267756e+00   1.8001134438e-03
-1.4466265884e+00   1.9447147309e-03
-1.4466239208e+00   3.3904656105e-03
-1.4465533013e+00   1.4674369548e-02
-1.4465518267e+00   1.4818541483e-02
-1.4465362874e+00   1.6259992700e-02
-1.4463652080e+00   2.7509910042e-02
-1.4463624499e+00   2.7653642872e-02
-1.4463340777e+00   2.9090697172e-02
-1.4460628448e+00   4.0305884867e-02
-1.4460588070e+00   4.0449169282e-02
-1.4460176415e+00   4.1881733832e-02
-1.4456465680e+00   5.3061483201e-02
-1.4456412547e+00   5.3204310328e-02
-1.4455873364e+00   5.4632296667e-02
-1.4451167411e+00   6.5775933013e-02
-1.4451101564e+00   6.5918294411e-02
-1.4450435264e+00   6.7341618400e-02
-1.4444737344e+00   7.8448500591e-02
-1.4444658825e+00   7.8590388247e-02
-1.4443865827e+00   8.0008970014e-02
-1.4437179244e+00   9.1078490053e-02
-1.4437088094e+00   9.1219896375e-02
-1.4436168826e+00   9.2633660257e-02
-1.4428496936e+00   1.0366524283e-01
-1.4428393200e+00   1.0380616064e-01
-1.4427348094e+00   1.0521503513e-01
-1.4418694305e+00   1.1620813714e-01
-1.4418578026e+00   1.1634855967e-01
-1.4417407521e+00   1.1775247734e-01
-1.4407775286e+00   1.2870658743e-01
-1.4407646510e+00   1.2884650832e-01
-1.4406351050e+00   1.3024540578e-01
-1.4395743868e+00   1.4116004380e-01
-1.4395602639e+00   1.4129945709e-01
-1.4394182675e+00   1.4269327491e-01
-1.4382604086e+00   1.5356799146e-01
-1.4382450449e+00   1.5370689156e-01
-1.4380906436e+00   1.5509557421e-01
-1.4368360019e+00   1.6592995006e-01
-1.4368194020e+00   1.6606833177e-01
-1.4366526418e+00   1.6745182755e-01
-1.4353015787e+00   1.7824547313e-01
-1.4352837473e+00   1.7838333165e-01
-1.4351046748e+00   1.7976159261e-01
-1.4336575550e+00   1.9051414746e-01
-1.4336384967e+00   1.9065147833e-01
-1.4334471587e+00   1.9202446021e-01
-1.4319043502e+00   2.0273559240e-01
-1.4318840698e+00   2.0287239154e-01
-1.4316805135e+00   2.0424005369e-01
-1.4300423870e+00   2.1490945928e-01
-1.4300208892e+00   2.1504572295e-01
-1.4298051623e+00   2.1640802827e-01
-1.4280720910e+00   2.2703543070e-01
-1.4280493807e+00   2.2717115552e-01
-1.4278215310e+00   2.2852807038e-01
-1.4259938906e+00   2.3911321988e-01
-1.4259699725e+00   2.3924840281e-01
-1.4257300483e+00   2.4059989695e-01
-1.4257059816e+00   2.4073501284e-01
-1.4254645711e+00   2.4208583630e-01
-1.4235311454e+00   2.5262325482e-01
-1.4235058763e+00   2.5275782579e-01
-1.4232524458e+00   2.5410319851e-01
-1.4212252552e+00   2.6459791997e-01
-1.4211987888e+00   2.6473194367e-01
-1.4209333868e+00   2.6607184235e-01
-1.4188128130e+00   2.7652369686e-01
-1.4187851540e+00   2.7665717125e-01
-1.4185078296e+00   2.7799157574e-01
-1.4162942554e+00   2.8840041774e-01
-1.4162654087e+00   2.8853334110e-01
-1.4159762109e+00   2.8986223433e-01
-1.4136700204e+00   3.0022794193e-01
-1.4136399910e+00   3.0036031284e-01
-1.4133389690e+00   3.0168368071e-01
-1.4109405472e+00   3.1200615515e-01
-1.4109093400e+00   3.1213797246e-01
-1.4105965431e+00   3.1345580381e-01
-1.4081062759e+00   3.2373496875e-01
-1.4080738959e+00   3.2386623162e-01
-1.4077493735e+00   3.2517851811e-01
-1.4051676473e+00   3.3541431905e-01
-1.4051340994e+00   3.3554502691e-01
-1.4047979009e+00   3.3685176294e-01
-1.4021251026e+00   3.4704416662e-01
-1.4020903917e+00   3.4717431915e-01
-1.4017425667e+00   3.4847550182e-01
-1.4017077126e+00   3.4860558582e-01
-1.4013584568e+00   3.4990608331e-01
-1.3985838123e+00   3.6004972165e-01
-1.3985478009e+00   3.6017925030e-01
-1.3981869741e+00   3.6147419423e-01
-1.3953220793e+00   3.7157443211e-01
-1.3952849154e+00   3.7170340562e-01
-1.3949125672e+00   3.7299279850e-01
-1.3919578088e+00   3.8304966482e-01
-1.3919194975e+00   3.8317808369e-01
-1.3915356774e+00   3.8446193043e-01
-1.3914972248e+00   3.8459028091e-01
-1.3911119929e+00   3.8587344388e-01
-1.3880567455e+00   3.9588164552e-01
-1.3880171510e+00   3.9600944217e-01
-1.3876205027e+00   3.9728706731e-01
-1.3844762119e+00   4.0725201979e-01
-1.3844354803e+00   4.0737926356e-01
-1.3840274650e+00   4.0865136067e-01
-1.3807945160e+00   4.1857314898e-01
-1.3807526524e+00   4.1869984107e-01
-1.3803333192e+00   4.1996642212e-01
-1.3770120965e+00   4.2984514794e-01
-1.3769691057e+00   4.2997128973e-01
-1.3765385038e+00   4.3123236877e-01
-1.3731293908e+00   4.4106814983e-01
-1.3730852777e+00   4.4119374293e-01
-1.3726434561e+00   4.4244933603e-01
-1.3700265162e+00   4.4980216087e-01
