X    Y
0.0000000000e+00   2.0000000000e-01
1.0000000000e-04   2.0000005400e-01
1.1000000000e-03   2.0000652812e-01
1.1100000000e-02   2.0065959061e-01
2.6740273705e-02   2.0378776868e-01
4.2380547410e-02   2.0943500212e-01
5.8020821114e-02   2.1757630161e-01
5.8120821114e-02   2.1763638516e-01
5.9120821114e-02   2.1824284984e-01
6.9120821114e-02   2.2487236745e-01
8.4761094819e-02   2.3732423795e-01
1.0040136852e-01   2.5238100450e-01
1.0050136852e-01   2.5248584983e-01
1.0150136852e-01   2.5354037947e-01
1.1150136852e-01   2.6469925607e-01
1.2714164223e-01   2.8444376271e-01
1.2724164223e-01   2.8457921449e-01
1.2824164223e-01   2.8594026836e-01
1.3824164223e-01   3.0021094871e-01
1.5388191593e-01   3.2499196397e-01
1.5398191593e-01   3.2516026018e-01
1.5498191593e-01   3.2685018511e-01
1.6498191593e-01   3.4444991019e-01
1.8062218964e-01   3.7455516049e-01
1.8072218964e-01   3.7475781005e-01
1.8172218964e-01   3.7679139923e-01
1.9172218964e-01   3.9783365734e-01
1.9182218964e-01   3.9805052779e-01
1.9282218964e-01   4.0022620038e-01
2.0282218964e-01   4.2267177811e-01
2.0292218964e-01   4.2290247210e-01
2.0392218964e-01   4.2521609474e-01
2.1392218964e-01   4.4900623110e-01
2.1402218964e-01   4.4924998748e-01
2.1502218964e-01   4.5169374453e-01
2.2502218964e-01   4.7672828825e-01
2.2512218964e-01   4.7698388880e-01
2.2612218964e-01   4.7954534560e-01
2.3612218964e-01   5.0567304964e-01
2.3622218964e-01   5.0593871956e-01
2.3722218964e-01   5.0859982580e-01
2.4722218964e-01   5.3560831000e-01
2.4732218964e-01   5.3588161802e-01
2.4832218964e-01   5.3861771051e-01
2.5832218964e-01   5.6622383835e-01
2.5842218964e-01   5.6650160534e-01
2.5942218964e-01   5.6928050130e-01
2.6942218964e-01   5.9712225790e-01
2.6952218964e-01   5.9740048651e-01
2.7052218964e-01   6.0018179435e-01
2.8052218964e-01   6.2781311160e-01
2.9616246334e-01   6.6956074557e-01
2.9626246334e-01   6.6981859341e-01
2.9726246334e-01   6.7238911734e-01
3.0726246334e-01   6.9718619088e-01
3.2290273705e-01   7.3163868704e-01
3.2300273705e-01   7.3183802469e-01
3.2400273705e-01   7.3381496577e-01
3.3400273705e-01   7.5182376253e-01
3.4964301075e-01   7.7259781637e-01
3.4974301075e-01   7.7269820323e-01
3.5074301075e-01   7.7367800772e-01
3.6074301075e-01   7.8099083517e-01
3.6084301075e-01   7.8104048225e-01
3.6184301075e-01   7.8151073419e-01
3.7184301075e-01   7.8354127306e-01
3.7194301075e-01   7.8353666015e-01
3.7294301075e-01   7.8346306472e-01
3.8294301075e-01   7.7996433939e-01
3.8304301075e-01   7.7990392030e-01
3.8404301075e-01   7.7927206024e-01
3.9404301075e-01   7.7020685478e-01
3.9414301075e-01   7.7009125500e-01
3.9514301075e-01   7.6890848004e-01
4.0514301075e-01   7.5445904933e-01
4.0524301075e-01   7.5429107579e-01
4.0624301075e-01   7.5258650308e-01
4.1624301075e-01   7.3314492346e-01
4.1634301075e-01   7.3292938110e-01
4.1734301075e-01   7.3075196967e-01
4.2734301075e-01   7.0689229799e-01
4.2744301075e-01   7.0663563865e-01
4.2844301075e-01   7.0405060645e-01
4.3844301075e-01   6.7648682321e-01
4.3854301075e-01   6.7619667688e-01
4.3954301075e-01   6.7328077156e-01
4.4954301075e-01   6.4281636268e-01
4.4964301075e-01   6.4250101460e-01
4.5064301075e-01   6.3933727470e-01
4.6064301075e-01   6.0681289998e-01
4.6074301075e-01   6.0648077680e-01
4.6174301075e-01   6.0315341285e-01
4.7174301075e-01   5.6939845818e-01
4.7184301075e-01   5.6905767522e-01
4.7284301075e-01   5.6564758328e-01
4.8284301075e-01   5.3143986036e-01
4.8294301075e-01   5.3109786415e-01
4.8394301075e-01   5.2767910368e-01
4.9394301075e-01   4.9371505356e-01
4.9404301075e-01   4.9337837446e-01
4.9504301075e-01   4.9001575013e-01
5.0504301075e-01   4.5689169234e-01
5.0514301075e-01   4.5656580558e-01
5.0614301075e-01   4.5331352812e-01
5.1614301075e-01   4.2151708931e-01
5.3178328446e-01   3.7493147734e-01
5.3188328446e-01   3.7464751314e-01
5.3288328446e-01   3.7181813901e-01
5.4288328446e-01   3.4457941728e-01
5.5852355816e-01   3.0600202737e-01
5.5862355816e-01   3.0577160921e-01
5.5962355816e-01   3.0347887573e-01
5.6962355816e-01   2.8169749682e-01
5.8526383187e-01   2.5177828972e-01
6.0090410557e-01   2.2676486761e-01
6.0100410557e-01   2.2662016543e-01
6.0200410557e-01   2.2518353940e-01
6.1200410557e-01   2.1183911846e-01
6.2764437928e-01   1.9453045574e-01
6.4328465298e-01   1.8124914637e-01
6.5892492669e-01   1.7163736847e-01
6.7456520039e-01   1.6536363150e-01
6.7466520039e-01   1.6533360921e-01
6.7566520039e-01   1.6504021544e-01
6.8566520039e-01   1.6277560575e-01
7.0130547410e-01   1.6156580192e-01
7.1694574780e-01   1.6303031371e-01
7.3258602151e-01   1.6702713536e-01
7.4822629521e-01   1.7347140578e-01
7.4832629521e-01   1.7352039101e-01
7.4932629521e-01   1.7401567026e-01
7.5932629521e-01   1.7951158622e-01
7.7496656891e-01   1.9010136764e-01
7.9060684262e-01   2.0317939653e-01
7.9070684262e-01   2.0327122197e-01
7.9170684262e-01   2.0419530603e-01
8.0170684262e-01   2.1402624711e-01
8.1734711632e-01   2.3162321817e-01
8.1744711632e-01   2.3174473740e-01
8.1844711632e-01   2.3296636799e-01
8.2844711632e-01   2.4583657516e-01
8.4408739003e-01   2.6844180763e-01
8.4418739003e-01   2.6859641774e-01
8.4518739003e-01   2.7014972837e-01
8.5518739003e-01   2.8641484940e-01
8.7082766373e-01   3.1461697150e-01
8.7092766373e-01   3.1480847578e-01
8.7192766373e-01   3.1673148108e-01
8.8192766373e-01   3.3676629673e-01
8.8202766373e-01   3.3697410693e-01
8.8302766373e-01   3.3906040848e-01
8.9302766373e-01   3.6074918987e-01
8.9312766373e-01   3.6097370506e-01
8.9412766373e-01   3.6322720304e-01
9.0412766373e-01   3.8659860769e-01
9.0422766373e-01   3.8684000679e-01
9.0522766373e-01   3.8926235869e-01
9.1522766373e-01   4.1431819091e-01
9.1532766373e-01   4.1457634105e-01
9.1632766373e-01   4.1716603640e-01
9.2632766373e-01   4.4387112662e-01
9.2642766373e-01   4.4414547392e-01
9.2742766373e-01   4.4689673320e-01
9.3742766373e-01   4.7516706947e-01
9.3752766373e-01   4.7545651266e-01
9.3852766373e-01   4.7835801615e-01
9.4852766373e-01   5.0804729974e-01
9.4862766373e-01   5.0835004976e-01
9.4962766373e-01   5.1138352712e-01
9.5962766373e-01   5.4226863213e-01
9.5972766373e-01   5.4258206401e-01
9.6072766373e-01   5.4572081250e-01
9.7072766373e-01   5.7748706160e-01
9.7082766373e-01   5.7780757031e-01
9.7182766373e-01   5.8101501890e-01
9.8182766373e-01   6.1324274166e-01
9.8192766373e-01   6.1356561925e-01
9.8292766373e-01   6.1679411671e-01
9.9292766373e-01   6.4894859247e-01
9.9302766373e-01   6.4926795058e-01
9.9402766373e-01   6.5245802026e-01
1.0040276637e+00   6.8388552417e-01
1.0196679374e+00   7.3015467643e-01
1.0197679374e+00   7.3043448347e-01
1.0207679374e+00   7.3321909791e-01
1.0307679374e+00   7.5956483060e-01
1.0464082111e+00   7.9393408384e-01
1.0465082111e+00   7.9412187022e-01
1.0475082111e+00   7.9597513920e-01
1.0575082111e+00   8.1190805108e-01
1.0576082111e+00   8.1204227108e-01
1.0586082111e+00   8.1335584174e-01
1.0686082111e+00   8.2351407367e-01
1.0687082111e+00   8.2358734281e-01
1.0697082111e+00   8.2428823398e-01
1.0797082111e+00   8.2803958066e-01
1.0798082111e+00   8.2804657177e-01
1.0808082111e+00   8.2808269655e-01
1.0908082111e+00   8.2503345491e-01
1.0909082111e+00   8.2497147008e-01
1.0919082111e+00   8.2431726596e-01
1.1019082111e+00   8.1435810458e-01
1.1020082111e+00   8.1422742507e-01
1.1030082111e+00   8.1288722255e-01
1.1130082111e+00   7.9621286018e-01
1.1131082111e+00   7.9601680818e-01
1.1141082111e+00   7.9402529603e-01
1.1241082111e+00   7.7112394845e-01
1.1242082111e+00   7.7086864381e-01
1.1252082111e+00   7.6828829147e-01
1.1352082111e+00   7.3990223350e-01
1.1353082111e+00   7.3959608377e-01
1.1363082111e+00   7.3651192835e-01
1.1463082111e+00   7.0357558150e-01
1.1464082111e+00   7.0322858811e-01
1.1474082111e+00   6.9974123222e-01
1.1574082111e+00   6.6330655333e-01
1.1575082111e+00   6.6292953995e-01
1.1585082111e+00   6.5914742523e-01
1.1685082111e+00   6.2030731111e-01
1.1686082111e+00   6.1991117830e-01
1.1696082111e+00   6.1594316913e-01
1.1796082111e+00   5.7576222402e-01
1.1797082111e+00   5.7535731213e-01
1.1807082111e+00   5.7130639403e-01
1.1907082111e+00   5.3076551030e-01
1.1908082111e+00   5.3036111971e-01
1.1918082111e+00   5.2631968616e-01
1.2018082111e+00   4.8627748741e-01
1.2019082111e+00   4.8588157164e-01
1.2029082111e+00   4.8192844007e-01
1.2129082111e+00   4.4309960852e-01
1.2130082111e+00   4.4271862921e-01
1.2140082111e+00   4.3891766417e-01
1.2240082111e+00   4.0186602794e-01
1.2241082111e+00   4.0150494358e-01
1.2251082111e+00   3.9790500167e-01
1.2351082111e+00   3.6304811675e-01
1.2507484848e+00   3.1304730675e-01
1.2508484848e+00   3.1274629547e-01
1.2518484848e+00   3.0974951556e-01
1.2618484848e+00   2.8112430650e-01
1.2774887586e+00   2.4126306646e-01
1.2775887586e+00   2.4102730600e-01
1.2785887586e+00   2.3868288690e-01
1.2885887586e+00   2.1654162149e-01
1.3042290323e+00   1.8649373773e-01
1.3198693060e+00   1.6164802194e-01
1.3199693060e+00   1.6150484259e-01
1.3209693060e+00   1.6008359164e-01
1.3309693060e+00   1.4689748388e-01
1.3466095797e+00   1.2977284134e-01
1.3622498534e+00   1.1646904831e-01
1.3778901271e+00   1.0651161607e-01
1.3935304008e+00   9.9478464948e-02
1.4091706745e+00   9.5008612562e-02
1.4092706745e+00   9.4987607579e-02
1.4102706745e+00   9.4782627013e-02
1.4202706745e+00   9.3226372359e-02
1.4359109482e+00   9.2487247202e-02
1.4515512219e+00   9.3655311123e-02
1.4671914956e+00   9.6602253274e-02
1.4828317693e+00   1.0125612378e-01
1.4984720430e+00   1.0759805190e-01
1.4985720430e+00   1.0764407308e-01
1.4995720430e+00   1.0810814512e-01
1.5095720430e+00   1.1313836674e-01
1.5252123167e+00   1.2246551298e-01
1.5408525904e+00   1.3367627792e-01
1.5564928641e+00   1.4692900883e-01
1.5565928641e+00   1.4702072666e-01
1.5575928641e+00   1.4794295773e-01
1.5675928641e+00   1.5768299675e-01
1.5832331378e+00   1.7492164863e-01
1.5833331378e+00   1.7504021560e-01
1.5843331378e+00   1.7623195020e-01
1.5943331378e+00   1.8877204632e-01
1.6099734115e+00   2.1080515329e-01
1.6100734115e+00   2.1095612083e-01
1.6110734115e+00   2.1247313129e-01
1.6210734115e+00   2.2839604081e-01
1.6367136852e+00   2.5621733436e-01
1.6368136852e+00   2.5640733505e-01
1.6378136852e+00   2.5831611676e-01
1.6478136852e+00   2.7830161857e-01
1.6479136852e+00   2.7850990035e-01
1.6489136852e+00   2.8060209469e-01
1.6589136852e+00   3.0248106307e-01
1.6590136852e+00   3.0270881433e-01
1.6600136852e+00   3.0499627214e-01
1.6700136852e+00   3.2888277406e-01
1.6701136852e+00   3.2913108358e-01
1.6711136852e+00   3.3162462288e-01
1.6811136852e+00   3.5761837438e-01
1.6812136852e+00   3.5788814683e-01
1.6822136852e+00   3.6059669635e-01
1.6922136852e+00   3.8877322553e-01
1.6923136852e+00   3.8906507071e-01
1.6933136852e+00   3.9199454782e-01
1.7033136852e+00   4.2239247089e-01
1.7034136852e+00   4.2270656205e-01
1.7044136852e+00   4.2585843950e-01
1.7144136852e+00   4.5846343762e-01
1.7145136852e+00   4.5879933532e-01
1.7155136852e+00   4.6216886220e-01
1.7255136852e+00   4.9689412626e-01
1.7256136852e+00   4.9725056675e-01
1.7266136852e+00   5.0082463523e-01
1.7366136852e+00   5.3748790676e-01
1.7367136852e+00   5.3786255850e-01
1.7377136852e+00   5.4161725555e-01
1.7477136852e+00   5.7991520614e-01
1.7478136852e+00   5.8030440562e-01
1.7488136852e+00   5.8420236548e-01
1.7588136852e+00   6.2368398710e-01
1.7589136852e+00   6.2408247585e-01
1.7599136852e+00   6.2807025921e-01
1.7699136852e+00   6.6811219877e-01
1.7700136852e+00   6.6851289759e-01
1.7710136852e+00   6.7251876422e-01
1.7810136852e+00   7.1230704216e-01
1.7811136852e+00   7.1270091396e-01
1.7821136852e+00   7.1663351145e-01
1.7921136852e+00   7.5515755294e-01
1.7922136852e+00   7.5553361926e-01
1.7932136852e+00   7.5928224319e-01
1.8032136852e+00   7.9534812691e-01
1.8033136852e+00   7.9569370859e-01
1.8043136852e+00   7.9913083772e-01
1.8143136852e+00   8.3140041348e-01
1.8144136852e+00   8.3170165539e-01
1.8154136852e+00   8.3468835023e-01
1.8254136852e+00   8.6174861157e-01
1.8255136852e+00   8.6199131753e-01
1.8265136852e+00   8.6438572086e-01
1.8365136852e+00   8.8484805187e-01
1.8366136852e+00   8.8501879712e-01
1.8376136852e+00   8.8668737381e-01
1.8476136852e+00   8.9930931373e-01
1.8477136852e+00   8.9939672572e-01
1.8487136852e+00   9.0022711084e-01
1.8587136852e+00   9.0404156337e-01
1.8588136852e+00   9.0403758809e-01
1.8598136852e+00   9.0395118605e-01
1.8599136852e+00   9.0393787464e-01
1.8609136852e+00   9.0375794586e-01
1.8610136852e+00   9.0373526609e-01
1.8620136852e+00   9.0346151183e-01
1.8621136852e+00   9.0342943619e-01
1.8631136852e+00   9.0306160520e-01
1.8632136852e+00   9.0302011095e-01
1.8642136852e+00   9.0255799987e-01
1.8643136852e+00   9.0250706908e-01
1.8653136852e+00   9.0195052286e-01
1.8654136852e+00   9.0189014247e-01
1.8664136852e+00   9.0123905468e-01
1.8665136852e+00   9.0116921647e-01
1.8675136852e+00   9.0042352959e-01
1.8676136852e+00   9.0034423027e-01
1.8686136852e+00   8.9950393588e-01
1.8687136852e+00   8.9941517707e-01
1.8697136852e+00   8.9848031604e-01
1.8698136852e+00   8.9838210429e-01
1.8708136852e+00   8.9735276684e-01
1.8709136852e+00   8.9724511364e-01
1.8719136852e+00   8.9612143939e-01
1.8720136852e+00   8.9600436118e-01
1.8730136852e+00   8.9478653912e-01
1.8731136852e+00   8.9466005725e-01
1.8741136852e+00   8.9334832565e-01
1.8742136852e+00   8.9321246642e-01
1.8752136852e+00   8.9180711269e-01
1.8753136852e+00   8.9166190729e-01
1.8763136852e+00   8.9016326778e-01
1.8764136852e+00   8.9000875228e-01
1.8774136852e+00   8.8841721199e-01
1.8775136852e+00   8.8825342732e-01
1.8785136852e+00   8.8656941960e-01
1.8786136852e+00   8.8639641148e-01
1.8796136852e+00   8.8462041763e-01
1.8797136852e+00   8.8443823659e-01
1.8807136852e+00   8.8257078540e-01
1.8808136852e+00   8.8237948668e-01
1.8818136852e+00   8.8042115400e-01
1.8819136852e+00   8.8022079750e-01
1.8829136852e+00   8.7817220559e-01
1.8830136852e+00   8.7796285586e-01
1.8840136852e+00   8.7582467285e-01
1.8841136852e+00   8.7560639896e-01
1.8851136852e+00   8.7337933816e-01
1.8852136852e+00   8.7315221368e-01
1.8862136852e+00   8.7083703288e-01
1.8863136852e+00   8.7060113577e-01
1.8873136852e+00   8.6819863644e-01
1.8874136852e+00   8.6795404903e-01
1.8884136852e+00   8.6546507553e-01
1.8885136852e+00   8.6521188436e-01
1.8895136852e+00   8.6263732309e-01
1.8896136852e+00   8.6237561887e-01
1.8906136852e+00   8.5971639733e-01
1.8907136852e+00   8.5944627483e-01
1.8917136852e+00   8.5670336068e-01
1.8918136852e+00   8.5642491865e-01
1.8928136852e+00   8.5359931873e-01
1.8929136852e+00   8.5331265977e-01
1.8939136852e+00   8.5040541903e-01
1.8940136852e+00   8.5011064952e-01
1.8950136852e+00   8.4712284999e-01
1.8951136852e+00   8.4682007993e-01
1.8961136852e+00   8.4375283960e-01
1.8962136852e+00   8.4344218256e-01
1.8972136852e+00   8.4029665421e-01
1.8973136852e+00   8.3997822716e-01
1.8983136852e+00   8.3675559721e-01
1.8984136852e+00   8.3642952044e-01
1.8994136852e+00   8.3313100776e-01
1.8995136852e+00   8.3279740473e-01
1.9005136852e+00   8.2942425938e-01
1.9006136852e+00   8.2908325662e-01
1.9016136852e+00   8.2563675862e-01
1.9017136852e+00   8.2528848559e-01
1.9027136852e+00   8.2176994365e-01
1.9028136852e+00   8.2141453259e-01
1.9038136852e+00   8.1782528279e-01
1.9039136852e+00   8.1746286865e-01
1.9049136852e+00   8.1380427314e-01
1.9050136852e+00   8.1343499339e-01
1.9060136852e+00   8.0970843906e-01
1.9061136852e+00   8.0933243358e-01
1.9071136852e+00   8.0553933073e-01
1.9072136852e+00   8.0515674168e-01
1.9082136852e+00   8.0129852267e-01
1.9083136852e+00   8.0090949434e-01
1.9093136852e+00   7.9698761221e-01
1.9094136852e+00   7.9659229088e-01
1.9104136852e+00   7.9260821801e-01
1.9105136852e+00   7.9220675186e-01
1.9115136852e+00   7.8816197859e-01
1.9116136852e+00   7.8775451749e-01
1.9126136852e+00   7.8365055076e-01
1.9127136852e+00   7.8323724619e-01
1.9137136852e+00   7.7907560816e-01
1.9138136852e+00   7.7865661306e-01
1.9148136852e+00   7.7443883975e-01
1.9149136852e+00   7.7401430836e-01
1.9159136852e+00   7.6974194832e-01
1.9160136852e+00   7.6931203607e-01
1.9170136852e+00   7.6498664897e-01
1.9171136852e+00   7.6455151234e-01
1.9181136852e+00   7.6017466768e-01
1.9182136852e+00   7.5973446406e-01
1.9192136852e+00   7.5530773981e-01
1.9193136852e+00   7.5486262739e-01
1.9203136852e+00   7.5038760867e-01
1.9204136852e+00   7.4993774627e-01
1.9214136852e+00   7.4541602407e-01
1.9215136852e+00   7.4496157104e-01
1.9225136852e+00   7.4039474091e-01
1.9226136852e+00   7.3993585699e-01
1.9236136852e+00   7.3532551778e-01
1.9237136852e+00   7.3486236297e-01
1.9247136852e+00   7.3021011560e-01
1.9248136852e+00   7.2974285006e-01
1.9258136852e+00   7.2505029623e-01
1.9259136852e+00   7.2457908012e-01
1.9269136852e+00   7.1984782118e-01
1.9270136852e+00   7.1937281458e-01
1.9280136852e+00   7.1460445029e-01
1.9281136852e+00   7.1412581306e-01
1.9291136852e+00   7.0932194045e-01
1.9391136852e+00   6.5979870755e-01
1.9392136852e+00   6.5929225016e-01
1.9402136852e+00   6.5421802264e-01
1.9502136852e+00   6.0275640754e-01
1.9503136852e+00   6.0223737975e-01
1.9513136852e+00   5.9704460221e-01
1.9613136852e+00   5.4508113010e-01
1.9614136852e+00   5.4456304927e-01
1.9624136852e+00   5.3938587910e-01
1.9724136852e+00   4.8815378340e-01
1.9725136852e+00   4.8764793750e-01
1.9735136852e+00   4.8259807625e-01
1.9835136852e+00   4.3309464873e-01
1.9836136852e+00   4.3260990314e-01
1.9846136852e+00   4.2777479981e-01
1.9946136852e+00   3.8075570376e-01
1.9947136852e+00   3.8029854580e-01
1.9957136852e+00   3.7574193920e-01
2.0057136852e+00   3.3173513109e-01
2.0058136852e+00   3.3130987581e-01
2.0068136852e+00   3.2707391354e-01
2.0168136852e+00   2.8640578085e-01
2.0169136852e+00   2.8601486829e-01
2.0179136852e+00   2.8212310838e-01
2.0279136852e+00   2.4495057580e-01
2.0435539589e+00   1.9314812332e-01
2.0436539589e+00   1.9284135552e-01
2.0446539589e+00   1.8979043797e-01
2.0546539589e+00   1.6092918123e-01
2.0702942326e+00   1.2150719019e-01
2.0703942326e+00   1.2127634523e-01
2.0713942326e+00   1.1898211006e-01
2.0813942326e+00   9.7418853101e-02
2.0970345064e+00   6.8341219097e-02
2.1126747801e+00   4.4208504371e-02
2.1127747801e+00   4.4068362983e-02
2.1137747801e+00   4.2676205072e-02
2.1237747801e+00   2.9639167838e-02
2.1394150538e+00   1.2127265297e-02
2.1550553275e+00   -2.4854120923e-03
2.1706956012e+00   -1.4825945513e-02
2.1863358749e+00   -2.5445568682e-02
2.2019761486e+00   -3.4824502643e-02
2.2020761486e+00   -3.4881405957e-02
2.2030761486e+00   -3.5448619912e-02
2.2130761486e+00   -4.0958939738e-02
2.2287164223e+00   -4.9153561427e-02
2.2443566960e+00   -5.7120362473e-02
2.2599969697e+00   -6.5156202430e-02
2.2756372434e+00   -7.3532464467e-02
2.2912775171e+00   -8.2504617455e-02
2.3069177908e+00   -9.2321150110e-02
2.3070177908e+00   -9.2387165469e-02
2.3080177908e+00   -9.3049792033e-02
2.3180177908e+00   -9.9936887531e-02
2.3336580645e+00   -1.1178029687e-01
2.3492983382e+00   -1.2516950879e-01
2.3649386119e+00   -1.4039426886e-01
2.3650386119e+00   -1.4049818155e-01
2.3660386119e+00   -1.4154215853e-01
2.3760386119e+00   -1.5248480674e-01
2.3916788856e+00   -1.7159540822e-01
2.3917788856e+00   -1.7172607252e-01
2.3927788856e+00   -1.7303894172e-01
2.4027788856e+00   -1.8681107325e-01
2.4184191593e+00   -2.1088525406e-01
2.4185191593e+00   -2.1104986222e-01
2.4195191593e+00   -2.1270375451e-01
2.4295191593e+00   -2.3004709851e-01
2.4296191593e+00   -2.3022813403e-01
2.4306191593e+00   -2.3204700561e-01
2.4406191593e+00   -2.5111125252e-01
2.4407191593e+00   -2.5131015378e-01
2.4417191593e+00   -2.5330840063e-01
2.4517191593e+00   -2.7423814654e-01
2.4518191593e+00   -2.7445635945e-01
2.4528191593e+00   -2.7664843352e-01
2.4628191593e+00   -2.9958662737e-01
2.4629191593e+00   -2.9982555843e-01
2.4639191593e+00   -3.0222548940e-01
2.4739191593e+00   -3.2730769299e-01
2.4740191593e+00   -3.2756864234e-01
2.4750191593e+00   -3.3018935687e-01
2.4850191593e+00   -3.5753572047e-01
2.4851191593e+00   -3.5781978959e-01
2.4861191593e+00   -3.6067217444e-01
2.4961191593e+00   -3.9037656179e-01
2.4962191593e+00   -3.9068453004e-01
2.4972191593e+00   -3.9377618014e-01
2.5072191593e+00   -4.2589185032e-01
2.5073191593e+00   -4.2622401439e-01
2.5083191593e+00   -4.2955760773e-01
2.5183191593e+00   -4.6407891717e-01
2.5184191593e+00   -4.6443488875e-01
2.5194191593e+00   -4.6800614161e-01
2.5294191593e+00   -5.0484592995e-01
2.5295191593e+00   -5.0522438977e-01
2.5305191593e+00   -5.0901957590e-01
2.5405191593e+00   -5.4798232747e-01
2.5406191593e+00   -5.4838073949e-01
2.5416191593e+00   -5.5237381447e-01
2.5516191593e+00   -5.9312544010e-01
2.5517191593e+00   -5.9353973881e-01
2.5527191593e+00   -5.9768920585e-01
2.5627191593e+00   -6.3972545491e-01
2.5628191593e+00   -6.4014973261e-01
2.5638191593e+00   -6.4439552502e-01
2.5738191593e+00   -6.8701264484e-01
2.5739191593e+00   -6.8743888338e-01
2.5749191593e+00   -6.9169972002e-01
2.5849191593e+00   -7.3397291749e-01
2.5850191593e+00   -7.3439082938e-01
2.5860191593e+00   -7.3856269975e-01
2.5960191593e+00   -7.7933987817e-01
2.5961191593e+00   -7.7973693887e-01
2.5971191593e+00   -7.8369354493e-01
2.6071191593e+00   -8.2161300726e-01
2.6072191593e+00   -8.2197476719e-01
2.6082191593e+00   -8.2557080295e-01
2.6182191593e+00   -8.5911114818e-01
2.6183191593e+00   -8.5942189692e-01
2.6193191593e+00   -8.6249987765e-01
2.6293191593e+00   -8.9006711612e-01
2.6294191593e+00   -8.9031092481e-01
2.6304191593e+00   -8.9271179189e-01
2.6404191593e+00   -9.1276217757e-01
2.6405191593e+00   -9.1292426544e-01
2.6415191593e+00   -9.1450117980e-01
2.6515191593e+00   -9.2568897908e-01
2.6516191593e+00   -9.2575725006e-01
2.6526191593e+00   -9.2639098458e-01
2.6527191593e+00   -9.2644944657e-01
2.6537191593e+00   -9.2698471566e-01
2.6538191593e+00   -9.2703329442e-01
2.6548191593e+00   -9.2746937995e-01
2.6549191593e+00   -9.2750800612e-01
2.6559191593e+00   -9.2784423902e-01
2.6560191593e+00   -9.2787284818e-01
2.6570191593e+00   -9.2810860942e-01
2.6571191593e+00   -9.2812714218e-01
2.6581191593e+00   -9.2826186370e-01
2.6582191593e+00   -9.2827026585e-01
2.6592191593e+00   -9.2830343141e-01
2.6593191593e+00   -9.2830165394e-01
2.6603191593e+00   -9.2823279994e-01
2.6604191593e+00   -9.2822079915e-01
2.6614191593e+00   -9.2804951535e-01
2.6615191593e+00   -9.2802725291e-01
2.6625191593e+00   -9.2775318314e-01
2.6626191593e+00   -9.2772062615e-01
2.6636191593e+00   -9.2734346890e-01
2.6637191593e+00   -9.2730058996e-01
2.6647191593e+00   -9.2682009892e-01
2.6648191593e+00   -9.2676687619e-01
2.6658191593e+00   -9.2618286074e-01
2.6659191593e+00   -9.2611927794e-01
2.6669191593e+00   -9.2543160357e-01
2.6670191593e+00   -9.2535765007e-01
2.6680191593e+00   -9.2456623867e-01
2.6681191593e+00   -9.2448190950e-01
2.6691191593e+00   -9.2358673968e-01
2.6692191593e+00   -9.2349203553e-01
2.6702191593e+00   -9.2249314278e-01
2.6703191593e+00   -9.2238807005e-01
2.6713191593e+00   -9.2128554686e-01
2.6714191593e+00   -9.2117011767e-01
2.6724191593e+00   -9.1996411358e-01
2.6725191593e+00   -9.1983834572e-01
2.6735191593e+00   -9.1852906732e-01
2.6736191593e+00   -9.1839298429e-01
2.6746191593e+00   -9.1698069506e-01
2.6747191593e+00   -9.1683432606e-01
2.6757191593e+00   -9.1531934625e-01
2.6758191593e+00   -9.1516272613e-01
2.6768191593e+00   -9.1354543246e-01
2.6769191593e+00   -9.1337860172e-01
2.6779191593e+00   -9.1165942712e-01
2.6780191593e+00   -9.1148243183e-01
2.6790191593e+00   -9.0966186499e-01
2.6791191593e+00   -9.0947475680e-01
2.6801191593e+00   -9.0755334174e-01
2.6802191593e+00   -9.0735617780e-01
2.6812191593e+00   -9.0533451331e-01
2.6813191593e+00   -9.0512735622e-01
2.6823191593e+00   -9.0300609528e-01
2.6824191593e+00   -9.0278901303e-01
2.6834191593e+00   -9.0056886211e-01
2.6835191593e+00   -9.0034192799e-01
2.6845191593e+00   -8.9802364634e-01
2.6846191593e+00   -8.9778693888e-01
2.6856191593e+00   -8.9537133770e-01
2.6857191593e+00   -8.9512494060e-01
2.6867191593e+00   -8.9261288217e-01
2.6868191593e+00   -8.9235688418e-01
2.6878191593e+00   -8.8974928098e-01
2.6879191593e+00   -8.8948377582e-01
2.6889191593e+00   -8.8678158947e-01
2.6890191593e+00   -8.8650667572e-01
2.6900191593e+00   -8.8371091599e-01
2.6901191593e+00   -8.8342669701e-01
2.6911191593e+00   -8.8053842069e-01
2.6912191593e+00   -8.8024500446e-01
2.6922191593e+00   -8.7726531422e-01
2.6923191593e+00   -8.7696281327e-01
2.6933191593e+00   -8.7389285646e-01
2.6934191593e+00   -8.7358138771e-01
2.6944191593e+00   -8.7042235511e-01
2.6945191593e+00   -8.7010203976e-01
2.6955191593e+00   -8.6685516426e-01
2.6956191593e+00   -8.6652612767e-01
2.6966191593e+00   -8.6319268298e-01
2.6967191593e+00   -8.6285505451e-01
2.6977191593e+00   -8.5943635374e-01
2.6978191593e+00   -8.5909026663e-01
2.6988191593e+00   -8.5558766089e-01
2.6989191593e+00   -8.5523325209e-01
2.6999191593e+00   -8.5164812907e-01
2.7000191593e+00   -8.5128553914e-01
2.7010191593e+00   -8.4761932159e-01
2.7011191593e+00   -8.4724869450e-01
2.7021191593e+00   -8.4350283876e-01
2.7022191593e+00   -8.4312432177e-01
2.7032191593e+00   -8.3930031623e-01
2.7033191593e+00   -8.3891405973e-01
2.7043191593e+00   -8.3501342325e-01
2.7044191593e+00   -8.3461958060e-01
2.7054191593e+00   -8.3064386100e-01
2.7055191593e+00   -8.3024258837e-01
2.7065191593e+00   -8.2619336079e-01
2.7066191593e+00   -8.2578481701e-01
2.7076191593e+00   -8.2166368233e-01
2.7077191593e+00   -8.2124802872e-01
2.7087191593e+00   -8.1705661196e-01
2.7088191593e+00   -8.1663401217e-01
2.7098191593e+00   -8.1237396085e-01
2.7099191593e+00   -8.1194458071e-01
2.7109191593e+00   -8.0761756327e-01
2.7110191593e+00   -8.0718157061e-01
2.7120191593e+00   -8.0278927473e-01
2.7121191593e+00   -8.0234683923e-01
2.7131191593e+00   -7.9789097027e-01
2.7132191593e+00   -7.9744226329e-01
2.7142191593e+00   -7.9292454264e-01
2.7143191593e+00   -7.9246973706e-01
2.7153191593e+00   -7.8789190052e-01
2.7154191593e+00   -7.8743117059e-01
2.7164191593e+00   -7.8279496680e-01
2.7165191593e+00   -7.8232848798e-01
2.7175191593e+00   -7.7763567680e-01
2.7176191593e+00   -7.7716362557e-01
2.7186191593e+00   -7.7241597654e-01
2.7187191593e+00   -7.7193853028e-01
2.7197191593e+00   -7.6713782101e-01
2.7198191593e+00   -7.6665515785e-01
2.7208191593e+00   -7.6180317251e-01
2.7209191593e+00   -7.6131547114e-01
2.7219191593e+00   -7.5641399896e-01
2.7220191593e+00   -7.5592143850e-01
2.7230191593e+00   -7.5097227223e-01
2.7231191593e+00   -7.5047503208e-01
2.7241191593e+00   -7.4547996654e-01
2.7242191593e+00   -7.4497822623e-01
2.7252191593e+00   -7.3993905685e-01
2.7253191593e+00   -7.3943299591e-01
2.7263191593e+00   -7.3435151732e-01
2.7264191593e+00   -7.3384131514e-01
2.7274191593e+00   -7.2871931977e-01
2.7275191593e+00   -7.2820515542e-01
2.7285191593e+00   -7.2304443216e-01
2.7286191593e+00   -7.2252648430e-01
2.7296191593e+00   -7.1732881716e-01
2.7297191593e+00   -7.1680726391e-01
2.7307191593e+00   -7.1157443071e-01
2.7308191593e+00   -7.1104944950e-01
2.7318191593e+00   -7.0578322063e-01
2.7319191593e+00   -7.0525498809e-01
2.7329191593e+00   -6.9995712528e-01
2.7330191593e+00   -6.9942581711e-01
2.7340191593e+00   -6.9409807227e-01
2.7341191593e+00   -6.9356386313e-01
2.7351191593e+00   -6.8820797716e-01
2.7352191593e+00   -6.8767104054e-01
2.7362191593e+00   -6.8228874225e-01
2.7462191593e+00   -6.2745522174e-01
2.7463191593e+00   -6.2690013570e-01
2.7473191593e+00   -6.2134458804e-01
2.7573191593e+00   -5.6556926250e-01
2.7574191593e+00   -5.6501168112e-01
2.7584191593e+00   -5.5943832463e-01
2.7684191593e+00   -5.0415631581e-01
2.7685191593e+00   -5.0360942493e-01
2.7695191593e+00   -4.9814878964e-01
2.7795191593e+00   -4.4452931208e-01
2.7796191593e+00   -4.4400353676e-01
2.7806191593e+00   -4.3875848710e-01
2.7906191593e+00   -3.8769296891e-01
2.7907191593e+00   -3.8719598456e-01
2.7917191593e+00   -3.8224195691e-01
2.8017191593e+00   -3.3435740336e-01
2.8018191593e+00   -3.3389435584e-01
2.8028191593e+00   -3.2928163867e-01
2.8128191593e+00   -2.8496991185e-01
2.8129191593e+00   -2.8454375753e-01
2.8139191593e+00   -2.8030093040e-01
2.8239191593e+00   -2.3975595181e-01
2.8240191593e+00   -2.3936784630e-01
2.8250191593e+00   -2.3550567673e-01
2.8350191593e+00   -1.9876259723e-01
2.8506594330e+00   -1.4797109627e-01
2.8507594330e+00   -1.4767161714e-01
2.8517594330e+00   -1.4469395633e-01
2.8617594330e+00   -1.1659011973e-01
2.8773997067e+00   -7.8349556181e-02
2.8774997067e+00   -7.8125941361e-02
2.8784997067e+00   -7.5903658909e-02
2.8884997067e+00   -5.5018066509e-02
2.9041399805e+00   -2.6795004024e-02
2.9197802542e+00   -3.1884609215e-03
2.9198802542e+00   -3.0504799641e-03
2.9208802542e+00   -1.6790405444e-03
2.9308802542e+00   1.1241899713e-02
2.9465205279e+00   2.8923189007e-02
2.9621608016e+00   4.4162377291e-02
2.9778010753e+00   5.7613276123e-02
2.9934413490e+00   6.9851738172e-02
3.0090816227e+00   8.1384378100e-02
3.0091816227e+00   8.1456836097e-02
3.0101816227e+00   8.2180869995e-02
3.0201816227e+00   8.9388583334e-02
3.0358218964e+00   1.0072697026e-01
3.0514621701e+00   1.1247308116e-01
3.0671024438e+00   1.2497628333e-01
3.0827427175e+00   1.3856993173e-01
3.0828427175e+00   1.3866105837e-01
3.0838427175e+00   1.3957552973e-01
3.0938427175e+00   1.4905809296e-01
3.1094829912e+00   1.6527361335e-01
3.1251232649e+00   1.8347197343e-01
3.1252232649e+00   1.8359544189e-01
3.1262232649e+00   1.8483537559e-01
3.1362232649e+00   1.9777837564e-01
3.1518635386e+00   2.2017014986e-01
3.1519635386e+00   2.2032239078e-01
3.1529635386e+00   2.2185143527e-01
3.1629635386e+00   2.3782507341e-01
3.1786038123e+00   2.6547110322e-01
3.1787038123e+00   2.6565896617e-01
3.1797038123e+00   2.6754564513e-01
3.1897038123e+00   2.8723622696e-01
3.1898038123e+00   2.8744086712e-01
3.1908038123e+00   2.8949587432e-01
3.2008038123e+00   3.1092390937e-01
3.2009038123e+00   3.1114640607e-01
3.2019038123e+00   3.1338048406e-01
3.2119038123e+00   3.3664729940e-01
3.2120038123e+00   3.3688859967e-01
3.2130038123e+00   3.3931113473e-01
3.2230038123e+00   3.6450080104e-01
3.2231038123e+00   3.6476164218e-01
3.2241038123e+00   3.6737987891e-01
3.2341038123e+00   3.9455022830e-01
3.2342038123e+00   3.9483103715e-01
3.2352038123e+00   3.9764905889e-01
3.2452038123e+00   4.2682019618e-01
3.2453038123e+00   4.2712096195e-01
3.2463038123e+00   4.3013840521e-01
3.2563038123e+00   4.6127844818e-01
3.2564038123e+00   4.6159856679e-01
3.2574038123e+00   4.6480905067e-01
3.2674038123e+00   4.9781702138e-01
3.2675038123e+00   4.9815511186e-01
3.2685038123e+00   5.0154438886e-01
3.2785038123e+00   5.3623051841e-01
3.2786038123e+00   5.3658421606e-01
3.2796038123e+00   5.4012809453e-01
3.2896038123e+00   5.7619234696e-01
3.2897038123e+00   5.7655808453e-01
3.2907038123e+00   5.8022023875e-01
3.3007038123e+00   6.1723064344e-01
3.3008038123e+00   6.1760344045e-01
3.3018038123e+00   6.2133331533e-01
3.3118038123e+00   6.5870671170e-01
3.3119038123e+00   6.5908000315e-01
3.3129038123e+00   6.6281113118e-01
3.3229038123e+00   6.9980008373e-01
3.3230038123e+00   7.0016563098e-01
3.3240038123e+00   7.0381479502e-01
3.3340038123e+00   7.3950550188e-01
3.3341038123e+00   7.3985343776e-01
3.3351038123e+00   7.4332120306e-01
3.3451038123e+00   7.7664780726e-01
3.3607440860e+00   8.2209736547e-01
3.3608440860e+00   8.2235497217e-01
3.3618440860e+00   8.2490489074e-01
3.3718440860e+00   8.4758936001e-01
3.3719440860e+00   8.4778856509e-01
3.3729440860e+00   8.4974861562e-01
3.3829440860e+00   8.6597278575e-01
3.3830440860e+00   8.6610248916e-01
3.3840440860e+00   8.6736251775e-01
3.3940440860e+00   8.7612730792e-01
3.3941440860e+00   8.7617862051e-01
3.3951440860e+00   8.7665110586e-01
3.4051440860e+00   8.7723394322e-01
3.4052440860e+00   8.7720117467e-01
3.4062440860e+00   8.7683101884e-01
3.4162440860e+00   8.6887196834e-01
3.4163440860e+00   8.6875335467e-01
3.4173440860e+00   8.6752498566e-01
3.4174440860e+00   8.6739793036e-01
3.4184440860e+00   8.6608528464e-01
3.4185440860e+00   8.6594981639e-01
3.4195440860e+00   8.6455320153e-01
3.4196440860e+00   8.6440935315e-01
3.4206440860e+00   8.6292911806e-01
3.4207440860e+00   8.6277692651e-01
3.4217440860e+00   8.6121346117e-01
3.4218440860e+00   8.6105296749e-01
3.4228440860e+00   8.5940670261e-01
3.4229440860e+00   8.5923795188e-01
3.4239440860e+00   8.5750935854e-01
3.4240440860e+00   8.5733239989e-01
3.4250440860e+00   8.5552198912e-01
3.4251440860e+00   8.5533687563e-01
3.4261440860e+00   8.5344519796e-01
3.4262440860e+00   8.5325198664e-01
3.4272440860e+00   8.5127963159e-01
3.4273440860e+00   8.5107838332e-01
3.4283440860e+00   8.4902597885e-01
3.4284440860e+00   8.4881675833e-01
3.4294440860e+00   8.4668497027e-01
3.4295440860e+00   8.4646784596e-01
3.4305440860e+00   8.4425737736e-01
3.4306440860e+00   8.4403242140e-01
3.4316440860e+00   8.4174401188e-01
3.4317440860e+00   8.4151130004e-01
3.4327440860e+00   8.3914572506e-01
3.4328440860e+00   8.3890533665e-01
3.4338440860e+00   8.3646340681e-01
3.4339440860e+00   8.3621542462e-01
3.4349440860e+00   8.3369798484e-01
3.4350440860e+00   8.3344249505e-01
3.4360440860e+00   8.3085042376e-01
3.4361440860e+00   8.3058751586e-01
3.4371440860e+00   8.2792172420e-01
3.4372440860e+00   8.2765149091e-01
3.4382440860e+00   8.2491292179e-01
3.4383440860e+00   8.2463545897e-01
3.4393440860e+00   8.2182508622e-01
3.4394440860e+00   8.2154049275e-01
3.4404440860e+00   8.1865932017e-01
3.4405440860e+00   8.1836769790e-01
3.4415440860e+00   8.1541675828e-01
3.4416440860e+00   8.1511821191e-01
3.4426440860e+00   8.1209856608e-01
3.4427440860e+00   8.1179320306e-01
3.4437440860e+00   8.0870593886e-01
3.4438440860e+00   8.0839386929e-01
3.4448440860e+00   8.0524010057e-01
3.4449440860e+00   8.0492143710e-01
3.4459440860e+00   8.0170230266e-01
3.4460440860e+00   8.0137716038e-01
3.4470440860e+00   7.9809382292e-01
3.4471440860e+00   7.9776231926e-01
3.4481440860e+00   7.9441596428e-01
3.4482440860e+00   7.9407821890e-01
3.4492440860e+00   7.9067005365e-01
3.4493440860e+00   7.9032618831e-01
3.4503440860e+00   7.8685744066e-01
3.4504440860e+00   7.8650757916e-01
3.4514440860e+00   7.8297949650e-01
3.4515440860e+00   7.8262376450e-01
3.4525440860e+00   7.7903761264e-01
3.4526440860e+00   7.7867613760e-01
3.4536440860e+00   7.7503319960e-01
3.4537440860e+00   7.7466611067e-01
3.4547440860e+00   7.7096768577e-01
3.4548440860e+00   7.7059511362e-01
3.4558440860e+00   7.6684251607e-01
3.4559440860e+00   7.6646459286e-01
3.4569440860e+00   7.6265915080e-01
3.4570440860e+00   7.6227600998e-01
3.4580440860e+00   7.5841906433e-01
3.4581440860e+00   7.5803084061e-01
3.4591440860e+00   7.5412374390e-01
3.4592440860e+00   7.5373057307e-01
3.4602440860e+00   7.4977468836e-01
3.4702440860e+00   7.0803159956e-01
3.4703440860e+00   7.0759627524e-01
3.4713440860e+00   7.0322591002e-01
3.4813440860e+00   6.5804541364e-01
3.4814440860e+00   6.5758218945e-01
3.4824440860e+00   6.5293981019e-01
3.4924440860e+00   6.0572407331e-01
3.4925440860e+00   6.0524663085e-01
3.4935440860e+00   6.0046854878e-01
3.5035440860e+00   5.5251888546e-01
3.5036440860e+00   5.5203957690e-01
3.5046440860e+00   5.4724850441e-01
3.5146440860e+00   4.9970428200e-01
3.5147440860e+00   4.9923364267e-01
3.5157440860e+00   4.9453395253e-01
3.5257440860e+00   4.4833810105e-01
3.5258440860e+00   4.4788461798e-01
3.5268440860e+00   4.4336014489e-01
3.5368440860e+00   3.9924797124e-01
3.5369440860e+00   3.9881806197e-01
3.5379440860e+00   3.9453198054e-01
3.5479440860e+00   3.5303787321e-01
3.5480440860e+00   3.5263601655e-01
3.5490440860e+00   3.4863220800e-01
3.5590440860e+00   3.1010833530e-01
3.5591440860e+00   3.0973729636e-01
3.5601440860e+00   3.0604263198e-01
3.5701440860e+00   2.7068433481e-01
3.5857843597e+00   2.2121596451e-01
3.5858843597e+00   2.2092240953e-01
3.5868843597e+00   2.1800254645e-01
3.5968843597e+00   1.9035244979e-01
3.6125246334e+00   1.5253042532e-01
3.6126246334e+00   1.5230890362e-01
3.6136246334e+00   1.5010737565e-01
3.6236246334e+00   1.2942546808e-01
3.6392649071e+00   1.0161586241e-01
3.6549051808e+00   7.8712969530e-02
3.6550051808e+00   7.8580781844e-02
3.6560051808e+00   7.7268297663e-02
3.6660051808e+00   6.5046234464e-02
3.6816454545e+00   4.8913079308e-02
3.6972857283e+00   3.5871351704e-02
3.7129260020e+00   2.5361209373e-02
3.7285662757e+00   1.6894085455e-02
3.7442065494e+00   1.0050902333e-02
3.7598468231e+00   4.4768808056e-03
3.7599468231e+00   4.4446568830e-03
3.7609468231e+00   4.1245774976e-03
3.7709468231e+00   1.1258676422e-03
3.7865870968e+00   -2.9400554823e-03
3.8022273705e+00   -6.4329051086e-03
3.8178676442e+00   -9.5344581361e-03
3.8335079179e+00   -1.2397588225e-02
3.8491481916e+00   -1.5152781607e-02
3.8647884653e+00   -1.7913969274e-02
3.8804287390e+00   -2.0783717902e-02
3.8960690127e+00   -2.3857863551e-02
3.9117092864e+00   -2.7229695735e-02
3.9273495601e+00   -3.0993810801e-02
3.9429898338e+00   -3.5249757369e-02
3.9586301075e+00   -4.0105595659e-02
3.9587301075e+00   -4.0138823628e-02
3.9597301075e+00   -4.0472726646e-02
3.9697301075e+00   -4.3981023101e-02
3.9853703812e+00   -5.0149368983e-02
4.0010106549e+00   -5.7282071155e-02
4.0166509286e+00   -6.5551622699e-02
4.0322912023e+00   -7.5157979853e-02
4.0323912023e+00   -7.5224182540e-02
4.0333912023e+00   -7.5889745089e-02
4.0433912023e+00   -8.2912643590e-02
4.0590314761e+00   -9.5363642621e-02
4.0746717498e+00   -1.0987261322e-01
4.0747717498e+00   -1.0997272460e-01
4.0757717498e+00   -1.1097926181e-01
4.0857717498e+00   -1.2160748151e-01
4.1014120235e+00   -1.4047287155e-01
4.1015120235e+00   -1.4060306119e-01
4.1025120235e+00   -1.4191201381e-01
4.1125120235e+00   -1.5573303192e-01
4.1281522972e+00   -1.8025486468e-01
4.1282522972e+00   -1.8042400651e-01
4.1292522972e+00   -1.8212451275e-01
4.1392522972e+00   -2.0006975638e-01
4.1393522972e+00   -2.0025813450e-01
4.1403522972e+00   -2.0215196161e-01
4.1503522972e+00   -2.2212818434e-01
4.1504522972e+00   -2.2233778718e-01
4.1514522972e+00   -2.2444487537e-01
4.1614522972e+00   -2.4665658223e-01
4.1615522972e+00   -2.4688949645e-01
4.1625522972e+00   -2.4923075106e-01
4.1725522972e+00   -2.7389003977e-01
4.1726522972e+00   -2.7414840572e-01
4.1736522972e+00   -2.7674524098e-01
4.1836522972e+00   -3.0406602417e-01
4.1837522972e+00   -3.0435196576e-01
4.1847522972e+00   -3.0722558813e-01
4.1947522972e+00   -3.3741477345e-01
4.1948522972e+00   -3.3773029317e-01
4.1958522972e+00   -3.4090063216e-01
4.2058522972e+00   -3.7414523987e-01
4.2059522972e+00   -3.7449206809e-01
4.2069522972e+00   -3.7797624254e-01
4.2169522972e+00   -4.1442525509e-01
4.2170522972e+00   -4.1480464062e-01
4.2180522972e+00   -4.1861483264e-01
4.2280522972e+00   -4.5835446018e-01
4.2281522972e+00   -4.5876688916e-01
4.2291522972e+00   -4.6290749345e-01
4.2391522972e+00   -5.0592861103e-01
4.2392522972e+00   -5.0637344267e-01
4.2402522972e+00   -5.1083738108e-01
4.2502522972e+00   -5.5699431421e-01
4.2503522972e+00   -5.5746932876e-01
4.2513522972e+00   -5.6223348698e-01
4.2613522972e+00   -6.1119433177e-01
4.2614522972e+00   -6.1169519941e-01
4.2624522972e+00   -6.1671508336e-01
4.2724522972e+00   -6.6790563003e-01
4.2725522972e+00   -6.6842533332e-01
4.2735522972e+00   -6.7362928461e-01
4.2835522972e+00   -7.2617562013e-01
4.2836522972e+00   -7.2670389788e-01
4.2846522972e+00   -7.3198756930e-01
4.2946522972e+00   -7.8466659716e-01
4.2947522972e+00   -7.8518952382e-01
4.2957522972e+00   -7.9041177934e-01
4.3057522972e+00   -8.4162371924e-01
4.3058522972e+00   -8.4212358174e-01
4.3068522972e+00   -8.4710546204e-01
4.3168522972e+00   -8.9488650083e-01
4.3169522972e+00   -8.9534216616e-01
4.3179522972e+00   -8.9987085884e-01
4.3279522972e+00   -9.4196506280e-01
4.3280522972e+00   -9.4235301538e-01
4.3290522972e+00   -9.4619259487e-01
4.3390522972e+00   -9.8019685129e-01
4.3391522972e+00   -9.8049298862e-01
4.3401522972e+00   -9.8340274265e-01
4.3501522972e+00   -1.0069845476e+00
4.3502522972e+00   -1.0071666430e+00
4.3512522972e+00   -1.0089259641e+00
4.3513522972e+00   -1.0090957018e+00
4.3523522972e+00   -1.0107305975e+00
4.3524522972e+00   -1.0108878090e+00
4.3534522972e+00   -1.0123966261e+00
4.3535522972e+00   -1.0125411491e+00
4.3545522972e+00   -1.0139222987e+00
4.3546522972e+00   -1.0140539779e+00
4.3556522972e+00   -1.0153059381e+00
4.3557522972e+00   -1.0154246245e+00
4.3567522972e+00   -1.0165459427e+00
4.3568522972e+00   -1.0166514948e+00
4.3578522972e+00   -1.0176407901e+00
4.3579522972e+00   -1.0177330733e+00
4.3589522972e+00   -1.0185890385e+00
4.3590522972e+00   -1.0186679260e+00
4.3600522972e+00   -1.0193893301e+00
4.3601522972e+00   -1.0194547025e+00
4.3611522972e+00   -1.0200403926e+00
4.3612522972e+00   -1.0200921387e+00
4.3622522972e+00   -1.0205410416e+00
4.3623522972e+00   -1.0205790581e+00
4.3633522972e+00   -1.0208901827e+00
4.3634522972e+00   -1.0209143746e+00
4.3644522972e+00   -1.0210868134e+00
4.3645522972e+00   -1.0210970943e+00
4.3655522972e+00   -1.0211300249e+00
4.3656522972e+00   -1.0211263168e+00
4.3666522972e+00   -1.0210190035e+00
4.3667522972e+00   -1.0210012372e+00
4.3677522972e+00   -1.0207530325e+00
4.3678522972e+00   -1.0207211477e+00
4.3688522972e+00   -1.0203314933e+00
4.3689522972e+00   -1.0202854387e+00
4.3699522972e+00   -1.0197538669e+00
4.3700522972e+00   -1.0196936003e+00
4.3710522972e+00   -1.0190197345e+00
4.3711522972e+00   -1.0189452229e+00
4.3721522972e+00   -1.0181287792e+00
4.3722522972e+00   -1.0180399987e+00
4.3732522972e+00   -1.0170807859e+00
4.3733522972e+00   -1.0169777221e+00
4.3743522972e+00   -1.0158756426e+00
4.3744522972e+00   -1.0157582904e+00
4.3754522972e+00   -1.0145133405e+00
4.3755522972e+00   -1.0143817043e+00
4.3765522972e+00   -1.0129939745e+00
4.3766522972e+00   -1.0128480681e+00
4.3776522972e+00   -1.0113177432e+00
4.3777522972e+00   -1.0111575897e+00
4.3787522972e+00   -1.0094849489e+00
4.3788522972e+00   -1.0093105810e+00
4.3798522972e+00   -1.0074959975e+00
4.3799522972e+00   -1.0073074571e+00
4.3809522972e+00   -1.0053513979e+00
4.3810522972e+00   -1.0051487365e+00
4.3820522972e+00   -1.0030517619e+00
4.3821522972e+00   -1.0028350402e+00
4.3831522972e+00   -1.0005978032e+00
4.3832522972e+00   -1.0003670910e+00
4.3842522972e+00   -9.9799033649e-01
4.3843522972e+00   -9.9774571294e-01
4.3853522972e+00   -9.9523027691e-01
4.3854522972e+00   -9.9497183009e-01
4.3864522972e+00   -9.9231863844e-01
4.3865522972e+00   -9.9204646538e-01
4.3875522972e+00   -9.8925653281e-01
4.3876522972e+00   -9.8897073939e-01
4.3886522972e+00   -9.8604516804e-01
4.3887522972e+00   -9.8574586880e-01
4.3897522972e+00   -9.8268584685e-01
4.3898522972e+00   -9.8237316485e-01
4.3908522972e+00   -9.7917996492e-01
4.3909522972e+00   -9.7885403158e-01
4.3919522972e+00   -9.7552900901e-01
4.3920522972e+00   -9.7518996395e-01
4.3930522972e+00   -9.7173455502e-01
4.3931522972e+00   -9.7138254585e-01
4.3941522972e+00   -9.6779826583e-01
4.3942522972e+00   -9.6743344795e-01
4.3952522972e+00   -9.6372188906e-01
4.3953522972e+00   -9.6334442548e-01
4.3963522972e+00   -9.5950725477e-01
4.3964522972e+00   -9.5911731585e-01
4.3974522972e+00   -9.5515627294e-01
4.3975522972e+00   -9.5475403619e-01
4.3985522972e+00   -9.5067093095e-01
4.3986522972e+00   -9.5025658080e-01
4.3996522972e+00   -9.4605329095e-01
4.3997522972e+00   -9.4562701847e-01
4.4007522972e+00   -9.4130548706e-01
4.4008522972e+00   -9.4086748974e-01
4.4018522972e+00   -9.3642972262e-01
4.4019522972e+00   -9.3598020409e-01
4.4029522972e+00   -9.3142826725e-01
4.4030522972e+00   -9.3096743703e-01
4.4040522972e+00   -9.2630345391e-01
4.4041522972e+00   -9.2583152712e-01
4.4051522972e+00   -9.2105767589e-01
4.4052522972e+00   -9.2057487298e-01
4.4062522972e+00   -9.1569338373e-01
4.4063522972e+00   -9.1519993022e-01
4.4073522972e+00   -9.1021308211e-01
4.4074522972e+00   -9.0970920828e-01
4.4084522972e+00   -9.0461932673e-01
4.4085522972e+00   -9.0410526732e-01
4.4095522972e+00   -8.9891472107e-01
4.4096522972e+00   -8.9839071503e-01
4.4106522972e+00   -8.9310191323e-01
4.4107522972e+00   -8.9256820340e-01
4.4117522972e+00   -8.8718359272e-01
4.4118522972e+00   -8.8664042554e-01
4.4128522972e+00   -8.8116248721e-01
4.4129522972e+00   -8.8061011242e-01
4.4139522972e+00   -8.7504135929e-01
4.4140522972e+00   -8.7448002966e-01
4.4150522972e+00   -8.6882300326e-01
4.4151522972e+00   -8.6825297429e-01
4.4161522972e+00   -8.6251024195e-01
4.4162522972e+00   -8.6193177155e-01
4.4172522972e+00   -8.5610592344e-01
4.4173522972e+00   -8.5551927168e-01
4.4183522972e+00   -8.4961291797e-01
4.4184522972e+00   -8.4901834677e-01
4.4194522972e+00   -8.4303411475e-01
4.4195522972e+00   -8.4243188759e-01
4.4205522972e+00   -8.3637241885e-01
4.4206522972e+00   -8.3576280050e-01
4.4216522972e+00   -8.2963074814e-01
4.4217522972e+00   -8.2901400441e-01
4.4227522972e+00   -8.2281203027e-01
4.4228522972e+00   -8.2218842768e-01
4.4238522972e+00   -8.1591919968e-01
4.4239522972e+00   -8.1528900524e-01
4.4249522972e+00   -8.0895519470e-01
4.4250522972e+00   -8.0831867562e-01
4.4260522972e+00   -8.0192295465e-01
4.4261522972e+00   -8.0128037809e-01
4.4271522972e+00   -7.9482541708e-01
4.4272522972e+00   -7.9417704991e-01
4.4282522972e+00   -7.8766551502e-01
4.4283522972e+00   -7.8701162357e-01
4.4293522972e+00   -7.8044617432e-01
4.4294522972e+00   -7.7978702412e-01
4.4304522972e+00   -7.7317031105e-01
4.4305522972e+00   -7.7250616663e-01
4.4315522972e+00   -7.6584082900e-01
4.4316522972e+00   -7.6517195364e-01
4.4326522972e+00   -7.5846061723e-01
4.4327522972e+00   -7.5778727277e-01
4.4337522972e+00   -7.5103254774e-01
4.4338522972e+00   -7.5035499434e-01
4.4348522972e+00   -7.4355947317e-01
4.4349522972e+00   -7.4287796912e-01
4.4359522972e+00   -7.3604422461e-01
4.4360522972e+00   -7.3535902615e-01
4.4370522972e+00   -7.2848960954e-01
4.4371522972e+00   -7.2780097064e-01
4.4381522972e+00   -7.2089840975e-01
4.4382522972e+00   -7.2020658197e-01
4.4392522972e+00   -7.1327337947e-01
4.4393522972e+00   -7.1257861176e-01
4.4403522972e+00   -7.0561724350e-01
4.4404522972e+00   -7.0491978205e-01
4.4414522972e+00   -6.9793269547e-01
4.4415522972e+00   -6.9723278356e-01
4.4425522972e+00   -6.9022239618e-01
4.4426522972e+00   -6.8952027400e-01
4.4436522972e+00   -6.8248897201e-01
4.4437522972e+00   -6.8178487658e-01
4.4447522972e+00   -6.7473501348e-01
4.4448522972e+00   -6.7402917846e-01
4.4458522972e+00   -6.6696307380e-01
4.4459522972e+00   -6.6625572941e-01
4.4469522972e+00   -6.5917566760e-01
4.4470522972e+00   -6.5846704050e-01
4.4480522972e+00   -6.5137526972e-01
4.4481522972e+00   -6.5066558286e-01
4.4491522972e+00   -6.4356431403e-01
4.4492522972e+00   -6.4285378662e-01
4.4502522972e+00   -6.3574519242e-01
4.4503522972e+00   -6.3503403979e-01
4.4513522972e+00   -6.2792025384e-01
4.4514522972e+00   -6.2720868735e-01
4.4524522972e+00   -6.2009180337e-01
4.4525522972e+00   -6.1938003039e-01
4.4535522972e+00   -6.1226210147e-01
4.4536522972e+00   -6.1155032525e-01
4.4546522972e+00   -6.0443336323e-01
4.4547522972e+00   -6.0372178286e-01
4.4557522972e+00   -5.9660775772e-01
4.4558522972e+00   -5.9589656810e-01
4.4568522972e+00   -5.8878740744e-01
4.4569522972e+00   -5.8807679919e-01
4.4579522972e+00   -5.8097438780e-01
4.4580522972e+00   -5.8026454725e-01
4.4590522972e+00   -5.7317072670e-01
4.4690522972e+00   -5.0297678183e-01
4.4691522972e+00   -5.0228412597e-01
4.4701522972e+00   -4.9537014274e-01
4.4801522972e+00   -4.2769918769e-01
4.4802522972e+00   -4.2703773860e-01
4.4812522972e+00   -4.2044160784e-01
4.4912522972e+00   -3.5645837132e-01
4.4913522972e+00   -3.5583785828e-01
4.4923522972e+00   -3.4965486222e-01
4.5023522972e+00   -2.9012065356e-01
4.5024522972e+00   -2.8954702474e-01
4.5034522972e+00   -2.8383493910e-01
4.5134522972e+00   -2.2916819643e-01
4.5135522972e+00   -2.2864427789e-01
4.5145522972e+00   -2.2342999809e-01
4.5245522972e+00   -1.7377435234e-01
4.5246522972e+00   -1.7330053057e-01
4.5256522972e+00   -1.6858688501e-01
4.5356522972e+00   -1.2387707591e-01
4.5357522972e+00   -1.2345192857e-01
4.5367522972e+00   -1.1922394855e-01
4.5467522972e+00   -7.9244261116e-02
4.5468522972e+00   -7.8865099046e-02
4.5478522972e+00   -7.5095390002e-02
4.5578522972e+00   -3.9528411868e-02
4.5734925709e+00   8.9041584886e-03
4.5735925709e+00   9.1878421389e-03
4.5745925709e+00   1.2007574765e-02
4.5845925709e+00   3.8564869682e-02
4.6002328446e+00   7.4732669965e-02
4.6158731183e+00   1.0546911808e-01
4.6159731183e+00   1.0565077685e-01
4.6169731183e+00   1.0745790826e-01
4.6269731183e+00   1.2464262950e-01
4.6426133920e+00   1.4878001735e-01
4.6582536657e+00   1.7043188979e-01
4.6738939394e+00   1.9046280254e-01
4.6739939394e+00   1.9058733416e-01
4.6749939394e+00   1.9183075473e-01
4.6849939394e+00   2.0411146208e-01
4.7006342131e+00   2.2305578644e-01
4.7162744868e+00   2.4218694250e-01
4.7163744868e+00   2.4231098741e-01
4.7173744868e+00   2.4355302907e-01
4.7273744868e+00   2.5615672431e-01
4.7430147605e+00   2.7673396507e-01
4.7586550342e+00   2.9869838888e-01
4.7587550342e+00   2.9884400717e-01
4.7597550342e+00   3.0030405393e-01
4.7697550342e+00   3.1530541031e-01
4.7853953079e+00   3.4034237561e-01
4.7854953079e+00   3.4050900828e-01
4.7864953079e+00   3.4218005706e-01
4.7964953079e+00   3.5937029972e-01
4.8121355816e+00   3.8805261045e-01
4.8122355816e+00   3.8824315107e-01
4.8132355816e+00   3.9015356497e-01
4.8232355816e+00   4.0975626100e-01
4.8388758553e+00   4.4218594343e-01
4.8389758553e+00   4.4239994822e-01
4.8399758553e+00   4.4454446010e-01
4.8499758553e+00   4.6641940203e-01
4.8656161290e+00   5.0201459146e-01
4.8657161290e+00   5.0224674248e-01
4.8667161290e+00   5.0457097406e-01
4.8767161290e+00   5.2804892369e-01
4.8923564027e+00   5.6525810390e-01
4.8924564027e+00   5.6549632954e-01
4.8934564027e+00   5.6787799110e-01
4.9034564027e+00   5.9157482292e-01
4.9190966764e+00   6.2762187775e-01
4.9191966764e+00   6.2784598770e-01
4.9201966764e+00   6.3008147820e-01
4.9301966764e+00   6.5179405319e-01
4.9458369501e+00   6.8266986125e-01
4.9614772239e+00   7.0833638755e-01
4.9615772239e+00   7.0848019746e-01
4.9625772239e+00   7.0990283514e-01
4.9725772239e+00   7.2250280410e-01
4.9882174976e+00   7.3563862129e-01
4.9883174976e+00   7.3569466462e-01
4.9893174976e+00   7.3623474159e-01
4.9993174976e+00   7.3955679528e-01
4.9994174976e+00   7.3957058384e-01
5.0004174976e+00   7.3968699038e-01
5.0104174976e+00   7.3868280721e-01
5.0105174976e+00   7.3865272686e-01
5.0115174976e+00   7.3833002539e-01
5.0215174976e+00   7.3291790460e-01
5.0216174976e+00   7.3284382255e-01
5.0226174976e+00   7.3208144373e-01
5.0326174976e+00   7.2233195640e-01
5.0327174976e+00   7.2221527775e-01
5.0337174976e+00   7.2102802789e-01
5.0437174976e+00   7.0716319704e-01
5.0438174976e+00   7.0700680224e-01
5.0448174976e+00   7.0542417922e-01
5.0548174976e+00   6.8780495404e-01
5.0549174976e+00   6.8761302370e-01
5.0559174976e+00   6.8567741408e-01
5.0659174976e+00   6.6478094600e-01
5.0660174976e+00   6.6455869490e-01
5.0670174976e+00   6.6232267665e-01
5.0770174976e+00   6.3871221786e-01
5.0771174976e+00   6.3846557067e-01
5.0781174976e+00   6.3598865160e-01
5.0881174976e+00   6.1027964562e-01
5.0882174976e+00   6.1001489161e-01
5.0892174976e+00   6.0736005531e-01
5.0992174976e+00   5.8018607902e-01
5.0993174976e+00   5.7990954078e-01
5.1003174976e+00   5.7713994898e-01
5.1103174976e+00   5.4912167047e-01
5.1104174976e+00   5.4883941473e-01
5.1114174976e+00   5.4601554231e-01
5.1214174976e+00   5.1773497523e-01
5.1215174976e+00   5.1745258402e-01
5.1225174976e+00   5.1462996304e-01
5.1325174976e+00   4.8661126701e-01
5.1481577713e+00   4.4416619781e-01
5.1482577713e+00   4.4390231783e-01
5.1492577713e+00   4.4126959915e-01
5.1592577713e+00   4.1559844337e-01
5.1748980450e+00   3.7819515316e-01
5.1749980450e+00   3.7796790431e-01
5.1759980450e+00   3.7570413821e-01
5.1859980450e+00   3.5395961882e-01
5.2016383187e+00   3.2334214240e-01
5.2172785924e+00   2.9699507971e-01
5.2173785924e+00   2.9684043594e-01
5.2183785924e+00   2.9530361771e-01
5.2283785924e+00   2.8089247008e-01
5.2440188661e+00   2.6178063798e-01
5.2596591398e+00   2.4669287113e-01
5.2752994135e+00   2.3541156155e-01
5.2909396872e+00   2.2770470780e-01
5.2910396872e+00   2.2766644080e-01
5.2920396872e+00   2.2729128773e-01
5.3020396872e+00   2.2428031188e-01
5.3176799609e+00   2.2217949938e-01
5.3333202346e+00   2.2310916091e-01
5.3489605083e+00   2.2693278085e-01
5.3646007820e+00   2.3355618655e-01
5.3647007820e+00   2.3360740941e-01
5.3657007820e+00   2.3412580764e-01
5.3757007820e+00   2.3992554065e-01
5.3913410557e+00   2.5123831270e-01
5.4069813294e+00   2.6530144068e-01
5.4070813294e+00   2.6540028820e-01
5.4080813294e+00   2.6639504718e-01
5.4180813294e+00   2.7697431049e-01
5.4337216031e+00   2.9585537236e-01
5.4338216031e+00   2.9598538687e-01
5.4348216031e+00   2.9729208771e-01
5.4448216031e+00   3.1101865606e-01
5.4604618768e+00   3.3492431313e-01
5.4605618768e+00   3.3508683273e-01
5.4615618768e+00   3.3671882757e-01
5.4715618768e+00   3.5372032712e-01
5.4872021505e+00   3.8279885445e-01
5.4873021505e+00   3.8299449873e-01
5.4883021505e+00   3.8495768985e-01
5.4983021505e+00   4.0525901454e-01
5.4984021505e+00   4.0546811439e-01
5.4994021505e+00   4.0756566403e-01
5.5094021505e+00   4.2918604519e-01
5.5095021505e+00   4.2940806321e-01
5.5105021505e+00   4.3163444296e-01
5.5205021505e+00   4.5450183247e-01
5.5206021505e+00   4.5473588189e-01
5.5216021505e+00   4.5708202914e-01
5.5316021505e+00   4.8108489158e-01
5.5317021505e+00   4.8132965185e-01
5.5327021505e+00   4.8378212318e-01
5.5427021505e+00   5.0876076557e-01
5.5428021505e+00   5.0901439450e-01
5.5438021505e+00   5.1155448638e-01
5.5538021505e+00   5.3729232840e-01
5.5539021505e+00   5.3755237649e-01
5.5549021505e+00   5.4015527197e-01
5.5649021505e+00   5.6637077441e-01
5.5650021505e+00   5.6663410989e-01
5.5660021505e+00   5.6926813699e-01
5.5760021505e+00   5.9560839215e-01
5.5916424242e+00   6.3615133024e-01
5.5917424242e+00   6.3640526184e-01
5.5927424242e+00   6.3893953742e-01
5.6027424242e+00   6.6368277900e-01
5.6183826979e+00   6.9931575652e-01
5.6184826979e+00   6.9952807362e-01
5.6194826979e+00   7.0163878127e-01
5.6294826979e+00   7.2139094770e-01
5.6451229717e+00   7.4640995444e-01
5.6452229717e+00   7.4654344231e-01
5.6462229717e+00   7.4785834872e-01
5.6562229717e+00   7.5892131624e-01
5.6718632454e+00   7.6794368301e-01
5.6719632454e+00   7.6796675800e-01
5.6729632454e+00   7.6817259190e-01
5.6829632454e+00   7.6770841687e-01
5.6830632454e+00   7.6768040102e-01
5.6840632454e+00   7.6737463896e-01
5.6940632454e+00   7.6175726890e-01
5.6941632454e+00   7.6167767298e-01
5.6951632454e+00   7.6085638133e-01
5.7051632454e+00   7.5014324562e-01
5.7052632454e+00   7.5001353435e-01
5.7062632454e+00   7.4869232457e-01
5.7162632454e+00   7.3313411642e-01
5.7163632454e+00   7.3295764192e-01
5.7173632454e+00   7.3117092328e-01
5.7273632454e+00   7.1119616681e-01
5.7274632454e+00   7.1097794424e-01
5.7284632454e+00   7.0877660842e-01
5.7384632454e+00   6.8496191948e-01
5.7385632454e+00   6.8470827541e-01
5.7395632454e+00   6.8215612856e-01
5.7495632454e+00   6.5518621646e-01
5.7496632454e+00   6.5490435723e-01
5.7506632454e+00   6.5207377803e-01
5.7606632454e+00   6.2269637194e-01
5.7607632454e+00   6.2239392590e-01
5.7617632454e+00   6.1936128878e-01
5.7717632454e+00   5.8834226404e-01
5.7718632454e+00   5.8802684788e-01
5.7728632454e+00   5.8486820989e-01
5.7828632454e+00   5.5295137051e-01
5.7829632454e+00   5.5263021855e-01
5.7839632454e+00   5.4941765105e-01
5.7939632454e+00   5.1729223408e-01
5.7940632454e+00   5.1697191410e-01
5.7950632454e+00   5.1377070679e-01
5.8050632454e+00   4.8204810994e-01
5.8051632454e+00   4.8173433358e-01
5.8061632454e+00   4.7860114564e-01
5.8161632454e+00   4.4780097627e-01
5.8318035191e+00   4.0213083302e-01
5.8319035191e+00   4.0185047209e-01
5.8329035191e+00   3.9905568783e-01
5.8429035191e+00   3.7202729903e-01
5.8585437928e+00   3.3336008423e-01
5.8586437928e+00   3.3312772702e-01
5.8596437928e+00   3.3081477145e-01
5.8696437928e+00   3.0875570196e-01
5.8852840665e+00   2.7819003818e-01
5.9009243402e+00   2.5237667246e-01
5.9010243402e+00   2.5222658542e-01
5.9020243402e+00   2.5073599550e-01
5.9120243402e+00   2.3684474976e-01
5.9276646139e+00   2.1868839267e-01
5.9433048876e+00   2.0462054330e-01
5.9589451613e+00   1.9432652077e-01
5.9745854350e+00   1.8750366585e-01
5.9746854350e+00   1.8747060405e-01
5.9756854350e+00   1.8714715660e-01
5.9856854350e+00   1.8461675344e-01
6.0013257087e+00   1.8312174488e-01
6.0169659824e+00   1.8446389936e-01
6.0326062561e+00   1.8850087413e-01
6.0482465298e+00   1.9514362469e-01
6.0483465298e+00   1.9519437405e-01
6.0493465298e+00   1.9570763384e-01
6.0593465298e+00   2.0141678431e-01
6.0749868035e+00   2.1245683933e-01
6.0906270772e+00   2.2611577355e-01
6.0907270772e+00   2.2621169855e-01
6.0917270772e+00   2.2717703246e-01
6.1017270772e+00   2.3744477403e-01
6.1173673509e+00   2.5580228161e-01
6.1174673509e+00   2.5592891884e-01
6.1184673509e+00   2.5720188307e-01
6.1284673509e+00   2.7059890388e-01
6.1441076246e+00   2.9405849337e-01
6.1442076246e+00   2.9421860465e-01
6.1452076246e+00   2.9582691244e-01
6.1552076246e+00   3.1263742824e-01
6.1708478983e+00   3.4164490474e-01
6.1709478983e+00   3.4184123868e-01
6.1719478983e+00   3.4381224958e-01
6.1819478983e+00   3.6429300249e-01
6.1820478983e+00   3.6450491048e-01
6.1830478983e+00   3.6663174077e-01
6.1930478983e+00   3.8867488971e-01
6.1931478983e+00   3.8890242341e-01
6.1941478983e+00   3.9118546885e-01
6.2041478983e+00   4.1478149462e-01
6.2042478983e+00   4.1502442169e-01
6.2052478983e+00   4.1746119423e-01
6.2152478983e+00   4.4256711993e-01
6.2153478983e+00   4.4282482890e-01
6.2163478983e+00   4.4540899858e-01
6.2263478983e+00   4.7193813706e-01
6.2264478983e+00   4.7220952894e-01
6.2274478983e+00   4.7492983346e-01
6.2374478983e+00   5.0274033534e-01
6.2375478983e+00   5.0302370466e-01
6.2385478983e+00   5.0586275633e-01
6.2485478983e+00   5.3474539443e-01
6.2486478983e+00   5.3503830564e-01
6.2496478983e+00   5.3797135517e-01
6.2596478983e+00   5.6763732789e-01
6.2597478983e+00   5.6793649677e-01
6.2607478983e+00   5.7093025283e-01
6.2707478983e+00   6.0100022251e-01
6.2708478983e+00   6.0130141681e-01
6.2718478983e+00   6.0431306715e-01
6.2818478983e+00   6.3430913546e-01
6.2819478983e+00   6.3460711418e-01
6.2829478983e+00   6.3758374305e-01
6.2929478983e+00   6.6692652664e-01
6.3085881720e+00   7.1025545891e-01
6.3086881720e+00   7.1051829653e-01
6.3096881720e+00   7.1313477150e-01
6.3196881720e+00   7.3797348229e-01
6.3353284457e+00   7.7078560674e-01
6.3354284457e+00   7.7096717740e-01
6.3364284457e+00   7.7276115680e-01
6.3464284457e+00   7.8840266196e-01
6.3465284457e+00   7.8853686097e-01
6.3475284457e+00   7.8985349510e-01
6.3575284457e+00   8.0037923470e-01
6.3576284457e+00   8.0045934478e-01
6.3586284457e+00   8.0123215421e-01
6.3686284457e+00   8.0605620742e-01
6.3687284457e+00   8.0607717805e-01
6.3697284457e+00   8.0625662601e-01
6.3797284457e+00   8.0498819771e-01
6.3798284457e+00   8.0494714598e-01
6.3808284457e+00   8.0450558248e-01
6.3908284457e+00   7.9699075796e-01
6.3909284457e+00   7.9688730468e-01
6.3919284457e+00   7.9582222793e-01
6.4019284457e+00   7.8216578694e-01
6.4020284457e+00   7.8200216913e-01
6.4030284457e+00   7.8033723046e-01
6.4130284457e+00   7.6090045210e-01
6.4131284457e+00   7.6068138836e-01
6.4141284457e+00   7.5846492473e-01
6.4241284457e+00   7.3383929921e-01
6.4242284457e+00   7.3357162627e-01
6.4252284457e+00   7.3087292433e-01
6.4352284457e+00   7.0183373766e-01
6.4353284457e+00   7.0152587392e-01
6.4363284457e+00   6.9842973933e-01
6.4463284457e+00   6.6587655257e-01
6.4464284457e+00   6.6553786797e-01
6.4474284457e+00   6.6213830060e-01
6.4574284457e+00   6.2703071016e-01
6.4575284457e+00   6.2667088696e-01
6.4585284457e+00   6.2306470496e-01
6.4685284457e+00   5.8636132495e-01
6.4686284457e+00   5.8598978219e-01
6.4696284457e+00   5.8227091306e-01
6.4796284457e+00   5.4487768160e-01
6.4797284457e+00   5.4450311318e-01
6.4807284457e+00   5.4075803941e-01
6.4907284457e+00   5.0348942318e-01
6.4908284457e+00   5.0311947345e-01
6.4918284457e+00   4.9942405861e-01
6.5018284457e+00   4.6297822053e-01
6.5019284457e+00   4.6261929793e-01
6.5029284457e+00   4.5903698807e-01
6.5129284457e+00   4.2398398772e-01
6.5130284457e+00   4.2364120020e-01
6.5140284457e+00   4.2022243189e-01
6.5240284457e+00   3.8700326427e-01
6.5396687195e+00   3.3898465307e-01
6.5397687195e+00   3.3869427236e-01
6.5407687195e+00   3.3580248170e-01
6.5507687195e+00   3.0810311750e-01
6.5664089932e+00   2.6930422643e-01
6.5665089932e+00   2.6907399358e-01
6.5675089932e+00   2.6678407713e-01
6.5775089932e+00   2.4511753445e-01
6.5931492669e+00   2.1561440388e-01
6.6087895406e+00   1.9117290873e-01
6.6088895406e+00   1.9103208286e-01
6.6098895406e+00   1.8963428044e-01
6.6198895406e+00   1.7667861340e-01
6.6355298143e+00   1.5993659861e-01
6.6511700880e+00   1.4710364121e-01
6.6668103617e+00   1.3776318510e-01
6.6824506354e+00   1.3154109347e-01
6.6825506354e+00   1.3151062353e-01
6.6835506354e+00   1.3121218744e-01
6.6935506354e+00   1.2883930630e-01
6.7091909091e+00   1.2723954467e-01
6.7248311828e+00   1.2802998112e-01
6.7404714565e+00   1.3105546745e-01
6.7561117302e+00   1.3622092134e-01
6.7562117302e+00   1.3626072248e-01
6.7572117302e+00   1.3666345056e-01
6.7672117302e+00   1.4116247944e-01
6.7828520039e+00   1.4993028143e-01
6.7984922776e+00   1.6086255819e-01
6.8141325513e+00   1.7406436975e-01
6.8142325513e+00   1.7415638394e-01
6.8152325513e+00   1.7508197276e-01
6.8252325513e+00   1.8489230063e-01
6.8408728250e+00   2.0235077663e-01
6.8409728250e+00   2.0247108739e-01
6.8419728250e+00   2.0368045252e-01
6.8519728250e+00   2.1641309117e-01
6.8676130987e+00   2.3877841488e-01
6.8677130987e+00   2.3893151473e-01
6.8687130987e+00   2.4046979856e-01
6.8787130987e+00   2.5659648855e-01
6.8943533724e+00   2.8466590781e-01
6.8944533724e+00   2.8485706071e-01
6.8954533724e+00   2.8677698295e-01
6.9054533724e+00   3.0683006373e-01
6.9055533724e+00   3.0703856476e-01
6.9065533724e+00   3.0913239293e-01
6.9165533724e+00   3.3096522643e-01
6.9166533724e+00   3.3119187973e-01
6.9176533724e+00   3.3346759317e-01
6.9276533724e+00   3.5715251998e-01
6.9277533724e+00   3.5739796842e-01
6.9287533724e+00   3.5986189394e-01
6.9387533724e+00   3.8545042546e-01
6.9388533724e+00   3.8571506088e-01
6.9398533724e+00   3.8837096493e-01
6.9498533724e+00   4.1588360856e-01
6.9499533724e+00   4.1616745957e-01
6.9509533724e+00   4.1901541431e-01
6.9609533724e+00   4.4842912667e-01
6.9610533724e+00   4.4873172189e-01
6.9620533724e+00   4.5176672523e-01
6.9720533724e+00   4.8299987865e-01
6.9721533724e+00   4.8332008523e-01
6.9731533724e+00   4.8653043430e-01
6.9831533724e+00   5.1942544291e-01
6.9832533724e+00   5.1976128346e-01
6.9842533724e+00   5.2312673455e-01
6.9942533724e+00   5.5743090928e-01
6.9943533724e+00   5.5777936529e-01
6.9953533724e+00   5.6126916520e-01
7.0053533724e+00   5.9661498613e-01
7.0054533724e+00   5.9697180333e-01
7.0064533724e+00   6.0054274935e-01
7.0164533724e+00   6.3642956494e-01
7.0165533724e+00   6.3678908489e-01
7.0175533724e+00   6.4038386167e-01
7.0275533724e+00   6.7616399191e-01
7.0276533724e+00   6.7651904409e-01
7.0286533724e+00   6.8006518565e-01
7.0386533724e+00   7.1493836775e-01
7.0387533724e+00   7.1528026544e-01
7.0397533724e+00   7.1869017748e-01
7.0497533724e+00   7.5171096500e-01
7.0653936461e+00   7.9783917319e-01
7.0654936461e+00   7.9810621091e-01
7.0664936461e+00   8.0075420582e-01
7.0764936461e+00   8.2480592212e-01
7.0765936461e+00   8.2502242087e-01
7.0775936461e+00   8.2715940843e-01
7.0875936461e+00   8.4555424599e-01
7.0876936461e+00   8.4570932941e-01
7.0886936461e+00   8.4722711872e-01
7.0986936461e+00   8.5895648698e-01
7.0987936461e+00   8.5904088992e-01
7.0997936461e+00   8.5984788269e-01
7.1097936461e+00   8.6411636080e-01
7.1098936461e+00   8.6412337018e-01
7.1108936461e+00   8.6415392505e-01
7.1208936461e+00   8.6046588687e-01
7.1209936461e+00   8.6039211996e-01
7.1219936461e+00   8.5961421452e-01
7.1319936461e+00   8.4783608936e-01
7.1320936461e+00   8.4768196538e-01
7.1330936461e+00   8.4610172888e-01
7.1430936461e+00   8.2648770146e-01
7.1431936461e+00   8.2625750912e-01
7.1441936461e+00   8.2391968533e-01
7.1442936461e+00   8.2368232725e-01
7.1452936461e+00   8.2127324486e-01
7.1453936461e+00   8.2102880135e-01
7.1463936461e+00   8.1854927872e-01
7.1464936461e+00   8.1829783313e-01
7.1474936461e+00   8.1574871858e-01
7.1475936461e+00   8.1549035721e-01
7.1485936461e+00   8.1287252819e-01
7.1486936461e+00   8.1260734023e-01
7.1496936461e+00   8.0992170255e-01
7.1497936461e+00   8.0964977995e-01
7.1507936461e+00   8.0689726692e-01
7.1508936461e+00   8.0661870437e-01
7.1518936461e+00   8.0380027595e-01
7.1519936461e+00   8.0351517074e-01
7.1529936461e+00   8.0063181264e-01
7.1530936461e+00   8.0034026461e-01
7.1540936461e+00   7.9739298742e-01
7.1541936461e+00   7.9709509883e-01
7.1551936461e+00   7.9408493708e-01
7.1552936461e+00   7.9378081255e-01
7.1562936461e+00   7.9070882378e-01
7.1563936461e+00   7.9039857018e-01
7.1573936461e+00   7.8726583397e-01
7.1574936461e+00   7.8694956034e-01
7.1584936461e+00   7.8375717736e-01
7.1585936461e+00   7.8343499478e-01
7.1595936461e+00   7.8018408585e-01
7.1695936461e+00   7.4496473224e-01
7.1696936461e+00   7.4458953054e-01
7.1706936461e+00   7.4081455749e-01
7.1806936461e+00   7.0098638357e-01
7.1807936461e+00   7.0057103057e-01
7.1817936461e+00   6.9640111216e-01
7.1917936461e+00   6.5328272209e-01
7.1918936461e+00   6.5284050713e-01
7.1928936461e+00   6.4840849383e-01
7.2028936461e+00   6.0330992137e-01
7.2029936461e+00   6.0285365289e-01
7.2039936461e+00   5.9828718789e-01
7.2139936461e+00   5.5243022416e-01
7.2140936461e+00   5.5197153121e-01
7.2150936461e+00   5.4738617954e-01
7.2250936461e+00   5.0184744536e-01
7.2251936461e+00   5.0139631787e-01
7.2261936461e+00   4.9689108846e-01
7.2361936461e+00   4.5256882809e-01
7.2362936461e+00   4.5213338696e-01
7.2372936461e+00   4.4778853902e-01
7.2472936461e+00   4.0539052091e-01
7.2473936461e+00   4.0497698019e-01
7.2483936461e+00   4.0085372738e-01
7.2583936461e+00   3.6090165627e-01
7.2584936461e+00   3.6051442702e-01
7.2594936461e+00   3.5665603222e-01
7.2694936461e+00   3.1950131510e-01
7.2851339198e+00   2.6683137354e-01
7.2852339198e+00   2.6651645235e-01
7.2862339198e+00   2.6338256029e-01
7.2962339198e+00   2.3357056477e-01
7.3118741935e+00   1.9240309427e-01
7.3119741935e+00   1.9216069547e-01
7.3129741935e+00   1.8975089761e-01
7.3229741935e+00   1.6704427164e-01
7.3386144673e+00   1.3633607153e-01
7.3542547410e+00   1.1093786235e-01
7.3543547410e+00   1.1079114137e-01
7.3553547410e+00   1.0933434841e-01
7.3653547410e+00   9.5773008598e-02
7.3809950147e+00   7.7931237187e-02
7.3966352884e+00   6.3655639444e-02
7.4122755621e+00   5.2380109153e-02
7.4279158358e+00   4.3604437948e-02
7.4435561095e+00   3.6897565810e-02
7.4436561095e+00   3.6860522737e-02
7.4446561095e+00   3.6493895476e-02
7.4546561095e+00   3.3191043127e-02
7.4702963832e+00   2.9214113503e-02
7.4859366569e+00   2.6464151863e-02
7.5015769306e+00   2.4734703560e-02
7.5172172043e+00   2.3865442076e-02
7.5328574780e+00   2.3736096472e-02
7.5484977517e+00   2.4261057697e-02
7.5641380254e+00   2.5384807744e-02
7.5797782991e+00   2.7078228646e-02
7.5954185728e+00   2.9335794558e-02
7.6110588465e+00   3.2173620682e-02
7.6266991202e+00   3.5628330242e-02
7.6267991202e+00   3.5652514847e-02
7.6277991202e+00   3.5895875588e-02
7.6377991202e+00   3.8484723382e-02
7.6534393939e+00   4.3136859715e-02
7.6690796676e+00   4.8607891667e-02
7.6847199413e+00   5.5013216598e-02
7.7003602151e+00   6.2493410230e-02
7.7160004888e+00   7.1217231590e-02
7.7161004888e+00   7.1277424003e-02
7.7171004888e+00   7.1882601180e-02
7.7271004888e+00   7.8271635189e-02
7.7427407625e+00   8.9606081524e-02
7.7583810362e+00   1.0281432488e-01
7.7584810362e+00   1.0290544564e-01
7.7594810362e+00   1.0382157371e-01
7.7694810362e+00   1.1349320644e-01
7.7851213099e+00   1.3065108011e-01
7.7852213099e+00   1.3076944388e-01
7.7862213099e+00   1.3195946592e-01
7.7962213099e+00   1.4452146066e-01
7.8118615836e+00   1.6679735590e-01
7.8119615836e+00   1.6695096422e-01
7.8129615836e+00   1.6849527529e-01
7.8229615836e+00   1.8478994016e-01
7.8230615836e+00   1.8496097484e-01
7.8240615836e+00   1.8668042947e-01
7.8340615836e+00   2.0481664554e-01
7.8341615836e+00   2.0500694209e-01
7.8351615836e+00   2.0691995703e-01
7.8451615836e+00   2.2708775978e-01
7.8452615836e+00   2.2729926917e-01
7.8462615836e+00   2.2942540514e-01
7.8562615836e+00   2.5182495283e-01
7.8563615836e+00   2.5205971273e-01
7.8573615836e+00   2.5441937869e-01
7.8673615836e+00   2.7925709778e-01
7.8674615836e+00   2.7951718483e-01
7.8684615836e+00   2.8213114939e-01
7.8784615836e+00   3.0961360810e-01
7.8785615836e+00   3.0990106399e-01
7.8795615836e+00   3.1278970142e-01
7.8895615836e+00   3.4311439553e-01
7.8896615836e+00   3.4343111800e-01
7.8906615836e+00   3.4661329777e-01
7.9006615836e+00   3.7995534638e-01
7.9007615836e+00   3.8030293418e-01
7.9017615836e+00   3.8379444490e-01
7.9117615836e+00   4.2028803020e-01
7.9118615836e+00   4.2066756991e-01
7.9128615836e+00   4.2447895498e-01
7.9228615836e+00   4.6419226365e-01
7.9229615836e+00   4.6460404591e-01
7.9239615836e+00   4.6873772859e-01
7.9339615836e+00   5.1164027129e-01
7.9340615836e+00   5.1208342689e-01
7.9350615836e+00   5.1653002924e-01
7.9450615836e+00   5.6245169827e-01
7.9451615836e+00   5.6292375125e-01
7.9461615836e+00   5.6765758588e-01
7.9561615836e+00   6.1623988850e-01
7.9562615836e+00   6.1673623802e-01
7.9572615836e+00   6.2171009850e-01
7.9672615836e+00   6.7235194077e-01
7.9673615836e+00   6.7286530740e-01
7.9683615836e+00   6.7800492854e-01
7.9783615836e+00   7.2980833142e-01
7.9784615836e+00   7.3032823857e-01
7.9794615836e+00   7.3552715476e-01
7.9894615836e+00   7.8725232817e-01
7.9895615836e+00   7.8776473354e-01
7.9905615836e+00   7.9288070622e-01
8.0005615836e+00   8.4292442070e-01
8.0006615836e+00   8.4341165637e-01
8.0016615836e+00   8.4826627547e-01
8.0116615836e+00   8.9468102901e-01
8.0117615836e+00   8.9512223350e-01
8.0127615836e+00   8.9950552906e-01
8.0227615836e+00   9.4007721112e-01
8.0228615836e+00   9.4044941499e-01
8.0238615836e+00   9.4413106538e-01
8.0338615836e+00   9.7652679982e-01
8.0339615836e+00   9.7680673033e-01
8.0349615836e+00   9.7955445389e-01
8.0449615836e+00   1.0015381700e+00
8.0450615836e+00   1.0017046629e+00
8.0460615836e+00   1.0033085664e+00
8.0461615836e+00   1.0034628251e+00
8.0471615836e+00   1.0049435964e+00
8.0472615836e+00   1.0050854640e+00
8.0482615836e+00   1.0064415671e+00
8.0483615836e+00   1.0065708933e+00
8.0493615836e+00   1.0078008566e+00
8.0494615836e+00   1.0079174975e+00
8.0504615836e+00   1.0090199164e+00
8.0505615836e+00   1.0091237349e+00
8.0515615836e+00   1.0100972736e+00
8.0516615836e+00   1.0101881398e+00
8.0526615836e+00   1.0110315336e+00
8.0527615836e+00   1.0111093245e+00
8.0537615836e+00   1.0118213821e+00
8.0538615836e+00   1.0118859823e+00
8.0548615836e+00   1.0124655872e+00
8.0549615836e+00   1.0125168890e+00
8.0559615836e+00   1.0129630017e+00
8.0560615836e+00   1.0130009050e+00
8.0570615836e+00   1.0133125650e+00
8.0571615836e+00   1.0133369777e+00
8.0581615836e+00   1.0135133046e+00
8.0582615836e+00   1.0135241428e+00
8.0592615836e+00   1.0135643384e+00
8.0593615836e+00   1.0135615264e+00
8.0603615836e+00   1.0134648756e+00
8.0604615836e+00   1.0134483461e+00
8.0614615836e+00   1.0132142188e+00
8.0615615836e+00   1.0131839130e+00
8.0625615836e+00   1.0128117648e+00
8.0626615836e+00   1.0127676327e+00
8.0636615836e+00   1.0122570062e+00
8.0637615836e+00   1.0121990063e+00
8.0647615836e+00   1.0115495321e+00
8.0648615836e+00   1.0114776320e+00
8.0658615836e+00   1.0106890292e+00
8.0659615836e+00   1.0106032053e+00
8.0669615836e+00   1.0096752827e+00
8.0670615836e+00   1.0095755202e+00
8.0680615836e+00   1.0085081764e+00
8.0681615836e+00   1.0083944699e+00
8.0691615836e+00   1.0071876937e+00
8.0692615836e+00   1.0070600465e+00
8.0702615836e+00   1.0057139177e+00
8.0703615836e+00   1.0055723423e+00
8.0713615836e+00   1.0040870312e+00
8.0714615836e+00   1.0039315491e+00
8.0724615836e+00   1.0023073168e+00
8.0725615836e+00   1.0021379587e+00
8.0735615836e+00   1.0003751568e+00
8.0736615836e+00   1.0001919625e+00
8.0746615836e+00   9.9829103292e-01
8.0747615836e+00   9.9809405101e-01
8.0757615836e+00   9.9605552568e-01
8.0758615836e+00   9.9584481383e-01
8.0768615836e+00   9.9366931383e-01
8.0769615836e+00   9.9344493860e-01
8.0779615836e+00   9.9113317363e-01
8.0780615836e+00   9.9089521038e-01
8.0790615836e+00   9.8844797788e-01
8.0791615836e+00   9.8819651071e-01
8.0801615836e+00   9.8561469485e-01
8.0802615836e+00   9.8534981649e-01
8.0812615836e+00   9.8263438712e-01
8.0813615836e+00   9.8235619878e-01
8.0823615836e+00   9.7950821015e-01
8.0824615836e+00   9.7921682144e-01
8.0834615836e+00   9.7623741085e-01
8.0835615836e+00   9.7593293960e-01
8.0845615836e+00   9.7282332592e-01
8.0846615836e+00   9.7250589805e-01
8.0856615836e+00   9.6926738013e-01
8.0857615836e+00   9.6893712946e-01
8.0867615836e+00   9.6557108441e-01
8.0868615836e+00   9.6522815251e-01
8.0878615836e+00   9.6173603387e-01
8.0879615836e+00   9.6138056984e-01
8.0889615836e+00   9.5776390570e-01
8.0890615836e+00   9.5739606601e-01
8.0900615836e+00   9.5365645692e-01
8.0901615836e+00   9.5327640517e-01
8.0911615836e+00   9.4941552208e-01
8.0912615836e+00   9.4902342883e-01
8.0922615836e+00   9.4504301087e-01
8.0923615836e+00   9.4463905335e-01
8.0933615836e+00   9.4054090553e-01
8.0934615836e+00   9.4012526747e-01
8.0944615836e+00   9.3591125836e-01
8.0945615836e+00   9.3548412969e-01
8.0955615836e+00   9.3115618895e-01
8.0956615836e+00   9.3071776562e-01
8.0966615836e+00   9.2627788150e-01
8.0967615836e+00   9.2582836518e-01
8.0977615836e+00   9.2127858199e-01
8.0978615836e+00   9.2081817982e-01
8.0988615836e+00   9.1616059533e-01
8.0989615836e+00   9.1568951967e-01
8.0999615836e+00   9.1092628241e-01
8.1000615836e+00   9.1044475056e-01
8.1010615836e+00   9.0557805717e-01
8.1011615836e+00   9.0508629110e-01
8.1021615836e+00   9.0011838359e-01
8.1022615836e+00   8.9961660969e-01
8.1032615836e+00   8.9454977266e-01
8.1033615836e+00   8.9403822142e-01
8.1043615836e+00   8.8887477934e-01
8.1044615836e+00   8.8835368511e-01
8.1054615836e+00   8.8309599946e-01
8.1055615836e+00   8.8256560013e-01
8.1065615836e+00   8.7721606666e-01
8.1066615836e+00   8.7667660343e-01
8.1076615836e+00   8.7123764930e-01
8.1077615836e+00   8.7068936636e-01
8.1087615836e+00   8.6516344738e-01
8.1088615836e+00   8.6460659165e-01
8.1098615836e+00   8.5899618944e-01
8.1099615836e+00   8.5843101028e-01
8.1109615836e+00   8.5273862954e-01
8.1110615836e+00   8.5216537847e-01
8.1120615836e+00   8.4639354417e-01
8.1121615836e+00   8.4581247461e-01
8.1131615836e+00   8.3996372928e-01
8.1132615836e+00   8.3937509627e-01
8.1142615836e+00   8.3345199724e-01
8.1143615836e+00   8.3285605717e-01
8.1153615836e+00   8.2686117394e-01
8.1154615836e+00   8.2625818427e-01
8.1164615836e+00   8.2019409586e-01
8.1165615836e+00   8.1958431487e-01
8.1175615836e+00   8.1345360718e-01
8.1176615836e+00   8.1283729373e-01
8.1186615836e+00   8.0664255702e-01
8.1187615836e+00   8.0601997026e-01
8.1197615836e+00   7.9976379662e-01
8.1198615836e+00   7.9913519577e-01
8.1208615836e+00   7.9282017668e-01
8.1209615836e+00   7.9218582077e-01
8.1219615836e+00   7.8581454470e-01
8.1220615836e+00   7.8517469235e-01
8.1230615836e+00   7.7874974240e-01
8.1231615836e+00   7.7810465158e-01
8.1241615836e+00   7.7162860323e-01
8.1242615836e+00   7.7097853103e-01
8.1252615836e+00   7.6445394991e-01
8.1253615836e+00   7.6379915232e-01
8.1263615836e+00   7.5722859208e-01
8.1264615836e+00   7.5656932380e-01
8.1274615836e+00   7.4995532400e-01
8.1275615836e+00   7.4929183820e-01
8.1285615836e+00   7.4263692233e-01
8.1286615836e+00   7.4196947051e-01
8.1296615836e+00   7.3527614404e-01
8.1297615836e+00   7.3460497577e-01
8.1307615836e+00   7.2787572430e-01
8.1308615836e+00   7.2720108708e-01
8.1318615836e+00   7.2043837455e-01
8.1319615836e+00   7.1976051364e-01
8.1329615836e+00   7.1296678059e-01
8.1330615836e+00   7.1228593882e-01
8.1340615836e+00   7.0546360080e-01
8.1341615836e+00   7.0478001841e-01
8.1351615836e+00   6.9793146438e-01
8.1352615836e+00   6.9724537890e-01
8.1362615836e+00   6.9037296978e-01
8.1363615836e+00   6.8968461583e-01
8.1373615836e+00   6.8279068307e-01
8.1374615836e+00   6.8210029229e-01
8.1384615836e+00   6.7518713654e-01
8.1385615836e+00   6.7449493741e-01
8.1395615836e+00   6.6756482728e-01
8.1396615836e+00   6.6687104503e-01
8.1406615836e+00   6.5992621591e-01
8.1407615836e+00   6.5923107237e-01
8.1417615836e+00   6.5227372533e-01
8.1418615836e+00   6.5157743885e-01
8.1428615836e+00   6.4460973962e-01
8.1429615836e+00   6.4391252498e-01
8.1439615836e+00   6.3693660297e-01
8.1440615836e+00   6.3623867125e-01
8.1450615836e+00   6.2925661870e-01
8.1451615836e+00   6.2855817725e-01
8.1461615836e+00   6.2157204840e-01
8.1462615836e+00   6.2087330072e-01
8.1472615836e+00   6.1388511108e-01
8.1473615836e+00   6.1318625676e-01
8.1483615836e+00   6.0619798244e-01
8.1484615836e+00   6.0549921710e-01
8.1494615836e+00   5.9851279423e-01
8.1495615836e+00   5.9781430947e-01
8.1505615836e+00   5.9083163362e-01
8.1506615836e+00   5.9013361694e-01
8.1516615836e+00   5.8315654268e-01
8.1616615836e+00   5.1398408245e-01
8.1617615836e+00   5.1330033790e-01
8.1627615836e+00   5.0647409536e-01
8.1727615836e+00   4.3954903214e-01
8.1728615836e+00   4.3889389070e-01
8.1738615836e+00   4.3235964746e-01
8.1838615836e+00   3.6888331413e-01
8.1839615836e+00   3.6826690677e-01
8.1849615836e+00   3.6212398974e-01
8.1949615836e+00   3.0289995408e-01
8.1950615836e+00   3.0232866017e-01
8.1960615836e+00   2.9663915861e-01
8.2060615836e+00   2.4212851648e-01
8.2061615836e+00   2.4160557916e-01
8.2071615836e+00   2.3640054414e-01
8.2171615836e+00   1.8678661288e-01
8.2172615836e+00   1.8631279559e-01
8.2182615836e+00   1.8159880098e-01
8.2282615836e+00   1.3685121425e-01
8.2283615836e+00   1.3642541905e-01
8.2293615836e+00   1.3219071265e-01
8.2393615836e+00   9.2123157102e-02
8.2394615836e+00   9.1742963560e-02
8.2404615836e+00   8.7962810652e-02
8.2504615836e+00   5.2281809809e-02
8.2661018573e+00   3.6610752186e-03
8.2662018573e+00   3.3762309743e-03
8.2672018573e+00   5.4495303768e-04
8.2772018573e+00   -2.6120026046e-02
8.2928421310e+00   -6.2415581467e-02
8.2929421310e+00   -6.2628654167e-02
8.2939421310e+00   -6.4747106131e-02
8.3039421310e+00   -8.4768378560e-02
8.3195824047e+00   -1.1238370514e-01
8.3352226784e+00   -1.3644636667e-01
8.3353226784e+00   -1.3659096755e-01
8.3363226784e+00   -1.3803127551e-01
8.3463226784e+00   -1.5191218079e-01
8.3619629521e+00   -1.7211490399e-01
8.3776032258e+00   -1.9116222210e-01
8.3932434995e+00   -2.0973840035e-01
8.3933434995e+00   -2.0985697789e-01
8.3943434995e+00   -2.1104307514e-01
8.4043434995e+00   -2.2296476248e-01
8.4199837732e+00   -2.4206703226e-01
8.4356240469e+00   -2.6212997867e-01
8.4357240469e+00   -2.6226224345e-01
8.4367240469e+00   -2.6358798678e-01
8.4467240469e+00   -2.7717411255e-01
8.4623643206e+00   -2.9977733762e-01
8.4624643206e+00   -2.9992771850e-01
8.4634643206e+00   -3.0143585116e-01
8.4734643206e+00   -3.1696321479e-01
8.4891045943e+00   -3.4298034226e-01
8.4892045943e+00   -3.4315383342e-01
8.4902045943e+00   -3.4489386824e-01
8.5002045943e+00   -3.6281323104e-01
8.5158448680e+00   -3.9277066583e-01
8.5159448680e+00   -3.9296985220e-01
8.5169448680e+00   -3.9496704920e-01
8.5269448680e+00   -4.1546867562e-01
8.5425851417e+00   -4.4940248957e-01
8.5426851417e+00   -4.4962642874e-01
8.5436851417e+00   -4.5187047009e-01
8.5536851417e+00   -4.7475645008e-01
8.5537851417e+00   -4.7498920441e-01
8.5547851417e+00   -4.7732075270e-01
8.5647851417e+00   -5.0100895244e-01
8.5648851417e+00   -5.0124898050e-01
8.5658851417e+00   -5.0365236130e-01
8.5758851417e+00   -5.2795896038e-01
8.5915254154e+00   -5.6658978172e-01
8.5916254154e+00   -5.6683753789e-01
8.5926254154e+00   -5.6931478169e-01
8.6026254154e+00   -5.9399254206e-01
8.6182656891e+00   -6.3163745663e-01
8.6183656891e+00   -6.3187190710e-01
8.6193656891e+00   -6.3421082322e-01
8.6293656891e+00   -6.5695470599e-01
8.6450059629e+00   -6.8938425474e-01
8.6606462366e+00   -7.1642897074e-01
8.6607462366e+00   -7.1658075644e-01
8.6617462366e+00   -7.1808246448e-01
8.6717462366e+00   -7.3139766682e-01
8.6873865103e+00   -7.4532137936e-01
8.6874865103e+00   -7.4538096916e-01
8.6884865103e+00   -7.4595539192e-01
8.6984865103e+00   -7.4950484984e-01
8.6985865103e+00   -7.4951981280e-01
8.6995865103e+00   -7.4964673379e-01
8.7095865103e+00   -7.4862251128e-01
8.7096865103e+00   -7.4859106567e-01
8.7106865103e+00   -7.4825343220e-01
8.7206865103e+00   -7.4256404284e-01
8.7207865103e+00   -7.4248601862e-01
8.7217865103e+00   -7.4168295648e-01
8.7317865103e+00   -7.3140275054e-01
8.7318865103e+00   -7.3127965322e-01
8.7328865103e+00   -7.3002704036e-01
8.7428865103e+00   -7.1539531025e-01
8.7429865103e+00   -7.1523025084e-01
8.7439865103e+00   -7.1355995052e-01
8.7539865103e+00   -6.9496687727e-01
8.7540865103e+00   -6.9476437572e-01
8.7550865103e+00   -6.9272221427e-01
8.7650865103e+00   -6.7068340923e-01
8.7651865103e+00   -6.7044909686e-01
8.7661865103e+00   -6.6809184629e-01
8.7761865103e+00   -6.4321475229e-01
8.7762865103e+00   -6.4295501062e-01
8.7772865103e+00   -6.4034675717e-01
8.7872865103e+00   -6.1329301011e-01
8.7873865103e+00   -6.1301458875e-01
8.7883865103e+00   -6.1022291228e-01
8.7983865103e+00   -5.8167082334e-01
8.7984865103e+00   -5.8138047661e-01
8.7994865103e+00   -5.7847283496e-01
8.8094865103e+00   -5.4908353480e-01
8.8095865103e+00   -5.4878770814e-01
8.8105865103e+00   -5.4582833190e-01
8.8205865103e+00   -5.1621806548e-01
8.8206865103e+00   -5.1592265105e-01
8.8216865103e+00   -5.1297013733e-01
8.8316865103e+00   -4.8368999835e-01
8.8473267840e+00   -4.3943311314e-01
8.8474267840e+00   -4.3915835044e-01
8.8484267840e+00   -4.3641731633e-01
8.8584267840e+00   -4.0971497822e-01
8.8740670577e+00   -3.7089081503e-01
8.8741670577e+00   -3.7065522844e-01
8.8751670577e+00   -3.6830859772e-01
8.8851670577e+00   -3.4578577106e-01
8.9008073314e+00   -3.1412392625e-01
8.9164476051e+00   -2.8691840197e-01
8.9165476051e+00   -2.8675879812e-01
8.9175476051e+00   -2.8517272126e-01
8.9275476051e+00   -2.7030137317e-01
8.9431878788e+00   -2.5057182001e-01
8.9588281525e+00   -2.3496139475e-01
8.9744684262e+00   -2.2322143238e-01
8.9901086999e+00   -2.1509244013e-01
8.9902086999e+00   -2.1505153888e-01
8.9912086999e+00   -2.1465007069e-01
9.0012086999e+00   -2.1137758829e-01
9.0168489736e+00   -2.0886503890e-01
9.0324892473e+00   -2.0936557489e-01
9.0481295210e+00   -2.1273038808e-01
9.0637697947e+00   -2.1885702249e-01
9.0638697947e+00   -2.1890493571e-01
9.0648697947e+00   -2.1939014189e-01
9.0748697947e+00   -2.2484832044e-01
9.0905100684e+00   -2.3559212564e-01
9.1061503421e+00   -2.4904751885e-01
9.1062503421e+00   -2.4914237263e-01
9.1072503421e+00   -2.5009712745e-01
9.1172503421e+00   -2.6027040199e-01
9.1328906158e+00   -2.7850268481e-01
9.1329906158e+00   -2.7862853298e-01
9.1339906158e+00   -2.7989357700e-01
9.1439906158e+00   -2.9320573588e-01
9.1596308895e+00   -3.1648636748e-01
9.1597308895e+00   -3.1664504808e-01
9.1607308895e+00   -3.1823879740e-01
9.1707308895e+00   -3.3487486558e-01
9.1863711632e+00   -3.6346946552e-01
9.1864711632e+00   -3.6366246807e-01
9.1874711632e+00   -3.6559961280e-01
9.1974711632e+00   -3.8568158131e-01
9.1975711632e+00   -3.8588890340e-01
9.1985711632e+00   -3.8796917184e-01
9.2085711632e+00   -4.0947104734e-01
9.2086711632e+00   -4.0969242328e-01
9.2096711632e+00   -4.1191302372e-01
9.2196711632e+00   -4.3479206903e-01
9.2197711632e+00   -4.3502692279e-01
9.2207711632e+00   -4.3738191880e-01
9.2307711632e+00   -4.6155967304e-01
9.2308711632e+00   -4.6180703068e-01
9.2318711632e+00   -4.6428646103e-01
9.2418711632e+00   -4.8963952622e-01
9.2419711632e+00   -4.8989792045e-01
9.2429711632e+00   -4.9248684168e-01
9.2529711632e+00   -5.1883709078e-01
9.2530711632e+00   -5.1910446187e-01
9.2540711632e+00   -5.2178195745e-01
9.2640711632e+00   -5.4888673655e-01
9.2641711632e+00   -5.4916033673e-01
9.2651711632e+00   -5.5189856473e-01
9.2751711632e+00   -5.7944176922e-01
9.2752711632e+00   -5.7971808076e-01
9.2762711632e+00   -5.8248146517e-01
9.2862711632e+00   -6.1006671550e-01
9.3019114369e+00   -6.5230067982e-01
9.3020114369e+00   -6.5256409445e-01
9.3030114369e+00   -6.5519211579e-01
9.3130114369e+00   -6.8075363074e-01
9.3286517107e+00   -7.1713761497e-01
9.3287517107e+00   -7.1735230704e-01
9.3297517107e+00   -7.1948491601e-01
9.3397517106e+00   -7.3926204605e-01
9.3553919844e+00   -7.6354428175e-01
9.3554919844e+00   -7.6366981151e-01
9.3564919844e+00   -7.6490280625e-01
9.3664919844e+00   -7.7491195494e-01
9.3665919844e+00   -7.7498995697e-01
9.3675919844e+00   -7.7574513390e-01
9.3775919844e+00   -7.8074653831e-01
9.3776919844e+00   -7.8077259601e-01
9.3786919844e+00   -7.8100657668e-01
9.3886919844e+00   -7.8065152709e-01
9.3887919844e+00   -7.8062298791e-01
9.3897919844e+00   -7.8031020805e-01
9.3997919844e+00   -7.7444322294e-01
9.3998919844e+00   -7.7435948243e-01
9.4008919844e+00   -7.7349495816e-01
9.4108919844e+00   -7.6217335620e-01
9.4109919844e+00   -7.6203597415e-01
9.4119919844e+00   -7.6063637215e-01
9.4219919844e+00   -7.4413161212e-01
9.4220919844e+00   -7.4394423903e-01
9.4230919844e+00   -7.4204704671e-01
9.4330919844e+00   -7.2082726418e-01
9.4331919844e+00   -7.2059538605e-01
9.4341919844e+00   -7.1825627738e-01
9.4441919844e+00   -6.9295240729e-01
9.4442919844e+00   -6.9268294509e-01
9.4452919844e+00   -6.8997171632e-01
9.4552919844e+00   -6.6133199802e-01
9.4553919844e+00   -6.6103281760e-01
9.4563919844e+00   -6.5802845890e-01
9.4663919844e+00   -6.2686743454e-01
9.4664919844e+00   -6.2654683033e-01
9.4674919844e+00   -6.2333236620e-01
9.4774919844e+00   -5.9048052371e-01
9.4775919844e+00   -5.9014673446e-01
9.4785919844e+00   -5.8680440942e-01
9.4885919844e+00   -5.5306357432e-01
9.4886919844e+00   -5.5272437465e-01
9.4896919844e+00   -5.4933161523e-01
9.4996919844e+00   -5.1543949284e-01
9.4997919844e+00   -5.1510188625e-01
9.5007919844e+00   -5.1172828422e-01
9.5107919844e+00   -4.7833368957e-01
9.5108919844e+00   -4.7800371010e-01
9.5118919844e+00   -4.7470909240e-01
9.5218919844e+00   -4.4235777733e-01
9.5375322581e+00   -3.9450972518e-01
9.5376322581e+00   -3.9421645139e-01
9.5386322581e+00   -3.9129325101e-01
9.5486322581e+00   -3.6305160252e-01
9.5642725318e+00   -3.2273730504e-01
9.5643725318e+00   -3.2249535365e-01
9.5653725318e+00   -3.2008708381e-01
9.5753725318e+00   -2.9713552139e-01
9.5910128055e+00   -2.6537480193e-01
9.6066530792e+00   -2.3856962751e-01
9.6067530792e+00   -2.3841374692e-01
9.6077530792e+00   -2.3686556464e-01
9.6177530792e+00   -2.2243011537e-01
9.6333933529e+00   -2.0351611924e-01
9.6490336266e+00   -1.8876515600e-01
9.6646739003e+00   -1.7782177254e-01
9.6803141740e+00   -1.7034753722e-01
9.6804141740e+00   -1.7031023526e-01
9.6814141740e+00   -1.6994430985e-01
9.6914141740e+00   -1.6698002470e-01
9.7070544477e+00   -1.6476127600e-01
9.7226947214e+00   -1.6530447793e-01
9.7383349951e+00   -1.6844787000e-01
9.7539752688e+00   -1.7408657276e-01
9.7540752688e+00   -1.7413051870e-01
9.7550752688e+00   -1.7457546706e-01
9.7650752688e+00   -1.7957325790e-01
9.7807155425e+00   -1.8939405826e-01
9.7963558162e+00   -2.0169938113e-01
9.7964558162e+00   -2.0178621644e-01
9.7974558162e+00   -2.0266035092e-01
9.8074558162e+00   -2.1198611070e-01
9.8230960899e+00   -2.2876500656e-01
9.8231960899e+00   -2.2888115944e-01
9.8241960899e+00   -2.3004902058e-01
9.8341960899e+00   -2.4237024769e-01
9.8498363636e+00   -2.6407031267e-01
9.8499363636e+00   -2.6421893465e-01
9.8509363636e+00   -2.6571221694e-01
9.8609363636e+00   -2.8136198555e-01
9.8765766373e+00   -3.0854474868e-01
9.8766766373e+00   -3.0872950918e-01
9.8776766373e+00   -3.1058491984e-01
9.8876766373e+00   -3.2992837334e-01
9.8877766373e+00   -3.3012913175e-01
9.8887766373e+00   -3.3214476953e-01
9.8987766373e+00   -3.5311300888e-01
9.8988766373e+00   -3.5333019824e-01
9.8998766373e+00   -3.5551031600e-01
9.9098766373e+00   -3.7813690529e-01
9.9099766373e+00   -3.7837076727e-01
9.9109766373e+00   -3.8071766599e-01
9.9209766373e+00   -4.0501256969e-01
9.9210766373e+00   -4.0526307002e-01
9.9220766373e+00   -4.0777624486e-01
9.9320766373e+00   -4.3371645903e-01
9.9321766373e+00   -4.3398318604e-01
9.9331766373e+00   -4.3665830367e-01
9.9431766373e+00   -4.6417678546e-01
9.9432766373e+00   -4.6445883182e-01
9.9442766373e+00   -4.6728653914e-01
9.9542766373e+00   -4.9625953344e-01
9.9543766373e+00   -4.9655536291e-01
9.9553766373e+00   -4.9951994874e-01
9.9653766373e+00   -5.2975307299e-01
9.9654766373e+00   -5.3006037747e-01
9.9664766373e+00   -5.3313834036e-01
9.9764766373e+00   -5.6435216731e-01
9.9765766373e+00   -5.6466772370e-01
9.9775766373e+00   -5.6782634322e-01
9.9875766373e+00   -5.9964272016e-01
9.9876766373e+00   -5.9996226181e-01
9.9886766373e+00   -6.0315832607e-01
9.9986766373e+00   -6.3508926301e-01
9.9987766373e+00   -6.3540738717e-01
9.9997766373e+00   -6.3858629128e-01
1.0009776637e+01   -6.7002786414e-01
1.0009876637e+01   -6.7033800222e-01
1.0010876637e+01   -6.7343349058e-01
1.0020876637e+01   -7.0366769584e-01
1.0036516911e+01   -7.4710188584e-01
1.0036616911e+01   -7.4735958818e-01
1.0037616911e+01   -7.4992033603e-01
1.0047616911e+01   -7.7374616291e-01
1.0063257185e+01   -8.0318936265e-01
1.0063357185e+01   -8.0334207906e-01
1.0064357185e+01   -8.0484234883e-01
1.0074357185e+01   -8.1703283408e-01
1.0074457185e+01   -8.1712785660e-01
1.0075457185e+01   -8.1804773319e-01
1.0085457185e+01   -8.2412131343e-01
1.0085557185e+01   -8.2415261561e-01
1.0086557185e+01   -8.2443288830e-01
1.0096557185e+01   -8.2391239732e-01
1.0096657185e+01   -8.2387634374e-01
1.0097657185e+01   -8.2348197494e-01
1.0107657185e+01   -8.1615478596e-01
1.0107757185e+01   -8.1605056105e-01
1.0108757185e+01   -8.1497486033e-01
1.0118757185e+01   -8.0092207456e-01
1.0118857185e+01   -8.0075185041e-01
1.0119857185e+01   -7.9901800964e-01
1.0129857185e+01   -7.7861517677e-01
1.0129957185e+01   -7.7838398475e-01
1.0130957185e+01   -7.7604364813e-01
1.0140957185e+01   -7.4993235145e-01
1.0141057185e+01   -7.4964767534e-01
1.0142057185e+01   -7.4677674628e-01
1.0152057185e+01   -7.1581154786e-01
1.0152157185e+01   -7.1548270423e-01
1.0153157185e+01   -7.1217506793e-01
1.0163157185e+01   -6.7735428671e-01
1.0163257185e+01   -6.7699168946e-01
1.0164257185e+01   -6.7335182862e-01
1.0174257185e+01   -6.3574244619e-01
1.0174357185e+01   -6.3535685925e-01
1.0175357185e+01   -6.3149240072e-01
1.0185357185e+01   -5.9215886582e-01
1.0185457185e+01   -5.9176073334e-01
1.0186457185e+01   -5.8777580706e-01
1.0196457185e+01   -5.4772017979e-01
1.0196557185e+01   -5.4731909430e-01
1.0197557185e+01   -5.4330909306e-01
1.0207557185e+01   -5.0342677194e-01
1.0207657185e+01   -5.0303110789e-01
1.0208657185e+01   -4.9907910661e-01
1.0218657185e+01   -4.6013124377e-01
1.0218757185e+01   -4.5974795510e-01
1.0219757185e+01   -4.5592276302e-01
1.0229757185e+01   -4.1852403317e-01
1.0229857185e+01   -4.1815859315e-01
1.0230857185e+01   -4.1451421490e-01
1.0240857185e+01   -3.7913311843e-01
1.0256497458e+01   -3.2808856544e-01
1.0256597458e+01   -3.2778023979e-01
1.0257597458e+01   -3.2470996759e-01
1.0267597458e+01   -2.9532095485e-01
1.0283237732e+01   -2.5420652943e-01
1.0283337732e+01   -2.5396268290e-01
1.0284337732e+01   -2.5153741369e-01
1.0294337732e+01   -2.2859222697e-01
1.0309978006e+01   -1.9732989937e-01
1.0325618280e+01   -1.7135921300e-01
1.0325718280e+01   -1.7120919329e-01
1.0326718280e+01   -1.6971980255e-01
1.0336718280e+01   -1.5587951860e-01
1.0352358553e+01   -1.3783612762e-01
1.0367998827e+01   -1.2374512551e-01
1.0383639101e+01   -1.1313038587e-01
1.0399279374e+01   -1.0556364154e-01
1.0399379374e+01   -1.0552423924e-01
1.0400379374e+01   -1.0513620682e-01
1.0410379374e+01   -1.0183760041e-01
1.0426019648e+01   -9.8660369488e-02
1.0441659922e+01   -9.7676757400e-02
1.0457300195e+01   -9.8689360519e-02
1.0472940469e+01   -1.0156151042e-01
1.0488580743e+01   -1.0621410190e-01
1.0488680743e+01   -1.0624949632e-01
1.0489680743e+01   -1.0660737856e-01
1.0499680743e+01   -1.1058062609e-01
1.0515321017e+01   -1.1824825984e-01
1.0530961290e+01   -1.2774730872e-01
1.0546601564e+01   -1.3918752834e-01
1.0546701564e+01   -1.3926723123e-01
1.0547701564e+01   -1.4006897774e-01
1.0557701564e+01   -1.4856819276e-01
1.0573341838e+01   -1.6371380111e-01
1.0588982111e+01   -1.8132755463e-01
1.0589082111e+01   -1.8144868252e-01
1.0590082111e+01   -1.8266613774e-01
1.0600082111e+01   -1.9547439613e-01
1.0615722385e+01   -2.1796486985e-01
1.0615822385e+01   -2.1811890129e-01
1.0616822385e+01   -2.1966664322e-01
1.0626822385e+01   -2.3590567477e-01
1.0642462659e+01   -2.6424886844e-01
1.0642562659e+01   -2.6444229242e-01
1.0643562659e+01   -2.6638535561e-01
1.0653562659e+01   -2.8671759104e-01
1.0653662659e+01   -2.8692936681e-01
1.0654662659e+01   -2.8905651908e-01
1.0664662659e+01   -3.1128560311e-01
1.0664762659e+01   -3.1151684797e-01
1.0665762659e+01   -3.1383921878e-01
1.0675762659e+01   -3.3807088786e-01
1.0675862659e+01   -3.3832259624e-01
1.0676862659e+01   -3.4085004748e-01
1.0686862659e+01   -3.6717307996e-01
1.0686962659e+01   -3.6744603369e-01
1.0687962659e+01   -3.7018624999e-01
1.0697962659e+01   -3.9866208052e-01
1.0698062659e+01   -3.9895673246e-01
1.0699062659e+01   -4.0191404328e-01
1.0709062659e+01   -4.3256348688e-01
1.0709162659e+01   -4.3287981386e-01
1.0710162659e+01   -4.3605370697e-01
1.0720162659e+01   -4.6884045044e-01
1.0720262659e+01   -4.6917777288e-01
1.0721262659e+01   -4.7256107364e-01
1.0731262659e+01   -5.0737181309e-01
1.0731362659e+01   -5.0772858156e-01
1.0732362659e+01   -5.1130530312e-01
1.0742362659e+01   -5.4792681974e-01
1.0742462659e+01   -5.4830037403e-01
1.0743462659e+01   -5.5204329699e-01
1.0753462659e+01   -5.9013743359e-01
1.0753562659e+01   -5.9052374778e-01
1.0754562659e+01   -5.9439186969e-01
1.0764562659e+01   -6.3347034553e-01
1.0764662659e+01   -6.3386378388e-01
1.0765662659e+01   -6.3779989229e-01
1.0775662659e+01   -6.7720216369e-01
1.0775762659e+01   -6.7759528582e-01
1.0776762659e+01   -6.8152404733e-01
1.0786762659e+01   -7.2040286005e-01
1.0786862659e+01   -7.2078632834e-01
1.0787862659e+01   -7.2461342954e-01
1.0797862659e+01   -7.6193401083e-01
1.0797962659e+01   -7.6229666398e-01
1.0798962659e+01   -7.6590964702e-01
1.0808962659e+01   -8.0046912240e-01
1.0824602933e+01   -8.4684119559e-01
1.0824702933e+01   -8.4710000520e-01
1.0825702933e+01   -8.4965836089e-01
1.0835702933e+01   -8.7205060116e-01
1.0835802933e+01   -8.7224328220e-01
1.0836802933e+01   -8.7413403367e-01
1.0846802933e+01   -8.8924987523e-01
1.0846902933e+01   -8.8936461745e-01
1.0847902933e+01   -8.9047076867e-01
1.0857902933e+01   -8.9727122091e-01
1.0858002933e+01   -8.9729901843e-01
1.0859002933e+01   -8.9753220714e-01
1.0869002933e+01   -8.9532010661e-01
1.0869102933e+01   -8.9525584053e-01
1.0870102933e+01   -8.9456703100e-01
1.0870202933e+01   -8.9449353466e-01
1.0871202933e+01   -8.9371241581e-01
1.0871302933e+01   -8.9362968873e-01
1.0872302933e+01   -8.9275627947e-01
1.0872402933e+01   -8.9266432591e-01
1.0873402933e+01   -8.9169869262e-01
1.0873502933e+01   -8.9159752160e-01
1.0874502933e+01   -8.9053977820e-01
1.0874602933e+01   -8.9042940348e-01
1.0875602933e+01   -8.8927971142e-01
1.0875702933e+01   -8.8916015152e-01
1.0876702933e+01   -8.8791871972e-01
1.0876802933e+01   -8.8778999791e-01
1.0877802933e+01   -8.8645708265e-01
1.0877902933e+01   -8.8631922692e-01
1.0878902933e+01   -8.8489513168e-01
1.0879002933e+01   -8.8474817473e-01
1.0880002933e+01   -8.8323324997e-01
1.0880102933e+01   -8.8307722919e-01
1.0881102933e+01   -8.8147187205e-01
1.0881202933e+01   -8.8130682947e-01
1.0882202933e+01   -8.7961148343e-01
1.0882302933e+01   -8.7943746570e-01
1.0883302933e+01   -8.7765262020e-01
1.0883402933e+01   -8.7746967856e-01
1.0884402933e+01   -8.7559586855e-01
1.0884502933e+01   -8.7540405874e-01
1.0885502933e+01   -8.7344186418e-01
1.0885602933e+01   -8.7324124643e-01
1.0886602933e+01   -8.7119129172e-01
1.0886702933e+01   -8.7098193067e-01
1.0887702933e+01   -8.6884488405e-01
1.0887802933e+01   -8.6862684871e-01
1.0888802933e+01   -8.6640342161e-01
1.0888902933e+01   -8.6617678524e-01
1.0889902933e+01   -8.6386773160e-01
1.0890002933e+01   -8.6363257170e-01
1.0891002933e+01   -8.6123868715e-01
1.0891102933e+01   -8.6099508535e-01
1.0892102933e+01   -8.5851720648e-01
1.0892202933e+01   -8.5826524845e-01
1.0893202933e+01   -8.5570425194e-01
1.0893302933e+01   -8.5544402732e-01
1.0894302933e+01   -8.5280082904e-01
1.0894402933e+01   -8.5253243135e-01
1.0895402933e+01   -8.4980798547e-01
1.0895502933e+01   -8.4953151201e-01
1.0896502933e+01   -8.4672680999e-01
1.0896602933e+01   -8.4644236173e-01
1.0897602933e+01   -8.4355843136e-01
1.0897702933e+01   -8.4326611287e-01
1.0898702933e+01   -8.4030401719e-01
1.0898802933e+01   -8.4000393650e-01
1.0899802933e+01   -8.3696477279e-01
1.0899902933e+01   -8.3665704129e-01
1.0900902933e+01   -8.3354193989e-01
1.0901002933e+01   -8.3322667225e-01
1.0902002933e+01   -8.3003679549e-01
1.0902102933e+01   -8.2971410949e-01
1.0903102933e+01   -8.2645065052e-01
1.0903202933e+01   -8.2612066697e-01
1.0904202933e+01   -8.2278484856e-01
1.0904302933e+01   -8.2244769118e-01
1.0905302933e+01   -8.1904076452e-01
1.0905402933e+01   -8.1869655981e-01
1.0906402933e+01   -8.1521980330e-01
1.0906502933e+01   -8.1486868042e-01
1.0907502933e+01   -8.1132339840e-01
1.0907602933e+01   -8.1096548904e-01
1.0908602933e+01   -8.0735301057e-01
1.0908702933e+01   -8.0698844882e-01
1.0909702933e+01   -8.0331012637e-01
1.0909802933e+01   -8.0293904861e-01
1.0910802933e+01   -7.9919625680e-01
1.0910902933e+01   -7.9881880156e-01
1.0911902933e+01   -7.9501293584e-01
1.0912002933e+01   -7.9462924367e-01
1.0913002933e+01   -7.9076171907e-01
1.0913102933e+01   -7.9037193238e-01
1.0914102933e+01   -7.8644418216e-01
1.0914202933e+01   -7.8604844517e-01
1.0915202933e+01   -7.8206191952e-01
1.0915302933e+01   -7.8166037803e-01
1.0916302933e+01   -7.7761654278e-01
1.0916402933e+01   -7.7720934413e-01
1.0917402933e+01   -7.7310967942e-01
1.0917502933e+01   -7.7269697229e-01
1.0918502933e+01   -7.6854297130e-01
1.0918602933e+01   -7.6812490560e-01
1.0919602933e+01   -7.6391807321e-01
1.0919702933e+01   -7.6349479999e-01
1.0920702933e+01   -7.5923665153e-01
1.0920802933e+01   -7.5880832278e-01
1.0921802933e+01   -7.5450038272e-01
1.0921902933e+01   -7.5406715132e-01
1.0922902933e+01   -7.4971095201e-01
1.0923002933e+01   -7.4927297154e-01
1.0924002933e+01   -7.4487005195e-01
1.0924102933e+01   -7.4442747659e-01
1.0925102933e+01   -7.3997938109e-01
1.0925202933e+01   -7.3953236551e-01
1.0926202933e+01   -7.3504064259e-01
1.0926302933e+01   -7.3458934180e-01
1.0927302933e+01   -7.3005554291e-01
1.0927402933e+01   -7.2960011217e-01
1.0928402933e+01   -7.2502579051e-01
1.0928502933e+01   -7.2456638518e-01
1.0929502933e+01   -7.1995309453e-01
1.0939502933e+01   -6.7215648010e-01
1.0939602933e+01   -6.7166560540e-01
1.0940602933e+01   -6.6674534389e-01
1.0950602933e+01   -6.1663687281e-01
1.0950702933e+01   -6.1612967030e-01
1.0951702933e+01   -6.1105330582e-01
1.0961702933e+01   -5.6007359754e-01
1.0961802933e+01   -5.5956373894e-01
1.0962802933e+01   -5.5446708405e-01
1.0972802933e+01   -5.0387585224e-01
1.0972902933e+01   -5.0337496998e-01
1.0973902933e+01   -4.9837324534e-01
1.0983902933e+01   -4.4920920165e-01
1.0984002933e+01   -4.4872662185e-01
1.0985002933e+01   -4.4391192315e-01
1.0995002933e+01   -3.9698014392e-01
1.0995102933e+01   -3.9652286639e-01
1.0996102933e+01   -3.9196406872e-01
1.1006102933e+01   -3.4784424818e-01
1.1006202933e+01   -3.4741710251e-01
1.1007202933e+01   -3.4316148975e-01
1.1017202933e+01   -3.0222996347e-01
1.1017302933e+01   -3.0183587221e-01
1.1018302933e+01   -2.9791180513e-01
1.1028302933e+01   -2.6037102540e-01
1.1043943206e+01   -2.0788234625e-01
1.1044043206e+01   -2.0757094340e-01
1.1045043206e+01   -2.0447357716e-01
1.1055043206e+01   -1.7514237218e-01
1.1070683480e+01   -1.3499865160e-01
1.1070783480e+01   -1.3476335261e-01
1.1071783480e+01   -1.3242473118e-01
1.1081783480e+01   -1.1043535852e-01
1.1097423754e+01   -8.0773127582e-02
1.1113064027e+01   -5.6179726738e-02
1.1113164027e+01   -5.6037080572e-02
1.1114164027e+01   -5.4620194603e-02
1.1124164027e+01   -4.1368453364e-02
1.1139804301e+01   -2.3643635758e-02
1.1155444575e+01   -8.9731678200e-03
1.1171084848e+01   3.2665081492e-03
1.1186725122e+01   1.3623973381e-02
1.1202365396e+01   2.2576222521e-02
1.1202465396e+01   2.2629859057e-02
1.1203465396e+01   2.3164024480e-02
1.1213465396e+01   2.8305440785e-02
1.1229105670e+01   3.5779478997e-02
1.1244745943e+01   4.2841950533e-02
1.1260386217e+01   4.9776864548e-02
1.1276026491e+01   5.6838924340e-02
1.1291666764e+01   6.4262736019e-02
1.1307307038e+01   7.2271443902e-02
1.1322947312e+01   8.1084783538e-02
1.1323047312e+01   8.1144199727e-02
1.1324047312e+01   8.1740685045e-02
1.1334047312e+01   8.7950120448e-02
1.1349687586e+01   9.8663490177e-02
1.1365327859e+01   1.1081747756e-01
1.1380968133e+01   1.2468113778e-01
1.1381068133e+01   1.2477590142e-01
1.1382068133e+01   1.2572806120e-01
1.1392068133e+01   1.3571895934e-01
1.1407708407e+01   1.5321123352e-01
1.1407808407e+01   1.5333101621e-01
1.1408808407e+01   1.5453468586e-01
1.1418808407e+01   1.6717594457e-01
1.1434448680e+01   1.8933636403e-01
1.1434548680e+01   1.8948816034e-01
1.1435548680e+01   1.9101353223e-01
1.1445548680e+01   2.0703176587e-01
1.1461188954e+01   2.3508471195e-01
1.1461288954e+01   2.3527667728e-01
1.1462288954e+01   2.3720551999e-01
1.1472288954e+01   2.5743852494e-01
1.1472388954e+01   2.5764976355e-01
1.1473388954e+01   2.5977210844e-01
1.1483388954e+01   2.8201688171e-01
1.1483488954e+01   2.8224893881e-01
1.1484488954e+01   2.8458022502e-01
1.1494488954e+01   3.0898881885e-01
1.1494588954e+01   3.0924318307e-01
1.1495588954e+01   3.1179824962e-01
1.1505588954e+01   3.3851287328e-01
1.1505688954e+01   3.3879089542e-01
1.1506688954e+01   3.4158315536e-01
1.1516688954e+01   3.7072645838e-01
1.1516788954e+01   3.7102923982e-01
1.1517788954e+01   3.7406954764e-01
1.1527788954e+01   4.0573149552e-01
1.1527888954e+01   4.0605973944e-01
1.1528888954e+01   4.0935488276e-01
1.1538888954e+01   4.4357554355e-01
1.1538988954e+01   4.4392936232e-01
1.1539988954e+01   4.4748011264e-01
1.1549988954e+01   4.8422777709e-01
1.1550088954e+01   4.8460645107e-01
1.1551088954e+01   4.8840512720e-01
1.1561088954e+01   5.2754948916e-01
1.1561188954e+01   5.2795117641e-01
1.1562188954e+01   5.3197871819e-01
1.1572188954e+01   5.7325945295e-01
1.1572288954e+01   5.7368085715e-01
1.1573288954e+01   5.7790348807e-01
1.1583288954e+01   6.2089560451e-01
1.1583388954e+01   6.2133162110e-01
1.1584388954e+01   6.2569730718e-01
1.1594388954e+01   6.6977620549e-01
1.1594488954e+01   6.7021958402e-01
1.1595488954e+01   6.7465467919e-01
1.1605488954e+01   7.1896590873e-01
1.1605588954e+01   7.1940699184e-01
1.1606588954e+01   7.2381368620e-01
1.1616588954e+01   7.6725473880e-01
1.1616688954e+01   7.6768136165e-01
1.1617688954e+01   7.7193678061e-01
1.1627688954e+01   8.1316029798e-01
1.1627788954e+01   8.1355794821e-01
1.1628788954e+01   8.1751590859e-01
1.1638788954e+01   8.5496443525e-01
1.1638888954e+01   8.5531677165e-01
1.1639888954e+01   8.5881316712e-01
1.1649888954e+01   8.9079375478e-01
1.1649988954e+01   8.9108354886e-01
1.1650988954e+01   8.9394598078e-01
1.1660988954e+01   9.1874741477e-01
1.1661088954e+01   9.1895790575e-01
1.1662088954e+01   9.2101941651e-01
1.1672088954e+01   9.3706542204e-01
1.1672188954e+01   9.3718196707e-01
1.1673188954e+01   9.3829763585e-01
1.1683188954e+01   9.4431777130e-01
1.1683288954e+01   9.4432955587e-01
1.1684288954e+01   9.4439355292e-01
1.1684388954e+01   9.4439455827e-01
1.1685388954e+01   9.4435051138e-01
1.1685488954e+01   9.4434068822e-01
1.1686488954e+01   9.4418813387e-01
1.1686588954e+01   9.4416743880e-01
1.1687588954e+01   9.4390597251e-01
1.1687688954e+01   9.4387436806e-01
1.1688688954e+01   9.4350364516e-01
1.1688788954e+01   9.4346109987e-01
1.1689788954e+01   9.4298083606e-01
1.1689888954e+01   9.4292732453e-01
1.1690888954e+01   9.4233729647e-01
1.1690988954e+01   9.4227279944e-01
1.1691988954e+01   9.4157284521e-01
1.1692088954e+01   9.4149734958e-01
1.1693088954e+01   9.4068736908e-01
1.1693188954e+01   9.4060086793e-01
1.1694188954e+01   9.3968082319e-01
1.1694288954e+01   9.3958331584e-01
1.1695288954e+01   9.3855323127e-01
1.1695388954e+01   9.3844472328e-01
1.1696388954e+01   9.3730468576e-01
1.1696488954e+01   9.3718518896e-01
1.1697488954e+01   9.3593534796e-01
1.1697588954e+01   9.3580488042e-01
1.1698588954e+01   9.3444544797e-01
1.1698688954e+01   9.3430403401e-01
1.1699688954e+01   9.3283528456e-01
1.1699788954e+01   9.3268295476e-01
1.1700788954e+01   9.3110522505e-01
1.1700888954e+01   9.3094201616e-01
1.1701888954e+01   9.2925570490e-01
1.1701988954e+01   9.2908165990e-01
1.1702988954e+01   9.2728722742e-01
1.1703088954e+01   9.2710239540e-01
1.1704088954e+01   9.2520036325e-01
1.1704188954e+01   9.2500479942e-01
1.1705188954e+01   9.2299574982e-01
1.1705288954e+01   9.2278951541e-01
1.1706288954e+01   9.2067409065e-01
1.1706388954e+01   9.2045725287e-01
1.1707388954e+01   9.1823615467e-01
1.1707488954e+01   9.1800878663e-01
1.1708488954e+01   9.1568277534e-01
1.1708588954e+01   9.1544495600e-01
1.1709588954e+01   9.1301484980e-01
1.1709688954e+01   9.1276666381e-01
1.1710688954e+01   9.1023333781e-01
1.1710788954e+01   9.0997487552e-01
1.1711788954e+01   9.0733926075e-01
1.1711888954e+01   9.0707061801e-01
1.1712888954e+01   9.0433370043e-01
1.1712988954e+01   9.0405497856e-01
1.1713988954e+01   9.0121779791e-01
1.1714088954e+01   9.0092910352e-01
1.1715088954e+01   8.9799275216e-01
1.1715188954e+01   8.9769419708e-01
1.1716188954e+01   8.9465981875e-01
1.1716288954e+01   8.9435151987e-01
1.1717288954e+01   8.9122030839e-01
1.1717388954e+01   8.9090238757e-01
1.1718388954e+01   8.8767558549e-01
1.1718488954e+01   8.8734816935e-01
1.1719488954e+01   8.8402706656e-01
1.1719588954e+01   8.8369028642e-01
1.1720588954e+01   8.8027621866e-01
1.1720688954e+01   8.7993021034e-01
1.1721688954e+01   8.7642455773e-01
1.1721788954e+01   8.7606946140e-01
1.1722788954e+01   8.7247364687e-01
1.1722888954e+01   8.7210960692e-01
1.1723888954e+01   8.6842509464e-01
1.1723988954e+01   8.6805225949e-01
1.1724988954e+01   8.6428055325e-01
1.1725088954e+01   8.6389907520e-01
1.1726088954e+01   8.6004171673e-01
1.1726188954e+01   8.5965175179e-01
1.1727188954e+01   8.5571031909e-01
1.1727288954e+01   8.5531202681e-01
1.1728288954e+01   8.5128813241e-01
1.1728388954e+01   8.5088167573e-01
1.1729388954e+01   8.4677696499e-01
1.1729488954e+01   8.4636251001e-01
1.1730488954e+01   8.4217865933e-01
1.1730588954e+01   8.4175637519e-01
1.1731588954e+01   8.3749509024e-01
1.1731688954e+01   8.3706514891e-01
1.1732688954e+01   8.3272816287e-01
1.1732788954e+01   8.3229073897e-01
1.1733788954e+01   8.2787981068e-01
1.1733888954e+01   8.2743508133e-01
1.1734888954e+01   8.2295199353e-01
1.1734988954e+01   8.2250013813e-01
1.1735988954e+01   8.1794669563e-01
1.1736088954e+01   8.1748789571e-01
1.1737088954e+01   8.1286592357e-01
1.1737188954e+01   8.1240036259e-01
1.1738188954e+01   8.0771170437e-01
1.1738288954e+01   8.0723956753e-01
1.1739288954e+01   8.0248608342e-01
1.1739388954e+01   8.0200755752e-01
1.1740388954e+01   7.9719112259e-01
1.1740488954e+01   7.9670639583e-01
1.1741488954e+01   7.9182889823e-01
1.1741588954e+01   7.9133816002e-01
1.1742588954e+01   7.8640149926e-01
1.1742688954e+01   7.8590494004e-01
1.1743688954e+01   7.8091102520e-01
1.1743788954e+01   7.8040883631e-01
1.1744788954e+01   7.7535958432e-01
1.1744888954e+01   7.7485195778e-01
1.1745888954e+01   7.6974929173e-01
1.1745988954e+01   7.6923642011e-01
1.1746988954e+01   7.6408226756e-01
1.1747088954e+01   7.6356434377e-01
1.1748088954e+01   7.5836063512e-01
1.1748188954e+01   7.5783785230e-01
1.1749188954e+01   7.5258651913e-01
1.1749288954e+01   7.5205907043e-01
1.1750288954e+01   7.4676204394e-01
1.1750388954e+01   7.4623012242e-01
1.1751388954e+01   7.4088933187e-01
1.1751488954e+01   7.4035313029e-01
1.1752488954e+01   7.3497050145e-01
1.1752588954e+01   7.3443021218e-01
1.1753588954e+01   7.2900766587e-01
1.1753688954e+01   7.2846348069e-01
1.1754688954e+01   7.2300293132e-01
1.1754788954e+01   7.2245504130e-01
1.1755788954e+01   7.1695839546e-01
1.1755888954e+01   7.1640699082e-01
1.1756888954e+01   7.1087614592e-01
1.1756988954e+01   7.1032141589e-01
1.1757988954e+01   7.0475825881e-01
1.1758088954e+01   7.0420039152e-01
1.1759088954e+01   6.9860679734e-01
1.1759188954e+01   6.9804597965e-01
1.1760188954e+01   6.9242381042e-01
1.1760288954e+01   6.9186022785e-01
1.1761288954e+01   6.8621133135e-01
1.1761388954e+01   6.8564516793e-01
1.1762388954e+01   6.7997137655e-01
1.1762488954e+01   6.7940281471e-01
1.1763488954e+01   6.7370594436e-01
1.1763588954e+01   6.7313516483e-01
1.1764588954e+01   6.6741701382e-01
1.1764688954e+01   6.6684419551e-01
1.1765688954e+01   6.6110654359e-01
1.1775688954e+01   6.0307099954e-01
1.1775788954e+01   6.0248714523e-01
1.1776788954e+01   5.9664745741e-01
1.1786788954e+01   5.3838104414e-01
1.1786888954e+01   5.3780171480e-01
1.1787888954e+01   5.3201424648e-01
1.1797888954e+01   4.7491740767e-01
1.1797988954e+01   4.7435525704e-01
1.1798988954e+01   4.6874504168e-01
1.1808988954e+01   4.1391708513e-01
1.1809088954e+01   4.1338172511e-01
1.1810088954e+01   4.0804339560e-01
1.1820088954e+01   3.5628563314e-01
1.1820188954e+01   3.5578378538e-01
1.1821188954e+01   3.5078320250e-01
1.1831188954e+01   3.0262473787e-01
1.1831288954e+01   3.0216056342e-01
1.1832288954e+01   2.9753817471e-01
1.1842288954e+01   2.5327429381e-01
1.1842388954e+01   2.5284980907e-01
1.1843388954e+01   2.4862483092e-01
1.1853388954e+01   2.0836011047e-01
1.1853488954e+01   2.0797562183e-01
1.1854488954e+01   2.0415038235e-01
1.1864488954e+01   1.6784110629e-01
1.1880129228e+01   1.1787189556e-01
1.1880229228e+01   1.1757793049e-01
1.1881229228e+01   1.1465546638e-01
1.1891229228e+01   8.7102090001e-02
1.1906869501e+01   4.9662871796e-02
1.1906969501e+01   4.9443970326e-02
1.1907969501e+01   4.7268466486e-02
1.1917969501e+01   2.6811344715e-02
1.1933609775e+01   -9.1322512597e-04
1.1949250049e+01   -2.4271372997e-02
1.1949350049e+01   -2.4408644877e-02
1.1950350049e+01   -2.5773629821e-02
1.1960350049e+01   -3.8694865077e-02
1.1975990323e+01   -5.6621976390e-02
1.1991630596e+01   -7.2419857247e-02
1.2007270870e+01   -8.6754827324e-02
1.2022911144e+01   -1.0021463362e-01
1.2023011144e+01   -1.0029902758e-01
1.2024011144e+01   -1.0114220684e-01
1.2034011144e+01   -1.0952339365e-01
1.2049651417e+01   -1.2266001292e-01
1.2065291691e+01   -1.3620769144e-01
1.2080931965e+01   -1.5056356351e-01
1.2081031965e+01   -1.5065876425e-01
1.2082031965e+01   -1.5161345154e-01
1.2092031965e+01   -1.6144753699e-01
1.2107672239e+01   -1.7804153951e-01
1.2123312512e+01   -1.9642580407e-01
1.2123412512e+01   -1.9654986154e-01
1.2124412512e+01   -1.9779526802e-01
1.2134412512e+01   -2.1075107204e-01
1.2150052786e+01   -2.3300571450e-01
1.2150152786e+01   -2.3315643547e-01
1.2151152786e+01   -2.3466981461e-01
1.2161152786e+01   -2.5043882321e-01
1.2176793060e+01   -2.7757523119e-01
1.2176893060e+01   -2.7775902643e-01
1.2177893060e+01   -2.7960442871e-01
1.2187893060e+01   -2.9881976392e-01
1.2187993060e+01   -2.9901905370e-01
1.2188993060e+01   -3.0101987838e-01
1.2198993060e+01   -3.2183525532e-01
1.2199093060e+01   -3.2205094700e-01
1.2200093060e+01   -3.2421620440e-01
1.2210093060e+01   -3.4671444297e-01
1.2210193060e+01   -3.4694728829e-01
1.2211193060e+01   -3.4928440142e-01
1.2221193060e+01   -3.7352901368e-01
1.2221293060e+01   -3.7377953695e-01
1.2222293060e+01   -3.7629361371e-01
1.2232293060e+01   -4.0232055934e-01
1.2232393060e+01   -4.0258896573e-01
1.2233393060e+01   -4.0528187174e-01
1.2243393060e+01   -4.3308921626e-01
1.2243493060e+01   -4.3337527837e-01
1.2244493060e+01   -4.3624449130e-01
1.2254493060e+01   -4.6577983722e-01
1.2254593060e+01   -4.6608275923e-01
1.2255593060e+01   -4.6911999958e-01
1.2265593060e+01   -5.0026574980e-01
1.2265693060e+01   -5.0058401106e-01
1.2266693060e+01   -5.0377366884e-01
1.2276693060e+01   -5.3633049671e-01
1.2276793060e+01   -5.3666168035e-01
1.2277793060e+01   -5.3997909630e-01
1.2287793060e+01   -5.7364846805e-01
1.2287893060e+01   -5.7398908576e-01
1.2288893060e+01   -5.7739880138e-01
1.2298893060e+01   -6.1176603907e-01
1.2298993060e+01   -6.1211137030e-01
1.2299993060e+01   -6.1556553343e-01
1.2309993060e+01   -6.5008569374e-01
1.2310093060e+01   -6.5042966599e-01
1.2311093060e+01   -6.5386686205e-01
1.2321093060e+01   -6.8785654491e-01
1.2321193060e+01   -6.8819168968e-01
1.2322193060e+01   -6.9153654969e-01
1.2332193060e+01   -7.2417544844e-01
1.2347833333e+01   -7.7086056937e-01
1.2347933333e+01   -7.7113630742e-01
1.2348933333e+01   -7.7387513781e-01
1.2358933333e+01   -7.9923088907e-01
1.2374573607e+01   -8.2995618706e-01
1.2374673607e+01   -8.3011205806e-01
1.2375673607e+01   -8.3164007923e-01
1.2385673607e+01   -8.4371443362e-01
1.2385773607e+01   -8.4380456732e-01
1.2386773607e+01   -8.4467139435e-01
1.2396773607e+01   -8.4979233776e-01
1.2396873607e+01   -8.4981020404e-01
1.2397873607e+01   -8.4995184957e-01
1.2407873607e+01   -8.4762199644e-01
1.2407973607e+01   -8.4756402216e-01
1.2408973607e+01   -8.4694636856e-01
1.2418973607e+01   -8.3699227071e-01
1.2419073607e+01   -8.3685830640e-01
1.2420073607e+01   -8.3548161801e-01
1.2430073607e+01   -8.1808211415e-01
1.2430173607e+01   -8.1787555402e-01
1.2431173607e+01   -8.1577549156e-01
1.2441173607e+01   -7.9145313902e-01
1.2441273607e+01   -7.9118066473e-01
1.2442273607e+01   -7.8842554212e-01
1.2452273607e+01   -7.5800210007e-01
1.2452373607e+01   -7.5767309046e-01
1.2453373607e+01   -7.5435782974e-01
1.2463373607e+01   -7.1888146787e-01
1.2463473607e+01   -7.1850717671e-01
1.2464473607e+01   -7.1474500422e-01
1.2474473607e+01   -6.7540145796e-01
1.2474573607e+01   -6.7499409317e-01
1.2475573607e+01   -6.7090731952e-01
1.2485573607e+01   -6.2892853609e-01
1.2485673607e+01   -6.2850037225e-01
1.2486673607e+01   -6.2421156374e-01
1.2496673607e+01   -5.8079361097e-01
1.2496773607e+01   -5.8035623756e-01
1.2497773607e+01   -5.7598078561e-01
1.2507773607e+01   -5.3221899523e-01
1.2507873607e+01   -5.3178276026e-01
1.2508873607e+01   -5.2742342202e-01
1.2518873607e+01   -4.8426832129e-01
1.2518973607e+01   -4.8384198674e-01
1.2519973607e+01   -4.7958554190e-01
1.2529973607e+01   -4.3781927478e-01
1.2530073607e+01   -4.3740986665e-01
1.2531073607e+01   -4.3332570606e-01
1.2541073607e+01   -3.9355600979e-01
1.2541173607e+01   -3.9316882563e-01
1.2542173607e+01   -3.8930909256e-01
1.2552173607e+01   -3.5197659442e-01
1.2552273607e+01   -3.5161532345e-01
1.2553273607e+01   -3.4801615916e-01
1.2563273607e+01   -3.1341054992e-01
1.2578913881e+01   -2.6451499398e-01
1.2579013881e+01   -2.6422321392e-01
1.2580013881e+01   -2.6131999014e-01
1.2590013881e+01   -2.3373827845e-01
1.2605654154e+01   -1.9577119144e-01
1.2605754154e+01   -1.9554812015e-01
1.2606754154e+01   -1.9333081379e-01
1.2616754154e+01   -1.7247202709e-01
1.2632394428e+01   -1.4438848976e-01
1.2648034702e+01   -1.2133050898e-01
1.2648134702e+01   -1.2119794914e-01
1.2649134702e+01   -1.1988225311e-01
1.2659134702e+01   -1.0768357300e-01
1.2674774976e+01   -9.1825001461e-02
1.2690415249e+01   -7.9405742731e-02
1.2706055523e+01   -6.9920318730e-02
1.2721695797e+01   -6.2927545814e-02
1.2737336070e+01   -5.8053489210e-02
1.2737436070e+01   -5.8028445525e-02
1.2738436070e+01   -5.7782052678e-02
1.2748436070e+01   -5.5708518457e-02
1.2764076344e+01   -5.3778119446e-02
1.2779716618e+01   -5.3274278684e-02
1.2795356891e+01   -5.4047025455e-02
1.2810997165e+01   -5.5995371699e-02
1.2826637439e+01   -5.9062834349e-02
1.2842277713e+01   -6.3233750344e-02
1.2857917986e+01   -6.8530525443e-02
1.2858017986e+01   -6.8568121224e-02
1.2859017986e+01   -6.8946740245e-02
1.2869017986e+01   -7.3003492912e-02
1.2884658260e+01   -8.0380649084e-02
1.2900298534e+01   -8.9125181377e-02
1.2915938807e+01   -9.9393056848e-02
1.2931579081e+01   -1.1137826006e-01
1.2931679081e+01   -1.1146089730e-01
1.2932679081e+01   -1.1229166419e-01
1.2942679081e+01   -1.2105279856e-01
1.2958319355e+01   -1.3653998766e-01
1.2973959629e+01   -1.5447953505e-01
1.2974059629e+01   -1.5460286521e-01
1.2975059629e+01   -1.5584249241e-01
1.2985059629e+01   -1.6889195998e-01
1.3000699902e+01   -1.9187282237e-01
1.3000799902e+01   -1.9203060215e-01
1.3001799902e+01   -1.9361633722e-01
1.3011799902e+01   -2.1029204771e-01
1.3011899902e+01   -2.1046654827e-01
1.3012899902e+01   -2.1222024088e-01
1.3022899902e+01   -2.3065177185e-01
1.3022999902e+01   -2.3084454148e-01
1.3023999902e+01   -2.3278170952e-01
1.3033999902e+01   -2.5312727902e-01
1.3034099902e+01   -2.5333992300e-01
1.3035099902e+01   -2.5547663849e-01
1.3045099902e+01   -2.7789817439e-01
1.3045199902e+01   -2.7813231578e-01
1.3046199902e+01   -2.8048480476e-01
1.3056199902e+01   -3.0514304476e-01
1.3056299902e+01   -3.0540026635e-01
1.3057299902e+01   -3.0798431730e-01
1.3067299902e+01   -3.3503170600e-01
1.3067399902e+01   -3.3531346741e-01
1.3068399902e+01   -3.3814358798e-01
1.3078399902e+01   -3.6771431796e-01
1.3078499902e+01   -3.6802184084e-01
1.3079499902e+01   -3.7111009276e-01
1.3089499902e+01   -4.0330654720e-01
1.3089599902e+01   -4.0364066103e-01
1.3090599902e+01   -4.0699509579e-01
1.3100599902e+01   -4.4186991873e-01
1.3100699902e+01   -4.4223085939e-01
1.3101699902e+01   -4.4585347937e-01
1.3111699902e+01   -4.8338658546e-01
1.3111799902e+01   -4.8377374085e-01
1.3112799902e+01   -4.8765792767e-01
1.3122799902e+01   -5.2772805967e-01
1.3122899902e+01   -5.2813966047e-01
1.3123899902e+01   -5.3226705677e-01
1.3133899902e+01   -5.7461812634e-01
1.3133999902e+01   -5.7505088857e-01
1.3134999902e+01   -5.7938780364e-01
1.3144999902e+01   -6.2359135035e-01
1.3145099902e+01   -6.2404008976e-01
1.3146099902e+01   -6.2853363768e-01
1.3156099902e+01   -6.7395042811e-01
1.3156199902e+01   -6.7440768606e-01
1.3157199902e+01   -6.7898206525e-01
1.3167199902e+01   -7.2472813972e-01
1.3167299902e+01   -7.2518388550e-01
1.3168299902e+01   -7.2973746204e-01
1.3178299902e+01   -7.7466259193e-01
1.3178399902e+01   -7.7510409321e-01
1.3179399902e+01   -7.7950821667e-01
1.3189399902e+01   -8.2219713799e-01
1.3189499902e+01   -8.2260911089e-01
1.3190499902e+01   -8.2670978439e-01
1.3200499902e+01   -8.6551760524e-01
1.3200599902e+01   -8.6588275542e-01
1.3201599902e+01   -8.6950626496e-01
1.3211599902e+01   -9.0263761247e-01
1.3211699902e+01   -9.0293764272e-01
1.3212699902e+01   -9.0590087122e-01
1.3222699902e+01   -9.3153628940e-01
1.3222799902e+01   -9.3175336731e-01
1.3223799902e+01   -9.3387867650e-01
1.3233799902e+01   -9.5034122767e-01
1.3233899902e+01   -9.5045978437e-01
1.3234899902e+01   -9.5159310754e-01
1.3234999902e+01   -9.5170119527e-01
1.3235999902e+01   -9.5272928088e-01
1.3236099902e+01   -9.5282679098e-01
1.3237099902e+01   -9.5374857792e-01
1.3237199902e+01   -9.5383540687e-01
1.3238199902e+01   -9.5464988618e-01
1.3238299902e+01   -9.5472593573e-01
1.3239299902e+01   -9.5543215202e-01
1.3239399902e+01   -9.5549732936e-01
1.3240399902e+01   -9.5609438222e-01
1.3240499902e+01   -9.5614860010e-01
1.3241499902e+01   -9.5663564544e-01
1.3241599902e+01   -9.5667882232e-01
1.3242599902e+01   -9.5705507366e-01
1.3242699902e+01   -9.5708713381e-01
1.3243699902e+01   -9.5735186347e-01
1.3243799902e+01   -9.5737273711e-01
1.3244799902e+01   -9.5752527736e-01
1.3244899902e+01   -9.5753490075e-01
1.3245899902e+01   -9.5757464490e-01
1.3245999902e+01   -9.5757296045e-01
1.3246999902e+01   -9.5749936382e-01
1.3247099902e+01   -9.5748632019e-01
1.3248099902e+01   -9.5729890101e-01
1.3248199902e+01   -9.5727445320e-01
1.3249199902e+01   -9.5697279349e-01
1.3249299902e+01   -9.5693690293e-01
1.3250299902e+01   -9.5652064920e-01
1.3250399902e+01   -9.5647328378e-01
1.3251399902e+01   -9.5594214775e-01
1.3251499902e+01   -9.5588328192e-01
1.3252499902e+01   -9.5523704106e-01
1.3252599902e+01   -9.5516665588e-01
1.3253599902e+01   -9.5440515393e-01
1.3253699902e+01   -9.5432323710e-01
1.3254699902e+01   -9.5344638447e-01
1.3254799902e+01   -9.5335293037e-01
1.3255799902e+01   -9.5236070444e-01
1.3255899902e+01   -9.5225571417e-01
1.3256899902e+01   -9.5114815953e-01
1.3256999902e+01   -9.5103164091e-01
1.3257999902e+01   -9.4980886949e-01
1.3258099902e+01   -9.4968083709e-01
1.3259099902e+01   -9.4834302817e-01
1.3259199902e+01   -9.4820350327e-01
1.3260199902e+01   -9.4675090347e-01
1.3260299902e+01   -9.4659991411e-01
1.3261299902e+01   -9.4503283720e-01
1.3261399902e+01   -9.4487041810e-01
1.3262399902e+01   -9.4318924480e-01
1.3262499902e+01   -9.4301543737e-01
1.3263499902e+01   -9.4122061497e-01
1.3263599902e+01   -9.4103546726e-01
1.3264599902e+01   -9.3912750926e-01
1.3264699902e+01   -9.3893107590e-01
1.3265699902e+01   -9.3691056142e-01
1.3265799902e+01   -9.3670290360e-01
1.3266799902e+01   -9.3457047683e-01
1.3266899902e+01   -9.3435166219e-01
1.3267899902e+01   -9.3210803170e-01
1.3267999902e+01   -9.3187813428e-01
1.3268999902e+01   -9.2952407219e-01
1.3269099902e+01   -9.2928317237e-01
1.3270099902e+01   -9.2681951354e-01
1.3270199902e+01   -9.2656769791e-01
1.3271199902e+01   -9.2399533897e-01
1.3271299902e+01   -9.2373270024e-01
1.3272299902e+01   -9.2105259858e-01
1.3272399902e+01   -9.2077923548e-01
1.3273399902e+01   -9.1799240813e-01
1.3273499902e+01   -9.1770842531e-01
1.3274499902e+01   -9.1481594775e-01
1.3274599902e+01   -9.1452145565e-01
1.3275599902e+01   -9.1152446058e-01
1.3275699902e+01   -9.1121957528e-01
1.3276699902e+01   -9.0811925130e-01
1.3276799902e+01   -9.0780409441e-01
1.3277799902e+01   -9.0460168462e-01
1.3277899902e+01   -9.0427638313e-01
1.3278899902e+01   -9.0097318367e-01
1.3278999902e+01   -9.0063786978e-01
1.3279999902e+01   -8.9723522834e-01
1.3280099902e+01   -8.9689003935e-01
1.3281099902e+01   -8.9338935358e-01
1.3281199902e+01   -8.9303443171e-01
1.3282199902e+01   -8.8943714760e-01
1.3282299902e+01   -8.8907263979e-01
1.3283299902e+01   -8.8538025002e-01
1.3283399902e+01   -8.8500630783e-01
1.3284399902e+01   -8.8122035001e-01
1.3284499902e+01   -8.8083712938e-01
1.3285499902e+01   -8.7695918434e-01
1.3285599902e+01   -8.7656684546e-01
1.3286599902e+01   -8.7259853540e-01
1.3286699902e+01   -8.7219724249e-01
1.3287699902e+01   -8.6814022920e-01
1.3287799902e+01   -8.6773015035e-01
1.3288799902e+01   -8.6358613329e-01
1.3288899902e+01   -8.6316744027e-01
1.3289899902e+01   -8.5893815471e-01
1.3289999902e+01   -8.5851102278e-01
1.3290999902e+01   -8.5419823789e-01
1.3291099902e+01   -8.5376284560e-01
1.3292099902e+01   -8.4936836250e-01
1.3292199902e+01   -8.4892489147e-01
1.3293199902e+01   -8.4445054130e-01
1.3293299902e+01   -8.4399917610e-01
1.3294299902e+01   -8.3944681803e-01
1.3294399902e+01   -8.3898774590e-01
1.3295399902e+01   -8.3435926519e-01
1.3295499902e+01   -8.3389267589e-01
1.3296499902e+01   -8.2918998190e-01
1.3296599902e+01   -8.2871606752e-01
1.3297599902e+01   -8.2394109175e-01
1.3297699902e+01   -8.2346004646e-01
1.3298699902e+01   -8.1861474057e-01
1.3298799902e+01   -8.1812676049e-01
1.3299799902e+01   -8.1321309432e-01
1.3299899902e+01   -8.1271837728e-01
1.3300899902e+01   -8.0773833695e-01
1.3300999902e+01   -8.0723708230e-01
1.3301999902e+01   -8.0219266820e-01
1.3302099902e+01   -8.0168507663e-01
1.3303099902e+01   -7.9657830156e-01
1.3303199902e+01   -7.9606457490e-01
1.3304199902e+01   -7.9089746209e-01
1.3304299902e+01   -7.9037780313e-01
1.3305299902e+01   -7.8515238443e-01
1.3305399902e+01   -7.8462699672e-01
1.3306399902e+01   -7.7934531071e-01
1.3306499902e+01   -7.7881439837e-01
1.3307499902e+01   -7.7347848850e-01
1.3307599902e+01   -7.7294225607e-01
1.3308599902e+01   -7.6755416891e-01
1.3308699902e+01   -7.6701282114e-01
1.3309699902e+01   -7.6157460458e-01
1.3309799902e+01   -7.6102834626e-01
1.3310799902e+01   -7.5554204777e-01
1.3310899902e+01   -7.5499108357e-01
1.3311899902e+01   -7.4945874852e-01
1.3311999902e+01   -7.4890328283e-01
1.3312999902e+01   -7.4332695282e-01
1.3313099902e+01   -7.4276718954e-01
1.3314099902e+01   -7.3714890080e-01
1.3314199902e+01   -7.3658504323e-01
1.3315199902e+01   -7.3092682501e-01
1.3315299902e+01   -7.3035907568e-01
1.3316299902e+01   -7.2466294873e-01
1.3316399902e+01   -7.2409150923e-01
1.3317399902e+01   -7.1835948433e-01
1.3317499902e+01   -7.1778455520e-01
1.3318499902e+01   -7.1201863169e-01
1.3318599902e+01   -7.1144041224e-01
1.3319599902e+01   -7.0564257664e-01
1.3319699902e+01   -7.0506126483e-01
1.3320699902e+01   -6.9923348949e-01
1.3320799902e+01   -6.9864928180e-01
1.3321799902e+01   -6.9279352359e-01
1.3321899902e+01   -6.9220661491e-01
1.3322899902e+01   -6.8632481400e-01
1.3322999902e+01   -6.8573539745e-01
1.3323999902e+01   -6.7982947608e-01
1.3324099902e+01   -6.7923774296e-01
1.3325099902e+01   -6.7330960431e-01
1.3325199902e+01   -6.7271574394e-01
1.3326199902e+01   -6.6676727102e-01
1.3326299902e+01   -6.6617147066e-01
1.3327299902e+01   -6.6020452530e-01
1.3327399902e+01   -6.5960697004e-01
1.3328399902e+01   -6.5362339184e-01
1.3328499902e+01   -6.5302426449e-01
1.3329499902e+01   -6.4702586991e-01
1.3339499902e+01   -5.8662147829e-01
1.3339599902e+01   -5.8601614485e-01
1.3340599902e+01   -5.7996407440e-01
1.3350599902e+01   -5.1981216145e-01
1.3350699902e+01   -5.1921613007e-01
1.3351699902e+01   -5.1326393477e-01
1.3361699902e+01   -4.5474214521e-01
1.3361799902e+01   -4.5416771426e-01
1.3362799902e+01   -4.4843675388e-01
1.3372799902e+01   -3.9259747313e-01
1.3372899902e+01   -3.9205370782e-01
1.3373899902e+01   -3.8663308082e-01
1.3383899902e+01   -3.3421702320e-01
1.3383999902e+01   -3.3371000396e-01
1.3384999902e+01   -3.2865913347e-01
1.3394999902e+01   -2.8012960932e-01
1.3395099902e+01   -2.7966283556e-01
1.3396099902e+01   -2.7501555795e-01
1.3406099902e+01   -2.3060298113e-01
1.3406199902e+01   -2.3017783785e-01
1.3407199902e+01   -2.2594707976e-01
1.3417199902e+01   -1.8569598347e-01
1.3417299902e+01   -1.8531220602e-01
1.3418299902e+01   -1.8149461985e-01
1.3428299902e+01   -1.4530818658e-01
1.3443940176e+01   -9.5638108840e-02
1.3444040176e+01   -9.5346267166e-02
1.3445040176e+01   -9.2445100330e-02
1.3455040176e+01   -6.5106137833e-02
1.3470680450e+01   -2.7970138895e-02
1.3470780450e+01   -2.7752927122e-02
1.3471780450e+01   -2.5594098220e-02
1.3481780450e+01   -5.2787957840e-03
1.3497420723e+01   2.2335314680e-02
1.3513060997e+01   4.5749055444e-02
1.3528701271e+01   6.5884598605e-02
1.3528801271e+01   6.6004632879e-02
1.3529801271e+01   6.7199537656e-02
1.3539801271e+01   7.8645574116e-02
1.3555441544e+01   9.5052499470e-02
1.3571081818e+01   1.1022469000e-01
1.3586722092e+01   1.2475999420e-01
1.3602362366e+01   1.3918835569e-01
1.3602462366e+01   1.3928130978e-01
1.3603462366e+01   1.4021171127e-01
1.3613462366e+01   1.4962530273e-01
1.3629102639e+01   1.6494627716e-01
1.3644742913e+01   1.8135305224e-01
1.3644842913e+01   1.8146228111e-01
1.3645842913e+01   1.8255789681e-01
1.3655842913e+01   1.9386640158e-01
1.3671483187e+01   2.1300681887e-01
1.3671583187e+01   2.1313553471e-01
1.3672583187e+01   2.1442740422e-01
1.3682583187e+01   2.2783570264e-01
1.3698223460e+01   2.5075081563e-01
1.3698323460e+01   2.5090555358e-01
1.3699323460e+01   2.5245894500e-01
1.3709323460e+01   2.6861111976e-01
1.3724963734e+01   2.9627158391e-01
1.3725063734e+01   2.9645837233e-01
1.3726063734e+01   2.9833342285e-01
1.3736063734e+01   3.1781426062e-01
1.3736163734e+01   3.1801589534e-01
1.3737163734e+01   3.2003980191e-01
1.3747163734e+01   3.4104593169e-01
1.3747263734e+01   3.4126313088e-01
1.3748263734e+01   3.4344299069e-01
1.3758263734e+01   3.6603591877e-01
1.3758363734e+01   3.6626920052e-01
1.3759363734e+01   3.6861007711e-01
1.3769363734e+01   3.9282739865e-01
1.3769463734e+01   3.9307700647e-01
1.3770463734e+01   3.9558117624e-01
1.3780463734e+01   4.2142815858e-01
1.3780563734e+01   4.2169396900e-01
1.3781563734e+01   4.2435998765e-01
1.3791563734e+01   4.5179931472e-01
1.3791663734e+01   4.5208072629e-01
1.3792663734e+01   4.5490230992e-01
1.3802663734e+01   4.8384201577e-01
1.3802763734e+01   4.8413782070e-01
1.3803763734e+01   4.8710255441e-01
1.3813763734e+01   5.1738240347e-01
1.3813863734e+01   5.1769064582e-01
1.3814863734e+01   5.2077856083e-01
1.3824863734e+01   5.5215547696e-01
1.3824963734e+01   5.5247330541e-01
1.3825963734e+01   5.5565540681e-01
1.3835963734e+01   5.8778902623e-01
1.3836063734e+01   5.8811255464e-01
1.3837063734e+01   5.9134943539e-01
1.3847063734e+01   6.2378944839e-01
1.3847163734e+01   6.2411364372e-01
1.3848163734e+01   6.2735438407e-01
1.3858163734e+01   6.5953198130e-01
1.3858263734e+01   6.5985060503e-01
1.3859263734e+01   6.6303222098e-01
1.3869263734e+01   6.9425855038e-01
1.3884904008e+01   7.3974280448e-01
1.3885004008e+01   7.4001560061e-01
1.3886004008e+01   7.4272866156e-01
1.3896004008e+01   7.6821227770e-01
1.3911644282e+01   8.0069462710e-01
1.3911744282e+01   8.0086828158e-01
1.3912744282e+01   8.0257883859e-01
1.3922744282e+01   8.1695095563e-01
1.3922844282e+01   8.1706840058e-01
1.3923844282e+01   8.1821302531e-01
1.3933844282e+01   8.2657153969e-01
1.3933944282e+01   8.2662589247e-01
1.3934944282e+01   8.2713672945e-01
1.3944944282e+01   8.2891093834e-01
1.3945044282e+01   8.2889757531e-01
1.3946044282e+01   8.2872966168e-01
1.3956044282e+01   8.2360498898e-01
1.3956144282e+01   8.2352206568e-01
1.3957144282e+01   8.2265842889e-01
1.3967144282e+01   8.1061559102e-01
1.3967244282e+01   8.1046431388e-01
1.3968244282e+01   8.0891854787e-01
1.3978244282e+01   7.9024452077e-01
1.3978344282e+01   7.9002911688e-01
1.3979344282e+01   7.8784492492e-01
1.3989344282e+01   7.6311319188e-01
1.3989444282e+01   7.6284057654e-01
1.3990444282e+01   7.6008830771e-01
1.4000444282e+01   7.3011139186e-01
1.4000544282e+01   7.2979058803e-01
1.4001544282e+01   7.2656133086e-01
1.4011544282e+01   6.9232335203e-01
1.4011644282e+01   6.9196475516e-01
1.4012644282e+01   6.8836293765e-01
1.4022644282e+01   6.5094263846e-01
1.4022744282e+01   6.5055723589e-01
1.4023744282e+01   6.4669282549e-01
1.4033744282e+01   6.0718770373e-01
1.4033844282e+01   6.0678634905e-01
1.4034844282e+01   6.0276764518e-01
1.4044844282e+01   5.6222786872e-01
1.4044944282e+01   5.6182068431e-01
1.4045944282e+01   5.5774842081e-01
1.4055944282e+01   5.1712600064e-01
1.4056044282e+01   5.1672194741e-01
1.4057044282e+01   5.1268507634e-01
1.4067044282e+01   4.7280036608e-01
1.4067144282e+01   4.7240698673e-01
1.4068144282e+01   4.6848019424e-01
1.4078144282e+01   4.3000495811e-01
1.4078244282e+01   4.2962827638e-01
1.4079244282e+01   4.2587104473e-01
1.4089244282e+01   3.8932548110e-01
1.4089344282e+01   3.8897002543e-01
1.4090344282e+01   3.8542692180e-01
1.4100344282e+01   3.5118716927e-01
1.4115984555e+01   3.0227772780e-01
1.4116084555e+01   3.0198401161e-01
1.4117084555e+01   2.9906033152e-01
1.4127084555e+01   2.7117675857e-01
1.4142724829e+01   2.3248169999e-01
1.4142824829e+01   2.3225331423e-01
1.4143824829e+01   2.2998254434e-01
1.4153824829e+01   2.0856575642e-01
1.4169465103e+01   1.7959115184e-01
1.4185105376e+01   1.5572483111e-01
1.4185205376e+01   1.5558757994e-01
1.4186205376e+01   1.5422537049e-01
1.4196205376e+01   1.4160538974e-01
1.4211845650e+01   1.2527698939e-01
1.4227485924e+01   1.1266312677e-01
1.4243126197e+01   1.0329626208e-01
1.4258766471e+01   9.6763989079e-02
1.4274406745e+01   9.2716306078e-02
1.4274506745e+01   9.2697771507e-02
1.4275506745e+01   9.2517344257e-02
1.4285506745e+01   9.1192136911e-02
1.4301147019e+01   9.0766676300e-02
1.4316787292e+01   9.2199466980e-02
1.4332427566e+01   9.5371980941e-02
1.4348067840e+01   1.0022118099e-01
1.4363708113e+01   1.0673626664e-01
1.4363808113e+01   1.0678333972e-01
1.4364808113e+01   1.0725789793e-01
1.4374808113e+01   1.1239005849e-01
1.4390448387e+01   1.2186906699e-01
1.4406088661e+01   1.3322800614e-01
1.4421728934e+01   1.4663121195e-01
1.4421828934e+01   1.4672391177e-01
1.4422828934e+01   1.4765598122e-01
1.4432828934e+01   1.5749655470e-01
1.4448469208e+01   1.7490291810e-01
1.4448569208e+01   1.7502260845e-01
1.4449569208e+01   1.7622561703e-01
1.4459569208e+01   1.8888277527e-01
1.4475209482e+01   2.1111735524e-01
1.4475309482e+01   2.1126969305e-01
1.4476309482e+01   2.1280046808e-01
1.4486309482e+01   2.2886750513e-01
1.4501949756e+01   2.5694036736e-01
1.4502049756e+01   2.5713208839e-01
1.4503049756e+01   2.5905815566e-01
1.4513049756e+01   2.7922497617e-01
1.4513149756e+01   2.7943515101e-01
1.4514149756e+01   2.8154636511e-01
1.4524149756e+01   3.0362464852e-01
1.4524249756e+01   3.0385447830e-01
1.4525249756e+01   3.0616281583e-01
1.4535249756e+01   3.3026769095e-01
1.4535349756e+01   3.3051827299e-01
1.4536349756e+01   3.3303463481e-01
1.4546349756e+01   3.5926634957e-01
1.4546449756e+01   3.5953859076e-01
1.4547449756e+01   3.6227192404e-01
1.4557449756e+01   3.9070576074e-01
1.4557549756e+01   3.9100026401e-01
1.4558549756e+01   3.9395641186e-01
1.4568549756e+01   4.2462964401e-01
1.4568649756e+01   4.2494656306e-01
1.4569649756e+01   4.2812679555e-01
1.4579649756e+01   4.6102226981e-01
1.4579749756e+01   4.6136112875e-01
1.4580749756e+01   4.6476032065e-01
1.4590749756e+01   4.9978643716e-01
1.4590849756e+01   5.0014591391e-01
1.4591849756e+01   5.0375036214e-01
1.4601849756e+01   5.4071760542e-01
1.4601949756e+01   5.4109528312e-01
1.4602949756e+01   5.4488020669e-01
1.4612949756e+01   5.8347502170e-01
1.4613049756e+01   5.8386711974e-01
1.4614049756e+01   5.8779396499e-01
1.4624049756e+01   6.2755174088e-01
1.4624149756e+01   6.2795284864e-01
1.4625149756e+01   6.3196663696e-01
1.4635149756e+01   6.7224686798e-01
1.4635249756e+01   6.7264971888e-01
1.4636249756e+01   6.7667681969e-01
1.4646249756e+01   7.1664506215e-01
1.4646349756e+01   7.1704040137e-01
1.4647349756e+01   7.2098727242e-01
1.4657349756e+01   7.5961002730e-01
1.4657449756e+01   7.5998664016e-01
1.4658449756e+01   7.6374021033e-01
1.4668449756e+01   7.9979980906e-01
1.4668549756e+01   8.0014478197e-01
1.4669549756e+01   8.0357519334e-01
1.4679549756e+01   8.3571140213e-01
1.4679649756e+01   8.3601067579e-01
1.4680649756e+01   8.3897697091e-01
1.4690649756e+01   8.6575955790e-01
1.4690749756e+01   8.6599879638e-01
1.4691749756e+01   8.6835776179e-01
1.4701749756e+01   8.8838922370e-01
1.4701849756e+01   8.8855496110e-01
1.4702849756e+01   8.9017270700e-01
1.4712849756e+01   9.0221309880e-01
1.4712949756e+01   9.0229404627e-01
1.4713949756e+01   9.0305911111e-01
1.4723949756e+01   9.0615706099e-01
1.4724049756e+01   9.0614538306e-01
1.4725049756e+01   9.0598142198e-01
1.4725149756e+01   9.0596030203e-01
1.4726149756e+01   9.0570177258e-01
1.4726249756e+01   9.0567118186e-01
1.4727249756e+01   9.0531782067e-01
1.4727349756e+01   9.0527773525e-01
1.4728349756e+01   9.0482932743e-01
1.4728449756e+01   9.0477972826e-01
1.4729449756e+01   9.0423610776e-01
1.4729549756e+01   9.0417698070e-01
1.4730549756e+01   9.0353803073e-01
1.4730649756e+01   9.0346936657e-01
1.4731649756e+01   9.0273501980e-01
1.4731749756e+01   9.0265681429e-01
1.4732749756e+01   9.0182705317e-01
1.4732849756e+01   9.0173930705e-01
1.4733849756e+01   9.0081416390e-01
1.4733949756e+01   9.0071688290e-01
1.4734949756e+01   8.9969644006e-01
1.4735049756e+01   8.9958963491e-01
1.4736049756e+01   8.9847402478e-01
1.4736149756e+01   8.9835771122e-01
1.4737149756e+01   8.9714711622e-01
1.4737249756e+01   8.9702131500e-01
1.4738249756e+01   8.9571596751e-01
1.4738349756e+01   8.9558070436e-01
1.4739349756e+01   8.9418088658e-01
1.4739449756e+01   8.9403619220e-01
1.4740449756e+01   8.9254223596e-01
1.4740549756e+01   8.9238814601e-01
1.4741549756e+01   8.9080043248e-01
1.4741649756e+01   8.9063698754e-01
1.4742649756e+01   8.8895594692e-01
1.4742749756e+01   8.8878319245e-01
1.4743749756e+01   8.8700930362e-01
1.4743849756e+01   8.8682728991e-01
1.4744849756e+01   8.8496107995e-01
1.4744949756e+01   8.8476986212e-01
1.4745949756e+01   8.8281190582e-01
1.4746049756e+01   8.8261154370e-01
1.4747049756e+01   8.8056246301e-01
1.4747149756e+01   8.8035302114e-01
1.4748149756e+01   8.7821348455e-01
1.4748249756e+01   8.7799503209e-01
1.4749249756e+01   8.7576575399e-01
1.4749349756e+01   8.7553836464e-01
1.4750349756e+01   8.7322010455e-01
1.4750449756e+01   8.7298385650e-01
1.4751449756e+01   8.7057741836e-01
1.4751549756e+01   8.7033239420e-01
1.4752549756e+01   8.6783862549e-01
1.4752649756e+01   8.6758491210e-01
1.4753649756e+01   8.6500470302e-01
1.4753749756e+01   8.6474239154e-01
1.4754749756e+01   8.6207667405e-01
1.4754849756e+01   8.6180585972e-01
1.4755849756e+01   8.5905560660e-01
1.4755949756e+01   8.5877638871e-01
1.4756949756e+01   8.5594261255e-01
1.4757049756e+01   8.5565509432e-01
1.4758049756e+01   8.5273884648e-01
1.4758149756e+01   8.5244313494e-01
1.4759149756e+01   8.4944550446e-01
1.4759249756e+01   8.4914171036e-01
1.4760249756e+01   8.4606382282e-01
1.4760349756e+01   8.4575206052e-01
1.4761349756e+01   8.4259507692e-01
1.4761449756e+01   8.4227546424e-01
1.4762449756e+01   8.3904057980e-01
1.4762549756e+01   8.3871323793e-01
1.4763549756e+01   8.3540168084e-01
1.4763649756e+01   8.3506673421e-01
1.4764649756e+01   8.3167976445e-01
1.4764749756e+01   8.3133734059e-01
1.4765749756e+01   8.2787624858e-01
1.4765849756e+01   8.2752647802e-01
1.4766849756e+01   8.2399258338e-01
1.4766949756e+01   8.2363559951e-01
1.4767949756e+01   8.2003024973e-01
1.4768049756e+01   8.1966618863e-01
1.4769049756e+01   8.1599075776e-01
1.4769149756e+01   8.1561975813e-01
1.4770149756e+01   8.1187564539e-01
1.4770249756e+01   8.1149784835e-01
1.4771249756e+01   8.0768647681e-01
1.4771349756e+01   8.0730202582e-01
1.4772349756e+01   8.0342484100e-01
1.4772449756e+01   8.0303388169e-01
1.4773449756e+01   7.9909235020e-01
1.4773549756e+01   7.9869503024e-01
1.4774549756e+01   7.9469063840e-01
1.4774649756e+01   7.9428710735e-01
1.4775649756e+01   7.9022135978e-01
1.4775749756e+01   7.8981176898e-01
1.4776749756e+01   7.8568618722e-01
1.4776849756e+01   7.8527068961e-01
1.4777849756e+01   7.8108681074e-01
1.4777949756e+01   7.8066556077e-01
1.4778949756e+01   7.7642493600e-01
1.4779049756e+01   7.7599808945e-01
1.4780049756e+01   7.7170228276e-01
1.4780149756e+01   7.7126999662e-01
1.4781149756e+01   7.6692058340e-01
1.4781249756e+01   7.6648301573e-01
1.4782249756e+01   7.6208158137e-01
1.4782349756e+01   7.6163889116e-01
1.4783349756e+01   7.5718702975e-01
1.4783449756e+01   7.5673937680e-01
1.4784449756e+01   7.5223868975e-01
1.4784549756e+01   7.5178623452e-01
1.4785549756e+01   7.4723832923e-01
1.4785649756e+01   7.4678123272e-01
1.4786649756e+01   7.4218772133e-01
1.4786749756e+01   7.4172614494e-01
1.4787749756e+01   7.3708864297e-01
1.4787849756e+01   7.3662274838e-01
1.4788849756e+01   7.3194287350e-01
1.4788949756e+01   7.3147282255e-01
1.4789949756e+01   7.2675219332e-01
1.4790049756e+01   7.2627814785e-01
1.4791049756e+01   7.2151838249e-01
1.4791149756e+01   7.2104050428e-01
1.4792149756e+01   7.1624321948e-01
1.4792249756e+01   7.1576167008e-01
1.4793249756e+01   7.1092847982e-01
1.4793349756e+01   7.1044342044e-01
1.4794349756e+01   7.0557593482e-01
1.4804349756e+01   6.5547901041e-01
1.4804449756e+01   6.5496739979e-01
1.4805449756e+01   6.4984228225e-01
1.4815449756e+01   5.9793587101e-01
1.4815549756e+01   5.9741297931e-01
1.4816549756e+01   5.9218219020e-01
1.4826549756e+01   5.3989989412e-01
1.4826649756e+01   5.3937917209e-01
1.4827649756e+01   5.3417616601e-01
1.4837649756e+01   4.8274097751e-01
1.4837749756e+01   4.8223358519e-01
1.4838749756e+01   4.7716876113e-01
1.4848749756e+01   4.2756300937e-01
1.4848849756e+01   4.2707764837e-01
1.4849849756e+01   4.2223680567e-01
1.4859849756e+01   3.7519882350e-01
1.4859949756e+01   3.7474180303e-01
1.4860949756e+01   3.7018689721e-01
1.4870949756e+01   3.2622681730e-01
1.4871049756e+01   3.2580227627e-01
1.4872049756e+01   3.2157369787e-01
1.4882049756e+01   2.8100091777e-01
1.4882149756e+01   2.8061113290e-01
1.4883149756e+01   2.7673081504e-01
1.4893149756e+01   2.3968692528e-01
1.4908790029e+01   1.8811938988e-01
1.4908890029e+01   1.8781419491e-01
1.4909890029e+01   1.8477903044e-01
1.4919890029e+01   1.5607634856e-01
1.4935530303e+01   1.1689528899e-01
1.4935630303e+01   1.1666592125e-01
1.4936630303e+01   1.1438640035e-01
1.4946630303e+01   9.2963742520e-02
1.4962270577e+01   6.4076601943e-02
1.4977910850e+01   4.0090766231e-02
1.4978010850e+01   3.9951410164e-02
1.4979010850e+01   3.8566994260e-02
1.4989010850e+01   2.5596064318e-02
1.5004651124e+01   8.1450019388e-03
1.5020291398e+01   -6.4604143190e-03
1.5035931672e+01   -1.8848433468e-02
1.5051571945e+01   -2.9571238155e-02
1.5067212219e+01   -3.9110251287e-02
1.5067312219e+01   -3.9168364632e-02
1.5068312219e+01   -3.9747810847e-02
1.5078312219e+01   -4.5393773024e-02
1.5093952493e+01   -5.3850389768e-02
1.5109592766e+01   -6.2143061872e-02
1.5125233040e+01   -7.0573193644e-02
1.5140873314e+01   -7.9417990545e-02
1.5156513587e+01   -8.8940112488e-02
1.5156613587e+01   -8.9003727178e-02
1.5157613587e+01   -8.9641989278e-02
1.5167613587e+01   -9.6249815273e-02
1.5183253861e+01   -1.0752672840e-01
1.5198894135e+01   -1.2018821437e-01
1.5214534409e+01   -1.3451599028e-01
1.5214634409e+01   -1.3461359855e-01
1.5215634409e+01   -1.3559412250e-01
1.5225634409e+01   -1.4586054121e-01
1.5241274682e+01   -1.6375371287e-01
1.5241374682e+01   -1.6387593445e-01
1.5242374682e+01   -1.6510390077e-01
1.5252374682e+01   -1.7797840158e-01
1.5268014956e+01   -2.0046222240e-01
1.5268114956e+01   -2.0061589549e-01
1.5269114956e+01   -2.0215988584e-01
1.5279114956e+01   -2.1834812435e-01
1.5294755230e+01   -2.4659505200e-01
1.5294855230e+01   -2.4678791842e-01
1.5295855230e+01   -2.4872550530e-01
1.5305855230e+01   -2.6901703567e-01
1.5305955230e+01   -2.6922857231e-01
1.5306955230e+01   -2.7135355980e-01
1.5316955230e+01   -2.9358823632e-01
1.5317055230e+01   -2.9381983070e-01
1.5318055230e+01   -2.9614606538e-01
1.5328055230e+01   -3.2045842871e-01
1.5328155230e+01   -3.2071137934e-01
1.5329155230e+01   -3.2325178251e-01
1.5339155230e+01   -3.4976315755e-01
1.5339255230e+01   -3.5003859046e-01
1.5340255230e+01   -3.5280430994e-01
1.5350255230e+01   -3.8161293655e-01
1.5350355230e+01   -3.8191169297e-01
1.5351355230e+01   -3.8491096440e-01
1.5361355230e+01   -4.1607894174e-01
1.5361455230e+01   -4.1640143140e-01
1.5362455230e+01   -4.1963809275e-01
1.5372455230e+01   -4.5317460566e-01
1.5372555230e+01   -4.5352062085e-01
1.5373555230e+01   -4.5699223241e-01
1.5383555230e+01   -4.9283268282e-01
1.5383655230e+01   -4.9320117058e-01
1.5384655230e+01   -4.9689671657e-01
1.5394655230e+01   -5.3487773364e-01
1.5394755230e+01   -5.3526652831e-01
1.5395755230e+01   -5.3916372431e-01
1.5405755230e+01   -5.7899466281e-01
1.5405855230e+01   -5.7940018891e-01
1.5406855230e+01   -5.8346250048e-01
1.5416855230e+01   -6.2469504546e-01
1.5416955230e+01   -6.2511201287e-01
1.5417955230e+01   -6.2928561253e-01
1.5427955230e+01   -6.7128453484e-01
1.5428055230e+01   -6.7170566454e-01
1.5429055230e+01   -6.7591671708e-01
1.5439055230e+01   -7.1783660539e-01
1.5439155230e+01   -7.1825244250e-01
1.5440155230e+01   -7.2240529764e-01
1.5450155230e+01   -7.6317996280e-01
1.5450255230e+01   -7.6357885174e-01
1.5451255230e+01   -7.6755589782e-01
1.5461255230e+01   -8.0590854891e-01
1.5461355230e+01   -8.0627685481e-01
1.5462355230e+01   -8.0994087648e-01
1.5472355230e+01   -8.4442324500e-01
1.5472455230e+01   -8.4474589723e-01
1.5473455230e+01   -8.4794568538e-01
1.5483455230e+01   -8.7701201678e-01
1.5483555230e+01   -8.7727341472e-01
1.5484555230e+01   -8.7985300314e-01
1.5494555230e+01   -9.0196951042e-01
1.5494655230e+01   -9.0215476382e-01
1.5495655230e+01   -9.0396597536e-01
1.5505655230e+01   -9.1774813449e-01
1.5505755230e+01   -9.1784451924e-01
1.5506755230e+01   -9.1876158114e-01
1.5516755230e+01   -9.2312219708e-01
1.5516855230e+01   -9.2312061542e-01
1.5517855230e+01   -9.2305469559e-01
1.5517955230e+01   -9.2304308602e-01
1.5518955230e+01   -9.2287669570e-01
1.5519055230e+01   -9.2285502089e-01
1.5520055230e+01   -9.2258781311e-01
1.5520155230e+01   -9.2255604101e-01
1.5521155230e+01   -9.2218772185e-01
1.5521255230e+01   -9.2214582574e-01
1.5522255230e+01   -9.2167615482e-01
1.5522355230e+01   -9.2162411336e-01
1.5523355230e+01   -9.2105290432e-01
1.5523455230e+01   -9.2099070158e-01
1.5524455230e+01   -9.2031782249e-01
1.5524555230e+01   -9.2024544801e-01
1.5525555230e+01   -9.1947082165e-01
1.5525655230e+01   -9.1938827045e-01
1.5526655230e+01   -9.1851187462e-01
1.5526755230e+01   -9.1841914724e-01
1.5527755230e+01   -9.1744101490e-01
1.5527855230e+01   -9.1733811741e-01
1.5528855230e+01   -9.1625833683e-01
1.5528955230e+01   -9.1614528082e-01
1.5529955230e+01   -9.1496399564e-01
1.5530055230e+01   -9.1484079823e-01
1.5531055230e+01   -9.1355820740e-01
1.5531155230e+01   -9.1342489126e-01
1.5532155230e+01   -9.1204124896e-01
1.5532255230e+01   -9.1189784226e-01
1.5533255230e+01   -9.1041345775e-01
1.5533355230e+01   -9.1025999417e-01
1.5534355230e+01   -9.0867523154e-01
1.5534455230e+01   -9.0851175021e-01
1.5535455230e+01   -9.0682702809e-01
1.5535555230e+01   -9.0665357360e-01
1.5536555230e+01   -9.0486936476e-01
1.5536655230e+01   -9.0468598707e-01
1.5537655230e+01   -9.0280281802e-01
1.5537755230e+01   -9.0260957245e-01
1.5538755230e+01   -9.0062802289e-01
1.5538855230e+01   -9.0042497005e-01
1.5539855230e+01   -8.9834567231e-01
1.5539955230e+01   -8.9813287805e-01
1.5540955230e+01   -8.9595651645e-01
1.5541055230e+01   -8.9573405177e-01
1.5542055230e+01   -8.9346136191e-01
1.5542155230e+01   -8.9322930291e-01
1.5543155230e+01   -8.9086107090e-01
1.5543255230e+01   -8.9061949870e-01
1.5544255230e+01   -8.8815656034e-01
1.5544355230e+01   -8.8790556096e-01
1.5545355230e+01   -8.8534880085e-01
1.5545455230e+01   -8.8508846516e-01
1.5546455230e+01   -8.8243881574e-01
1.5546555230e+01   -8.8216923935e-01
1.5547555230e+01   -8.7942767992e-01
1.5547655230e+01   -8.7914896306e-01
1.5548655230e+01   -8.7631651871e-01
1.5548755230e+01   -8.7602876615e-01
1.5549755230e+01   -8.7310650667e-01
1.5549855230e+01   -8.7280982758e-01
1.5550855230e+01   -8.6979886629e-01
1.5550955230e+01   -8.6949337414e-01
1.5551955230e+01   -8.6639486673e-01
1.5552055230e+01   -8.6608067916e-01
1.5553055230e+01   -8.6289582240e-01
1.5553155230e+01   -8.6257306110e-01
1.5554155230e+01   -8.5930309157e-01
1.5554255230e+01   -8.5897188215e-01
1.5555255230e+01   -8.5561807496e-01
1.5555355230e+01   -8.5527854680e-01
1.5556355230e+01   -8.5184221417e-01
1.5556455230e+01   -8.5149450031e-01
1.5557455230e+01   -8.4797699023e-01
1.5557555230e+01   -8.4762122721e-01
1.5558555230e+01   -8.4402392201e-01
1.5558655230e+01   -8.4366024972e-01
1.5559655230e+01   -8.3998456460e-01
1.5559755230e+01   -8.3961312616e-01
1.5560755230e+01   -8.3586050774e-01
1.5560855230e+01   -8.3548144934e-01
1.5561855230e+01   -8.3165337417e-01
1.5561955230e+01   -8.3126684491e-01
1.5562955230e+01   -8.2736481796e-01
1.5563055230e+01   -8.2697096969e-01
1.5564055230e+01   -8.2299652281e-01
1.5564155230e+01   -8.2259551002e-01
1.5565155230e+01   -8.1855020040e-01
1.5565255230e+01   -8.1814218002e-01
1.5566255230e+01   -8.1402758866e-01
1.5566355230e+01   -8.1361271992e-01
1.5567355230e+01   -8.0943045004e-01
1.5567455230e+01   -8.0900889433e-01
1.5568455230e+01   -8.0476056984e-01
1.5568555230e+01   -8.0433249053e-01
1.5569555230e+01   -8.0001975444e-01
1.5569655230e+01   -7.9958531673e-01
1.5570655230e+01   -7.9520982960e-01
1.5570755230e+01   -7.9476920037e-01
1.5571755230e+01   -7.9033263876e-01
1.5571855230e+01   -7.8988598641e-01
1.5572855230e+01   -7.8539004127e-01
1.5572955230e+01   -7.8493753557e-01
1.5573955230e+01   -7.8038391077e-01
1.5574055230e+01   -7.7992572269e-01
1.5575055230e+01   -7.7531613342e-01
1.5575155230e+01   -7.7485243500e-01
1.5576155230e+01   -7.7018860626e-01
1.5576255230e+01   -7.6971957045e-01
1.5577255230e+01   -7.6500323557e-01
1.5577355230e+01   -7.6452903605e-01
1.5578355230e+01   -7.5976193517e-01
1.5578455230e+01   -7.5928274625e-01
1.5579455230e+01   -7.5446662484e-01
1.5579555230e+01   -7.5398262128e-01
1.5580555230e+01   -7.4911922870e-01
1.5580655230e+01   -7.4863058559e-01
1.5581655230e+01   -7.4372167366e-01
1.5581755230e+01   -7.4322856625e-01
1.5582755230e+01   -7.3827588784e-01
1.5582855230e+01   -7.3777849143e-01
1.5583855230e+01   -7.3278379907e-01
1.5583955230e+01   -7.3228228884e-01
1.5584955230e+01   -7.2724733341e-01
1.5585055230e+01   -7.2674188433e-01
1.5586055230e+01   -7.2166841366e-01
1.5586155230e+01   -7.2115920032e-01
1.5587155230e+01   -7.1604895799e-01
1.5587255230e+01   -7.1553615447e-01
1.5588255230e+01   -7.1039087849e-01
1.5588355230e+01   -7.0987465828e-01
1.5589355230e+01   -7.0469607986e-01
1.5589455230e+01   -7.0417661571e-01
1.5590455230e+01   -6.9896645809e-01
1.5590555230e+01   -6.9844392188e-01
1.5591555230e+01   -6.9320389917e-01
1.5591655230e+01   -6.9267846181e-01
1.5592655230e+01   -6.8741027786e-01
1.5602655230e+01   -6.3362685698e-01
1.5602755230e+01   -6.3308141331e-01
1.5603755230e+01   -6.2762133719e-01
1.5613755230e+01   -5.7270506960e-01
1.5613855230e+01   -5.7215520193e-01
1.5614855230e+01   -5.6665803542e-01
1.5624855230e+01   -5.1204490704e-01
1.5624955230e+01   -5.1150387054e-01
1.5625955230e+01   -5.0610089583e-01
1.5635955230e+01   -4.5297288428e-01
1.5636055230e+01   -4.5245127343e-01
1.5637055230e+01   -4.4724708829e-01
1.5647055230e+01   -3.9651619436e-01
1.5647155230e+01   -3.9602191442e-01
1.5648155230e+01   -3.9109427410e-01
1.5658155230e+01   -3.4341221819e-01
1.5658255230e+01   -3.4295067176e-01
1.5659255230e+01   -3.3835243802e-01
1.5669255230e+01   -2.9413703850e-01
1.5669355230e+01   -2.9371144043e-01
1.5670355230e+01   -2.8947377350e-01
1.5680355230e+01   -2.4894409573e-01
1.5680455230e+01   -2.4855584503e-01
1.5681455230e+01   -2.4469193592e-01
1.5691455230e+01   -2.0790617651e-01
1.5707095503e+01   -1.5698363549e-01
1.5707195503e+01   -1.5668316198e-01
1.5708195503e+01   -1.5369548703e-01
1.5718195503e+01   -1.2548677694e-01
1.5733835777e+01   -8.7082753200e-02
1.5733935777e+01   -8.6858154745e-02
1.5734935777e+01   -8.4626102375e-02
1.5744935777e+01   -6.3650798540e-02
1.5760576051e+01   -3.5326753507e-02
1.5776216325e+01   -1.1682511676e-02
1.5776316325e+01   -1.1544522752e-02
1.5777316325e+01   -1.0173175631e-02
1.5787316325e+01   2.7291234674e-03
1.5802956598e+01   2.0312659457e-02
1.5818596872e+01   3.5364066878e-02
1.5834237146e+01   4.8531070464e-02
1.5849877419e+01   6.0383814315e-02
1.5865517693e+01   7.1422886974e-02
1.5865617693e+01   7.1491828077e-02
1.5866617693e+01   7.2180434952e-02
1.5876617693e+01   7.9007666408e-02
1.5892257967e+01   8.9651623006e-02
1.5907898240e+01   1.0057413798e-01
1.5923538514e+01   1.1211426505e-01
1.5939178788e+01   1.2459374195e-01
1.5939278788e+01   1.2467723193e-01
1.5940278788e+01   1.2551496792e-01
1.5950278788e+01   1.3419259754e-01
1.5965919062e+01   1.4900603420e-01
1.5981559335e+01   1.6561633712e-01
1.5981659335e+01   1.6572902756e-01
1.5982659335e+01   1.6686073589e-01
1.5992659335e+01   1.7867644962e-01
1.6000000000e+01   1.8796237174e-01
