X    Y    Z
2.0000000000e-01   2.0000000000e-01   2.0000000000e-01
2.0000005400e-01   2.0010804068e-01   1.9995734190e-01
2.0000652812e-01   2.0119292767e-01   1.9953170473e-01
2.0065959061e-01   2.1249540412e-01   1.9537088889e-01
2.0378776868e-01   2.3188795763e-01   1.8922299621e-01
2.0943500212e-01   2.5352215152e-01   1.8353927570e-01
2.1757630161e-01   2.7760869500e-01   1.7835551421e-01
2.1763638516e-01   2.7777109878e-01   1.7832407082e-01
2.1824284984e-01   2.7940120849e-01   1.7801086368e-01
2.2487236745e-01   2.9632327822e-01   1.7500428553e-01
2.3732423795e-01   3.2517613534e-01   1.7078663002e-01
2.5238100450e-01   3.5717114924e-01   1.6722020813e-01
2.5248584983e-01   3.5738637368e-01   1.6719966924e-01
2.5354037947e-01   3.5954625837e-01   1.6699593243e-01
2.6469925607e-01   3.8192100065e-01   1.6512883192e-01
2.8444376271e-01   4.1983618455e-01   1.6287757509e-01
2.8457921449e-01   4.2009036032e-01   1.6286600511e-01
2.8594026836e-01   4.2264043567e-01   1.6275237637e-01
3.0021094871e-01   4.4897718671e-01   1.6183016265e-01
3.2499196397e-01   4.9322491846e-01   1.6123377553e-01
3.2516026018e-01   4.9351973166e-01   1.6123354883e-01
3.2685018511e-01   4.9647607593e-01   1.6123391698e-01
3.4444991019e-01   5.2684853298e-01   1.6151015206e-01
3.7455516049e-01   5.7714021853e-01   1.6301904832e-01
3.7475781005e-01   5.7747187501e-01   1.6303325240e-01
3.7679139923e-01   5.8079500255e-01   1.6317863312e-01
3.9783365734e-01   6.1464069696e-01   1.6497702744e-01
3.9805052779e-01   6.1498437384e-01   1.6499827334e-01
4.0022620038e-01   6.1842632312e-01   1.6521439241e-01
4.2267177811e-01   6.5330489996e-01   1.6775235699e-01
4.2290247210e-01   6.5365731555e-01   1.6778129474e-01
4.2521609474e-01   6.5718473355e-01   1.6807465424e-01
4.4900623110e-01   6.9270612790e-01   1.7141689871e-01
4.4924998748e-01   6.9306283579e-01   1.7145416761e-01
4.5169374453e-01   6.9663063562e-01   1.7183114608e-01
4.7672828825e-01   7.3227901089e-01   1.7603933236e-01
4.7698388880e-01   7.3263423273e-01   1.7608552275e-01
4.7954534560e-01   7.3618393178e-01   1.7655198717e-01
5.0567304964e-01   7.7130253925e-01   1.8168022799e-01
5.0593871956e-01   7.7164903107e-01   1.8173583039e-01
5.0859982580e-01   7.7510743835e-01   1.8229662044e-01
5.3560831000e-01   8.0888847169e-01   1.8838565837e-01
5.3588161802e-01   8.0921745527e-01   1.8845099910e-01
5.3861771051e-01   8.1249602746e-01   1.8910927755e-01
5.6622383835e-01   8.4397908586e-01   1.9617935481e-01
5.6650160534e-01   8.4428028498e-01   1.9625451926e-01
5.6928050130e-01   8.4727555244e-01   1.9701099839e-01
5.9712225790e-01   8.7535902982e-01   2.0505364005e-01
5.9740048651e-01   8.7562085669e-01   2.0513838681e-01
6.0018179435e-01   8.7821637421e-01   2.0599046729e-01
6.2781311160e-01   9.0168635404e-01   2.1495970186e-01
6.6956074557e-01   9.2747990536e-01   2.3046584713e-01
6.6981859341e-01   9.2759502753e-01   2.3057001896e-01
6.7238911734e-01   9.2870839379e-01   2.3161481753e-01
6.9718619088e-01   9.3586777592e-01   2.4233633531e-01
7.3163868704e-01   9.3112468512e-01   2.5975256152e-01
7.3183802469e-01   9.3102723491e-01   2.5986496027e-01
7.3381496577e-01   9.3000427424e-01   2.6098892612e-01
7.5182376253e-01   9.1486801723e-01   2.7217285300e-01
7.7259781637e-01   8.7320267835e-01   2.8897288394e-01
7.7269820323e-01   8.7286699758e-01   2.8907569045e-01
7.7367800772e-01   8.6946319810e-01   2.9009967601e-01
7.8099083517e-01   8.3087574970e-01   2.9987649802e-01
7.8104048225e-01   8.3044968585e-01   2.9996952140e-01
7.8151073419e-01   8.2614723989e-01   3.0089406749e-01
7.8354127306e-01   7.7917783637e-01   3.0952262042e-01
7.8353666015e-01   7.7867426465e-01   3.0960282209e-01
7.8346306472e-01   7.7360440224e-01   3.1039778471e-01
7.7996433939e-01   7.1979688897e-01   3.1760489394e-01
7.7990392030e-01   7.1923320170e-01   3.1766983715e-01
7.7927206024e-01   7.1357176138e-01   3.1831120570e-01
7.7020685478e-01   6.5485092956e-01   3.2389540184e-01
7.7009125500e-01   6.5424765646e-01   3.2394345014e-01
7.6890848004e-01   6.4820104783e-01   3.2441529335e-01
7.5445904933e-01   5.8671202348e-01   3.2826188195e-01
7.5429107579e-01   5.8609107759e-01   3.2829230585e-01
7.5258650308e-01   5.7987862407e-01   3.2858778697e-01
7.3314492346e-01   5.1780342617e-01   3.3067372583e-01
7.3292938110e-01   5.1718625106e-01   3.3068670255e-01
7.3075196967e-01   5.1102169044e-01   3.3080802406e-01
7.0689229799e-01   4.5040172691e-01   3.3119627448e-01
7.0663563865e-01   4.4980763075e-01   3.3119278734e-01
7.0405060645e-01   4.4388261576e-01   3.3115014013e-01
6.7648682321e-01   3.8647302306e-01   3.2997520675e-01
6.7619667688e-01   3.8591792640e-01   3.2995686917e-01
6.7328077156e-01   3.8038974919e-01   3.2976664457e-01
6.4281636268e-01   3.2756280467e-01   3.2721448191e-01
6.4250101460e-01   3.2705852391e-01   3.2718332194e-01
6.3933727470e-01   3.2204322687e-01   3.2686594729e-01
6.0681289998e-01   2.7474667567e-01   3.2315195112e-01
6.0648077680e-01   2.7430074880e-01   3.2311019321e-01
6.0315341285e-01   2.6987163389e-01   3.2268795672e-01
5.6939845818e-01   2.2863717586e-01   3.1803638591e-01
5.6905767522e-01   2.2825314340e-01   3.1798625953e-01
5.6564758328e-01   2.2444377276e-01   3.1748141556e-01
5.3143986036e-01   1.8943369309e-01   3.1210859614e-01
5.3109786415e-01   1.8911169377e-01   3.1205218928e-01
5.2767910368e-01   1.8592196150e-01   3.1148551848e-01
4.9371505356e-01   1.5699888803e-01   3.0558796918e-01
4.9337837446e-01   1.5673641724e-01   3.0552713290e-01
4.9001575013e-01   1.5414017766e-01   3.0491701217e-01
4.5689169234e-01   1.3094566634e-01   2.9866454885e-01
4.5656580558e-01   1.3073836591e-01   2.9860084928e-01
4.5331352812e-01   1.2869131831e-01   2.9796279350e-01
4.2151708931e-01   1.1072204571e-01   2.9149591846e-01
3.7493147734e-01   9.0874219871e-02   2.8121539399e-01
3.7464751314e-01   9.0776398283e-02   2.8114948944e-01
3.7181813901e-01   8.9816996771e-02   2.8049050472e-01
3.4457941728e-01   8.2006904071e-02   2.7391671851e-01
3.0600202737e-01   7.5479824622e-02   2.6376548328e-01
3.0577160921e-01   7.5457497088e-02   2.6370131034e-01
3.0347887573e-01   7.5246542637e-02   2.6306017119e-01
2.8169749682e-01   7.4293266372e-02   2.5671190235e-01
2.5177828972e-01   7.6412794526e-02   2.4704105856e-01
2.2676486761e-01   8.1968024324e-02   2.3771928189e-01
2.2662016543e-01   8.2012632686e-02   2.3766085429e-01
2.2518353940e-01   8.2464449009e-02   2.3707741017e-01
2.1183911846e-01   8.7520564702e-02   2.3132665441e-01
1.9453045574e-01   9.7126903609e-02   2.2264019952e-01
1.8124914637e-01   1.0843419556e-01   2.1433156441e-01
1.7163736847e-01   1.2118688007e-01   2.0640127529e-01
1.6536363150e-01   1.3527913314e-01   1.9885028715e-01
1.6533360921e-01   1.3537351875e-01   1.9880323361e-01
1.6504021544e-01   1.3632040288e-01   1.9833355797e-01
1.6277560575e-01   1.4609649129e-01   1.9372305840e-01
1.6156580192e-01   1.6256207426e-01   1.8682993086e-01
1.6303031371e-01   1.8061019026e-01   1.8033368254e-01
1.6702713536e-01   2.0046637479e-01   1.7424975689e-01
1.7347140578e-01   2.2240730533e-01   1.6860035070e-01
1.7352039101e-01   2.2255496233e-01   1.6856568844e-01
1.7401567026e-01   2.2403694782e-01   1.6822011162e-01
1.7951158622e-01   2.3941655984e-01   1.6487089510e-01
1.9010136764e-01   2.6567628599e-01   1.6004065631e-01
2.0317939653e-01   2.9495190342e-01   1.5575281256e-01
2.0327122197e-01   2.9514960577e-01   1.5572727169e-01
2.0419530603e-01   2.9713429090e-01   1.5547322790e-01
2.1402624711e-01   3.1776778615e-01   1.5307332520e-01
2.3162321817e-01   3.5308399970e-01   1.4987147095e-01
2.3174473740e-01   3.5332241078e-01   1.4985332938e-01
2.3296636799e-01   3.5571562101e-01   1.4967362490e-01
2.4583657516e-01   3.8057578975e-01   1.4805373621e-01
2.6844180763e-01   4.2298647211e-01   1.4622412539e-01
2.6859641774e-01   4.2327197441e-01   1.4621543166e-01
2.7014972837e-01   4.2613720535e-01   1.4613071362e-01
2.8641484940e-01   4.5581976878e-01   1.4551410189e-01
3.1461697150e-01   5.0604894474e-01   1.4547232399e-01
3.1480847578e-01   5.0638506689e-01   1.4547601433e-01
3.1673148108e-01   5.0975668596e-01   1.4551584759e-01
3.3676629673e-01   5.4450202463e-01   1.4621882121e-01
3.3697410693e-01   5.4485880203e-01   1.4622875796e-01
3.3906040848e-01   5.4843655930e-01   1.4633141448e-01
3.6074918987e-01   5.8518853438e-01   1.4769973669e-01
3.6097370506e-01   5.8556474504e-01   1.4771667846e-01
3.6322720304e-01   5.8933599334e-01   1.4788977937e-01
3.8659860769e-01   6.2792168159e-01   1.5000298511e-01
3.8684000679e-01   6.2831513434e-01   1.5002775582e-01
3.8926235869e-01   6.3225741899e-01   1.5027956872e-01
4.1431819091e-01   6.7239376464e-01   1.5322284973e-01
4.1457634105e-01   6.7280105220e-01   1.5325632082e-01
4.1716603640e-01   6.7687962826e-01   1.5359557703e-01
4.4387112662e-01   7.1814747195e-01   1.5745737303e-01
4.4414547392e-01   7.1856370269e-01   1.5750043354e-01
4.4689673320e-01   7.2272884614e-01   1.5793602173e-01
4.7516706947e-01   7.6454571033e-01   1.6280420258e-01
4.7545651266e-01   7.6496423674e-01   1.6285771354e-01
4.7835801615e-01   7.6914853412e-01   1.6339821456e-01
5.0804729974e-01   8.1074259068e-01   1.6935450393e-01
5.0835004976e-01   8.1115476455e-01   1.6941923358e-01
5.1138352712e-01   8.1527068862e-01   1.7007226303e-01
5.4226863213e-01   8.5565970720e-01   1.7718460629e-01
5.4258206401e-01   8.5605470654e-01   1.7726114383e-01
5.4572081250e-01   8.5999293570e-01   1.7803247830e-01
5.7748706160e-01   8.9797359598e-01   1.8634521102e-01
5.7780757031e-01   8.9833838482e-01   1.8643385845e-01
5.8101501890e-01   9.0196748608e-01   1.8732634353e-01
6.1324274166e-01   9.3612197848e-01   1.9684831436e-01
6.1356561925e-01   9.3644147481e-01   1.9694895984e-01
6.1679411671e-01   9.3960970759e-01   1.9796123623e-01
6.4894859247e-01   9.6833756797e-01   2.0865251126e-01
6.4926795058e-01   9.6859510084e-01   2.0876449288e-01
6.5245802026e-01   9.7113515150e-01   2.0988963354e-01
6.8388552417e-01   9.9271805882e-01   2.2164805524e-01
7.3015467643e-01   1.0100826596e+00   2.4159511522e-01
7.3043448347e-01   1.0101204481e+00   2.4172738469e-01
7.3321909791e-01   1.0104434583e+00   2.4305263807e-01
7.5956483060e-01   1.0079762321e+00   2.5650348909e-01
7.9393408384e-01   9.8194273903e-01   2.7770026982e-01
7.9412187022e-01   9.8168584282e-01   2.7783408874e-01
7.9597513920e-01   9.7905311847e-01   2.7916995500e-01
8.1190805108e-01   9.4638721800e-01   2.9221898180e-01
8.1204227108e-01   9.4600300708e-01   2.9234591635e-01
8.1335584174e-01   9.4209928579e-01   2.9361061437e-01
8.2351407367e-01   8.9707151260e-01   3.0571686804e-01
8.2358734281e-01   8.9656810709e-01   3.0583228193e-01
8.2428823398e-01   8.9147859206e-01   3.0697954482e-01
8.2803958066e-01   8.3533744681e-01   3.1769708113e-01
8.2804657177e-01   8.3473089608e-01   3.1779673378e-01
8.2808269655e-01   8.2861983067e-01   3.1878446431e-01
8.2503345491e-01   7.6336099996e-01   3.2772981584e-01
8.2497147008e-01   7.6267426510e-01   3.2781027490e-01
8.2431726596e-01   7.5577422712e-01   3.2860464654e-01
8.1435810458e-01   6.8398281410e-01   3.3549416611e-01
8.1422742507e-01   6.8324375593e-01   3.3555313618e-01
8.1288722255e-01   6.7583510960e-01   3.3613182042e-01
7.9621286018e-01   6.0044353649e-01   3.4080702053e-01
7.9601680818e-01   5.9968222215e-01   3.4084352552e-01
7.9402529603e-01   5.9206596348e-01   3.4119743134e-01
7.7112394845e-01   5.1606881110e-01   3.4363365164e-01
7.7086864381e-01   5.1531461654e-01   3.4364803979e-01
7.6828829147e-01   5.0778343471e-01   3.4378127524e-01
7.3990223350e-01   4.3395998729e-01   3.4407877368e-01
7.3959608377e-01   4.3323900425e-01   3.4407255480e-01
7.3651192835e-01   4.2605162205e-01   3.4400072582e-01
7.0357558150e-01   3.5674219375e-01   3.4236118365e-01
7.0322858811e-01   3.5607534166e-01   3.4233674356e-01
6.9974123222e-01   3.4943805438e-01   3.4208405389e-01
6.6330655333e-01   2.8640371573e-01   3.3877823187e-01
6.6292953995e-01   2.8580575845e-01   3.3873848863e-01
6.5914742523e-01   2.7986306232e-01   3.3833429049e-01
6.2030731111e-01   2.2423677393e-01   3.3366745571e-01
6.1991117830e-01   2.2371622503e-01   3.3361552194e-01
6.1594316913e-01   2.1855027261e-01   3.3309095779e-01
5.7576222402e-01   1.7086807453e-01   3.2737178647e-01
5.7535731213e-01   1.7042780901e-01   3.2731068696e-01
5.7130639403e-01   1.6606480926e-01   3.2669590076e-01
5.3076551030e-01   1.2635362143e-01   3.2021252798e-01
5.3036111971e-01   1.2599193025e-01   3.2014499834e-01
5.2631968616e-01   1.2241284176e-01   3.1946716583e-01
4.8627748741e-01   9.0307894431e-02   3.1247176053e-01
4.8588157164e-01   9.0019718556e-02   3.1240013141e-01
4.8192844007e-01   8.7172617597e-02   3.1168234205e-01
4.4309960852e-01   6.2040774643e-02   3.0438371275e-01
4.4271862921e-01   6.1818909109e-02   3.0430986808e-01
4.3891766417e-01   5.9630973939e-02   3.0357073959e-01
4.0186602794e-01   4.0683082673e-02   2.9613333841e-01
4.0150494358e-01   4.0519217131e-02   2.9605872850e-01
3.9790500167e-01   3.8907030779e-02   2.9531255970e-01
3.6304811675e-01   2.5289969388e-02   2.8785984129e-01
3.1304730675e-01   1.1914938950e-02   2.7634890102e-01
3.1274629547e-01   1.1856122432e-02   2.7627620939e-01
3.0974951556e-01   1.1284726456e-02   2.7555004296e-01
2.8112430650e-01   7.1309379927e-03   2.6836909403e-01
2.4126306646e-01   5.3826138967e-03   2.5746858224e-01
2.4102730600e-01   5.3868279400e-03   2.5740027932e-01
2.3868288690e-01   5.4383952483e-03   2.5671824937e-01
2.1654162149e-01   6.8180152894e-03   2.4999877130e-01
1.8649373773e-01   1.1514889474e-02   2.3985950929e-01
1.6164802194e-01   1.8372575743e-02   2.3016586892e-01
1.6150484259e-01   1.8421557588e-02   2.3010529210e-01
1.6008359164e-01   1.8914412472e-02   2.2950048890e-01
1.4689748388e-01   2.4116034863e-02   2.2354789079e-01
1.2977284134e-01   3.3026241789e-02   2.1457631815e-01
1.1646904831e-01   4.2586106020e-02   2.0600008381e-01
1.0651161607e-01   5.2613265641e-02   1.9780093205e-01
9.9478464948e-02   6.3055430225e-02   1.8996332786e-01
9.5008612562e-02   7.3957418657e-02   1.8247474593e-01
9.4987607579e-02   7.4028822680e-02   1.8242796669e-01
9.4782627013e-02   7.4744159082e-02   1.8196093668e-01
9.3226372359e-02   8.2035586377e-02   1.7736648326e-01
9.2487247202e-02   9.4026380702e-02   1.7045432101e-01
9.3655311123e-02   1.0691644061e-01   1.6387260413e-01
9.6602253274e-02   1.2094883125e-01   1.5762050505e-01
1.0125612378e-01   1.3640110752e-01   1.5170105230e-01
1.0759805190e-01   1.5358416012e-01   1.4612188015e-01
1.0764407308e-01   1.5370031639e-01   1.4608732830e-01
1.0810814512e-01   1.5486656061e-01   1.4574260437e-01
1.1313836674e-01   1.6701681802e-01   1.4237578198e-01
1.2246551298e-01   1.8797806957e-01   1.3741306813e-01
1.3367627792e-01   2.1169020210e-01   1.3284429128e-01
1.4692900883e-01   2.3860100927e-01   1.2870693036e-01
1.4702072666e-01   2.3878438925e-01   1.2868196699e-01
1.4794295773e-01   2.4062649858e-01   1.2843341884e-01
1.5768299675e-01   2.5990585453e-01   1.2605982107e-01
1.7492164863e-01   2.9343362443e-01   1.2278844392e-01
1.7504021560e-01   2.9366218936e-01   1.2276940029e-01
1.7623195020e-01   2.9595820101e-01   1.2258034516e-01
1.8877204632e-01   3.1998413615e-01   1.2083331732e-01
2.1080515329e-01   3.6170617974e-01   1.1867728509e-01
2.1095612083e-01   3.6199018475e-01   1.1866598779e-01
2.1247313129e-01   3.6484272203e-01   1.1855486776e-01
2.2839604081e-01   3.9464469144e-01   1.1763740345e-01
2.5621733436e-01   4.4613844141e-01   1.1699100952e-01
2.5640733505e-01   4.4648763421e-01   1.1699031749e-01
2.5831611676e-01   4.4999382118e-01   1.1698597524e-01
2.7830161857e-01   4.8649833339e-01   1.1721302844e-01
2.7850990035e-01   4.8687675938e-01   1.1721790341e-01
2.8060209469e-01   4.9067571479e-01   1.1726962704e-01
3.0248106307e-01   5.3014207826e-01   1.1809899889e-01
3.0270881433e-01   5.3055034047e-01   1.1811029900e-01
3.0499627214e-01   5.3464777975e-01   1.1822673335e-01
3.2888277406e-01   5.7709747751e-01   1.1975134375e-01
3.2913108358e-01   5.7753542258e-01   1.1977005853e-01
3.3162462288e-01   5.8192936369e-01   1.1996116520e-01
3.5761837438e-01   6.2729249795e-01   1.2228728119e-01
3.5788814683e-01   6.2775891618e-01   1.2231453411e-01
3.6059669635e-01   6.3243664748e-01   1.2259161346e-01
3.8877322553e-01   6.8051819852e-01   1.2583861834e-01
3.8906507071e-01   6.8101045459e-01   1.2587565971e-01
3.9199454782e-01   6.8594480628e-01   1.2625127325e-01
4.2239247089e-01   7.3638387952e-01   1.3055018739e-01
4.2270656205e-01   7.3689747384e-01   1.3059837216e-01
4.2585843950e-01   7.4204239945e-01   1.3108611178e-01
4.5846343762e-01   7.9426504604e-01   1.3657625626e-01
4.5879933532e-01   7.9479311848e-01   1.3663700008e-01
4.6216886220e-01   8.0007870954e-01   1.3725103587e-01
4.9689412626e-01   8.5324641738e-01   1.4407409646e-01
4.9725056675e-01   8.5377922347e-01   1.4414880211e-01
5.0082463523e-01   8.5910647016e-01   1.4490312938e-01
5.3748790676e-01   9.1206473915e-01   1.5319380129e-01
5.3786255850e-01   9.1258915604e-01   1.5328374712e-01
5.4161725555e-01   9.1782504309e-01   1.5419105054e-01
5.7991520614e-01   9.6905966936e-01   1.6406350046e-01
5.8030440562e-01   9.6955882496e-01   1.6416968426e-01
5.8420236548e-01   9.7453271600e-01   1.6523975303e-01
6.2368398710e-01   1.0221453594e+00   1.7676943643e-01
6.2408247585e-01   1.0225985195e+00   1.7689237239e-01
6.2807025921e-01   1.0271011985e+00   1.7813004745e-01
6.6811219877e-01   1.0688198724e+00   1.9133109686e-01
6.6851289759e-01   1.0692027582e+00   1.9147057230e-01
6.7251876422e-01   1.0729898698e+00   1.9287329772e-01
7.1230704216e-01   1.1062328416e+00   2.0767286342e-01
7.1270091396e-01   1.1065185680e+00   2.0782767593e-01
7.1663351145e-01   1.1093203529e+00   2.0938286928e-01
7.5515755294e-01   1.1313314198e+00   2.2559545281e-01
7.5553361926e-01   1.1314922149e+00   2.2576316687e-01
7.5928224319e-01   1.1330311223e+00   2.2744580907e-01
7.9534812691e-01   1.1410976234e+00   2.4475256180e-01
7.9569370859e-01   1.1411073899e+00   2.4492934316e-01
7.9913083772e-01   1.1411240912e+00   2.4670037883e-01
8.3140041348e-01   1.1328740515e+00   2.6463998131e-01
8.3170165539e-01   1.1327116383e+00   2.6482057996e-01
8.3468835023e-01   1.1309980175e+00   2.6662683977e-01
8.6174861157e-01   1.1047494365e+00   2.8460502391e-01
8.6199131753e-01   1.1044022273e+00   2.8478297242e-01
8.6438572086e-01   1.1008372659e+00   2.8655927642e-01
8.8484805187e-01   1.0559450257e+00   3.0388228188e-01
8.8501879712e-01   1.0554121797e+00   3.0405034565e-01
8.8668737381e-01   1.0499939825e+00   3.0572413093e-01
8.9930931373e-01   9.8711768485e-01   3.2165681780e-01
8.9939672572e-01   9.8641220722e-01   3.2180767591e-01
9.0022711084e-01   9.7927790616e-01   3.2330590036e-01
9.0404156337e-01   9.0048982410e-01   3.3714841755e-01
9.0403758809e-01   8.9963871639e-01   3.3727547939e-01
9.0395118605e-01   8.9106488878e-01   3.3853281746e-01
9.0393787464e-01   8.9020130187e-01   3.3865721427e-01
9.0375794586e-01   8.8150464750e-01   3.3988765843e-01
9.0373526609e-01   8.8062897617e-01   3.4000934184e-01
9.0346151183e-01   8.7181348959e-01   3.4121241799e-01
9.0342943619e-01   8.7092613788e-01   3.4133134155e-01
9.0306160520e-01   8.6199590397e-01   3.4250659518e-01
9.0302011095e-01   8.6109728473e-01   3.4262271444e-01
9.0255799987e-01   8.5205647412e-01   3.4376971112e-01
9.0250706908e-01   8.5114700855e-01   3.4388298366e-01
9.0195052286e-01   8.4199987281e-01   3.4500130955e-01
9.0189014247e-01   8.4107998993e-01   3.4511169504e-01
9.0123905468e-01   8.3183085670e-01   3.4620095735e-01
9.0116921647e-01   8.3090099291e-01   3.4630841757e-01
9.0042352959e-01   8.2155426079e-01   3.4736824500e-01
9.0034423027e-01   8.2061485933e-01   3.4747274392e-01
8.9950393588e-01   8.1117499278e-01   3.4850278702e-01
8.9941517707e-01   8.1022650321e-01   3.4860429078e-01
8.9848031604e-01   8.0069802726e-01   3.4960422232e-01
8.9838210429e-01   7.9974090492e-01   3.4970269933e-01
8.9735276684e-01   7.9012839980e-01   3.5067221462e-01
8.9724511364e-01   7.8916310530e-01   3.5076763554e-01
8.9612143939e-01   7.7947120099e-01   3.5170645271e-01
8.9600436118e-01   7.7849819963e-01   3.5179879052e-01
8.9478653912e-01   7.6873157038e-01   3.5270665074e-01
8.9466005725e-01   7.6775133159e-01   3.5279588070e-01
8.9334832565e-01   7.5791469031e-01   3.5367254843e-01
8.9321246642e-01   7.5692768714e-01   3.5375864816e-01
8.9180711269e-01   7.4702577978e-01   3.5460391127e-01
8.9166190729e-01   7.4603248828e-01   3.5468686073e-01
8.9016326778e-01   7.3607008822e-01   3.5550053065e-01
8.9000875228e-01   7.3507098690e-01   3.5558031217e-01
8.8841721199e-01   7.2505288922e-01   3.5636222395e-01
8.8825342732e-01   7.2404845848e-01   3.5643882222e-01
8.8656941960e-01   7.1397947430e-01   3.5718883463e-01
8.8639641148e-01   7.1297019587e-01   3.5726223671e-01
8.8462041763e-01   7.0285514668e-01   3.5798023219e-01
8.8443823659e-01   7.0184150303e-01   3.5805042751e-01
8.8257078540e-01   6.9168521504e-01   3.5873631220e-01
8.8237948668e-01   6.9066768883e-01   3.5880329254e-01
8.8042115400e-01   6.8047498730e-01   3.5945699614e-01
8.8022079750e-01   6.7945406083e-01   3.5952075567e-01
8.7817220559e-01   6.6922976451e-01   3.6014223140e-01
8.7796285586e-01   6.6820591912e-01   3.6020276659e-01
8.7582467285e-01   6.5795483471e-01   3.6079199101e-01
8.7560639896e-01   6.5692855030e-01   3.6084930069e-01
8.7337933816e-01   6.4665546697e-01   3.6140627351e-01
8.7315221368e-01   6.4562722139e-01   3.6146035881e-01
8.7083703288e-01   6.3533690539e-01   3.6198510272e-01
8.7060113577e-01   6.3430717393e-01   3.6203596704e-01
8.6819863644e-01   6.2400436328e-01   3.6252852742e-01
8.6795404903e-01   6.2297361815e-01   3.6257617641e-01
8.6546507553e-01   6.1266301743e-01   3.6303662105e-01
8.6521188436e-01   6.1163172726e-01   3.6308106262e-01
8.6263732309e-01   6.0131800251e-01   3.6350948139e-01
8.6237561887e-01   6.0028663179e-01   3.6355072561e-01
8.5971639733e-01   5.8997440553e-01   3.6394723014e-01
8.5944627483e-01   5.8894341417e-01   3.6398528925e-01
8.5670336068e-01   5.7863726056e-01   3.6435001252e-01
8.5642491865e-01   5.7760710340e-01   3.6438490087e-01
8.5359931873e-01   5.6731154347e-01   3.6471799681e-01
8.5331265977e-01   5.6628266980e-01   3.6474973082e-01
8.5040541903e-01   5.5600216694e-01   3.6505137385e-01
8.5011064952e-01   5.5497502007e-01   3.6507997198e-01
8.4712284999e-01   5.4471397559e-01   3.6535035658e-01
8.4682007993e-01   5.4368899239e-01   3.6537583926e-01
8.4375283960e-01   5.3345174123e-01   3.6561517941e-01
8.4344218256e-01   5.3242935174e-01   3.6563756900e-01
8.4029665421e-01   5.2222015844e-01   3.6584609776e-01
8.3997822716e-01   5.2120078546e-01   3.6586541849e-01
8.3675559721e-01   5.1102384017e-01   3.6604338735e-01
8.3642952044e-01   5.1000789886e-01   3.6605966529e-01
8.3313100776e-01   4.9986731366e-01   3.6620734369e-01
8.3279740473e-01   4.9885521121e-01   3.6622060664e-01
8.2942425938e-01   4.8875501651e-01   3.6633828134e-01
8.2908325662e-01   4.8774715176e-01   3.6634855884e-01
8.2563675862e-01   4.7769129298e-01   3.6643653335e-01
8.2528848559e-01   4.7668805611e-01   3.6644385657e-01
8.2176994365e-01   4.6668039046e-01   3.6650245052e-01
8.2141453259e-01   4.6568216267e-01   3.6650685219e-01
8.1782528279e-01   4.5572645619e-01   3.6653640070e-01
8.1746286865e-01   4.5473360945e-01   3.6653791509e-01
8.1380427314e-01   4.4483353422e-01   3.6653876812e-01
8.1343499339e-01   4.4384643094e-01   3.6653743096e-01
8.0970843906e-01   4.3400556252e-01   3.6650995268e-01
8.0933243358e-01   4.3302455534e-01   3.6650580106e-01
8.0553933073e-01   4.2324637037e-01   3.6645036915e-01
8.0515674168e-01   4.2227180194e-01   3.6644344149e-01
8.0129852267e-01   4.1255967595e-01   3.6636044650e-01
8.0090949434e-01   4.1159187869e-01   3.6635078248e-01
7.9698761221e-01   4.0194908414e-01   3.6624062711e-01
7.9659229088e-01   4.0098838009e-01   3.6622826759e-01
7.9260821801e-01   3.9141808459e-01   3.6609136606e-01
7.9220675186e-01   3.9046478520e-01   3.6607635300e-01
7.8816197859e-01   3.8097004993e-01   3.6591313032e-01
7.8775451749e-01   3.8002445597e-01   3.6589550675e-01
7.8365055076e-01   3.7060823431e-01   3.6570639803e-01
7.8323724619e-01   3.6967063567e-01   3.6568620794e-01
7.7907560816e-01   3.6033577202e-01   3.6547165772e-01
7.7865661306e-01   3.5940644766e-01   3.6544894601e-01
7.7443883975e-01   3.5015567646e-01   3.6520940758e-01
7.7401430836e-01   3.4923489429e-01   3.6518421999e-01
7.6974194832e-01   3.4007083923e-01   3.6492015467e-01
7.6931203607e-01   3.3915885606e-01   3.6489253772e-01
7.6498664897e-01   3.3008402945e-01   3.6460441419e-01
7.6455151234e-01   3.2918109094e-01   3.6457441509e-01
7.6017466768e-01   3.2019789334e-01   3.6426270873e-01
7.5973446406e-01   3.1930423394e-01   3.6423037532e-01
7.5530773981e-01   3.1041495389e-01   3.6389556754e-01
7.5486262739e-01   3.0953079686e-01   3.6386094824e-01
7.5038760867e-01   3.0073761084e-01   3.6350352577e-01
7.4993774627e-01   2.9986316821e-01   3.6346666951e-01
7.4541602407e-01   2.9116814075e-01   3.6308712379e-01
7.4496157104e-01   2.9030361340e-01   3.6304807992e-01
7.4039474091e-01   2.8170869734e-01   3.6264690647e-01
7.3993585699e-01   2.8085427497e-01   3.6260572473e-01
7.3532551778e-01   2.7236131194e-01   3.6218342247e-01
7.3486236297e-01   2.7151717317e-01   3.6214015289e-01
7.3021011560e-01   2.6312789414e-01   3.6169722354e-01
7.2974285006e-01   2.6229420657e-01   3.6165191642e-01
7.2505029623e-01   2.5401023265e-01   3.6118886392e-01
7.2457908012e-01   2.5318715292e-01   3.6114156973e-01
7.1984782118e-01   2.4500999620e-01   3.6065889958e-01
7.1937281458e-01   2.4419767011e-01   3.6060966895e-01
7.1460445029e-01   2.3612873473e-01   3.6010788770e-01
7.1412581306e-01   2.3532729733e-01   3.6005677130e-01
7.0932194045e-01   2.2736788062e-01   3.5953638595e-01
6.5979870755e-01   1.5343135178e-01   3.5349515296e-01
6.5929225016e-01   1.5274503179e-01   3.5342782152e-01
6.5421802264e-01   1.4594036343e-01   3.5274779494e-01
6.0275640754e-01   8.3753345186e-02   3.4535485541e-01
6.0223737975e-01   8.3185032999e-02   3.4527618191e-01
5.9704460221e-01   7.7559643105e-02   3.4448500993e-01
5.4508113010e-01   2.6968899576e-02   3.3619669103e-01
5.4456304927e-01   2.6513771796e-02   3.3611093515e-01
5.3938587910e-01   2.2016251458e-02   3.3525084786e-01
4.8815378340e-01   -1.7768972045e-02   3.2645053647e-01
4.8764793750e-01   -1.8120995068e-02   3.2636116014e-01
4.8259807625e-01   -2.1593418173e-02   3.2546636248e-01
4.3309464873e-01   -5.1762274398e-02   3.1645471369e-01
4.3260990314e-01   -5.2024251444e-02   3.1636434791e-01
4.2777479981e-01   -5.4603114551e-02   3.1546075006e-01
3.8075570376e-01   -7.6537740216e-02   3.0645838592e-01
3.8029854580e-01   -7.6723867189e-02   3.0636889959e-01
3.7574193920e-01   -7.8551301124e-02   3.0547484256e-01
3.3173513109e-01   -9.3670616305e-02   2.9663258857e-01
3.3130987581e-01   -9.3794899695e-02   2.9654521166e-01
3.2707391354e-01   -9.5010616590e-02   2.9567271547e-01
2.8640578085e-01   -1.0466452386e-01   2.8708513843e-01
2.8601486829e-01   -1.0473993478e-01   2.8700060250e-01
2.8212310838e-01   -1.0547298486e-01   2.8615677229e-01
2.4495057580e-01   -1.1087990511e-01   2.7787601983e-01
1.9314812332e-01   -1.1377227432e-01   2.6551972232e-01
1.9284135552e-01   -1.1377386609e-01   2.6544307192e-01
1.8979043797e-01   -1.1377997071e-01   2.6467819802e-01
1.6092918123e-01   -1.1297663665e-01   2.5719053472e-01
1.2150719019e-01   -1.0946736591e-01   2.4604455389e-01
1.2127634523e-01   -1.0943905039e-01   2.4597540811e-01
1.1898211006e-01   -1.0915294826e-01   2.4528538225e-01
9.7418853101e-02   -1.0606316567e-01   2.3852500474e-01
6.8341219097e-02   -1.0088970616e-01   2.2843286207e-01
4.4208504371e-02   -9.6017403992e-02   2.1887675633e-01
4.4068362983e-02   -9.5988539388e-02   2.1881726715e-01
4.2676205072e-02   -9.5701877904e-02   2.1822346152e-01
2.9639167838e-02   -9.3054542126e-02   2.1239163665e-01
1.2127265297e-02   -8.9861769635e-02   2.0363864242e-01
-2.4854120923e-03   -8.8024191038e-02   1.9530346260e-01
-1.4825945513e-02   -8.7678566874e-02   1.8735714053e-01
-2.5445568682e-02   -8.8902214958e-02   1.7977680854e-01
-3.4824502643e-02   -9.1744539394e-02   1.7254455285e-01
-3.4881405957e-02   -9.1768012719e-02   1.7249939979e-01
-3.5448619912e-02   -9.2006485785e-02   1.7204861935e-01
-4.0958939738e-02   -9.4767838937e-02   1.6761523957e-01
-4.9153561427e-02   -1.0048651375e-01   1.6094808025e-01
-5.7120362473e-02   -1.0797814017e-01   1.5459973785e-01
-6.5156202430e-02   -1.1734490167e-01   1.4856575090e-01
-7.3532464467e-02   -1.2872649975e-01   1.4284531051e-01
-8.2504617455e-02   -1.4230590395e-01   1.3744182263e-01
-9.2321150110e-02   -1.5831414875e-01   1.3236378819e-01
-9.2387165469e-02   -1.5842489616e-01   1.3233239566e-01
-9.3049792033e-02   -1.5953847550e-01   1.3201923501e-01
-9.9936887531e-02   -1.7130189078e-01   1.2896516314e-01
-1.1178029687e-01   -1.9214922835e-01   1.2448228158e-01
-1.2516950879e-01   -2.1632329332e-01   1.2038496088e-01
-1.4039426886e-01   -2.4426302458e-01   1.1671551802e-01
-1.4049818155e-01   -2.4445481843e-01   1.1669354862e-01
-1.4154215853e-01   -2.4638236040e-01   1.1647494774e-01
-1.5248480674e-01   -2.6664656297e-01   1.1440204747e-01
-1.7159540822e-01   -3.0220329579e-01   1.1161015139e-01
-1.7172607252e-01   -3.0244681003e-01   1.1159423009e-01
-1.7303894172e-01   -3.0489372685e-01   1.1143644874e-01
-1.8681107325e-01   -3.3057217618e-01   1.1000801031e-01
-2.1088525406e-01   -3.7542261531e-01   1.0837979853e-01
-2.1104986222e-01   -3.7572883784e-01   1.0837202743e-01
-2.1270375451e-01   -3.7880513471e-01   1.0829629354e-01
-2.3004709851e-01   -4.1100540762e-01   1.0774648366e-01
-2.3022813403e-01   -4.1134087757e-01   1.0774298543e-01
-2.3204700561e-01   -4.1471052944e-01   1.0771028922e-01
-2.5111125252e-01   -4.4992877638e-01   1.0762366007e-01
-2.5131015378e-01   -4.5029516205e-01   1.0762511302e-01
-2.5330840063e-01   -4.5397472290e-01   1.0764229680e-01
-2.7423814654e-01   -4.9236085720e-01   1.0809346493e-01
-2.7445635945e-01   -4.9275948723e-01   1.0810067439e-01
-2.7664843352e-01   -4.9676202599e-01   1.0817585844e-01
-2.9958662737e-01   -5.3842133337e-01   1.0925294850e-01
-2.9982555843e-01   -5.3885299142e-01   1.0926686128e-01
-3.0222548940e-01   -5.4318600929e-01   1.0940958727e-01
-3.2730769299e-01   -5.8815519378e-01   1.1121553150e-01
-3.2756864234e-01   -5.8861984843e-01   1.1123724727e-01
-3.3018935687e-01   -5.9328254271e-01   1.1145858957e-01
-3.5753572047e-01   -6.4149865156e-01   1.1411195598e-01
-3.5781978959e-01   -6.4199510981e-01   1.1414273231e-01
-3.6067217444e-01   -6.4697486862e-01   1.1445534446e-01
-3.9037656179e-01   -6.9823606046e-01   1.1809029462e-01
-3.9068453004e-01   -6.9876153616e-01   1.1813154107e-01
-3.9377618014e-01   -7.0402957895e-01   1.1854958963e-01
-4.2589185032e-01   -7.5794719820e-01   1.2331440412e-01
-4.2622401439e-01   -7.5849679362e-01   1.2336765892e-01
-4.2955760773e-01   -7.6400294582e-01   1.2390657936e-01
-4.6407891717e-01   -8.1994541142e-01   1.2996000239e-01
-4.6443488875e-01   -8.2051152409e-01   1.3002688327e-01
-4.6800614161e-01   -8.2617825500e-01   1.3070287354e-01
-5.0484592995e-01   -8.8320911870e-01   1.3820734727e-01
-5.0522438977e-01   -8.8378080836e-01   1.3828946664e-01
-5.0901957590e-01   -8.8949689602e-01   1.3911861779e-01
-5.4798232747e-01   -9.4631233269e-01   1.4822936128e-01
-5.4838073949e-01   -9.4687471782e-01   1.4832819497e-01
-5.5237381447e-01   -9.5248925542e-01   1.4932515336e-01
-5.9312544010e-01   -1.0073643641e+00   1.6017409227e-01
-5.9353973881e-01   -1.0078981640e+00   1.6029079309e-01
-5.9768920585e-01   -1.0132160932e+00   1.6146686691e-01
-6.3972545491e-01   -1.0639745381e+00   1.7414078942e-01
-6.4014973261e-01   -1.0644559311e+00   1.7427594223e-01
-6.4439552502e-01   -1.0692368331e+00   1.7563662433e-01
-6.8701264484e-01   -1.1132637261e+00   1.9014980886e-01
-6.8743888338e-01   -1.1136647437e+00   1.9030313551e-01
-6.9169972002e-01   -1.1176271154e+00   1.9184513305e-01
-7.3397291749e-01   -1.1519488191e+00   2.0810822067e-01
-7.3439082938e-01   -1.1522385206e+00   2.0827826151e-01
-7.3856269975e-01   -1.1550719633e+00   2.0998631096e-01
-7.7933987817e-01   -1.1765256969e+00   2.2777538986e-01
-7.7973693887e-01   -1.1766723264e+00   2.2795921304e-01
-7.8369354493e-01   -1.1780596373e+00   2.2980320493e-01
-8.2161300726e-01   -1.1835666128e+00   2.4873562097e-01
-8.2197476719e-01   -1.1835408021e+00   2.4892863570e-01
-8.2557080295e-01   -1.1831904974e+00   2.5086182226e-01
-8.5911114818e-01   -1.1701257379e+00   2.7038732204e-01
-8.5942189692e-01   -1.1699045578e+00   2.7058328729e-01
-8.6249987765e-01   -1.1675916888e+00   2.7254249079e-01
-8.9006711612e-01   -1.1342119586e+00   2.9195865129e-01
-8.9031092481e-01   -1.1337832658e+00   2.9214996278e-01
-8.9271179189e-01   -1.1293928258e+00   2.9405859780e-01
-9.1276217757e-01   -1.0752479194e+00   3.1255670565e-01
-9.1292426544e-01   -1.0746141034e+00   3.1273499840e-01
-9.1450117980e-01   -1.0681779168e+00   3.1450925059e-01
-9.2568897908e-01   -9.9440400869e-01   3.3125020902e-01
-9.2575725006e-01   -9.9358407226e-01   3.3140723161e-01
-9.2639098458e-01   -9.8530051058e-01   3.3296490521e-01
-9.2644944657e-01   -9.8446379925e-01   3.3311940461e-01
-9.2698471566e-01   -9.7601428782e-01   3.3465149883e-01
-9.2703329442e-01   -9.7516116407e-01   3.3480340585e-01
-9.2746937995e-01   -9.6654939907e-01   3.3630923730e-01
-9.2750800612e-01   -9.6568023959e-01   3.3645848447e-01
-9.2784423902e-01   -9.5691005763e-01   3.3793738740e-01
-9.2787284818e-01   -9.5602525296e-01   3.3808390905e-01
-9.2810860942e-01   -9.4710062707e-01   3.3953523626e-01
-9.2812714218e-01   -9.4620058120e-01   3.3967896864e-01
-9.2826186370e-01   -9.3712561658e-01   3.4110209229e-01
-9.2827026585e-01   -9.3621074649e-01   3.4124297360e-01
-9.2830343141e-01   -9.2698967602e-01   3.4263728606e-01
-9.2830165394e-01   -9.2606041121e-01   3.4277525658e-01
-9.2823279994e-01   -9.1669759068e-01   3.4414017116e-01
-9.2822079915e-01   -9.1575437273e-01   3.4427517329e-01
-9.2804951535e-01   -9.0625427588e-01   3.4561012506e-01
-9.2802725291e-01   -9.0529755786e-01   3.4574210342e-01
-9.2775318314e-01   -8.9566477117e-01   3.4704654985e-01
-9.2772062615e-01   -8.9469501720e-01   3.4717545133e-01
-9.2734346890e-01   -8.8493423445e-01   3.4844887305e-01
-9.2730058996e-01   -8.8395191908e-01   3.4857464689e-01
-9.2682009892e-01   -8.7406793577e-01   3.4981654825e-01
-9.2676687619e-01   -8.7307354343e-01   3.4993914610e-01
-9.2618286074e-01   -8.6307125094e-01   3.5114905583e-01
-9.2611927794e-01   -8.6206527536e-01   3.5126843181e-01
-9.2543160357e-01   -8.5194965498e-01   3.5244590356e-01
-9.2535765007e-01   -8.5093259858e-01   3.5256201428e-01
-9.2456623867e-01   -8.4070871536e-01   3.5370662715e-01
-9.2448190950e-01   -8.3968108862e-01   3.5381943181e-01
-9.2358673968e-01   -8.2935408509e-01   3.5493079079e-01
-9.2349203553e-01   -8.2831640592e-01   3.5504025122e-01
-9.2249314278e-01   -8.1789149564e-01   3.5611798765e-01
-9.2238807005e-01   -8.1684428872e-01   3.5622406829e-01
-9.2128554686e-01   -8.0632674977e-01   3.5726784025e-01
-9.2117011767e-01   -8.0527054592e-01   3.5737050827e-01
-9.1996411358e-01   -7.9466571423e-01   3.5838000086e-01
-9.1983834572e-01   -7.9360104970e-01   3.5847922613e-01
-9.1852906732e-01   -7.8291431234e-01   3.5945415184e-01
-9.1839298429e-01   -7.8184172816e-01   3.5954990698e-01
-9.1698069506e-01   -7.7107851650e-01   3.6049000585e-01
-9.1683432606e-01   -7.6999855779e-01   3.6058226626e-01
-9.1531934625e-01   -7.5916434067e-01   3.6148730612e-01
-9.1516272613e-01   -7.5807755596e-01   3.6157604997e-01
-9.1354543246e-01   -7.4717783280e-01   3.6244582657e-01
-9.1337860172e-01   -7.4608477332e-01   3.6253103483e-01
-9.1165942712e-01   -7.3512506718e-01   3.6336537192e-01
-9.1148243183e-01   -7.3402628617e-01   3.6344702837e-01
-9.0966186499e-01   -7.2301213683e-01   3.6424577775e-01
-9.0947475680e-01   -7.2190818888e-01   3.6432386898e-01
-9.0755334174e-01   -7.1084514592e-01   3.6508691051e-01
-9.0735617780e-01   -7.0973658624e-01   3.6516142590e-01
-9.0533451331e-01   -6.9863020217e-01   3.6588866742e-01
-9.0512735622e-01   -6.9751758593e-01   3.6595959915e-01
-9.0300609528e-01   -6.8637340932e-01   3.6665097640e-01
-9.0278901303e-01   -6.8525729094e-01   3.6671831944e-01
-9.0056886211e-01   -6.7408085964e-01   3.6737379589e-01
-9.0034192799e-01   -6.7296179215e-01   3.6743754797e-01
-8.9802364634e-01   -6.6175862658e-01   3.6805711464e-01
-8.9778693888e-01   -6.6063716091e-01   3.6811727622e-01
-8.9537133770e-01   -6.4941275743e-01   3.6870095144e-01
-8.9512494060e-01   -6.4828944180e-01   3.6875752572e-01
-8.9261288217e-01   -6.3704926616e-01   3.6930535482e-01
-8.9235688418e-01   -6.3592464539e-01   3.6935834767e-01
-8.8974928098e-01   -6.2467412636e-01   3.6987040268e-01
-8.8948377582e-01   -6.2354874126e-01   3.6991982262e-01
-8.8678158947e-01   -6.1229326432e-01   3.7039620188e-01
-8.8650667572e-01   -6.1116765106e-01   3.7044206005e-01
-8.8371091599e-01   -5.9991255227e-01   3.7088288777e-01
-8.8342669701e-01   -5.9878724179e-01   3.7092519787e-01
-8.8053842069e-01   -5.8753780183e-01   3.7133062373e-01
-8.8024500446e-01   -5.8641331923e-01   3.7136940198e-01
-8.7726531422e-01   -5.7517475756e-01   3.7173960061e-01
-8.7696281327e-01   -5.7405162152e-01   3.7177486571e-01
-8.7389285646e-01   -5.6282909075e-01   3.7211003615e-01
-8.7358138771e-01   -5.6170781302e-01   3.7214180919e-01
-8.7042235511e-01   -5.5050639349e-01   3.7244217434e-01
-8.7010203976e-01   -5.4938747829e-01   3.7247047880e-01
-8.6685516426e-01   -5.3821217281e-01   3.7273628482e-01
-8.6652612767e-01   -5.3709611638e-01   3.7276114645e-01
-8.6319268298e-01   -5.2595184516e-01   3.7299266215e-01
-8.6285505451e-01   -5.2483913522e-01   3.7301410894e-01
-8.5943635374e-01   -5.1373073111e-01   3.7321162509e-01
-8.5909026663e-01   -5.1262184642e-01   3.7322968720e-01
-8.5558766089e-01   -5.0155405024e-01   3.7339351587e-01
-8.5523325209e-01   -5.0044946014e-01   3.7340822555e-01
-8.5164812907e-01   -4.8942691638e-01   3.7353869941e-01
-8.5128553914e-01   -4.8832708035e-01   3.7355009092e-01
-8.4761932159e-01   -4.7735433297e-01   3.7364756250e-01
-8.4724869450e-01   -4.7625970025e-01   3.7365567207e-01
-8.4350283876e-01   -4.6534118886e-01   3.7372051299e-01
-8.4312432177e-01   -4.6425219806e-01   3.7372537870e-01
-8.3930031623e-01   -4.5339225420e-01   3.7375797893e-01
-8.3891405973e-01   -4.5230933297e-01   3.7375964067e-01
-8.3501342325e-01   -4.4151217675e-01   3.7376040772e-01
-8.3461958060e-01   -4.4043574140e-01   3.7375890710e-01
-8.3064386100e-01   -4.2970547835e-01   3.7372826523e-01
-8.3024258837e-01   -4.2863593361e-01   3.7372364548e-01
-8.2619336079e-01   -4.1797655178e-01   3.7366203489e-01
-8.2578481701e-01   -4.1691429049e-01   3.7365434080e-01
-8.2166368233e-01   -4.0632965779e-01   3.7356221680e-01
-8.2124802872e-01   -4.0527506064e-01   3.7355149463e-01
-8.1705661196e-01   -3.9476892247e-01   3.7342932679e-01
-8.1663401217e-01   -3.9372235781e-01   3.7341562418e-01
-8.1237396085e-01   -3.8329833492e-01   3.7326389556e-01
-8.1194458071e-01   -3.8226015853e-01   3.7324726146e-01
-8.0761756327e-01   -3.7192174514e-01   3.7306646767e-01
-8.0718157061e-01   -3.7089230005e-01   3.7304695224e-01
-8.0278927473e-01   -3.6064286220e-01   3.7283760067e-01
-8.0234683923e-01   -3.5962247856e-01   3.7281525521e-01
-7.9789097027e-01   -3.4946525275e-01   3.7257786416e-01
-7.9744226329e-01   -3.4845424769e-01   3.7255274101e-01
-7.9292454264e-01   -3.3839233971e-01   3.7228783886e-01
-7.9246973706e-01   -3.3739101725e-01   3.7225999134e-01
-7.8789190052e-01   -3.2742740131e-01   3.7196811568e-01
-7.8743117059e-01   -3.2643605226e-01   3.7193759799e-01
-7.8279496680e-01   -3.1657357031e-01   3.7161929483e-01
-7.8232848798e-01   -3.1559247223e-01   3.7158616196e-01
-7.7763567680e-01   -3.0583383352e-01   3.7124198487e-01
-7.7716362557e-01   -3.0486325070e-01   3.7120629252e-01
-7.7241597654e-01   -2.9521103158e-01   3.7083680185e-01
-7.7193853028e-01   -2.9425121501e-01   3.7079860637e-01
-7.6713782101e-01   -2.8470785896e-01   3.7040436840e-01
-7.6665515785e-01   -2.8375904633e-01   3.7036372668e-01
-7.6180317251e-01   -2.7432686416e-01   3.6994531285e-01
-7.6131547114e-01   -2.7338927995e-01   3.6990228227e-01
-7.5641399896e-01   -2.6407045023e-01   3.6946026839e-01
-7.5592143850e-01   -2.6314430571e-01   3.6941490673e-01
-7.5097227223e-01   -2.5394087544e-01   3.6894987222e-01
-7.5047503208e-01   -2.5302636874e-01   3.6890223757e-01
-7.4547996654e-01   -2.4394025415e-01   3.6841476471e-01
-7.4497822623e-01   -2.4303757041e-01   3.6836491541e-01
-7.3993905685e-01   -2.3407055797e-01   3.6785558859e-01
-7.3943299591e-01   -2.3317986937e-01   3.6780358317e-01
-7.3435151732e-01   -2.2433361700e-01   3.6727298817e-01
-7.3384131514e-01   -2.2345508295e-01   3.6721888526e-01
-7.2871931977e-01   -2.1473112135e-01   3.6666760858e-01
-7.2820515542e-01   -2.1386488861e-01   3.6661146683e-01
-7.2304443216e-01   -2.0526462278e-01   3.6604009500e-01
-7.2252648430e-01   -2.0441082564e-01   3.6598197304e-01
-7.1732881716e-01   -1.9593553657e-01   3.6539109195e-01
-7.1680726391e-01   -1.9509429696e-01   3.6533104832e-01
-7.1157443071e-01   -1.8674514343e-01   3.6472124256e-01
-7.1104944950e-01   -1.8591657121e-01   3.6465933564e-01
-7.0578322063e-01   -1.7769459174e-01   3.6403118796e-01
-7.0525498809e-01   -1.7687878480e-01   3.6396747590e-01
-6.9995712528e-01   -1.6878489972e-01   3.6332156653e-01
-6.9942581711e-01   -1.6798194426e-01   3.6325610722e-01
-6.9409807227e-01   -1.6001695791e-01   3.6259301338e-01
-6.9356386313e-01   -1.5922692865e-01   3.6252586436e-01
-6.8820797716e-01   -1.5139153166e-01   3.6184615964e-01
-6.8767104054e-01   -1.5061449205e-01   3.6177737807e-01
-6.8228874225e-01   -1.4290926378e-01   3.6108163196e-01
-6.2745522174e-01   -7.2414129045e-02   3.5342398161e-01
-6.2690013570e-01   -7.1769371565e-02   3.5334180332e-01
-6.2134458804e-01   -6.5386920457e-02   3.5251478711e-01
-5.6556926250e-01   -7.9674903312e-03   3.4380132631e-01
-5.6501168112e-01   -7.4508547196e-03   3.4371082013e-01
-5.5943832463e-01   -2.3455402809e-03   3.4280280363e-01
-5.0415631581e-01   4.2808233346e-02   3.3349101724e-01
-5.0360942493e-01   4.3207639325e-02   3.3339632000e-01
-4.9814878964e-01   4.7147294788e-02   3.3244817829e-01
-4.4452931208e-01   8.1360361632e-02   3.2289720456e-01
-4.4400353676e-01   8.1657320852e-02   3.2280145497e-01
-4.3875848710e-01   8.4580409933e-02   3.2184409096e-01
-3.8769296891e-01   1.0943441495e-01   3.1231624152e-01
-3.8719598456e-01   1.0964527474e-01   3.1222165230e-01
-3.8224195691e-01   1.1171554968e-01   3.1127676960e-01
-3.3435740336e-01   1.2885112279e-01   3.0194937630e-01
-3.3389435584e-01   1.2899211448e-01   3.0185738179e-01
-3.2928163867e-01   1.3037150371e-01   3.0093898305e-01
-2.8496991185e-01   1.4135439040e-01   2.9192091742e-01
-2.8454375753e-01   1.4144056127e-01   2.9183234661e-01
-2.8030093040e-01   1.4227876534e-01   2.9094846722e-01
-2.3975595181e-01   1.4852129694e-01   2.8229728132e-01
-2.3936784630e-01   1.4856593850e-01   2.8221252391e-01
-2.3550567673e-01   1.4899492237e-01   2.8136688280e-01
-1.9876259723e-01   1.5171959409e-01   2.7310418131e-01
-1.4797109627e-01   1.5166411036e-01   2.6087640206e-01
-1.4767161714e-01   1.5165146603e-01   2.6080086689e-01
-1.4469395633e-01   1.5151828576e-01   2.6004731301e-01
-1.1659011973e-01   1.4961949839e-01   2.5268761416e-01
-7.8349556181e-02   1.4539175951e-01   2.4178144076e-01
-7.8125941361e-02   1.4536242511e-01   2.4171394165e-01
-7.5903658909e-02   1.4506848937e-01   2.4104044708e-01
-5.5018066509e-02   1.4212706388e-01   2.3445110243e-01
-2.6795004024e-02   1.3794172419e-01   2.2464257377e-01
-3.1884609215e-03   1.3486898765e-01   2.1538469795e-01
-3.0504799641e-03   1.3485402240e-01   2.1532715751e-01
-1.6790405444e-03   1.3470796170e-01   2.1475286841e-01
1.1241899713e-02   1.3362386091e-01   2.0911916297e-01
2.8923189007e-02   1.3342551153e-01   2.0068772521e-01
4.4162377291e-02   1.3522732497e-01   1.9269132044e-01
5.7613276123e-02   1.3916435639e-01   1.8510593518e-01
6.9851738172e-02   1.4533865310e-01   1.7791529666e-01
8.1384378100e-02   1.5384754092e-01   1.7110991009e-01
8.1456836097e-02   1.5390968512e-01   1.7106762746e-01
8.2180869995e-02   1.5453663154e-01   1.7064565901e-01
8.9388583334e-02   1.6136350157e-01   1.6651182648e-01
1.0072697026e-01   1.7414111200e-01   1.6036123569e-01
1.1247308116e-01   1.8963349327e-01   1.5460235591e-01
1.2497628333e-01   2.0805479137e-01   1.4925086350e-01
1.3856993173e-01   2.2966759292e-01   1.4433152270e-01
1.3866105837e-01   2.2981669342e-01   1.4430153051e-01
1.3957552973e-01   2.3131558660e-01   1.4400266082e-01
1.4905809296e-01   2.4711175615e-01   1.4112156685e-01
1.6527361335e-01   2.7493046708e-01   1.3703164089e-01
1.8347197343e-01   3.0689288421e-01   1.3350494379e-01
1.8359544189e-01   3.0711147007e-01   1.3348437061e-01
1.8483537559e-01   3.0930761466e-01   1.3328008963e-01
1.9777837564e-01   3.3232082375e-01   1.3138756723e-01
2.2017014986e-01   3.7235092482e-01   1.2902658987e-01
2.2032239078e-01   3.7262347020e-01   1.2901406149e-01
2.2185143527e-01   3.7536086222e-01   1.2889068086e-01
2.3782507341e-01   4.0394971487e-01   1.2785521106e-01
2.6547110322e-01   4.5326105125e-01   1.2703655272e-01
2.6565896617e-01   4.5359493923e-01   1.2703478711e-01
2.6754564513e-01   4.5694702704e-01   1.2701971743e-01
2.8723622696e-01   4.9179831837e-01   1.2713945678e-01
2.8744086712e-01   4.9215911622e-01   1.2714324961e-01
2.8949587432e-01   4.9578052553e-01   1.2718413178e-01
3.1092390937e-01   5.3333791633e-01   1.2790193304e-01
3.1114640607e-01   5.3372579897e-01   1.2791207708e-01
3.1338048406e-01   5.3761796901e-01   1.2801689342e-01
3.3664729940e-01   5.7786102018e-01   1.2941808956e-01
3.3688859967e-01   5.7827542624e-01   1.2943548905e-01
3.3931113473e-01   5.8243231165e-01   1.2961333727e-01
3.6450080104e-01   6.2525268719e-01   1.3179439804e-01
3.6476164218e-01   6.2569204823e-01   1.3182006725e-01
3.6737987891e-01   6.3009738437e-01   1.3208114281e-01
3.9455022830e-01   6.7526878136e-01   1.3514905854e-01
3.9483103715e-01   6.7573019615e-01   1.3518411100e-01
3.9764905889e-01   6.8035421486e-01   1.3553959328e-01
4.2682019618e-01   7.2749691420e-01   1.3961008014e-01
4.2712096195e-01   7.2797577151e-01   1.3965570391e-01
4.3013840521e-01   7.3277140614e-01   1.4011750047e-01
4.6127844818e-01   7.8131231806e-01   1.4531151937e-01
4.6159856679e-01   7.8180188195e-01   1.4536893279e-01
4.6480905067e-01   7.8670060778e-01   1.4594922617e-01
4.9781702138e-01   8.3583102941e-01   1.5238722156e-01
4.9815511186e-01   8.3632201699e-01   1.5245760344e-01
5.0154438886e-01   8.4122963727e-01   1.5316813821e-01
5.3623051841e-01   8.8986489493e-01   1.6096137636e-01
5.3658421606e-01   8.9034509927e-01   1.6104576445e-01
5.4012809453e-01   8.9513801497e-01   1.6189681498e-01
5.7619234696e-01   9.4188574171e-01   1.7113529653e-01
5.7655808453e-01   9.4233978051e-01   1.7123445003e-01
5.8022023875e-01   9.4686256665e-01   1.7223342744e-01
6.1723064344e-01   9.9000936483e-01   1.8297014967e-01
6.1760344045e-01   9.9041866635e-01   1.8308437575e-01
6.2133331533e-01   9.9448408290e-01   1.8423407639e-01
6.5870671170e-01   1.0320131715e+00   1.9646601726e-01
6.5908000315e-01   1.0323563340e+00   1.9659496906e-01
6.6281113118e-01   1.0357491437e+00   1.9789154410e-01
6.9980008373e-01   1.0654032057e+00   2.1153869612e-01
7.0016563098e-01   1.0656568729e+00   2.1168116090e-01
7.0381479502e-01   1.0681428854e+00   2.1311200044e-01
7.3950550188e-01   1.0875450896e+00   2.2799706895e-01
7.3985343776e-01   1.0876854534e+00   2.2815077905e-01
7.4332120306e-01   1.0890268804e+00   2.2969264429e-01
7.7664780726e-01   1.0958670707e+00   2.4552544210e-01
8.2209736547e-01   1.0799399493e+00   2.7115221265e-01
8.2235497217e-01   1.0797256259e+00   2.7131664798e-01
8.2490489074e-01   1.0775013240e+00   2.7295999145e-01
8.4758936001e-01   1.0470836868e+00   2.8919136179e-01
8.4778856509e-01   1.0467042375e+00   2.8935087366e-01
8.4974861562e-01   1.0428280267e+00   2.9094189397e-01
8.6597278575e-01   9.9601127602e-01   3.0633666441e-01
8.6610248916e-01   9.9547068377e-01   3.0648491468e-01
8.6736251775e-01   9.8998808892e-01   3.0796017396e-01
8.7612730792e-01   9.2780850626e-01   3.2188888565e-01
8.7617862051e-01   9.2712251064e-01   3.2201972498e-01
8.7665110586e-01   9.2019675075e-01   3.2331799899e-01
8.7723394322e-01   8.4485124225e-01   3.3520642141e-01
8.7720117467e-01   8.4404676530e-01   3.3531455611e-01
8.7683101884e-01   8.3595212045e-01   3.3638350107e-01
8.6887196834e-01   7.5064261957e-01   3.4577683528e-01
8.6875335467e-01   7.4975540692e-01   3.4585842590e-01
8.6752498566e-01   7.4085279573e-01   3.4666049461e-01
8.6739793036e-01   7.3995955985e-01   3.4673931434e-01
8.6608528464e-01   7.3099874721e-01   3.4751358414e-01
8.6594981639e-01   7.3009989468e-01   3.4758961535e-01
8.6455320153e-01   7.2108495716e-01   3.4833591966e-01
8.6440935315e-01   7.2018089664e-01   3.4840914665e-01
8.6292911806e-01   7.1111592917e-01   3.4912733844e-01
8.6277692651e-01   7.1020707091e-01   3.4919774749e-01
8.6121346117e-01   7.0109618225e-01   3.4988769932e-01
8.6105296749e-01   7.0018293766e-01   3.4995527867e-01
8.5940670261e-01   6.9103024585e-01   3.5061688269e-01
8.5923795188e-01   6.9011302704e-01   3.5068162254e-01
8.5750935854e-01   6.8092265486e-01   3.5131479052e-01
8.5733239989e-01   6.8000187420e-01   3.5137668302e-01
8.5552198912e-01   6.7077794464e-01   3.5198134627e-01
8.5533687563e-01   6.6985401428e-01   3.5204038552e-01
8.5344519796e-01   6.6060064609e-01   3.5261649479e-01
8.5325198664e-01   6.5967397755e-01   3.5267267685e-01
8.5127963159e-01   6.5039528080e-01   3.5322020226e-01
8.5107838332e-01   6.4946628449e-01   3.5327352509e-01
8.4902597885e-01   6.4016635612e-01   3.5379245598e-01
8.4881675833e-01   6.3923544093e-01   3.5384291948e-01
8.4668497027e-01   6.2991836049e-01   3.5433326424e-01
8.4646784596e-01   6.2898593337e-01   3.5438087019e-01
8.4425737736e-01   6.1965575867e-01   3.5484265607e-01
8.4403242140e-01   6.1872222416e-01   3.5488740814e-01
8.4174401188e-01   6.0938298715e-01   3.5532068105e-01
8.4151130004e-01   6.0844874702e-01   3.5536258474e-01
8.3914572506e-01   5.9910444960e-01   3.5576740898e-01
8.3890533665e-01   5.9816990239e-01   3.5580647164e-01
8.3646340681e-01   5.8882451245e-01   3.5618292964e-01
8.3621542462e-01   5.8789005312e-01   3.5621916040e-01
8.3369798484e-01   5.7854750053e-01   3.5656735243e-01
8.3344249505e-01   5.7761352004e-01   3.5660076221e-01
8.3085042376e-01   5.6827769291e-01   3.5692080604e-01
8.3058751586e-01   5.6734457785e-01   3.5695140748e-01
8.2792172420e-01   5.5801931873e-01   3.5724343808e-01
8.2765149091e-01   5.5708745095e-01   3.5727124553e-01
8.2491292179e-01   5.4777655329e-01   3.5753541468e-01
8.2463545897e-01   5.4684630956e-01   3.5756044413e-01
8.2182508622e-01   5.3755351418e-01   3.5779692004e-01
8.2154049275e-01   5.3662526584e-01   3.5781918913e-01
8.1865932017e-01   5.2735425759e-01   3.5802815605e-01
8.1836769790e-01   5.2642837021e-01   3.5804768399e-01
8.1541675828e-01   5.1718277474e-01   3.5822934177e-01
8.1511821191e-01   5.1625960783e-01   3.5824614931e-01
8.1209856608e-01   5.0704298853e-01   3.5840071299e-01
8.1179320306e-01   5.0612289520e-01   3.5841482237e-01
8.0870593886e-01   4.9693875021e-01   3.5854252170e-01
8.0839386929e-01   4.9602207692e-01   3.5855395662e-01
8.0524010057e-01   4.8687383635e-01   3.5865503560e-01
8.0492143710e-01   4.8596092261e-01   3.5866382116e-01
8.0170230266e-01   4.7685194586e-01   3.5873853756e-01
8.0137716038e-01   4.7594312400e-01   3.5874470021e-01
7.9809382292e-01   4.6687669726e-01   3.5879332510e-01
7.9776231926e-01   4.6597229215e-01   3.5879689259e-01
7.9441596428e-01   4.5695162605e-01   3.5881970980e-01
7.9407821890e-01   4.5605195490e-01   3.5882071114e-01
7.9067005365e-01   4.4708018230e-01   3.5881801674e-01
7.9032618831e-01   4.4618555444e-01   3.5881648213e-01
7.8685744066e-01   4.3726572836e-01   3.5878858396e-01
7.8650757916e-01   4.3637644503e-01   3.5878454474e-01
7.8297949650e-01   4.2751153679e-01   3.5873176182e-01
7.8262376450e-01   4.2662789098e-01   3.5872525045e-01
7.7903761264e-01   4.1782078843e-01   3.5864791247e-01
7.7867613760e-01   4.1694306469e-01   3.5863896243e-01
7.7503319960e-01   4.0819657065e-01   3.5853740921e-01
7.7466611067e-01   4.0732504496e-01   3.5852605497e-01
7.7096768577e-01   3.9864187577e-01   3.5840063591e-01
7.7059511362e-01   3.9777681540e-01   3.5838691286e-01
7.6684251607e-01   3.8915959967e-01   3.5823798638e-01
7.6646459286e-01   3.8830126306e-01   3.5822193081e-01
7.6265915080e-01   3.7975254054e-01   3.5804986382e-01
7.6227600998e-01   3.7890117719e-01   3.5803151282e-01
7.5841906433e-01   3.7042339782e-01   3.5783668016e-01
7.5803084061e-01   3.6957924819e-01   3.5781607158e-01
7.5412374390e-01   3.6117477128e-01   3.5759885547e-01
7.5373057307e-01   3.6033806676e-01   3.5757602789e-01
7.4977468836e-01   3.5200916032e-01   3.5733681737e-01
7.0803159956e-01   2.7286506785e-01   3.5391962092e-01
7.0759627524e-01   2.7211436210e-01   3.5387668061e-01
7.0322591002e-01   2.6465416210e-01   3.5343844255e-01
6.5804541364e-01   1.9491543093e-01   3.4824485657e-01
6.5758218945e-01   1.9426399214e-01   3.4818613344e-01
6.5293981019e-01   1.8780067824e-01   3.4759222296e-01
6.0572407331e-01   1.2831670026e-01   3.4105411918e-01
6.0524663085e-01   1.2776924926e-01   3.4098385495e-01
6.0046854878e-01   1.2234616886e-01   3.4027654460e-01
5.5251888546e-01   7.3193584652e-02   3.3279728394e-01
5.5203957690e-01   7.2747894057e-02   3.3271929511e-01
5.4724850441e-01   6.8339832833e-02   3.3193647742e-01
4.9970428200e-01   2.9005277683e-02   3.2386521619e-01
4.9923364267e-01   2.8654115589e-02   3.2378270300e-01
4.9453395253e-01   2.5186791730e-02   3.2295604897e-01
4.4833810105e-01   -5.2381855578e-03   3.1457582906e-01
4.4788461798e-01   -5.5051541177e-03   3.1449131154e-01
4.4336014489e-01   -8.1361720433e-03   3.1364568592e-01
3.9924797124e-01   -3.0778924373e-02   3.0517242258e-01
3.9881806197e-01   -3.0973519733e-02   3.0508776905e-01
3.9453198054e-01   -3.2886813787e-02   3.0424155113e-01
3.5303787321e-01   -4.8952542968e-02   2.9583021166e-01
3.5263601655e-01   -4.9086840635e-02   2.9574672247e-01
3.4863220800e-01   -5.0403040789e-02   2.9491266193e-01
3.1010833530e-01   -6.1073363412e-02   2.8666718835e-01
3.0973729636e-01   -6.1158854341e-02   2.8658570362e-01
3.0604263198e-01   -6.1992423275e-02   2.8577200285e-01
2.7068433481e-01   -6.8360339962e-02   2.7775633996e-01
2.2121596451e-01   -7.2481778943e-02   2.6570022611e-01
2.2092240953e-01   -7.2489818815e-02   2.6562510957e-01
2.1800254645e-01   -7.2559303247e-02   2.6487533196e-01
1.9035244979e-01   -7.2273961673e-02   2.5751605447e-01
1.5253042532e-01   -6.9116038080e-02   2.4650155966e-01
1.5230890362e-01   -6.9088070618e-02   2.4643302638e-01
1.5010737565e-01   -6.8804093299e-02   2.4574898365e-01
1.2942546808e-01   -6.5598776935e-02   2.3903525573e-01
1.0161586241e-01   -5.9739566073e-02   2.2897566758e-01
7.8712969530e-02   -5.3560437272e-02   2.1941410636e-01
7.8580781844e-02   -5.3521213953e-02   2.1935448100e-01
7.7268297663e-02   -5.3129563219e-02   2.1875924893e-01
6.5046234464e-02   -4.9291861923e-02   2.1290702895e-01
4.8913079308e-02   -4.3721245351e-02   2.0410211407e-01
3.5871351704e-02   -3.8862310624e-02   1.9569351267e-01
2.5361209373e-02   -3.4823948471e-02   1.8765373185e-01
1.6894085455e-02   -3.1640086464e-02   1.7995969389e-01
1.0050902333e-02   -2.9299412007e-02   1.7259180784e-01
4.4768808056e-03   -2.7766806003e-02   1.6553315546e-01
4.4446568830e-03   -2.7759513251e-02   1.6548898614e-01
4.1245774976e-03   -2.7688300966e-02   1.6504795375e-01
1.1258676422e-03   -2.7145331665e-02   1.6070297089e-01
-2.9400554823e-03   -2.6893172959e-02   1.5413939020e-01
-6.4329051086e-03   -2.7337542814e-02   1.4784809925e-01
-9.5344581361e-03   -2.8453143072e-02   1.4181769628e-01
-1.2397588225e-02   -3.0229610341e-02   1.3603766664e-01
-1.5152781607e-02   -3.2673653277e-02   1.3049829263e-01
-1.7913969274e-02   -3.5810592791e-02   1.2519061813e-01
-2.0783717902e-02   -3.9685688315e-02   1.2010645921e-01
-2.3857863551e-02   -4.4365535219e-02   1.1523845801e-01
-2.7229695735e-02   -4.9939747010e-02   1.1058018276e-01
-3.0993810801e-02   -5.6523085773e-02   1.0612628214e-01
-3.5249757369e-02   -6.4258170205e-02   1.0187270848e-01
-4.0105595659e-02   -7.3318867389e-02   9.7817031236e-02
-4.0138823628e-02   -7.3381493974e-02   9.7791734860e-02
-4.0472726646e-02   -7.4011216468e-02   9.7539214752e-02
-4.3981023101e-02   -8.0666669910e-02   9.5058448686e-02
-5.0149368983e-02   -9.2500457259e-02   9.1341661045e-02
-5.7282071155e-02   -1.0632373319e-01   8.7828322131e-02
-6.5551622699e-02   -1.2246938960e-01   8.4527300289e-02
-7.5157979853e-02   -1.4132864514e-01   8.1453100998e-02
-7.5224182540e-02   -1.4145890335e-01   8.1434217769e-02
-7.5889745089e-02   -1.4276862972e-01   8.1245944710e-02
-8.2912643590e-02   -1.5660732208e-01   7.9420649886e-02
-9.5363642621e-02   -1.8120620961e-01   7.6790783024e-02
-1.0987261322e-01   -2.0993486107e-01   7.4472930612e-02
-1.0997272460e-01   -2.1013323761e-01   7.4459229658e-02
-1.1097926181e-01   -2.1212783183e-01   7.4323052732e-02
-1.2160748151e-01   -2.3319587821e-01   7.3048414037e-02
-1.4047287155e-01   -2.7059858402e-01   7.1411536836e-02
-1.4060306119e-01   -2.7085663515e-01   7.1402640947e-02
-1.4191201381e-01   -2.7345104063e-01   7.1314867349e-02
-1.5573303192e-01   -3.0083140204e-01   7.0562338489e-02
-1.8025486468e-01   -3.4931436161e-01   6.9908747084e-02
-1.8042400651e-01   -3.4964820679e-01   6.9906911731e-02
-1.8212451275e-01   -3.5300409112e-01   6.9890345177e-02
-2.0006975638e-01   -3.8835685588e-01   6.9914602035e-02
-2.0025813450e-01   -3.8872731910e-01   6.9916697092e-02
-2.0215196161e-01   -3.9245089883e-01   6.9939790415e-02
-2.2212818434e-01   -4.3163079412e-01   7.0398798353e-02
-2.2233778718e-01   -4.3204088940e-01   7.0405615942e-02
-2.2444487537e-01   -4.3616224410e-01   7.0476371219e-02
-2.4665658223e-01   -4.7946100302e-01   7.1458714113e-02
-2.4688949645e-01   -4.7991353400e-01   7.1471223156e-02
-2.4923075106e-01   -4.8446053980e-01   7.1599425049e-02
-2.7389003977e-01   -5.3213652946e-01   7.3212995385e-02
-2.7414840572e-01   -5.3263384897e-01   7.3232371675e-02
-2.7674524098e-01   -5.3762973059e-01   7.3429888624e-02
-3.0406602417e-01   -5.8987875822e-01   7.5804911158e-02
-3.0435196576e-01   -5.9042242911e-01   7.5832567258e-02
-3.0722558813e-01   -5.9588231259e-01   7.6113649584e-02
-3.3741477345e-01   -6.5279710465e-01   7.9405496922e-02
-3.3773029317e-01   -6.5338743470e-01   7.9443108044e-02
-3.4090063216e-01   -6.5931362678e-01   7.9824643284e-02
-3.7414523987e-01   -7.2082916257e-01   8.4215928199e-02
-3.7449206809e-01   -7.2146458519e-01   8.4265447676e-02
-3.7797624254e-01   -7.2784029675e-01   8.4767107906e-02
-4.1442525509e-01   -7.9366233991e-01   9.0468234330e-02
-4.1480464062e-01   -7.9433861678e-01   9.0531888838e-02
-4.1861483264e-01   -8.0111989636e-01   9.1176069487e-02
-4.5835446018e-01   -8.7063503112e-01   9.8423023831e-02
-4.5876688916e-01   -8.7134426770e-01   9.8503274087e-02
-4.6290749345e-01   -8.7845006721e-01   9.9314679124e-02
-5.0592861103e-01   -9.5061790848e-01   1.0836236465e-01
-5.0637344267e-01   -9.5134740589e-01   1.0846181233e-01
-5.1083738108e-01   -9.5864803312e-01   1.0946649084e-01
-5.5699431421e-01   -1.0318808256e+00   1.2057542638e-01
-5.5746932876e-01   -1.0326118499e+00   1.2069664358e-01
-5.6223348698e-01   -1.0399166573e+00   1.2192023952e-01
-6.1119433177e-01   -1.1119590365e+00   1.3533413645e-01
-6.1169519941e-01   -1.1126656780e+00   1.3547939267e-01
-6.1671508336e-01   -1.1197117666e+00   1.3694435758e-01
-6.6790563003e-01   -1.1875444909e+00   1.5285628023e-01
-6.6842533332e-01   -1.1881929114e+00   1.5302714723e-01
-6.7362928461e-01   -1.1946378991e+00   1.5474872558e-01
-7.2617562013e-01   -1.2544431596e+00   1.7325472103e-01
-7.2670389788e-01   -1.2549916687e+00   1.7345155399e-01
-7.3198756930e-01   -1.2604150073e+00   1.7543253944e-01
-7.8466659716e-01   -1.3076543381e+00   1.9647437416e-01
-7.8518952382e-01   -1.3080548561e+00   1.9669570400e-01
-7.9041177934e-01   -1.3119733003e+00   1.9892033646e-01
-8.4162371924e-01   -1.3416352696e+00   2.2222369917e-01
-8.4212358174e-01   -1.3418367322e+00   2.2246562657e-01
-8.4710546204e-01   -1.3437394657e+00   2.2489356962e-01
-8.9488650083e-01   -1.3508024920e+00   2.4991446953e-01
-8.9534216616e-01   -1.3507565161e+00   2.5017021886e-01
-8.9987085884e-01   -1.3501629229e+00   2.5273223133e-01
-9.4196506280e-01   -1.3302771819e+00   2.7863059394e-01
-9.4235301538e-01   -1.3299457392e+00   2.7889043829e-01
-9.4619259487e-01   -1.3264829203e+00   2.8148786649e-01
-9.8019685129e-01   -1.2768001147e+00   3.0714996761e-01
-9.8049298862e-01   -1.2761640798e+00   3.0740173220e-01
-9.8340274265e-01   -1.2696522908e+00   3.0991187207e-01
-1.0069845476e+00   -1.1896376054e+00   3.3403776560e-01
-1.0071666430e+00   -1.1887041136e+00   3.3426801423e-01
-1.0089259641e+00   -1.1792290863e+00   3.3655630721e-01
-1.0090957018e+00   -1.1782676417e+00   3.3678369392e-01
-1.0107305975e+00   -1.1685150332e+00   3.3904273060e-01
-1.0108878090e+00   -1.1675260305e+00   3.3926712827e-01
-1.0123966261e+00   -1.1574999352e+00   3.4149564607e-01
-1.0125411491e+00   -1.1564837986e+00   3.4171692934e-01
-1.0139222987e+00   -1.1461886017e+00   3.4391368428e-01
-1.0140539779e+00   -1.1451457840e+00   3.4413172975e-01
-1.0153059381e+00   -1.1345861581e+00   3.4629549843e-01
-1.0154246245e+00   -1.1335171408e+00   3.4651018486e-01
-1.0165459427e+00   -1.1226980417e+00   3.4863976643e-01
-1.0166514948e+00   -1.1216033343e+00   3.4885097492e-01
-1.0176407901e+00   -1.1105299959e+00   3.5094519301e-01
-1.0177330733e+00   -1.1094101357e+00   3.5115280723e-01
-1.0185890385e+00   -1.0980880647e+00   3.5321051187e-01
-1.0186679260e+00   -1.0969436157e+00   3.5341441819e-01
-1.0193893301e+00   -1.0853785855e+00   3.5543448768e-01
-1.0194547025e+00   -1.0842101382e+00   3.5563457540e-01
-1.0200403926e+00   -1.0724081823e+00   3.5761591812e-01
-1.0200921387e+00   -1.0712163527e+00   3.5781207967e-01
-1.0205410416e+00   -1.0591837568e+00   3.5975363589e-01
-1.0205790581e+00   -1.0579691859e+00   3.5994576694e-01
-1.0208901827e+00   -1.0457124806e+00   3.6184651055e-01
-1.0209143746e+00   -1.0444758335e+00   3.6203451021e-01
-1.0210868134e+00   -1.0320017854e+00   3.6389345038e-01
-1.0210970943e+00   -1.0307437502e+00   3.6407722141e-01
-1.0211300249e+00   -1.0180593532e+00   3.6589340420e-01
-1.0211263168e+00   -1.0167806402e+00   3.6607285308e-01
-1.0210190035e+00   -1.0038931054e+00   3.6784536298e-01
-1.0210012372e+00   -1.0025944463e+00   3.6802040016e-01
-1.0207530325e+00   -9.8951119226e-01   3.6974836157e-01
-1.0207211477e+00   -9.8819333899e-01   3.6991890151e-01
-1.0203314933e+00   -9.7492198107e-01   3.7160148012e-01
-1.0202854387e+00   -9.7358570461e-01   3.7176744151e-01
-1.0197538669e+00   -9.6013404385e-01   3.7340384560e-01
-1.0196936003e+00   -9.5878013319e-01   3.7356515143e-01
-1.0190197345e+00   -9.4515614489e-01   3.7515463311e-01
-1.0189452229e+00   -9.4378540587e-01   3.7531121083e-01
-1.0181287792e+00   -9.2999722771e-01   3.7685306715e-01
-1.0180399987e+00   -9.2861048181e-01   3.7700484874e-01
-1.0170807859e+00   -9.1466640160e-01   3.7849842271e-01
-1.0169777221e+00   -9.1326448467e-01   3.7864534482e-01
-1.0158756426e+00   -8.9917292781e-01   3.8009002640e-01
-1.0157582904e+00   -8.9775668884e-01   3.8023203039e-01
-1.0145133405e+00   -8.8352620544e-01   3.8162725729e-01
-1.0143817043e+00   -8.8209650523e-01   3.8176428934e-01
-1.0129939745e+00   -8.6773575702e-01   3.8310954776e-01
-1.0128480681e+00   -8.6629346687e-01   3.8324155895e-01
-1.0113177432e+00   -8.5181121385e-01   3.8453638422e-01
-1.0111575897e+00   -8.5035721422e-01   3.8466333055e-01
-1.0094849489e+00   -8.3576230117e-01   3.8590730765e-01
-1.0093105810e+00   -8.3429748031e-01   3.8602915011e-01
-1.0074959975e+00   -8.1959882312e-01   3.8722191410e-01
-1.0073074571e+00   -8.1812407571e-01   3.8733861872e-01
-1.0053513979e+00   -8.0333064763e-01   3.8847985503e-01
-1.0051487365e+00   -8.0184687339e-01   3.8859139288e-01
-1.0030517619e+00   -7.8696769125e-01   3.8968083753e-01
-1.0028350402e+00   -7.8547579357e-01   3.8978718474e-01
-1.0005978032e+00   -7.7051990389e-01   3.9082462442e-01
-1.0003670910e+00   -7.6902078843e-01   3.9092576219e-01
-9.9799033649e-01   -7.5399725363e-01   3.9191103427e-01
-9.9774571294e-01   -7.5249182696e-01   3.9200694887e-01
-9.9523027691e-01   -7.3740971159e-01   3.9293994123e-01
-9.9497183009e-01   -7.3589887981e-01   3.9303062397e-01
-9.9231863844e-01   -7.2076723691e-01   3.9391127481e-01
-9.9204646538e-01   -7.1925190428e-01   3.9399672202e-01
-9.8925653281e-01   -7.0407976181e-01   3.9482501951e-01
-9.8897073939e-01   -7.0256082942e-01   3.9490523249e-01
-9.8604516804e-01   -6.8735717693e-01   3.9568121435e-01
-9.8574586880e-01   -6.8583554136e-01   3.9575619932e-01
-9.8268584685e-01   -6.7060931683e-01   3.9647995226e-01
-9.8237316485e-01   -6.6908586885e-01   3.9654972033e-01
-9.7917996492e-01   -6.5384594578e-01   3.9722137942e-01
-9.7885403158e-01   -6.5232156909e-01   3.9728594649e-01
-9.7552900901e-01   -6.3707674387e-01   3.9790569441e-01
-9.7518996395e-01   -6.3555231384e-01   3.9796508110e-01
-9.7173455502e-01   -6.2031129343e-01   3.9853314736e-01
-9.7138254585e-01   -6.1878767587e-01   3.9858737893e-01
-9.6779826583e-01   -6.0355906584e-01   3.9910403893e-01
-9.6743344795e-01   -6.0203711583e-01   3.9915314519e-01
-9.6372188906e-01   -5.8682940872e-01   3.9961871920e-01
-9.6334442548e-01   -5.8530996947e-01   3.9966273437e-01
-9.5950725477e-01   -5.7013153359e-01   4.0007758651e-01
-9.5911731585e-01   -5.6861543537e-01   4.0011654916e-01
-9.5515627294e-01   -5.5347450401e-01   4.0048108618e-01
-9.5475403619e-01   -5.5196256303e-01   4.0051503908e-01
-9.5067093095e-01   -5.3686722413e-01   4.0082970917e-01
-9.5025658080e-01   -5.3536024158e-01   4.0085869917e-01
-9.4605329095e-01   -5.2031842783e-01   4.0112399068e-01
-9.4562701847e-01   -5.1881718889e-01   4.0114806857e-01
-9.4130548706e-01   -5.0383666836e-01   4.0136450861e-01
-9.4086748974e-01   -5.0234194129e-01   4.0138372899e-01
-9.3642972262e-01   -4.8743030854e-01   4.0155188206e-01
-9.3598020409e-01   -4.8594284385e-01   4.0156630320e-01
-9.3142826725e-01   -4.7110751157e-01   4.0168676969e-01
-9.3096743703e-01   -4.6962804114e-01   4.0169645339e-01
-9.2630345391e-01   -4.5487623231e-01   4.0176986808e-01
-9.2583152712e-01   -4.5340546872e-01   4.0177487947e-01
-9.2105767589e-01   -4.3874420931e-01   4.0180191001e-01
-9.2057487298e-01   -4.3728284507e-01   4.0180231744e-01
-9.1569338373e-01   -4.2271895735e-01   4.0178366269e-01
-9.1519993022e-01   -4.2126766428e-01   4.0177953755e-01
-9.1021308211e-01   -4.0680776058e-01   4.0171592600e-01
-9.0970920828e-01   -4.0536718922e-01   4.0170734258e-01
-9.0461932673e-01   -3.9101766635e-01   4.0159953070e-01
-9.0410526732e-01   -3.8958844543e-01   4.0158656598e-01
-8.9891472107e-01   -3.7535547961e-01   4.0143533653e-01
-8.9839071503e-01   -3.7393821557e-01   4.0141807005e-01
-8.9310191323e-01   -3.5982775795e-01   4.0122423043e-01
-8.9256820340e-01   -3.5842303451e-01   4.0120274409e-01
-8.8718359272e-01   -3.4444080724e-01   4.0096712459e-01
-8.8664042554e-01   -3.4304918504e-01   4.0094150251e-01
-8.8116248721e-01   -3.2920067788e-01   4.0066495466e-01
-8.8061011242e-01   -3.2782269418e-01   4.0063528300e-01
-8.7504135929e-01   -3.1411316171e-01   4.0031867781e-01
-8.7448002966e-01   -3.1274933013e-01   4.0028504459e-01
-8.6882300326e-01   -2.9918378946e-01   3.9992927090e-01
-8.6825297429e-01   -2.9783459978e-01   3.9989176584e-01
-8.6251024195e-01   -2.8441782882e-01   3.9949772861e-01
-8.6193177155e-01   -2.8308374681e-01   3.9945644294e-01
-8.5610592344e-01   -2.6982028304e-01   3.9902506155e-01
-8.5551927168e-01   -2.6850175041e-01   3.9898008789e-01
-8.4961291797e-01   -2.5539589020e-01   3.9851229450e-01
-8.4901834677e-01   -2.5409332452e-01   3.9846372664e-01
-8.4303411475e-01   -2.4114912292e-01   3.9796046453e-01
-8.4243188759e-01   -2.3986291763e-01   3.9790839729e-01
-8.3637241885e-01   -2.2708418865e-01   3.9737061926e-01
-8.3576280050e-01   -2.2581471312e-01   3.9731514836e-01
-8.2963074814e-01   -2.1320503046e-01   3.9674381511e-01
-8.2901400441e-01   -2.1195263009e-01   3.9668503695e-01
-8.2281203027e-01   -1.9951532839e-01   3.9608111555e-01
-8.2218842768e-01   -1.9828032473e-01   3.9601912710e-01
-8.1591919968e-01   -1.8601850114e-01   3.9538358944e-01
-8.1528900524e-01   -1.8480119210e-01   3.9531848809e-01
-8.0895519470e-01   -1.7271770838e-01   3.9465230941e-01
-8.0831867562e-01   -1.7151836846e-01   3.9458419280e-01
-8.0192295465e-01   -1.5961585338e-01   3.9388835023e-01
-8.0128037809e-01   -1.5843473390e-01   3.9381731610e-01
-7.9482541708e-01   -1.4671558610e-01   3.9309278725e-01
-7.9417704991e-01   -1.4555291550e-01   3.9301893336e-01
-7.8766551502e-01   -1.3401930663e-01   3.9226669496e-01
-7.8701162357e-01   -1.3287529086e-01   3.9219011889e-01
-7.8044617432e-01   -1.2152916907e-01   3.9141114548e-01
-7.7978702412e-01   -1.2040399190e-01   3.9133194453e-01
-7.7317031105e-01   -1.0924708569e-01   3.9052720719e-01
-7.7250616663e-01   -1.0814090912e-01   3.9044547825e-01
-7.6584082900e-01   -9.7174731429e-02   3.8961594339e-01
-7.6517195364e-01   -9.6087696122e-02   3.8953178283e-01
-7.5846061723e-01   -8.5313548708e-02   3.8867841099e-01
-7.5778727277e-01   -8.4245774436e-02   3.8859191453e-01
-7.5103254774e-01   -7.3664752487e-02   3.8771565930e-01
-7.5035499434e-01   -7.2616338605e-02   3.8762692191e-01
-7.4355947317e-01   -6.2229335597e-02   3.8672872887e-01
-7.4287796912e-01   -6.1200361537e-02   3.8663784467e-01
-7.3604422461e-01   -5.1008074287e-02   3.8571865033e-01
-7.3535902615e-01   -4.9998600076e-02   3.8562571250e-01
-7.2848960954e-01   -4.0001533982e-02   3.8468644339e-01
-7.2780097064e-01   -3.9011600771e-02   3.8459154405e-01
-7.2089840975e-01   -2.9210075212e-02   3.8363311581e-01
-7.2020658197e-01   -2.8239705827e-02   3.8353634595e-01
-7.1327337947e-01   -1.8633859714e-02   3.8255966249e-01
-7.1257861176e-01   -1.7683059214e-02   3.8246111187e-01
-7.0561724350e-01   -8.2728566590e-03   3.8146706454e-01
-7.0491978205e-01   -7.3416129120e-03   3.8136682166e-01
-6.9793269547e-01   1.8731509965e-03   3.8035628855e-01
-6.9723278356e-01   2.7848667335e-03   3.8025444052e-01
-6.9022239618e-01   1.1804560064e-02   3.7922828575e-01
-6.8952027400e-01   1.2696792554e-02   3.7912491827e-01
-6.8248897201e-01   2.1521940604e-02   3.7808399135e-01
-6.8178487658e-01   2.2394750034e-02   3.7797918861e-01
-6.7473501348e-01   3.1026029342e-02   3.7692432388e-01
-6.7402917846e-01   3.1879490724e-02   3.7681816855e-01
-6.6696307380e-01   4.0317723053e-02   3.7575018463e-01
-6.6625572941e-01   4.1151925619e-02   3.7564275776e-01
-6.5917566760e-01   4.9398071923e-02   3.7456245707e-01
-6.5846704050e-01   5.0213118521e-02   3.7445383809e-01
-6.5137526972e-01   5.8268272899e-02   3.7336200642e-01
-6.5066558286e-01   5.9064279391e-02   3.7325227305e-01
-6.4356431403e-01   6.6929663059e-02   3.7214967918e-01
-6.4285378662e-01   6.7706757717e-02   3.7203890744e-01
-6.3574519242e-01   7.5383713003e-02   3.7092630278e-01
-6.3503403979e-01   7.6142035912e-02   3.7081456693e-01
-6.2792025384e-01   8.3632020285e-02   3.6969268526e-01
-6.2720868735e-01   8.4371722746e-02   3.6958005779e-01
-6.2009180337e-01   9.1676302899e-02   3.6844961497e-01
-6.1938003039e-01   9.2397546842e-02   3.6833616656e-01
-6.1226210147e-01   9.9518392833e-02   3.6719786035e-01
-6.1155032525e-01   1.0022135024e-01   3.6708365987e-01
-6.0443336323e-01   1.0716022970e-01   3.6593816974e-01
-6.0372178286e-01   1.0784508201e-01   3.6582328422e-01
-5.9660775772e-01   1.1460385445e-01   3.6467127126e-01
-5.9589656810e-01   1.1527079201e-01   3.6455576587e-01
-5.8878740744e-01   1.2185140319e-01   3.6339787265e-01
-5.8807679919e-01   1.2250062472e-01   3.6328181074e-01
-5.8097438780e-01   1.2890510114e-01   3.6211866130e-01
-5.8026454725e-01   1.2953681312e-01   3.6200210433e-01
-5.7317072670e-01   1.3576725660e-01   3.6083430412e-01
-5.0297678183e-01   1.8979132996e-01   3.4902500551e-01
-5.0228412597e-01   1.9025929094e-01   3.4890647797e-01
-4.9537014274e-01   1.9486444498e-01   3.4772148702e-01
-4.2769918769e-01   2.3391538423e-01   3.3596221682e-01
-4.2703773860e-01   2.3424573651e-01   3.3584596542e-01
-4.2044160784e-01   2.3748824175e-01   3.3468539730e-01
-3.5645837132e-01   2.6425502382e-01   3.2331179870e-01
-3.5583785828e-01   2.6447474494e-01   3.2320048958e-01
-3.4965486222e-01   2.6662400712e-01   3.2209031069e-01
-2.9012065356e-01   2.8372778852e-01   3.1129853888e-01
-2.8954702474e-01   2.8386213844e-01   3.1119360569e-01
-2.8383493910e-01   2.8516946556e-01   3.1014763736e-01
-2.2916819643e-01   2.9497671157e-01   3.0003010674e-01
-2.2864427789e-01   2.9504788238e-01   2.9993210374e-01
-2.2342999809e-01   2.9573349036e-01   2.9895553831e-01
-1.7377435234e-01   3.0027103300e-01   2.8953390987e-01
-1.7330053057e-01   3.0029766010e-01   2.8944281683e-01
-1.6858688501e-01   3.0054612132e-01   2.8853523551e-01
-1.2387707591e-01   3.0148425945e-01   2.7978727589e-01
-1.2345192857e-01   3.0148147146e-01   2.7970273517e-01
-1.1922394855e-01   3.0144240861e-01   2.7886044441e-01
-7.9244261116e-02   3.0011753404e-01   2.7074000992e-01
-7.8865099046e-02   3.0009729196e-01   2.7066149642e-01
-7.5095390002e-02   2.9988886172e-01   2.6987919616e-01
-3.9528411868e-02   2.9734512058e-01   2.6233001508e-01
8.9041584886e-03   2.9274393222e-01   2.5143898552e-01
9.1878421389e-03   2.9271542653e-01   2.5137265011e-01
1.2007574765e-02   2.9243227744e-01   2.5071147562e-01
3.8564869682e-02   2.8986133754e-01   2.4431004388e-01
7.4732669965e-02   2.8729695578e-01   2.3500454232e-01
1.0546911808e-01   2.8721439126e-01   2.2646706210e-01
1.0565077685e-01   2.8722308388e-01   2.2641476287e-01
1.0745790826e-01   2.8731680179e-01   2.2589331319e-01
1.2464262950e-01   2.8895142697e-01   2.2083001379e-01
1.4878001735e-01   2.9417794749e-01   2.1344036954e-01
1.7043188979e-01   3.0282762477e-01   2.0666951989e-01
1.9046280254e-01   3.1501198973e-01   2.0050537472e-01
1.9058733416e-01   3.1510141875e-01   2.0046791860e-01
1.9183075473e-01   3.1600380600e-01   2.0009473285e-01
2.0411146208e-01   3.2583967968e-01   1.9650135831e-01
2.2305578644e-01   3.4420046481e-01   1.9139743362e-01
2.4218694250e-01   3.6621759515e-01   1.8695396833e-01
2.4231098741e-01   3.6637017155e-01   1.8692777992e-01
2.4355302907e-01   3.6790419373e-01   1.8666749124e-01
2.5615672431e-01   3.8407032640e-01   1.8422733948e-01
2.7673396507e-01   4.1236034431e-01   1.8103523565e-01
2.9869838888e-01   4.4428169046e-01   1.7867334660e-01
2.9884400717e-01   4.4449730016e-01   1.7866110755e-01
3.0030405393e-01   4.4666134722e-01   1.7854079555e-01
3.1530541031e-01   4.6908826191e-01   1.7755109274e-01
3.4034237561e-01   5.0693219648e-01   1.7683311178e-01
3.4050900828e-01   5.0718454049e-01   1.7683198729e-01
3.4218005706e-01   5.0971495909e-01   1.7682326443e-01
3.5937029972e-01   5.3569448133e-01   1.7699516257e-01
3.8805261045e-01   5.7854769938e-01   1.7827133369e-01
3.8824315107e-01   5.7882930579e-01   1.7828369082e-01
3.9015356497e-01   5.8165009663e-01   1.7841030824e-01
4.0975626100e-01   6.1028436111e-01   1.7998860490e-01
4.4218594343e-01   6.5615001046e-01   1.8365952668e-01
4.4239994822e-01   6.5644543488e-01   1.8368795391e-01
4.4454446010e-01   6.5940012153e-01   1.8397579175e-01
4.6641940203e-01   6.8891056862e-01   1.8721688989e-01
5.0201459146e-01   7.3414055958e-01   1.9365472700e-01
5.0224674248e-01   7.3442277898e-01   1.9370140094e-01
5.0457097406e-01   7.3723843287e-01   1.9417203631e-01
5.2804892369e-01   7.6462040145e-01   1.9926925981e-01
5.6525810390e-01   8.0348863410e-01   2.0865976180e-01
5.6549632954e-01   8.0371703812e-01   2.0872526747e-01
5.6787799110e-01   8.0598483811e-01   2.0938405819e-01
5.9157482292e-01   8.2688864061e-01   2.1633678654e-01
6.2762187775e-01   8.5178210187e-01   2.2843703241e-01
6.2784598770e-01   8.5190560076e-01   2.2851870000e-01
6.3008147820e-01   8.5311341861e-01   2.2933809501e-01
6.5179405319e-01   8.6233252692e-01   2.3778114117e-01
6.8266986125e-01   8.6519474621e-01   2.5166198547e-01
7.0833638755e-01   8.5228612214e-01   2.6583676188e-01
7.0848019746e-01   8.5215023245e-01   2.6592685166e-01
7.0990283514e-01   8.5075359734e-01   2.6682677540e-01
7.2250280410e-01   8.3301647446e-01   2.7568762422e-01
7.3563862129e-01   7.9186657068e-01   2.8868064218e-01
7.3569466462e-01   7.9155332971e-01   2.8875896614e-01
7.3623474159e-01   7.8838756080e-01   2.8953829187e-01
7.3955679528e-01   7.5354037567e-01   2.9690323869e-01
7.3957058384e-01   7.5316408994e-01   2.9697262911e-01
7.3968699038e-01   7.4937268643e-01   2.9766155571e-01
7.3868280721e-01   7.0880151064e-01   3.0402248789e-01
7.3865272686e-01   7.0837331481e-01   3.0408098362e-01
7.3833002539e-01   7.0406906115e-01   3.0466010832e-01
7.3291790460e-01   6.5903205448e-01   3.0984602555e-01
7.3284382255e-01   6.5856559199e-01   3.0989214608e-01
7.3208144373e-01   6.5388592067e-01   3.1034693122e-01
7.2233195640e-01   6.0583977486e-01   3.1424051352e-01
7.2221527775e-01   6.0535020288e-01   3.1427335308e-01
7.2102802789e-01   6.0044714247e-01   3.1459504018e-01
7.0716319704e-01   5.5093879526e-01   3.1713893109e-01
7.0700680224e-01   5.5044165344e-01   3.1715819409e-01
7.0542417922e-01   5.4547048888e-01   3.1734412756e-01
6.8780495404e-01   4.9602363326e-01   3.1854111739e-01
6.8761302370e-01   4.9553373152e-01   3.1854709268e-01
6.8567741408e-01   4.9064193176e-01   3.1860043377e-01
6.6478094600e-01   4.4265351834e-01   3.1850787836e-01
6.6455869490e-01   4.4218398748e-01   3.1850136043e-01
6.6232267665e-01   4.3750182379e-01   3.1843027618e-01
6.3871221786e-01   3.9216094279e-01   3.1715001812e-01
6.3846557067e-01   3.9172255135e-01   3.1713219106e-01
6.3598865160e-01   3.8735641506e-01   3.1694868088e-01
6.1027964562e-01   3.4559291423e-01   3.1461431700e-01
6.1001489161e-01   3.4519369893e-01   3.1458662108e-01
6.0736005531e-01   3.4122256319e-01   3.1430517901e-01
5.8018607902e-01   3.0368701067e-01   3.1106864778e-01
5.7990954078e-01   3.0333221166e-01   3.1103264762e-01
5.7713994898e-01   2.9980712397e-01   3.1066894936e-01
5.4912167047e-01   2.6687871874e-01   3.0668814155e-01
5.4883941473e-01   2.6657096753e-01   3.0664541087e-01
5.4601554231e-01   2.6351703537e-01   3.0621517207e-01
5.1773497523e-01   2.3533276160e-01   3.0164374407e-01
5.1745258402e-01   2.3507244557e-01   3.0159577597e-01
5.1462996304e-01   2.3249254738e-01   3.0111386931e-01
4.8661126701e-01   2.0898954770e-01   2.9609383653e-01
4.4416619781e-01   1.8023138968e-01   2.8768302365e-01
4.4390231783e-01   1.8007719886e-01   2.8762764748e-01
4.4126959915e-01   1.7855513607e-01   2.8707301067e-01
4.1559844337e-01   1.6525458311e-01   2.8145341394e-01
3.7819515316e-01   1.5086721840e-01   2.7250714125e-01
3.7796790431e-01   1.5079815761e-01   2.7244968755e-01
3.7570413821e-01   1.5012255364e-01   2.7187511568e-01
3.5395961882e-01   1.4480095764e-01   2.6613398686e-01
3.2334214240e-01   1.4115480247e-01   2.5723189764e-01
2.9699507971e-01   1.4226382333e-01   2.4851242037e-01
2.9684043594e-01   1.4228414612e-01   2.4845742270e-01
2.9530361771e-01   1.4249593174e-01   2.4790802125e-01
2.8089247008e-01   1.4542840861e-01   2.4247427419e-01
2.6178063798e-01   1.5266412341e-01   2.3421587320e-01
2.4669287113e-01   1.6263945201e-01   2.2628077169e-01
2.3541156155e-01   1.7495563385e-01   2.1869518191e-01
2.2770470780e-01   1.8936926758e-01   2.1148081662e-01
2.2766644080e-01   1.8946786830e-01   2.1143592848e-01
2.2729128773e-01   1.9045831498e-01   2.1098792953e-01
2.2428031188e-01   2.0080495593e-01   2.0659732657e-01
2.2217949938e-01   2.1860285182e-01   2.0006681287e-01
2.2310916091e-01   2.3842806550e-01   1.9396934151e-01
2.2693278085e-01   2.6040806397e-01   1.8833542696e-01
2.3355618655e-01   2.8472294383e-01   1.8320270909e-01
2.3360740941e-01   2.8488636920e-01   1.8317159923e-01
2.3412580764e-01   2.8652636661e-01   1.8286173336e-01
2.3992554065e-01   3.0351302461e-01   1.7988921417e-01
2.5123831270e-01   3.3232879673e-01   1.7572746599e-01
2.6530144068e-01   3.6409186242e-01   1.7222017576e-01
2.6540028820e-01   3.6430490714e-01   1.7220002383e-01
2.6639504718e-01   3.6644247983e-01   1.7200016173e-01
2.7697431049e-01   3.8854066675e-01   1.7017221688e-01
2.9585537236e-01   4.2581032476e-01   1.6798242261e-01
2.9598538687e-01   4.2605946444e-01   1.6797124021e-01
2.9729208771e-01   4.2855850910e-01   1.6786147982e-01
3.1101865606e-01   4.5431557145e-01   1.6697691841e-01
3.3492431313e-01   4.9738211696e-01   1.6643251648e-01
3.3508683273e-01   4.9766821708e-01   1.6643258079e-01
3.3671882757e-01   5.0053658128e-01   1.6643582240e-01
3.5372032712e-01   5.2994184094e-01   1.6673654120e-01
3.8279885445e-01   5.7838175333e-01   1.6826220417e-01
3.8299449873e-01   5.7870016855e-01   1.6827640473e-01
3.8495768985e-01   5.8188987644e-01   1.6842165936e-01
4.0525901454e-01   6.1429922797e-01   1.7020869219e-01
4.0546811439e-01   6.1462759244e-01   1.7022972203e-01
4.0756566403e-01   6.1791537462e-01   1.7044355769e-01
4.2918604519e-01   6.5114757310e-01   1.7294521674e-01
4.2940806321e-01   6.5148256282e-01   1.7297365626e-01
4.3163444296e-01   6.5483467735e-01   1.7326187320e-01
4.5450183247e-01   6.8849966119e-01   1.7653527953e-01
4.5473588189e-01   6.8883687012e-01   1.7657168702e-01
4.5708202914e-01   6.9220868313e-01   1.7693984825e-01
4.8108489158e-01   7.2580062807e-01   1.8103799677e-01
4.8132965185e-01   7.2613443364e-01   1.8108287155e-01
4.8378212318e-01   7.2946908686e-01   1.8153592936e-01
5.0876076557e-01   7.6235475738e-01   1.8650341562e-01
5.0901439450e-01   7.6267822317e-01   1.8655715026e-01
5.1155448638e-01   7.6590568626e-01   1.8709896285e-01
5.3729232840e-01   7.9731799192e-01   1.9296659591e-01
5.3755237649e-01   7.9762283590e-01   1.9302941736e-01
5.4015527197e-01   8.0065962990e-01   1.9366215479e-01
5.6637077441e-01   8.2969956242e-01   2.0044051847e-01
5.6663410989e-01   8.2997622507e-01   2.0051241947e-01
5.6926813699e-01   8.3272616300e-01   2.0123587370e-01
5.9560839215e-01   8.5837675929e-01   2.0890809238e-01
6.3615133024e-01   8.9012791246e-01   2.2240963790e-01
6.3640526184e-01   8.9029179977e-01   2.2250136210e-01
6.3893953742e-01   8.9190047848e-01   2.2342208255e-01
6.6368277900e-01   9.0478356788e-01   2.3295277445e-01
6.9931575652e-01   9.1174518344e-01   2.4878191614e-01
6.9952807362e-01   9.1173276119e-01   2.4888561121e-01
7.0163878127e-01   9.1156672881e-01   2.4992371349e-01
7.2139094770e-01   9.0561971634e-01   2.6037671277e-01
7.4640995444e-01   8.8007855263e-01   2.7658033255e-01
7.4654344231e-01   8.7985050579e-01   2.7668173044e-01
7.4785834872e-01   8.7752499182e-01   2.7769339940e-01
7.5892131624e-01   8.4982533993e-01   2.8752761957e-01
7.6794368301e-01   7.9124482951e-01   3.0143962070e-01
7.6796675800e-01   7.9081554762e-01   3.0152121948e-01
7.6817259190e-01   7.8648750159e-01   3.0233140379e-01
7.6770841687e-01   7.3992525239e-01   3.0981377699e-01
7.6768040102e-01   7.3943184667e-01   3.0988257671e-01
7.6737463896e-01   7.3447023874e-01   3.1056367592e-01
7.6175726890e-01   6.8239187229e-01   3.1665665268e-01
7.6167767298e-01   6.8185125501e-01   3.1671075941e-01
7.6085638133e-01   6.7642658916e-01   3.1724417949e-01
7.5014324562e-01   6.2065155413e-01   3.2179828969e-01
7.5001353435e-01   6.2008274320e-01   3.2183655811e-01
7.4869232457e-01   6.1438583962e-01   3.2221123830e-01
7.3313411642e-01   5.5686013661e-01   3.2515559465e-01
7.3295764192e-01   5.5628269752e-01   3.2517768152e-01
7.3117092328e-01   5.5050906534e-01   3.2539058449e-01
7.1119616681e-01   4.9314827617e-01   3.2673335399e-01
7.1097794424e-01   4.9258078179e-01   3.2673968280e-01
7.0877660842e-01   4.8691528714e-01   3.2679539943e-01
6.8496191948e-01   4.3146171285e-01   3.2661590593e-01
6.8470827541e-01   4.3092044002e-01   3.2660755474e-01
6.8215612856e-01   4.2552443699e-01   3.2651714948e-01
6.5518621646e-01   3.7343710294e-01   3.2495153756e-01
6.5490435723e-01   3.7293512086e-01   3.2493007436e-01
6.5207377803e-01   3.6793755455e-01   3.2470942122e-01
6.2269637194e-01   3.2032580109e-01   3.2193271246e-01
6.2239392590e-01   3.1987251687e-01   3.2190000841e-01
6.1936128878e-01   3.1536560559e-01   3.2156792020e-01
5.8834226404e-01   2.7296786676e-01   3.1777544920e-01
5.8802684788e-01   2.7256900526e-01   3.1773349818e-01
5.8486820989e-01   2.6860823556e-01   3.1730993138e-01
5.5295137051e-01   2.3180991336e-01   3.1270065638e-01
5.5263021855e-01   2.3146784375e-01   3.1265142218e-01
5.4941765105e-01   2.2807537688e-01   3.1215596640e-01
5.1729223408e-01   1.9695498585e-01   3.0691927352e-01
5.1697191410e-01   1.9666927491e-01   3.0686457643e-01
5.1377070679e-01   1.9383955988e-01   3.0631534119e-01
4.8204810994e-01   1.6823086269e-01   3.0062200716e-01
4.8173433358e-01   1.6799893423e-01   3.0056345259e-01
4.7860114564e-01   1.6570532533e-01   2.9997637388e-01
4.4780097627e-01   1.4526435558e-01   2.9397355440e-01
4.0213083302e-01   1.2169004157e-01   2.8426784862e-01
4.0185047209e-01   1.2156944005e-01   2.8420509063e-01
3.9905568783e-01   1.2038314925e-01   2.8357723209e-01
3.7202729903e-01   1.1040414620e-01   2.7728273691e-01
3.3336008423e-01   1.0090646019e-01   2.6746840435e-01
3.3312772702e-01   1.0086693872e-01   2.6740605306e-01
3.3081477145e-01   1.0048533949e-01   2.6678292341e-01
3.0875570196e-01   9.7955984398e-02   2.6059559670e-01
2.7819003818e-01   9.8083397079e-02   2.5111891195e-01
2.5237667246e-01   1.0219606517e-01   2.4194067236e-01
2.5222658542e-01   1.0223311291e-01   2.4188303957e-01
2.5073599550e-01   1.0261043860e-01   2.4130747039e-01
2.3684474976e-01   1.0702991609e-01   2.3562889757e-01
2.1868839267e-01   1.1600571469e-01   2.2703718240e-01
2.0462054330e-01   1.2707243824e-01   2.1881019460e-01
1.9432652077e-01   1.3991536405e-01   2.1095658897e-01
1.8750366585e-01   1.5437656080e-01   2.0348387804e-01
1.8747060405e-01   1.5447410278e-01   2.0343734261e-01
1.8714715660e-01   1.5545307413e-01   2.0297286472e-01
1.8461675344e-01   1.6560033001e-01   1.9841629530e-01
1.8312174488e-01   1.8281308603e-01   1.9161707215e-01
1.8446389936e-01   2.0178358007e-01   1.8523100053e-01
1.8850087413e-01   2.2270924623e-01   1.7927896466e-01
1.9514362469e-01   2.4584055141e-01   1.7378902376e-01
1.9519437405e-01   2.4599615124e-01   1.7375548333e-01
1.9570763384e-01   2.4755777459e-01   1.7342120151e-01
2.0141678431e-01   2.6375315306e-01   1.7019297921e-01
2.1245683933e-01   2.9134436236e-01   1.6558467024e-01
2.2611577355e-01   3.2198551513e-01   1.6156543342e-01
2.2621169855e-01   3.2219195900e-01   1.6154177774e-01
2.2717703246e-01   3.2426402384e-01   1.6130670988e-01
2.3744477403e-01   3.4576454222e-01   1.5910943773e-01
2.5580228161e-01   3.8237966195e-01   1.5627554180e-01
2.5592891884e-01   3.8262601308e-01   1.5625996888e-01
2.5720188307e-01   3.8509829627e-01   1.5610610896e-01
2.7059890388e-01   4.1071094562e-01   1.5476092974e-01
2.9405849337e-01   4.5410443609e-01   1.5342406144e-01
2.9421860465e-01   4.5439522578e-01   1.5341877903e-01
2.9582691244e-01   4.5731251429e-01   1.5336836179e-01
3.1263742824e-01   4.8742508001e-01   1.5311379657e-01
3.4164490474e-01   5.3790913637e-01   1.5370927540e-01
3.4184123868e-01   5.3824488037e-01   1.5371732094e-01
3.4381224958e-01   5.4161112994e-01   1.5380090119e-01
3.6429300249e-01   5.7613054432e-01   1.5496056251e-01
3.6450491048e-01   5.7648335318e-01   1.5497523924e-01
3.6663174077e-01   5.8001941881e-01   1.5512547942e-01
3.8867488971e-01   6.1613848038e-01   1.5698733689e-01
3.8890242341e-01   6.1650623326e-01   1.5700936910e-01
3.9118546885e-01   6.2019042225e-01   1.5723353374e-01
4.1478149462e-01   6.5764027269e-01   1.5987207968e-01
4.1502442169e-01   6.5801977133e-01   1.5990222594e-01
4.1746119423e-01   6.6181950967e-01   1.6020791154e-01
4.4256711993e-01   7.0021156942e-01   1.6369968782e-01
4.4282482890e-01   7.0059831709e-01   1.6373871376e-01
4.4540899858e-01   7.0446793526e-01   1.6413357066e-01
4.7193813706e-01   7.4327170896e-01   1.6855376015e-01
4.7220952894e-01   7.4365969110e-01   1.6860239819e-01
4.7492983346e-01   7.4753823715e-01   1.6909372088e-01
5.0274033534e-01   7.8606057034e-01   1.7451129566e-01
5.0302370466e-01   7.8644206216e-01   1.7457018924e-01
5.0586275633e-01   7.9025139971e-01   1.7516435028e-01
5.3474539443e-01   8.2762031841e-01   1.8163556463e-01
5.3503830564e-01   8.2798575605e-01   1.8170519523e-01
5.3797135517e-01   8.3162931944e-01   1.8240690672e-01
5.6763732789e-01   8.6678677519e-01   1.8996705356e-01
5.6793649677e-01   8.6712473916e-01   1.9004765057e-01
5.7093025283e-01   8.7048743795e-01   1.9085905510e-01
6.0100022251e-01   9.0219639712e-01   1.9951264336e-01
6.0130141681e-01   9.0249376646e-01   1.9960407994e-01
6.0431306715e-01   9.0544362815e-01   2.0052370329e-01
6.3430913546e-01   9.3231562847e-01   2.1023358133e-01
6.3460711418e-01   9.3255796763e-01   2.1033526339e-01
6.3758374305e-01   9.3495013722e-01   2.1135690446e-01
6.6692652664e-01   9.5549916616e-01   2.2203334414e-01
7.1025545891e-01   9.7320005773e-01   2.4015798833e-01
7.1051829653e-01   9.7324882213e-01   2.4027829441e-01
7.1313477150e-01   9.7368821619e-01   2.4148380672e-01
7.3797348229e-01   9.7307076921e-01   2.5373507488e-01
7.7078560674e-01   9.5255262045e-01   2.7313099433e-01
7.7096717740e-01   9.5234137528e-01   2.7325393474e-01
7.7276115680e-01   9.5017227714e-01   2.7448162129e-01
7.8840266196e-01   9.2283118061e-01   2.8652003232e-01
7.8853686097e-01   9.2250627465e-01   2.8663761037e-01
7.8985349510e-01   9.1920184813e-01   2.8780966150e-01
8.0037923470e-01   8.8074575595e-01   2.9909069099e-01
8.0045934478e-01   8.8031291142e-01   2.9919886378e-01
8.0123215421e-01   8.7593371532e-01   3.0027489900e-01
8.0605620742e-01   8.2730149003e-01   3.1040530832e-01
8.0607717805e-01   8.2677311976e-01   3.1050029352e-01
8.0625662601e-01   8.2144649842e-01   3.1144271043e-01
8.0498819771e-01   7.6421866549e-01   3.2007413742e-01
8.0494714598e-01   7.6361322869e-01   3.2015275456e-01
8.0450558248e-01   7.5752644791e-01   3.2093012936e-01
7.9699075796e-01   6.9381549405e-01   3.2779084474e-01
7.9688730468e-01   6.9315603994e-01   3.2785080343e-01
7.9582222793e-01   6.8654135874e-01   3.2844073209e-01
7.8216578694e-01   6.1881014637e-01   3.3335915109e-01
7.8200216913e-01   6.1812224506e-01   3.3339923465e-01
7.8033723046e-01   6.1123600277e-01   3.3379010661e-01
7.6090045210e-01   5.4207252624e-01   3.3670591027e-01
7.6068138836e-01   5.4138192708e-01   3.3672602366e-01
7.5846492473e-01   5.3448109489e-01   3.3691743137e-01
7.3383929921e-01   4.6636738177e-01   3.3787874998e-01
7.3357162627e-01   4.6569779176e-01   3.3787983034e-01
7.3087292433e-01   4.5901791469e-01   3.3788161134e-01
7.0183373766e-01   3.9413046737e-01   3.3702968664e-01
7.0152587392e-01   3.9350179163e-01   3.3701350297e-01
6.9842973933e-01   3.8723969087e-01   3.3684369248e-01
6.6587655257e-01   3.2730904058e-01   3.3438882678e-01
6.6553786797e-01   3.2673629568e-01   3.3435771426e-01
6.6213830060e-01   3.2103956115e-01   3.3403987018e-01
6.2703071016e-01   2.6728118775e-01   3.3023363039e-01
6.2667088696e-01   2.6677413620e-01   3.3019021027e-01
6.2306470496e-01   2.6173781386e-01   3.2975061670e-01
5.8636132495e-01   2.1485114881e-01   3.2485904973e-01
5.8598978219e-01   2.1441456113e-01   3.2480597772e-01
5.8227091306e-01   2.1008404132e-01   3.2427115211e-01
5.4487768160e-01   1.7030484459e-01   3.1855252632e-01
5.4450311318e-01   1.6993920759e-01   3.1849229736e-01
5.4075803941e-01   1.6631747422e-01   3.1788706995e-01
5.0348942318e-01   1.3350352595e-01   3.1157597366e-01
5.0311947345e-01   1.3320599025e-01   3.1151079357e-01
4.9942405861e-01   1.3026316277e-01   3.1085705747e-01
4.6297822053e-01   1.0399350538e-01   3.0415511202e-01
4.6261929793e-01   1.0375888873e-01   3.0408683276e-01
4.5903698807e-01   1.0144224298e-01   3.0340292532e-01
4.2398398772e-01   8.1114238907e-02   2.9647524849e-01
4.2364120020e-01   8.0935952206e-02   2.9640535493e-01
4.2022243189e-01   7.9179118022e-02   2.9570594647e-01
3.8700326427e-01   6.4093114667e-02   2.8868192856e-01
3.3898465307e-01   4.8494890343e-02   2.7771352164e-01
3.3869427236e-01   4.8422639184e-02   2.7764385259e-01
3.3580248170e-01   4.7717620157e-02   2.7694762618e-01
3.0810311750e-01   4.2309205004e-02   2.7003920905e-01
2.6930422643e-01   3.8958481042e-02   2.5948128735e-01
2.6907399358e-01   3.8954036423e-02   2.5941489762e-01
2.6678407713e-01   3.8920180652e-02   2.5875182735e-01
2.4511753445e-01   3.9564243932e-02   2.5220604541e-01
2.1561440388e-01   4.3554996502e-02   2.4229093231e-01
1.9117290873e-01   5.0251776407e-02   2.3278027375e-01
1.9103208286e-01   5.0301460305e-02   2.3272076907e-01
1.8963428044e-01   5.0802531039e-02   2.3212663014e-01
1.7667861340e-01   5.6204742085e-02   2.2627563394e-01
1.5993659861e-01   6.5850427300e-02   2.1744988149e-01
1.4710364121e-01   7.6642500935e-02   2.0901214873e-01
1.3776318510e-01   8.8383402027e-02   2.0095256829e-01
1.3154109347e-01   1.0101407052e-01   1.9326315385e-01
1.3151062353e-01   1.0109774510e-01   1.9321516780e-01
1.3121218744e-01   1.0193658965e-01   1.9273612715e-01
1.2883930630e-01   1.1054076932e-01   1.8802755594e-01
1.2723954467e-01   1.2485019171e-01   1.8096097325e-01
1.2802998112e-01   1.4036189483e-01   1.7425890393e-01
1.3105546745e-01   1.5731090460e-01   1.6792685959e-01
1.3622092134e-01   1.7597917974e-01   1.6197559543e-01
1.3626072248e-01   1.7610474587e-01   1.6193880260e-01
1.3666345056e-01   1.7736501183e-01   1.6157176868e-01
1.4116247944e-01   1.9044672441e-01   1.5799204324e-01
1.4993028143e-01   2.1282312007e-01   1.5273564601e-01
1.6086255819e-01   2.3787848235e-01   1.4792557298e-01
1.7406436975e-01   2.6602913201e-01   1.4360495613e-01
1.7415638394e-01   2.6622001937e-01   1.4357902094e-01
1.7508197276e-01   2.6813687014e-01   1.4332089940e-01
1.8489230063e-01   2.8812740519e-01   1.4086639415e-01
2.0235077663e-01   3.2260475763e-01   1.3752559917e-01
2.0247108739e-01   3.2283862092e-01   1.3750634755e-01
2.0368045252e-01   3.2518700564e-01   1.3731538261e-01
2.1641309117e-01   3.4967029278e-01   1.3556659319e-01
2.3877841488e-01   3.9181217048e-01   1.3347368727e-01
2.3893151473e-01   3.9209746939e-01   1.3346306113e-01
2.4046979856e-01   3.9496185547e-01   1.3335884299e-01
2.5659648855e-01   4.2476445365e-01   1.3252958166e-01
2.8466590781e-01   4.7574264122e-01   1.3209157082e-01
2.8485706071e-01   4.7608614294e-01   1.3209248551e-01
2.8677698295e-01   4.7953356066e-01   1.3210439903e-01
3.0683006373e-01   5.1525105050e-01   1.3251247856e-01
3.0703856476e-01   5.1561964732e-01   1.3251932893e-01
3.0913239293e-01   5.1931803165e-01   1.3259098048e-01
3.3096522643e-01   5.5753516777e-01   1.3363622489e-01
3.3119187973e-01   5.5792855406e-01   1.3364982756e-01
3.3346759317e-01   5.6187447174e-01   1.3378943343e-01
3.5715251998e-01   6.0251519145e-01   1.3555898836e-01
3.5739796842e-01   6.0293218452e-01   1.3558026000e-01
3.5986189394e-01   6.0711330439e-01   1.3579703498e-01
3.8545042546e-01   6.4999903419e-01   1.3838770427e-01
3.8571506088e-01   6.5043729467e-01   1.3841765366e-01
3.8837096493e-01   6.5482956750e-01   1.3872172747e-01
4.1588360856e-01   6.9964868763e-01   1.4223860059e-01
4.1616745957e-01   7.0010439346e-01   1.4227830940e-01
4.1901541431e-01   7.0466877101e-01   1.4268052700e-01
4.4842912667e-01   7.5094189395e-01   1.4723422545e-01
4.4873172189e-01   7.5140937802e-01   1.4728481296e-01
4.5176672523e-01   7.5608817550e-01   1.4779637285e-01
4.8299987865e-01   8.0313086785e-01   1.5349841780e-01
4.8332008523e-01   8.0360224156e-01   1.5356098443e-01
4.8653043430e-01   8.0831537562e-01   1.5419286205e-01
5.1942544291e-01   8.5520148871e-01   1.6114862913e-01
5.1976128346e-01   8.5566629181e-01   1.6122417350e-01
5.2312673455e-01   8.6030780632e-01   1.6198627725e-01
5.5743090928e-01   9.0583864272e-01   1.7028505490e-01
5.5777936529e-01   9.0628358244e-01   1.7037436014e-01
5.6126916520e-01   9.1071910540e-01   1.7127437880e-01
5.9661498613e-01   9.5340612281e-01   1.8097625068e-01
5.9697180333e-01   9.5381499112e-01   1.8107973882e-01
6.0054274935e-01   9.5788102325e-01   1.8212167002e-01
6.3642956494e-01   9.9595228603e-01   1.9324137228e-01
6.3678908489e-01   9.9630616712e-01   1.9335893096e-01
6.4038386167e-01   9.9981233292e-01   1.9454133719e-01
6.7616399191e-01   1.0312546996e+00   2.0702996091e-01
6.7651904409e-01   1.0315325909e+00   2.0716075533e-01
6.8006518565e-01   1.0342680851e+00   2.0847488135e-01
7.1493836775e-01   1.0569169591e+00   2.2220130239e-01
7.1528026544e-01   1.0570969142e+00   2.2234359656e-01
7.1869017748e-01   1.0588422112e+00   2.2377159546e-01
7.5171096500e-01   1.0705270619e+00   2.3850670541e-01
7.9783917319e-01   1.0650786410e+00   2.6267550017e-01
7.9810621091e-01   1.0649420238e+00   2.6283205898e-01
8.0075420582e-01   1.0635016901e+00   2.6439784157e-01
8.2480592212e-01   1.0415575918e+00   2.7998612854e-01
8.2502242087e-01   1.0412681055e+00   2.8014053201e-01
8.2715940843e-01   1.0382964912e+00   2.8168201613e-01
8.4555424599e-01   1.0009366970e+00   2.9674522756e-01
8.4570932941e-01   1.0004936036e+00   2.9689173907e-01
8.4722711872e-01   9.9598820707e-01   2.9835139450e-01
8.5895648698e-01   9.4369513005e-01   3.1230650565e-01
8.5904088992e-01   9.4310804455e-01   3.1243930777e-01
8.5984788269e-01   9.3717031427e-01   3.1375906900e-01
8.6411636080e-01   8.7148468950e-01   3.2604618756e-01
8.6412337018e-01   8.7077375683e-01   3.2615996278e-01
8.6415392505e-01   8.6361012703e-01   3.2728705931e-01
8.6046588687e-01   7.8706484462e-01   3.3742816904e-01
8.6039211996e-01   7.8625936267e-01   3.3751867398e-01
8.5961421452e-01   7.7816670707e-01   3.3841133794e-01
8.4783608936e-01   6.9406728528e-01   3.4606207787e-01
8.4768196538e-01   6.9320287716e-01   3.4612659551e-01
8.4610172888e-01   6.8453961242e-01   3.4675849552e-01
8.2648770146e-01   5.9662290070e-01   3.5174222448e-01
8.2625750912e-01   5.9573772057e-01   3.5177979944e-01
8.2391968533e-01   5.8688556781e-01   3.5214226980e-01
8.2368232725e-01   5.8600038307e-01   3.5217719050e-01
8.2127324486e-01   5.7714998472e-01   3.5251316428e-01
8.2102880135e-01   5.7626515479e-01   3.5254544021e-01
8.1854927872e-01   5.6742008597e-01   3.5285502023e-01
8.1829783313e-01   5.6653596641e-01   3.5288466245e-01
8.1574871858e-01   5.5769976195e-01   3.5316796710e-01
8.1549035721e-01   5.5681670411e-01   3.5319498823e-01
8.1287252819e-01   5.4799285532e-01   3.5345215114e-01
8.1260734023e-01   5.4711120604e-01   3.5347656529e-01
8.0992170255e-01   5.3830315761e-01   3.5370773497e-01
8.0964977995e-01   5.3742325893e-01   3.5372955773e-01
8.0689726692e-01   5.2863440590e-01   3.5393489728e-01
8.0661870437e-01   5.2775659475e-01   3.5395414567e-01
8.0380027595e-01   5.1899027967e-01   3.5413383236e-01
8.0351517074e-01   5.1811488758e-01   3.5415052479e-01
8.0063181264e-01   5.0937439772e-01   3.5430474970e-01
8.0034026461e-01   5.0850175056e-01   3.5431890597e-01
7.9739298742e-01   4.9979031526e-01   3.5444787357e-01
7.9709509883e-01   4.9892073298e-01   3.5445951478e-01
7.9408493708e-01   4.9024152116e-01   3.5456344256e-01
7.9378081255e-01   4.8937531755e-01   3.5457259109e-01
7.9070882378e-01   4.8073143525e-01   3.5465170911e-01
7.9039857018e-01   4.7986891770e-01   3.5465838859e-01
7.8726583397e-01   4.7126340588e-01   3.5471293904e-01
7.8694956034e-01   4.7040487515e-01   3.5471717427e-01
7.8375717736e-01   4.6184070753e-01   3.5474741107e-01
7.8343499478e-01   4.6098645755e-01   3.5474922801e-01
7.8018408585e-01   4.5246653859e-01   3.5475541630e-01
7.4496473224e-01   3.6997364741e-01   3.5366924587e-01
7.4458953054e-01   3.6917737827e-01   3.5364833723e-01
7.4081455749e-01   3.6124968340e-01   3.5342888245e-01
7.0098638357e-01   2.8578434815e-01   3.5025954649e-01
7.0057103057e-01   2.8506722954e-01   3.5021948802e-01
6.9640111216e-01   2.7793930457e-01   3.4981044389e-01
6.5328272209e-01   2.1115933709e-01   3.4494014516e-01
6.5284050713e-01   2.1053413429e-01   3.4488488739e-01
6.4840849383e-01   2.0432955279e-01   3.4432582558e-01
6.0330992137e-01   1.4707754447e-01   3.3815038296e-01
6.0285365289e-01   1.4654923956e-01   3.3808382918e-01
5.9828718789e-01   1.4131428342e-01   3.3741366762e-01
5.5243022416e-01   9.3724418734e-02   3.3030621499e-01
5.5197153121e-01   9.3291581780e-02   3.3023191262e-01
5.4738617954e-01   8.9009212641e-02   3.2948589097e-01
5.0184744536e-01   5.0666199939e-02   3.2177295236e-01
5.0139631787e-01   5.0322695611e-02   3.2169391121e-01
4.9689108846e-01   4.6929688635e-02   3.2090183492e-01
4.5256882809e-01   1.7041673032e-02   3.1285152856e-01
4.5213338696e-01   1.6778361543e-02   3.1277015214e-01
4.4778853902e-01   1.4182243151e-02   3.1195575450e-01
4.0539052091e-01   -8.2600434301e-03   3.0377580473e-01
4.0497698019e-01   -8.4538322716e-03   3.0369390581e-01
4.0085372738e-01   -1.0360192092e-02   3.0287503667e-01
3.6090165627e-01   -2.6453536531e-02   2.9471745666e-01
3.6051442702e-01   -2.6588859009e-02   2.9463632511e-01
3.5665603222e-01   -2.7915976282e-02   2.9382564743e-01
3.1950131510e-01   -3.8749132066e-02   2.8579508338e-01
2.6683137354e-01   -4.8229097298e-02   2.7359431438e-01
2.6651645235e-01   -4.8265448673e-02   2.7351793507e-01
2.6338256029e-01   -4.8614114428e-02   2.7275534588e-01
2.3357056477e-01   -5.0743048687e-02   2.6525238982e-01
1.9240309427e-01   -5.0124946631e-02   2.5397654222e-01
1.9216069547e-01   -5.0108891645e-02   2.5390625476e-01
1.8975089761e-01   -4.9941247064e-02   2.5320463353e-01
1.6704427164e-01   -4.7634612058e-02   2.4631253635e-01
1.3633607153e-01   -4.2334766265e-02   2.3597179951e-01
1.1093786235e-01   -3.5878136789e-02   2.2613498367e-01
1.1079114137e-01   -3.5834853512e-02   2.2607362913e-01
1.0933434841e-01   -3.5401136743e-02   2.2546112927e-01
9.5773008598e-02   -3.1003712566e-02   2.1943872163e-01
7.7931237187e-02   -2.4108002549e-02   2.1037710331e-01
6.3655639444e-02   -1.7458610093e-02   2.0172327993e-01
5.2380109153e-02   -1.1224787932e-02   1.9344903255e-01
4.3604437948e-02   -5.4686872819e-03   1.8553037264e-01
3.6897565810e-02   -1.8024160656e-04   1.7794687649e-01
3.6860522737e-02   -1.4782955228e-04   1.7789942870e-01
3.6493895476e-02   1.7536622666e-04   1.7742566354e-01
3.3191043127e-02   3.3190942620e-03   1.7275843485e-01
2.9214113503e-02   7.9557165856e-03   1.6570846689e-01
2.6464151863e-02   1.2338111015e-02   1.5895083281e-01
2.4734703560e-02   1.6575227717e-02   1.5247281980e-01
2.3865442076e-02   2.0781648385e-02   1.4626285279e-01
2.3736096472e-02   2.5075141522e-02   1.4031031089e-01
2.4261057697e-02   2.9576183271e-02   1.3460542338e-01
2.5384807744e-02   3.4408902665e-02   1.2913922917e-01
2.7078228646e-02   3.9703069134e-02   1.2390359030e-01
2.9335794558e-02   4.5596867961e-02   1.1889125582e-01
3.2173620682e-02   5.2240309811e-02   1.1409597883e-01
3.5628330242e-02   5.9799197334e-02   1.0951269575e-01
3.5652514847e-02   5.9850860271e-02   1.0948406476e-01
3.5895875588e-02   6.0369973003e-02   1.0919822293e-01
3.8484723382e-02   6.5820209979e-02   1.0638647406e-01
4.3136859715e-02   7.5388994071e-02   1.0215821360e-01
4.8607891667e-02   8.6439299901e-02   9.8136562339e-02
5.5013216598e-02   9.9239379076e-02   9.4324018592e-02
6.2493410230e-02   1.1409966181e-01   9.0726682464e-02
7.1217231590e-02   1.3138017575e-01   8.7355412493e-02
7.1277424003e-02   1.3149931482e-01   8.7334617750e-02
7.1882601180e-02   1.3269709959e-01   8.7127216904e-02
7.8271635189e-02   1.4533890952e-01   8.5109064443e-02
8.9606081524e-02   1.6776036806e-01   8.2168662751e-02
1.0281432488e-01   1.9389050825e-01   7.9522094291e-02
1.0290544564e-01   1.9407078664e-01   7.9506211271e-02
1.0382157371e-01   1.9588331125e-01   7.9348148041e-02
1.1349320644e-01   2.1501835805e-01   7.7847365309e-02
1.3065108011e-01   2.4895700791e-01   7.5823076892e-02
1.3076944388e-01   2.4919106015e-01   7.5811540685e-02
1.3195946592e-01   2.5154412863e-01   7.5697233795e-02
1.4452146066e-01   2.7637277169e-01   7.4665158395e-02
1.6679735590e-01   3.2033113164e-01   7.3510545012e-02
1.6695096422e-01   3.2063385212e-01   7.3505204311e-02
1.6849527529e-01   3.2367691571e-01   7.3453346849e-02
1.8478994016e-01   3.5574209658e-01   7.3098977533e-02
1.8496097484e-01   3.5607820534e-01   7.3097031145e-02
1.8668042947e-01   3.5945661743e-01   7.3079410217e-02
2.0481664554e-01   3.9502212530e-01   7.3098900893e-02
2.0500694209e-01   3.9539458381e-01   7.3101002999e-02
2.0691995703e-01   3.9913795251e-01   7.3124228210e-02
2.2708775978e-01   4.3849707115e-01   7.3590874658e-02
2.2729926917e-01   4.3890876496e-01   7.3597828285e-02
2.2942540514e-01   4.4304586798e-01   7.3670010656e-02
2.5182495283e-01   4.8647547050e-01   7.4673458731e-02
2.5205971273e-01   4.8692903662e-01   7.4686243010e-02
2.5441937869e-01   4.9148606267e-01   7.4817268625e-02
2.7925709778e-01   5.3922541716e-01   7.6466336099e-02
2.7951718483e-01   5.3972299576e-01   7.6486135011e-02
2.8213114939e-01   5.4472101829e-01   7.6687952735e-02
3.0961360810e-01   5.9694179790e-01   7.9113486341e-02
3.0990106399e-01   5.9748468526e-01   7.9141716629e-02
3.1278970142e-01   6.0293613591e-01   7.9428615930e-02
3.4311439553e-01   6.5970114890e-01   8.2786061880e-02
3.4343111800e-01   6.6028932546e-01   8.2824396054e-02
3.4661329777e-01   6.6619320603e-01   8.3213233101e-02
3.7995534638e-01   7.2740119746e-01   8.7684383322e-02
3.8030293418e-01   7.2803270493e-01   8.7734761147e-02
3.8379444490e-01   7.3436827733e-01   8.8245065665e-02
4.2028803020e-01   7.9968242998e-01   9.4038140967e-02
4.2066756991e-01   8.0035257707e-01   9.4102759408e-02
4.2447895498e-01   8.0707133284e-01   9.4756620060e-02
4.6419226365e-01   8.7583021178e-01   1.0210346142e-01
4.6460404591e-01   8.7653060486e-01   1.0218472875e-01
4.6873772859e-01   8.8354648897e-01   1.0300631187e-01
5.1164027129e-01   9.5465871859e-01   1.1215499750e-01
5.1208342689e-01   9.5537614749e-01   1.1225543264e-01
5.1653002924e-01   9.6255436249e-01   1.1326994283e-01
5.6245169827e-01   1.0343830398e+00   1.2447071650e-01
5.6292375125e-01   1.0350983085e+00   1.2459277094e-01
5.6765758588e-01   1.0422436330e+00   1.2582462537e-01
6.1623988850e-01   1.1124940996e+00   1.3930679555e-01
6.1673623802e-01   1.1131809826e+00   1.3945257459e-01
6.2171009850e-01   1.1200274634e+00   1.4092256048e-01
6.7235194077e-01   1.1856628754e+00   1.5686033600e-01
6.7286530740e-01   1.1862875008e+00   1.5703120306e-01
6.7800492854e-01   1.1924926032e+00   1.5875246102e-01
7.2980833142e-01   1.2497147902e+00   1.7721900082e-01
7.3032823857e-01   1.2502358857e+00   1.7741506760e-01
7.3552715476e-01   1.2553835124e+00   1.7938794395e-01
7.8725232817e-01   1.2997285098e+00   2.0029974386e-01
7.8776473354e-01   1.3000990409e+00   2.0051928622e-01
7.9288070622e-01   1.3037167520e+00   2.0272547380e-01
8.4292442070e-01   1.3303182049e+00   2.2578388997e-01
8.4341165637e-01   1.3304889107e+00   2.2602278347e-01
8.4826627547e-01   1.3320843130e+00   2.2841972391e-01
8.9468102901e-01   1.3361434318e+00   2.5306248183e-01
8.9512223350e-01   1.3360684980e+00   2.5331381396e-01
8.9950552906e-01   1.3351870124e+00   2.5583095810e-01
9.4007721112e-01   1.3126447506e+00   2.8121207915e-01
9.4044941499e-01   1.3122892863e+00   2.8146613935e-01
9.4413106538e-01   1.3085895717e+00   2.8400508884e-01
9.7652679982e-01   1.2569230667e+00   3.0902333144e-01
9.7680673033e-01   1.2562712040e+00   3.0926816642e-01
9.7955445389e-01   1.2496059888e+00   3.1170854149e-01
1.0015381700e+00   1.1685834686e+00   3.3509812408e-01
1.0017046629e+00   1.1676450650e+00   3.3532073718e-01
1.0033085664e+00   1.1581268479e+00   3.3753247556e-01
1.0034628251e+00   1.1571616798e+00   3.3775218800e-01
1.0049435964e+00   1.1473778340e+00   3.3993431362e-01
1.0050854640e+00   1.1463863097e+00   3.4015100449e-01
1.0064415671e+00   1.1363410568e+00   3.4230231748e-01
1.0065708933e+00   1.1353236123e+00   3.4251586774e-01
1.0078008566e+00   1.1250214483e+00   3.4463518786e-01
1.0079174975e+00   1.1239785467e+00   3.4484548055e-01
1.0090199164e+00   1.1134242387e+00   3.4693164908e-01
1.0091237349e+00   1.1123563701e+00   3.4713856945e-01
1.0100972736e+00   1.1015549510e+00   3.4919045105e-01
1.0101881398e+00   1.1004626319e+00   3.4939388681e-01
1.0110315336e+00   1.0894193957e+00   3.5141037130e-01
1.0111093245e+00   1.0883031684e+00   3.5161021274e-01
1.0118213821e+00   1.0770236641e+00   3.5359021688e-01
1.0118859823e+00   1.0758840960e+00   3.5378635709e-01
1.0124655872e+00   1.0643741217e+00   3.5572882633e-01
1.0125168890e+00   1.0632118048e+00   3.5592116134e-01
1.0129630017e+00   1.0514774003e+00   3.5782507152e-01
1.0130009050e+00   1.0502929504e+00   3.5801350050e-01
1.0133125650e+00   1.0383403897e+00   3.5987785948e-01
1.0133369777e+00   1.0371344456e+00   3.6006228486e-01
1.0135133046e+00   1.0249702292e+00   3.6188613410e-01
1.0135241428e+00   1.0237434521e+00   3.6206646178e-01
1.0135643384e+00   1.0113742981e+00   3.6384887791e-01
1.0135615264e+00   1.0101273703e+00   3.6402501734e-01
1.0134648756e+00   9.9756020555e-01   3.6576511358e-01
1.0134483461e+00   9.9629382993e-01   3.6593697797e-01
1.0132142188e+00   9.8353578039e-01   3.6763390557e-01
1.0131839130e+00   9.8225067912e-01   3.6780141199e-01
1.0128117648e+00   9.6930905989e-01   3.6945436152e-01
1.0127676327e+00   9.6800597358e-01   3.6961743104e-01
1.0122570062e+00   9.5488827843e-01   3.7122563366e-01
1.0121990063e+00   9.5356796503e-01   3.7138419145e-01
1.0115495321e+00   9.4028185557e-01   3.7294692006e-01
1.0114776320e+00   9.3894508925e-01   3.7310089554e-01
1.0106890292e+00   9.2549838370e-01   3.7461746587e-01
1.0106032053e+00   9.2414595372e-01   3.7476679280e-01
1.0096752827e+00   9.1054661537e-01   3.7623656439e-01
1.0095755202e+00   9.0917932491e-01   3.7638118094e-01
1.0085081764e+00   8.9543545024e-01   3.7780355807e-01
1.0083944699e+00   8.9405411519e-01   3.7794340694e-01
1.0071876937e+00   8.8017392168e-01   3.7931783941e-01
1.0070600465e+00   8.7877936943e-01   3.7945286787e-01
1.0057139177e+00   8.6477118320e-01   3.8077885174e-01
1.0055723423e+00   8.6336425136e-01   3.8090901174e-01
1.0040870312e+00   8.4923649453e-01   3.8218608991e-01
1.0039315491e+00   8.4781802967e-01   3.8231133809e-01
1.0023073168e+00   8.3357920759e-01   3.8353910085e-01
1.0021379587e+00   8.3215006397e-01   3.8365939863e-01
1.0003751568e+00   8.1780875227e-01   3.8483748404e-01
1.0001919625e+00   8.1636979053e-01   3.8495279763e-01
9.9829103292e-01   8.0193462211e-01   3.8608089185e-01
9.9809405101e-01   8.0048670795e-01   3.8619119228e-01
9.9605552568e-01   7.8596635989e-01   3.8726902981e-01
9.9584481383e-01   7.8451036278e-01   3.8737429294e-01
9.9366931383e-01   7.6991354319e-01   3.8840165668e-01
9.9344493860e-01   7.6845033506e-01   3.8850186323e-01
9.9113317363e-01   7.5378577000e-01   3.8947858449e-01
9.9089521038e-01   7.5231622390e-01   3.8957372000e-01
9.8844797788e-01   7.3759264432e-01   3.9049967845e-01
9.8819651071e-01   7.3611763314e-01   3.9058973331e-01
9.8561469485e-01   7.2134376188e-01   3.9146485671e-01
9.8534981649e-01   7.1986415705e-01   3.9154982609e-01
9.8263438712e-01   7.0504869598e-01   3.9237409009e-01
9.8235619878e-01   7.0356536621e-01   3.9245397393e-01
9.7950821015e-01   6.8871698351e-01   3.9322740159e-01
9.7921682144e-01   6.8723079352e-01   3.9330220455e-01
9.7623741085e-01   6.7235811119e-01   3.9402486590e-01
9.7593293960e-01   6.7086992044e-01   3.9409459732e-01
9.7282332592e-01   6.5598150199e-01   3.9476660875e-01
9.7250589805e-01   6.5449216349e-01   3.9483128257e-01
9.6926738013e-01   6.3959650188e-01   3.9545280620e-01
9.6893712946e-01   6.3810686100e-01   3.9551244088e-01
9.6557108441e-01   6.2321236689e-01   3.9608368377e-01
9.6522815251e-01   6.2172326019e-01   3.9613830224e-01
9.6173603387e-01   6.0683825049e-01   3.9665951555e-01
9.6138056984e-01   6.0535050459e-01   3.9670914510e-01
9.5776390570e-01   5.9048319136e-01   3.9718062316e-01
9.5739606601e-01   5.8899762185e-01   3.9722529534e-01
9.5365645692e-01   5.7415610154e-01   3.9764737467e-01
9.5327640517e-01   5.7267351193e-01   3.9768712522e-01
9.4941552208e-01   5.5786575506e-01   3.9806018345e-01
9.4902342883e-01   5.5638693576e-01   3.9809505214e-01
9.4504301087e-01   5.4162077695e-01   3.9841950685e-01
9.4463905335e-01   5.4014650430e-01   3.9844953739e-01
9.4054090553e-01   5.2542963278e-01   3.9872584493e-01
9.4012526747e-01   5.2396066813e-01   3.9875108486e-01
9.3591125836e-01   5.0930061870e-01   3.9897973905e-01
9.3548412969e-01   5.0783770751e-01   3.9900023959e-01
9.3115618895e-01   4.9324185196e-01   3.9918177043e-01
9.3071776562e-01   4.9178572297e-01   3.9919758633e-01
9.2627788150e-01   4.7726126198e-01   3.9933255861e-01
9.2582836518e-01   4.7581262645e-01   3.9934374804e-01
9.2127858199e-01   4.6136658198e-01   3.9943275993e-01
9.2081817982e-01   4.5992613292e-01   3.9943938433e-01
9.1616059533e-01   4.4556534116e-01   3.9948306590e-01
9.1568951967e-01   4.4413375267e-01   3.9948518983e-01
9.1092628241e-01   4.2986485741e-01   3.9948420157e-01
9.1044475056e-01   4.2844278404e-01   3.9948189254e-01
9.0557805717e-01   4.1427223067e-01   3.9943692385e-01
9.0508629110e-01   4.1286030684e-01   3.9943025218e-01
9.0011838359e-01   3.9879433678e-01   3.9934201976e-01
8.9961660969e-01   3.9739317628e-01   3.9933105845e-01
8.9454977266e-01   3.8343782202e-01   3.9920030478e-01
8.9403822142e-01   3.8204801748e-01   3.9918512930e-01
8.8887477934e-01   3.6820909812e-01   3.9901262102e-01
8.8835368511e-01   3.6683122064e-01   3.9899330919e-01
8.8309599946e-01   3.5311433792e-01   3.9877983549e-01
8.8256560013e-01   3.5174893670e-01   3.9875646731e-01
8.7721606666e-01   3.3815947162e-01   3.9850283834e-01
8.7667660343e-01   3.3680707361e-01   3.9847549582e-01
8.7123764930e-01   3.2335018355e-01   3.9818254106e-01
8.7068936636e-01   3.2201129322e-01   3.9815130804e-01
8.6516344738e-01   3.0869190956e-01   3.9781987468e-01
8.6460659165e-01   3.0736700868e-01   3.9778483673e-01
8.5899618944e-01   2.9418983491e-01   3.9741578808e-01
8.5843101028e-01   2.9287938239e-01   3.9737703227e-01
8.5273862954e-01   2.7984889279e-01   3.9697124615e-01
8.5216537847e-01   2.7855332456e-01   3.9692886093e-01
8.4639354417e-01   2.6567376329e-01   3.9648722808e-01
8.4581247461e-01   2.6439349225e-01   3.9644130313e-01
8.3996372928e-01   2.5166887298e-01   3.9596472567e-01
8.3937509627e-01   2.5040428896e-01   3.9591535171e-01
8.3345199724e-01   2.3783839488e-01   3.9540474154e-01
8.3285605717e-01   2.3658986470e-01   3.9535201020e-01
8.2686117394e-01   2.2418624907e-01   3.9480828756e-01
8.2625818427e-01   2.2295411657e-01   3.9475229123e-01
8.2019409586e-01   2.1071610364e-01   3.9417638313e-01
8.1958431487e-01   2.0950068985e-01   3.9411721480e-01
8.1345360718e-01   1.9743137619e-01   3.9351005361e-01
8.1283729373e-01   1.9623297944e-01   3.9344780673e-01
8.0664255702e-01   1.8433523574e-01   3.9281032872e-01
8.0601997026e-01   1.8315413187e-01   3.9274509707e-01
7.9976379662e-01   1.7143060500e-01   3.9207824105e-01
7.9913519577e-01   1.7026704759e-01   3.9201011859e-01
7.9282017668e-01   1.5872016317e-01   3.9131482451e-01
7.9218582077e-01   1.5757438382e-01   3.9124390525e-01
7.8581454470e-01   1.4620634899e-01   3.9052111295e-01
7.8517469235e-01   1.4507855759e-01   3.9044749081e-01
7.7874974240e-01   1.3389136422e-01   3.8969813869e-01
7.7810465158e-01   1.3278174930e-01   3.8962190741e-01
7.7162860323e-01   1.2177717740e-01   3.8884693124e-01
7.7097853103e-01   1.2068590650e-01   3.8876818422e-01
7.6445394991e-01   1.0986552799e-01   3.8796851595e-01
7.6379915232e-01   1.0879274804e-01   3.8788734616e-01
7.5722859208e-01   9.8157930765e-02   3.8706391278e-01
7.5656932380e-01   9.7103768486e-02   3.8698041264e-01
7.4995532400e-01   8.6655680460e-02   3.8613413512e-01
7.4929183820e-01   8.5620242810e-02   3.8604839638e-01
7.4263692233e-01   7.5359856696e-02   3.8518018862e-01
7.4196947051e-01   7.4343231333e-02   3.8509230229e-01
7.3527614404e-01   6.4271329118e-02   3.8420307013e-01
7.3460497577e-01   6.3273584870e-02   3.8411312634e-01
7.2787572430e-01   5.3390762738e-02   3.8320376663e-01
7.2720108708e-01   5.2411950103e-02   3.8311185461e-01
7.2043837455e-01   4.2718623457e-02   3.8218325432e-01
7.1976051364e-01   4.1758775114e-02   3.8208946223e-01
7.1296678059e-01   3.2255183760e-02   3.8114249764e-01
7.1228593882e-01   3.1314315088e-02   3.8104691254e-01
7.0546360080e-01   2.2000528538e-02   3.8008244843e-01
7.0478001841e-01   2.1078638157e-02   3.7998515621e-01
6.9793146438e-01   1.1954561043e-02   3.7900404513e-01
6.9724537890e-01   1.1051631360e-02   3.7890513041e-01
6.9037296978e-01   2.1170089392e-03   3.7790821202e-01
6.8968461583e-01   1.2330067007e-03   3.7780775809e-01
6.8279068307e-01   -7.5125695613e-03   3.7679585850e-01
6.8210029229e-01   -8.3776927064e-03   3.7669394728e-01
6.7518713654e-01   -1.6934779496e-02   3.7566787850e-01
6.7449493741e-01   -1.7781086430e-02   3.7556459046e-01
6.6756482728e-01   -2.6150382904e-02   3.7452514983e-01
6.6687104503e-01   -2.6977950473e-02   3.7442056397e-01
6.5992621591e-01   -3.5160292548e-02   3.7336853368e-01
6.5923107237e-01   -3.5969210985e-02   3.7326272743e-01
6.5227372533e-01   -4.3965565616e-02   3.7219887413e-01
6.5157743885e-01   -4.4755937974e-02   3.7209192336e-01
6.4460973962e-01   -5.2567397433e-02   3.7101699767e-01
6.4391252498e-01   -5.3339339011e-02   3.7090897665e-01
6.3693660297e-01   -6.0967115179e-02   3.6982371289e-01
6.3623867125e-01   -6.1720752951e-02   3.6971469421e-01
6.2925661870e-01   -6.9166171642e-02   3.6861981008e-01
6.2855817725e-01   -6.9901643693e-02   3.6850986467e-01
6.2157204840e-01   -7.7166139008e-02   3.6740606093e-01
6.2087330072e-01   -7.7883593972e-02   3.6729525802e-01
6.1388511108e-01   -8.4968702711e-02   3.6618321834e-01
6.1318625676e-01   -8.5668299213e-02   3.6607162543e-01
6.0619798244e-01   -9.2575655344e-02   3.6495201615e-01
6.0549921710e-01   -9.3257561454e-02   3.6483969900e-01
5.9851279423e-01   -9.9988890649e-02   3.6371316902e-01
5.9781430947e-01   -1.0065328333e-01   3.6360019165e-01
5.9083163362e-01   -1.0721039759e-01   3.6246737227e-01
5.9013361694e-01   -1.0785746218e-01   3.6235379693e-01
5.8315654268e-01   -1.1424225452e-01   3.6121530184e-01
5.1398408245e-01   -1.6986019554e-01   3.4964975468e-01
5.1330033790e-01   -1.7034428860e-01   3.4953323116e-01
5.0647409536e-01   -1.7511070865e-01   3.4836783162e-01
4.3954903214e-01   -2.1574702525e-01   3.3676222804e-01
4.3889389070e-01   -2.1609280279e-01   3.3664715034e-01
4.3235964746e-01   -2.1948892510e-01   3.3549795174e-01
3.6888331413e-01   -2.4771544930e-01   3.2420408854e-01
3.6826690677e-01   -2.4794896569e-01   3.2409329028e-01
3.6212398974e-01   -2.5023521706e-01   3.2298793499e-01
3.0289995408e-01   -2.6860655946e-01   3.1221845419e-01
3.0232866017e-01   -2.6875260312e-01   3.1211352825e-01
2.9663915861e-01   -2.7017576587e-01   3.1106742096e-01
2.4212851648e-01   -2.8102995317e-01   3.0092948602e-01
2.4160557916e-01   -2.8111056716e-01   3.0083112284e-01
2.3640054414e-01   -2.8188949417e-01   2.9985080435e-01
1.8678661288e-01   -2.8725065273e-01   2.9037817783e-01
1.8631279559e-01   -2.8728453003e-01   2.9028646530e-01
1.8159880098e-01   -2.8760444601e-01   2.8937258408e-01
1.3685121425e-01   -2.8915567432e-01   2.8055233936e-01
1.3642541905e-01   -2.8915811775e-01   2.8046700080e-01
1.3219071265e-01   -2.8917042631e-01   2.7961666031e-01
9.2123157102e-02   -2.8826890460e-01   2.7140943434e-01
9.1742963560e-02   -2.8825210276e-01   2.7133000224e-01
8.7962810652e-02   -2.8807725101e-01   2.7053846773e-01
5.2281809809e-02   -2.8579087108e-01   2.6289268365e-01
3.6610752186e-03   -2.8133982722e-01   2.5183882359e-01
3.3762309743e-03   -2.8131141141e-01   2.5177141159e-01
5.4495303768e-04   -2.8102860421e-01   2.5109944972e-01
-2.6120026046e-02   -2.7840851088e-01   2.4458814332e-01
-6.2415581467e-02   -2.7560045887e-01   2.3510425127e-01
-6.2628654167e-02   -2.7558922941e-01   2.3504615942e-01
-6.4747106131e-02   -2.7548224897e-01   2.3446693925e-01
-8.4768378560e-02   -2.7497691479e-01   2.2883990983e-01
-1.1238370514e-01   -2.7648001621e-01   2.2060626454e-01
-1.3644636667e-01   -2.8109951631e-01   2.1301439479e-01
-1.3659096755e-01   -2.8113962219e-01   2.1296783131e-01
-1.3803127551e-01   -2.8154821874e-01   2.1250355477e-01
-1.5191218079e-01   -2.8639588261e-01   2.0799552433e-01
-1.7211490399e-01   -2.9681097078e-01   2.0143025421e-01
-1.9116222210e-01   -3.1076156440e-01   1.9545665794e-01
-2.0973840035e-01   -3.2831327829e-01   1.9008895050e-01
-2.0985697789e-01   -3.2843720451e-01   1.9005663572e-01
-2.1104307514e-01   -3.2968468785e-01   1.8973491618e-01
-2.2296476248e-01   -3.4298422792e-01   1.8666268749e-01
-2.4206703226e-01   -3.6681274809e-01   1.8240794811e-01
-2.6212997867e-01   -3.9436680121e-01   1.7887524077e-01
-2.6226224345e-01   -3.9455500848e-01   1.7885512369e-01
-2.6358798678e-01   -3.9644549511e-01   1.7865574095e-01
-2.7717411255e-01   -4.1619100145e-01   1.7684522120e-01
-2.9977733762e-01   -4.5011903838e-01   1.7472466690e-01
-2.9992771850e-01   -4.5034778964e-01   1.7471407603e-01
-3.0143585116e-01   -4.5264347508e-01   1.7461032739e-01
-3.1696321479e-01   -4.7640908989e-01   1.7379496833e-01
-3.4298034226e-01   -5.1642499324e-01   1.7338659201e-01
-3.4315383342e-01   -5.1669150446e-01   1.7338761255e-01
-3.4489386824e-01   -5.1936377127e-01   1.7340046545e-01
-3.6281323104e-01   -5.4677748497e-01   1.7380132900e-01
-3.9277066583e-01   -5.9190853021e-01   1.7548970973e-01
-3.9296985220e-01   -5.9220472635e-01   1.7550493750e-01
-3.9496704920e-01   -5.9517137011e-01   1.7566043589e-01
-4.1546867562e-01   -6.2525467936e-01   1.7754565505e-01
-4.4940248957e-01   -6.7329923865e-01   1.8176801349e-01
-4.4962642874e-01   -6.7360801612e-01   1.8180026496e-01
-4.5187047009e-01   -6.7669570585e-01   1.8212656076e-01
-4.7475645008e-01   -7.0747413978e-01   1.8577414185e-01
-4.7498920441e-01   -7.0778015207e-01   1.8581420551e-01
-4.7732075270e-01   -7.1083734987e-01   1.8621880649e-01
-5.0100895244e-01   -7.4100851255e-01   1.9066598530e-01
-5.0124898050e-01   -7.4130550647e-01   1.9071417869e-01
-5.0365236130e-01   -7.4426912730e-01   1.9120020041e-01
-5.2795896038e-01   -7.7314679467e-01   1.9647131528e-01
-5.6658978172e-01   -8.1434829067e-01   2.0621332667e-01
-5.6683753789e-01   -8.1459130338e-01   2.0628141302e-01
-5.6931478169e-01   -8.1700482532e-01   2.0696625083e-01
-5.9399254206e-01   -8.3931831940e-01   2.1420376794e-01
-6.3163745663e-01   -8.6613796753e-01   2.2683846719e-01
-6.3187190710e-01   -8.6627226106e-01   2.2692389332e-01
-6.3421082322e-01   -8.6758675888e-01   2.2778110377e-01
-6.5695470599e-01   -8.7773228542e-01   2.3662437476e-01
-6.8938425474e-01   -8.8141414975e-01   2.5120002400e-01
-7.1642897074e-01   -8.6836067176e-01   2.6612113643e-01
-7.1658075644e-01   -8.6822037647e-01   2.6621606065e-01
-7.1808246448e-01   -8.6677715707e-01   2.6716432803e-01
-7.3139766682e-01   -8.4831798243e-01   2.7650533164e-01
-7.4532137936e-01   -8.0510593063e-01   2.9020827187e-01
-7.4538096916e-01   -8.0477597091e-01   2.9029086231e-01
-7.4595539192e-01   -8.0144066012e-01   2.9111261279e-01
-7.4950484984e-01   -7.6467398571e-01   2.9887471079e-01
-7.4951981280e-01   -7.6427656579e-01   2.9894779678e-01
-7.4964673379e-01   -7.6027185204e-01   2.9967335052e-01
-7.4862251128e-01   -7.1738758696e-01   3.0636523606e-01
-7.4859106567e-01   -7.1693477267e-01   3.0642669628e-01
-7.4825343220e-01   -7.1238290515e-01   3.0703506977e-01
-7.4256404284e-01   -6.6474750992e-01   3.1247228949e-01
-7.4248601862e-01   -6.6425413662e-01   3.1252053272e-01
-7.4168295648e-01   -6.5930456604e-01   3.1299610928e-01
-7.3140275054e-01   -6.0850263468e-01   3.1705350462e-01
-7.3127965322e-01   -6.0798518866e-01   3.1708757484e-01
-7.3002704036e-01   -6.0280326587e-01   3.1742112475e-01
-7.1539531025e-01   -5.5051572638e-01   3.2003976369e-01
-7.1523025084e-01   -5.4999107281e-01   3.2005937802e-01
-7.1355995052e-01   -5.4474529959e-01   3.2024840321e-01
-6.9496687727e-01   -4.9262205316e-01   3.2143554173e-01
-6.9476437572e-01   -4.9210619101e-01   3.2144105870e-01
-6.9272221427e-01   -4.8695582897e-01   3.2148944227e-01
-6.7068340923e-01   -4.3650042289e-01   3.2131194096e-01
-6.7044909686e-01   -4.3600743250e-01   3.2130426870e-01
-6.6809184629e-01   -4.3109210997e-01   3.2122133196e-01
-6.4321475229e-01   -3.8357260222e-01   3.1979404082e-01
-6.4295501062e-01   -3.8311390244e-01   3.1977450428e-01
-6.4034675717e-01   -3.7854635819e-01   3.1957366373e-01
-6.1329301011e-01   -3.3494050332e-01   3.1704494356e-01
-6.1301458875e-01   -3.3452446839e-01   3.1701513354e-01
-6.1022291228e-01   -3.3038689994e-01   3.1671238924e-01
-5.8167082334e-01   -2.9136301089e-01   3.1324905398e-01
-5.8138047661e-01   -2.9099493178e-01   3.1321068015e-01
-5.7847283496e-01   -2.8733876528e-01   3.1282315209e-01
-5.4908353480e-01   -2.5326783437e-01   3.0859676392e-01
-5.4878770814e-01   -2.5295015990e-01   3.0855152829e-01
-5.4582833190e-01   -2.4979857699e-01   3.0809620462e-01
-5.1621806548e-01   -2.2078957507e-01   3.0327201481e-01
-5.1592265105e-01   -2.2052234245e-01   3.0322151540e-01
-5.1297013733e-01   -2.1787465499e-01   3.0271430556e-01
-4.8368999835e-01   -1.9382363832e-01   2.9744342390e-01
-4.3943311314e-01   -1.6461095315e-01   2.8865652922e-01
-4.3915835044e-01   -1.6445516446e-01   2.8859883614e-01
-4.3641731633e-01   -1.6291791517e-01   2.8802109936e-01
-4.0971497822e-01   -1.4953694710e-01   2.8217772891e-01
-3.7089081503e-01   -1.3522046240e-01   2.7290938433e-01
-3.7065522844e-01   -1.3515240282e-01   2.7284998267e-01
-3.6830859772e-01   -1.3448710126e-01   2.7225600816e-01
-3.4578577106e-01   -1.2929203712e-01   2.6632840749e-01
-3.1412392625e-01   -1.2588673794e-01   2.5716048947e-01
-2.8691840197e-01   -1.2722393309e-01   2.4820240685e-01
-2.8675879812e-01   -1.2724554959e-01   2.4814595929e-01
-2.8517272126e-01   -1.2747011965e-01   2.4758210717e-01
-2.7030137317e-01   -1.3051315335e-01   2.4200837134e-01
-2.5057182001e-01   -1.3784439155e-01   2.3354482710e-01
-2.3496139475e-01   -1.4780219574e-01   2.2541656087e-01
-2.2322143238e-01   -1.5997692215e-01   2.1764461092e-01
-2.1509244013e-01   -1.7412249213e-01   2.1024588690e-01
-2.1505153888e-01   -1.7421897571e-01   2.1019981660e-01
-2.1465007069e-01   -1.7518797285e-01   2.0973999006e-01
-2.1137758829e-01   -1.8529263205e-01   2.0523027881e-01
-2.0886503890e-01   -2.0261549957e-01   1.9850839817e-01
-2.0936557489e-01   -2.2185683555e-01   1.9220948463e-01
-2.1273038808e-01   -2.4315748799e-01   1.8635953079e-01
-2.1885702249e-01   -2.6671501281e-01   1.8099143280e-01
-2.1890493571e-01   -2.6687339048e-01   1.8095874509e-01
-2.1939014189e-01   -2.6846278683e-01   1.8063304567e-01
-2.2484832044e-01   -2.8493248070e-01   1.7749640771e-01
-2.3559212564e-01   -3.1291412191e-01   1.7305439262e-01
-2.4904751885e-01   -3.4384481556e-01   1.6923322019e-01
-2.4914237263e-01   -3.4405264099e-01   1.6921094120e-01
-2.5009712745e-01   -3.4613813436e-01   1.6898972013e-01
-2.6027040199e-01   -3.6772999431e-01   1.6693904958e-01
-2.7850268481e-01   -4.0429124762e-01   1.6436515240e-01
-2.7862853298e-01   -4.0453631672e-01   1.6435136507e-01
-2.7989357700e-01   -4.0699504270e-01   1.6421544763e-01
-2.9320573588e-01   -4.3239256326e-01   1.6305832708e-01
-3.1648636748e-01   -4.7510389281e-01   1.6204615705e-01
-3.1664504808e-01   -4.7538873629e-01   1.6204306427e-01
-3.1823879740e-01   -4.7824534393e-01   1.6201461824e-01
-3.3487486558e-01   -5.0762135325e-01   1.6198683642e-01
-3.6346946552e-01   -5.5640729444e-01   1.6295778193e-01
-3.6366246807e-01   -5.5672974592e-01   1.6296828496e-01
-3.6559961280e-01   -5.5996123038e-01   1.6307646558e-01
-3.8568158131e-01   -5.9293956215e-01   1.6448352885e-01
-3.8588890340e-01   -5.9327509694e-01   1.6450068084e-01
-3.8796917184e-01   -5.9663629713e-01   1.6467566109e-01
-4.0947104734e-01   -6.3078471600e-01   1.6678207528e-01
-4.0969242328e-01   -6.3113063743e-01   1.6680651114e-01
-4.1191302372e-01   -6.3459410414e-01   1.6705464794e-01
-4.3479206903e-01   -6.6958697705e-01   1.6992437361e-01
-4.3502692279e-01   -6.6993953272e-01   1.6995673250e-01
-4.3738191880e-01   -6.7346717300e-01   1.7028441229e-01
-4.6155967304e-01   -7.0886387946e-01   1.7398021357e-01
-4.6180703068e-01   -7.0921809011e-01   1.7402110738e-01
-4.6428646103e-01   -7.1275946115e-01   1.7443442497e-01
-4.8963952622e-01   -7.4798817897e-01   1.7901409201e-01
-4.8989792045e-01   -7.4833768753e-01   1.7906406208e-01
-4.9248684168e-01   -7.5182850305e-01   1.7956838232e-01
-5.1883709078e-01   -7.8617336485e-01   1.8507971521e-01
-5.1910446187e-01   -7.8651033182e-01   1.8513917628e-01
-5.2178195745e-01   -7.8987144787e-01   1.8573856676e-01
-5.4888673655e-01   -8.2246615308e-01   1.9221305705e-01
-5.4916033673e-01   -8.2278123304e-01   1.9228222829e-01
-5.5189856473e-01   -8.2591846343e-01   1.9297876345e-01
-5.7944176922e-01   -8.5575021815e-01   2.0042407100e-01
-5.7971808076e-01   -8.5603265903e-01   2.0050289607e-01
-5.8248146517e-01   -8.5883784051e-01   2.0129585363e-01
-6.1006671550e-01   -8.8476601744e-01   2.0968742303e-01
-6.5230067982e-01   -9.1577006557e-01   2.2438019566e-01
-6.5256409445e-01   -9.1592389765e-01   2.2447968855e-01
-6.5519211579e-01   -9.1742807182e-01   2.2547814336e-01
-6.8075363074e-01   -9.2885635192e-01   2.3578635221e-01
-7.1713761497e-01   -9.3195872523e-01   2.5278702136e-01
-7.1735230704e-01   -9.3191523783e-01   2.5289784395e-01
-7.1948491601e-01   -9.3143409811e-01   2.5400687640e-01
-7.3926204605e-01   -9.2189786519e-01   2.6512839325e-01
-7.6354428175e-01   -8.8927593240e-01   2.8217468944e-01
-7.6366981151e-01   -8.8899759987e-01   2.8228048240e-01
-7.6490280625e-01   -8.8616617744e-01   2.8333532664e-01
-7.7491195494e-01   -8.5313917944e-01   2.9351912666e-01
-7.7498995697e-01   -8.5276673709e-01   2.9361710764e-01
-7.7574513390e-01   -8.4899782514e-01   2.9459217252e-01
-7.8074653831e-01   -8.0704562950e-01   3.0381652328e-01
-7.8077259601e-01   -8.0658886516e-01   3.0390347537e-01
-7.8100657668e-01   -8.0198295115e-01   3.0476675562e-01
-7.8065152709e-01   -7.5236124353e-01   3.1273233771e-01
-7.8062298791e-01   -7.5183489996e-01   3.1280549688e-01
-7.8031020805e-01   -7.4654163710e-01   3.1352964214e-01
-7.7444322294e-01   -6.9094949206e-01   3.1999554021e-01
-7.7435948243e-01   -6.9037221629e-01   3.2005282676e-01
-7.7349495816e-01   -6.8457963600e-01   3.2061742808e-01
-7.6217335620e-01   -6.2502624086e-01   3.2542059350e-01
-7.6203597415e-01   -6.2441904701e-01   3.2546077040e-01
-7.6063637215e-01   -6.1833800070e-01   3.2585389964e-01
-7.4413161212e-01   -5.5697262940e-01   3.2891977348e-01
-7.4394423903e-01   -5.5635710675e-01   3.2894250646e-01
-7.4204704671e-01   -5.5020329297e-01   3.2916126472e-01
-7.2082726418e-01   -4.8913497139e-01   3.3050406698e-01
-7.2059538605e-01   -4.8853151837e-01   3.3050988049e-01
-7.1825627738e-01   -4.8250790885e-01   3.3055990918e-01
-6.9295240729e-01   -4.2364236040e-01   3.3027315826e-01
-6.9268294509e-01   -4.2306870503e-01   3.3026330224e-01
-6.8997171632e-01   -4.1735094675e-01   3.3015741274e-01
-6.6133199802e-01   -3.6226694871e-01   3.2839704144e-01
-6.6103281760e-01   -3.6173713619e-01   3.2837329856e-01
-6.5802845890e-01   -3.5646368724e-01   3.2812952490e-01
-6.2686743454e-01   -3.0634102775e-01   3.2509301806e-01
-6.2654683033e-01   -3.0586494597e-01   3.2505748783e-01
-6.2333236620e-01   -3.0113259512e-01   3.2469692610e-01
-5.9048052371e-01   -2.5673272968e-01   3.2060203644e-01
-5.9014673446e-01   -2.5631613701e-01   3.2055692987e-01
-5.8680440942e-01   -2.5218050590e-01   3.2010169680e-01
-5.5306357432e-01   -2.1387188233e-01   3.1516763918e-01
-5.5272437465e-01   -2.1351682650e-01   3.1511510823e-01
-5.4933161523e-01   -2.0999671498e-01   3.1458665764e-01
-5.1543949284e-01   -1.7781139467e-01   3.0901958440e-01
-5.1510188625e-01   -1.7751687717e-01   3.0896159894e-01
-5.1172828422e-01   -1.7460098980e-01   3.0837951599e-01
-4.7833368957e-01   -1.4830789166e-01   3.0236292028e-01
-4.7800371010e-01   -1.4807063523e-01   3.0230119425e-01
-4.7470909240e-01   -1.4572527425e-01   3.0168248036e-01
-4.4235777733e-01   -1.2490717292e-01   2.9537224297e-01
-3.9450972518e-01   -1.0114959140e-01   2.8522431836e-01
-3.9421645139e-01   -1.0102903344e-01   2.8515889816e-01
-3.9129325101e-01   -9.9843865533e-02   2.8450453575e-01
-3.6305160252e-01   -8.9934968197e-02   2.7795680686e-01
-3.2273730504e-01   -8.0683773893e-02   2.6778812662e-01
-3.2249535365e-01   -8.0646102931e-02   2.6772366473e-01
-3.2008708381e-01   -8.0283095806e-02   2.6707953224e-01
-2.9713552139e-01   -7.7942343287e-02   2.6069207800e-01
-2.6537480193e-01   -7.8329256464e-02   2.5093466173e-01
-2.3856962751e-01   -8.2592325423e-02   2.4150751463e-01
-2.3841374692e-01   -8.2629863820e-02   2.4144837439e-01
-2.3686556464e-01   -8.3011732409e-02   2.4085778275e-01
-2.2243011537e-01   -8.7438440157e-02   2.3503376456e-01
-2.0351611924e-01   -9.6273573215e-02   2.2622842808e-01
-1.8876515600e-01   -1.0699811166e-01   2.1779845829e-01
-1.7782177254e-01   -1.1928774644e-01   2.0974600946e-01
-1.7034753722e-01   -1.3298095406e-01   2.0207257177e-01
-1.7031023526e-01   -1.3307289324e-01   2.0202473435e-01
-1.6994430985e-01   -1.3399535320e-01   2.0154721888e-01
-1.6698002470e-01   -1.4352921040e-01   1.9685820087e-01
-1.6476127600e-01   -1.5960742706e-01   1.8984151633e-01
-1.6530447793e-01   -1.7723208156e-01   1.8321998084e-01
-1.6844787000e-01   -1.9660476018e-01   1.7700778236e-01
-1.7408657276e-01   -2.1798260229e-01   1.7122545983e-01
-1.7413051870e-01   -2.1812636656e-01   1.7118992848e-01
-1.7457546706e-01   -2.1956920795e-01   1.7083564547e-01
-1.7957325790e-01   -2.3453493990e-01   1.6739770377e-01
-1.8939405826e-01   -2.6005936858e-01   1.6242132074e-01
-2.0169938113e-01   -2.8848218215e-01   1.5797540553e-01
-2.0178621644e-01   -2.8867403282e-01   1.5794880725e-01
-2.0266035092e-01   -2.9059991578e-01   1.5768415317e-01
-2.1198611070e-01   -3.1061649910e-01   1.5517427369e-01
-2.2876500656e-01   -3.4486040244e-01   1.5178381905e-01
-2.2888115944e-01   -3.4509153175e-01   1.5176439622e-01
-2.3004902058e-01   -3.4741162720e-01   1.5157182123e-01
-2.4237024769e-01   -3.7151113407e-01   1.4981707850e-01
-2.6407031267e-01   -4.1262819201e-01   1.4775063145e-01
-2.6421893465e-01   -4.1290503765e-01   1.4774030734e-01
-2.6571221694e-01   -4.1568344712e-01   1.4763919744e-01
-2.8136198555e-01   -4.4447363404e-01   1.4684935512e-01
-3.0854474868e-01   -4.9323437583e-01   1.4649808667e-01
-3.0872950918e-01   -4.9356089817e-01   1.4649962853e-01
-3.1058491984e-01   -4.9683641388e-01   1.4651784976e-01
-3.2992837334e-01   -5.3061363208e-01   1.4699138586e-01
-3.3012913175e-01   -5.3096069754e-01   1.4699890049e-01
-3.3214476953e-01   -5.3444134265e-01   1.4707719078e-01
-3.5311300888e-01   -5.7022763957e-01   1.4818674719e-01
-3.5333019824e-01   -5.7059429005e-01   1.4820095723e-01
-3.5551031600e-01   -5.7427009663e-01   1.4834657799e-01
-3.7813690529e-01   -6.1192362042e-01   1.5016815442e-01
-3.7837076727e-01   -6.1230801713e-01   1.5018984939e-01
-3.8071766599e-01   -6.1616010203e-01   1.5041072622e-01
-4.0501256969e-01   -6.5543854778e-01   1.5302631415e-01
-4.0526307002e-01   -6.5583773932e-01   1.5305633615e-01
-4.0777624486e-01   -6.5983597154e-01   1.5336091025e-01
-4.3371645903e-01   -7.0037199923e-01   1.5685649235e-01
-4.3398318604e-01   -7.0078166584e-01   1.5689571076e-01
-4.3665830367e-01   -7.0488209974e-01   1.5729268053e-01
-4.6417678546e-01   -7.4615706338e-01   1.6175496782e-01
-4.6445883182e-01   -7.4657125161e-01   1.6180423997e-01
-4.6728653914e-01   -7.5071347478e-01   1.6230215932e-01
-4.9625953344e-01   -7.9203145806e-01   1.6781372788e-01
-4.9655536291e-01   -7.9244233107e-01   1.6787384216e-01
-4.9951994874e-01   -7.9654698390e-01   1.6848054211e-01
-5.2975307299e-01   -8.3701236929e-01   1.7511305930e-01
-5.3006037747e-01   -8.3741001140e-01   1.7518465797e-01
-5.3313834036e-01   -8.4137687246e-01   1.7590646466e-01
-5.6435216731e-01   -8.7988014559e-01   1.8371180800e-01
-5.6466772370e-01   -8.8025247521e-01   1.8379528871e-01
-5.6782634322e-01   -8.8395966142e-01   1.8463602778e-01
-5.9964272016e-01   -9.1917768145e-01   1.9363533788e-01
-5.9996226181e-01   -9.1951054110e-01   1.9373073572e-01
-6.0315832607e-01   -9.2281551556e-01   1.9469054454e-01
-6.3508926301e-01   -9.5323368228e-01   2.0486165218e-01
-6.3540738717e-01   -9.5351118319e-01   2.0496850904e-01
-6.3858629128e-01   -9.5625434768e-01   2.0604252709e-01
-6.7002786414e-01   -9.8021835497e-01   2.1730676478e-01
-6.7033800222e-01   -9.8042354975e-01   2.1742399919e-01
-6.7343349058e-01   -9.8243515058e-01   2.1860107145e-01
-7.0366769584e-01   -9.9823853148e-01   2.3081117811e-01
-7.4710188584e-01   -1.0049507996e+00   2.5114763101e-01
-7.4735958818e-01   -1.0049152302e+00   2.5128088506e-01
-7.4992033603e-01   -1.0045016508e+00   2.5261482165e-01
-7.7374616291e-01   -9.9442221067e-01   2.6602988168e-01
-8.0318936265e-01   -9.5614910221e-01   2.8668116692e-01
-8.0334207906e-01   -9.5581505490e-01   2.8680947689e-01
-8.0484234883e-01   -9.5241278648e-01   2.8808882848e-01
-8.1703283408e-01   -9.1233036230e-01   3.0043180826e-01
-8.1712785660e-01   -9.1187530275e-01   3.0055041367e-01
-8.1804773319e-01   -9.0726752436e-01   3.0173047775e-01
-8.2412131343e-01   -8.5572067817e-01   3.1286215920e-01
-8.2415261561e-01   -8.5515756658e-01   3.1296671511e-01
-8.2443288830e-01   -8.4947768608e-01   3.1400426897e-01
-8.2391239732e-01   -7.8816627327e-01   3.2352184473e-01
-8.2387634374e-01   -7.8751529052e-01   3.2360865337e-01
-8.2348197494e-01   -7.8096834466e-01   3.2446714170e-01
-8.1615478596e-01   -7.1223431556e-01   3.3205280807e-01
-8.1605056105e-01   -7.1152123942e-01   3.3211917591e-01
-8.1497486033e-01   -7.0436719258e-01   3.3277223528e-01
-8.0092207456e-01   -6.3098594600e-01   3.3822277334e-01
-8.0075185041e-01   -6.3023973368e-01   3.3826724617e-01
-7.9901800964e-01   -6.2276900715e-01   3.3870098140e-01
-7.7861517677e-01   -5.4768261345e-01   3.4194251906e-01
-7.7838398475e-01   -5.4693260428e-01   3.4196495240e-01
-7.7604364813e-01   -5.3943804397e-01   3.4217855474e-01
-7.4993235145e-01   -4.6547734667e-01   3.4326420620e-01
-7.4964767534e-01   -4.6475057965e-01   3.4326566563e-01
-7.4677674628e-01   -4.5750081485e-01   3.4327033694e-01
-7.1581154786e-01   -3.8714402267e-01   3.4236225806e-01
-7.1548270423e-01   -3.8646310756e-01   3.4234478108e-01
-7.1217506793e-01   -3.7968162388e-01   3.4216129770e-01
-6.7735428671e-01   -3.1488490386e-01   3.3950186289e-01
-6.7699168946e-01   -3.1426671776e-01   3.3946813948e-01
-6.7335182862e-01   -3.0811926577e-01   3.3912363473e-01
-6.3574244619e-01   -2.5023514908e-01   3.3500200218e-01
-6.3535685925e-01   -2.4969042054e-01   3.3495503824e-01
-6.3149240072e-01   -2.4428127727e-01   3.3447964385e-01
-5.9215886582e-01   -1.9406055899e-01   3.2919971225e-01
-5.9176073334e-01   -1.9359421807e-01   3.2914253008e-01
-5.8777580706e-01   -1.8897001089e-01   3.2856641045e-01
-5.4772017979e-01   -1.4662817055e-01   3.2242054218e-01
-5.4731909430e-01   -1.4624023199e-01   3.2235595214e-01
-5.4330909306e-01   -1.4239896537e-01   3.2170706059e-01
-5.0342677194e-01   -1.0772157998e-01   3.1495775485e-01
-5.0303110789e-01   -1.0740829821e-01   3.1488820999e-01
-4.9907910661e-01   -1.0431097348e-01   3.1419087650e-01
-4.6013124377e-01   -7.6773435695e-02   3.0706056428e-01
-4.5974795510e-01   -7.6528504872e-02   3.0698809240e-01
-4.5592276302e-01   -7.4111095145e-02   3.0626237816e-01
-4.1852403317e-01   -5.2993505749e-02   2.9893012352e-01
-4.1815859315e-01   -5.2809145942e-02   2.9885632021e-01
-4.1451421490e-01   -5.0993373316e-02   2.9811797331e-01
-3.7913311843e-01   -3.5478722414e-02   2.9072120398e-01
-3.2808856544e-01   -1.9645045363e-02   2.7923352158e-01
-3.2778023979e-01   -1.9572470609e-02   2.7916078378e-01
-3.2470996759e-01   -1.8864825672e-02   2.7843404224e-01
-2.9532095485e-01   -1.3478416799e-02   2.7123731214e-01
-2.5420652943e-01   -1.0239950103e-02   2.6028528989e-01
-2.5396268290e-01   -1.0236205011e-02   2.6021658333e-01
-2.5153741369e-01   -1.0209205257e-02   2.5953047664e-01
-2.2859222697e-01   -1.0900753795e-02   2.5276683203e-01
-1.9732989937e-01   -1.4835721339e-02   2.4255058435e-01
-1.7135921300e-01   -2.1241023943e-02   2.3277629985e-01
-1.7120919329e-01   -2.1287944009e-02   2.3271520559e-01
-1.6971980255e-01   -2.1760705308e-02   2.3210522926e-01
-1.5587951860e-01   -2.6810387835e-02   2.2610116919e-01
-1.3783612762e-01   -3.5634329535e-02   2.1705096847e-01
-1.2374512551e-01   -4.5248916529e-02   2.0839942743e-01
-1.1313038587e-01   -5.5433176753e-02   2.0012891537e-01
-1.0556364154e-01   -6.6106722447e-02   1.9222422923e-01
-1.0552423924e-01   -6.6176547952e-02   1.9217483758e-01
-1.0513620682e-01   -6.6875949579e-02   1.9168171483e-01
-1.0183760041e-01   -7.3989167140e-02   1.8682932169e-01
-9.8660369488e-02   -8.5602325035e-02   1.7952334654e-01
-9.7676757400e-02   -9.7946797908e-02   1.7255710999e-01
-9.8689360519e-02   -1.1122269800e-01   1.6592689625e-01
-1.0156151042e-01   -1.2567184244e-01   1.5963252751e-01
-1.0621410190e-01   -1.4157272383e-01   1.5367787314e-01
-1.0624949632e-01   -1.4167971630e-01   1.5364090935e-01
-1.0660737856e-01   -1.4275362179e-01   1.5327205447e-01
-1.1058062609e-01   -1.5390869893e-01   1.4966246649e-01
-1.1824825984e-01   -1.7303619539e-01   1.4431198769e-01
-1.2774730872e-01   -1.9454556834e-01   1.3933940511e-01
-1.3918752834e-01   -2.1884762333e-01   1.3477333486e-01
-1.3926723123e-01   -2.1901293517e-01   1.3474552731e-01
-1.4006897774e-01   -2.2067336196e-01   1.3446845540e-01
-1.4856819276e-01   -2.3803374653e-01   1.3180071552e-01
-1.6371380111e-01   -2.6817067624e-01   1.2802978057e-01
-1.8132755463e-01   -3.0239943957e-01   1.2480885775e-01
-1.8144868252e-01   -3.0263259344e-01   1.2479021063e-01
-1.8266613774e-01   -3.0497456061e-01   1.2460517564e-01
-1.9547439613e-01   -3.2946591933e-01   1.2290409562e-01
-2.1796486985e-01   -3.7192896545e-01   1.2084312516e-01
-2.1811890129e-01   -3.7221772014e-01   1.2083253576e-01
-2.1966664322e-01   -3.7511774052e-01   1.2072856895e-01
-2.3590567477e-01   -4.0539141290e-01   1.1989036370e-01
-2.6424886844e-01   -4.5759281489e-01   1.1939879711e-01
-2.6444229242e-01   -4.5794632946e-01   1.1939922654e-01
-2.6638535561e-01   -4.6149554698e-01   1.1940619556e-01
-2.8671759104e-01   -4.9840812315e-01   1.1975633347e-01
-2.8692936681e-01   -4.9879039093e-01   1.1976253362e-01
-2.8905651908e-01   -5.0262746375e-01   1.1982761460e-01
-3.1128560311e-01   -5.4244040480e-01   1.2080139726e-01
-3.1151684797e-01   -5.4285177082e-01   1.2081424335e-01
-3.1383921878e-01   -5.4697980251e-01   1.2094625078e-01
-3.3807088786e-01   -5.8968513560e-01   1.2263812285e-01
-3.3832259624e-01   -5.9012511975e-01   1.2265861768e-01
-3.4085004748e-01   -5.9453882424e-01   1.2286764331e-01
-3.6717307996e-01   -6.4002979664e-01   1.2538485539e-01
-3.6744603369e-01   -6.4049678440e-01   1.2541412881e-01
-3.7018624999e-01   -6.4517936110e-01   1.2571153216e-01
-3.9866208052e-01   -6.9321590647e-01   1.2917353986e-01
-3.9895673246e-01   -6.9370677332e-01   1.2921283739e-01
-4.0191404328e-01   -6.9862611792e-01   1.2961112522e-01
-4.3256348688e-01   -7.4879378138e-01   1.3414761637e-01
-4.3287981386e-01   -7.4930345413e-01   1.3419827147e-01
-4.3605370697e-01   -7.5440774418e-01   1.3471081089e-01
-4.6884045044e-01   -8.0607104821e-01   1.4045774286e-01
-4.6917777288e-01   -8.0659201967e-01   1.4052112617e-01
-4.7256107364e-01   -8.1180484512e-01   1.4116162339e-01
-5.0737181309e-01   -8.6405773334e-01   1.4825454074e-01
-5.0772858156e-01   -8.6457956629e-01   1.4833197857e-01
-5.1130530312e-01   -8.6979497873e-01   1.4911364658e-01
-5.4792681974e-01   -9.2141341707e-01   1.5767751118e-01
-5.4830037403e-01   -9.2192230211e-01   1.5777016582e-01
-5.5204329699e-01   -9.2700044273e-01   1.5870450693e-01
-5.9013743359e-01   -9.7640551028e-01   1.6883938966e-01
-5.9052374778e-01   -9.7688397755e-01   1.6894809621e-01
-5.9439186969e-01   -9.8164830426e-01   1.7004324840e-01
-6.3347034553e-01   -1.0268919052e+00   1.8180561512e-01
-6.3386378388e-01   -1.0273188289e+00   1.8193067506e-01
-6.3779989229e-01   -1.0315563492e+00   1.8318932738e-01
-6.7720216369e-01   -1.0703452595e+00   1.9656942153e-01
-6.7759528582e-01   -1.0706963249e+00   1.9671036275e-01
-6.8152404733e-01   -1.0741625437e+00   1.9812734469e-01
-7.2040286005e-01   -1.1039384041e+00   2.1302440580e-01
-7.2078632834e-01   -1.1041872126e+00   2.1317973373e-01
-7.2461342954e-01   -1.1066175379e+00   2.1473953086e-01
-7.6193401083e-01   -1.1247084310e+00   2.3093824463e-01
-7.6229666398e-01   -1.1248283728e+00   2.3110522640e-01
-7.6590964702e-01   -1.1259572421e+00   2.3277985371e-01
-8.0046912240e-01   -1.1298081511e+00   2.4993321444e-01
-8.4684119559e-01   -1.1059191747e+00   2.7748562070e-01
-8.4710000520e-01   -1.1056410711e+00   2.7766135134e-01
-8.4965836089e-01   -1.1027702658e+00   2.7941671586e-01
-8.7205060116e-01   -1.0650576875e+00   2.9666057768e-01
-8.7224328220e-01   -1.0645981209e+00   2.9682909548e-01
-8.7413403367e-01   -1.0599135189e+00   2.9850882022e-01
-8.8924987523e-01   -1.0043659508e+00   3.1464291198e-01
-8.8936461745e-01   -1.0037328719e+00   3.1479709560e-01
-8.9047076867e-01   -9.9732068091e-01   3.1632999746e-01
-8.9727122091e-01   -9.2547513423e-01   3.3065839987e-01
-8.9729901843e-01   -9.2469007437e-01   3.3079155667e-01
-8.9753220714e-01   -9.1677217969e-01   3.3211113142e-01
-8.9532010661e-01   -8.3147349726e-01   3.4402379333e-01
-8.9525584053e-01   -8.3057028159e-01   3.4413044050e-01
-8.9456703100e-01   -8.2149029203e-01   3.4518264842e-01
-8.9449353466e-01   -8.2057758742e-01   3.4528643650e-01
-8.9371241581e-01   -8.1140485321e-01   3.4630988254e-01
-8.9362968873e-01   -8.1048308972e-01   3.4641077772e-01
-8.9275627947e-01   -8.0122194087e-01   3.4740513448e-01
-8.9266432591e-01   -8.0029155434e-01   3.4750310508e-01
-8.9169869262e-01   -7.9094637631e-01   3.4846806653e-01
-8.9159752160e-01   -7.9000780789e-01   3.4856308304e-01
-8.9053977820e-01   -7.8058303646e-01   3.4949836485e-01
-8.9042940348e-01   -7.7963673207e-01   3.4959039993e-01
-8.8927971142e-01   -7.7013684814e-01   3.5049573968e-01
-8.8916015152e-01   -7.6918325795e-01   3.5058476819e-01
-8.8791871972e-01   -7.5961278231e-01   3.5145992562e-01
-8.8778999791e-01   -7.5865236021e-01   3.5154592464e-01
-8.8645708265e-01   -7.4901584820e-01   3.5239068181e-01
-8.8631922692e-01   -7.4804905126e-01   3.5247363066e-01
-8.8489513168e-01   -7.3835108743e-01   3.5328779206e-01
-8.8474817473e-01   -7.3737837539e-01   3.5336767234e-01
-8.8323324997e-01   -7.2762356812e-01   3.5415106504e-01
-8.8307722919e-01   -7.2664540283e-01   3.5422786057e-01
-8.8147187205e-01   -7.1683837895e-01   3.5498033427e-01
-8.8130682947e-01   -7.1585522383e-01   3.5505403116e-01
-8.7961148343e-01   -7.0600062323e-01   3.5577545821e-01
-8.7943746570e-01   -7.0501294274e-01   3.5584604483e-01
-8.7765262020e-01   -6.9511541300e-01   3.5653632022e-01
-8.7746967856e-01   -6.9412367209e-01   3.5660378719e-01
-8.7559586855e-01   -6.8418786309e-01   3.5726282855e-01
-8.7540405874e-01   -6.8319252669e-01   3.5732716876e-01
-8.7344186418e-01   -6.7322308530e-01   3.5795491621e-01
-8.7324124643e-01   -6.7222461777e-01   3.5801612481e-01
-8.7119129172e-01   -6.6222618257e-01   3.5861254089e-01
-8.7098193067e-01   -6.6122504716e-01   3.5867061524e-01
-8.6884488405e-01   -6.5120224321e-01   3.5923568477e-01
-8.6862684871e-01   -6.5019890158e-01   3.5929062446e-01
-8.6640342161e-01   -6.4015633524e-01   3.5982435432e-01
-8.6617678524e-01   -6.3915124692e-01   3.5987616113e-01
-8.6386773160e-01   -6.2909350078e-01   3.6037858007e-01
-8.6363257170e-01   -6.2808712267e-01   3.6042725796e-01
-8.6123868715e-01   -6.1801875053e-01   3.6089841633e-01
-8.6099508535e-01   -6.1701153640e-01   3.6094397142e-01
-8.5851720648e-01   -6.0693705839e-01   3.6138394089e-01
-8.5826524845e-01   -6.0592945841e-01   3.6142638139e-01
-8.5570425194e-01   -5.9585335618e-01   3.6183525466e-01
-8.5544402732e-01   -5.9484581642e-01   3.6187459088e-01
-8.5280082904e-01   -5.8477252843e-01   3.6225248131e-01
-8.5253243135e-01   -5.8376549043e-01   3.6228872560e-01
-8.4980798547e-01   -5.7369940742e-01   3.6263576684e-01
-8.4953151201e-01   -5.7269330771e-01   3.6266893358e-01
-8.4672680999e-01   -5.6263876827e-01   3.6298527916e-01
-8.4644236173e-01   -5.6163403796e-01   3.6301538469e-01
-8.4355843136e-01   -5.5159532421e-01   3.6330120764e-01
-8.4326611287e-01   -5.5059238854e-01   3.6332827020e-01
-8.4030401719e-01   -5.4057372201e-01   3.6358376255e-01
-8.4000393650e-01   -5.3957299997e-01   3.6360780229e-01
-8.3696477279e-01   -5.2957853760e-01   3.6383317460e-01
-8.3665704129e-01   -5.2858044152e-01   3.6385421348e-01
-8.3354193989e-01   -5.1861427184e-01   3.6404969438e-01
-8.3322667225e-01   -5.1761920702e-01   3.6406775615e-01
-8.3003679549e-01   -5.0768534646e-01   3.6423359176e-01
-8.2971410949e-01   -5.0669371082e-01   3.6424870189e-01
-8.2645065052e-01   -4.9679610022e-01   3.6438515533e-01
-8.2612066697e-01   -4.9580828396e-01   3.6439734097e-01
-8.2278484856e-01   -4.8595078525e-01   3.6450469180e-01
-8.2244769118e-01   -4.8496717050e-01   3.6451398170e-01
-8.1904076452e-01   -4.7515356357e-01   3.6459252531e-01
-8.1869655981e-01   -4.7417452411e-01   3.6459894978e-01
-8.1521980330e-01   -4.6440850382e-01   3.6464899686e-01
-8.1486868042e-01   -4.6343440480e-01   3.6465258772e-01
-8.1132339840e-01   -4.5371957820e-01   3.6467446359e-01
-8.1096548904e-01   -4.5275077585e-01   3.6467525408e-01
-8.0735301057e-01   -4.4309065962e-01   3.6466929815e-01
-8.0698844882e-01   -4.4212750099e-01   3.6466732289e-01
-8.0331012637e-01   -4.3252551902e-01   3.6463388798e-01
-8.0293904861e-01   -4.3156834179e-01   3.6462918291e-01
-7.9919625680e-01   -4.2202782293e-01   3.6456863464e-01
-7.9881880156e-01   -4.2107695516e-01   3.6456123693e-01
-7.9501293584e-01   -4.1160113126e-01   3.6447395307e-01
-7.9462924367e-01   -4.1065689121e-01   3.6446390109e-01
-7.9076171907e-01   -4.0124889523e-01   3.6435027095e-01
-7.9037193238e-01   -4.0031159121e-01   3.6433760418e-01
-7.8644418216e-01   -3.9097445559e-01   3.6419802792e-01
-7.8604844517e-01   -3.9004438576e-01   3.6418278690e-01
-7.8206191952e-01   -3.8078104099e-01   3.6401767487e-01
-7.8166037803e-01   -3.7985849326e-01   3.6399990112e-01
-7.7761654278e-01   -3.7067176657e-01   3.6380967326e-01
-7.7720934413e-01   -3.6975701847e-01   3.6378940923e-01
-7.7310967942e-01   -3.6064963279e-01   3.6357449436e-01
-7.7269697229e-01   -3.5974295135e-01   3.6355178336e-01
-7.6854297130e-01   -3.5071752436e-01   3.6331261857e-01
-7.6812490560e-01   -3.4981916607e-01   3.6328750469e-01
-7.6391807321e-01   -3.4087820953e-01   3.6302453465e-01
-7.6349479999e-01   -3.3998842025e-01   3.6299706273e-01
-7.5923665153e-01   -3.3113433943e-01   3.6271073907e-01
-7.5880832278e-01   -3.3025335434e-01   3.6268095459e-01
-7.5450038272e-01   -3.2148844765e-01   3.6237173527e-01
-7.5406715132e-01   -3.2061649124e-01   3.6233968432e-01
-7.4971095201e-01   -3.1194295003e-01   3.6200803296e-01
-7.4927297154e-01   -3.1108023609e-01   3.6197376217e-01
-7.4487005195e-01   -3.0250014463e-01   3.6162014745e-01
-7.4442747659e-01   -3.0164687623e-01   3.6158370390e-01
-7.3997938109e-01   -2.9316221184e-01   3.6120859894e-01
-7.3953236551e-01   -2.9231858137e-01   3.6117003016e-01
-7.3504064259e-01   -2.8393121468e-01   3.6077391188e-01
-7.3458934180e-01   -2.8309740389e-01   3.6073326573e-01
-7.3005554291e-01   -2.7480909929e-01   3.6031661429e-01
-7.2960011217e-01   -2.7398527932e-01   3.6027393893e-01
-7.2502579051e-01   -2.6579769555e-01   3.5983723713e-01
-7.2456638518e-01   -2.6498402702e-01   3.5979258095e-01
-7.1995309453e-01   -2.5689871788e-01   3.5933631365e-01
-6.7215648010e-01   -1.8138871513e-01   3.5388498333e-01
-6.7166560540e-01   -1.8068417130e-01   3.5382305969e-01
-6.6674534389e-01   -1.7369498356e-01   3.5319656047e-01
-6.1663687281e-01   -1.0947584452e-01   3.4628333946e-01
-6.1612967030e-01   -1.0888585992e-01   3.4620895308e-01
-6.1105330582e-01   -1.0304265482e-01   3.4546010178e-01
-5.6007359754e-01   -5.0199164823e-02   3.3754117800e-01
-5.5956373894e-01   -4.9721122540e-02   3.3745863632e-01
-5.5446708405e-01   -4.4994337061e-02   3.3663018723e-01
-5.0387585224e-01   -2.9304491686e-03   3.2809815574e-01
-5.0337496998e-01   -2.5559863309e-03   3.2801104292e-01
-4.9837324534e-01   1.1402428101e-03   3.2713844949e-01
-4.4920920165e-01   3.3470464935e-02   3.1830846880e-01
-4.4872662185e-01   3.3753209220e-02   3.1821957422e-01
-4.4391192315e-01   3.6538688586e-02   3.1733033965e-01
-3.9698014392e-01   6.0423747934e-02   3.0843945236e-01
-3.9652286639e-01   6.0628238448e-02   3.0835080998e-01
-3.9196406872e-01   6.2637996402e-02   3.0746492349e-01
-3.4784424818e-01   7.9445023870e-02   2.9867991370e-01
-3.4741710251e-01   7.9584910405e-02   2.9859290617e-01
-3.4316148975e-01   8.0955250647e-02   2.9772390497e-01
-3.0222996347e-01   9.2014244961e-02   2.8915343915e-01
-3.0183587221e-01   9.2102414789e-02   2.8906892826e-01
-2.9791180513e-01   9.2961658804e-02   2.8822520748e-01
-2.6037102540e-01   9.9493263733e-02   2.7993306189e-01
-2.0788234625e-01   1.0367217174e-01   2.6752538023e-01
-2.0757094340e-01   1.0368026229e-01   2.6744830739e-01
-2.0447357716e-01   1.0375021208e-01   2.6667915752e-01
-1.7514237218e-01   1.0347551823e-01   2.5914433195e-01
-1.3499865160e-01   1.0043131549e-01   2.4791381367e-01
-1.3476335261e-01   1.0040469585e-01   2.4784410076e-01
-1.3242473118e-01   1.0013472128e-01   2.4714839042e-01
-1.1043535852e-01   9.7126901857e-02   2.4033011874e-01
-8.0773127582e-02   9.1823057169e-02   2.3014534013e-01
-5.6179726738e-02   8.6553859871e-02   2.2049593763e-01
-5.6037080572e-02   8.6521698462e-02   2.2043585193e-01
-5.4620194603e-02   8.6201568881e-02   2.1983608133e-01
-4.1368453364e-02   8.3171247568e-02   2.1394462928e-01
-2.3643635758e-02   7.9215586468e-02   2.0509829799e-01
-8.9731678200e-03   7.6430866881e-02   1.9666908824e-01
3.2665081492e-03   7.4961482541e-02   1.8862704512e-01
1.3623973381e-02   7.4882594975e-02   1.8094803280e-01
2.2576222521e-02   7.6232940792e-02   1.7361259902e-01
2.2629859057e-02   7.6246229883e-02   1.7356676797e-01
2.3164024480e-02   7.6382393747e-02   1.7310919334e-01
2.8305440785e-02   7.8072738571e-02   1.6860632176e-01
3.5779478997e-02   8.1929566015e-02   1.6182372566e-01
4.2841950533e-02   8.7304829795e-02   1.5534928291e-01
4.9776864548e-02   9.4264634411e-02   1.4917510617e-01
5.6838924340e-02   1.0290632771e-01   1.4329601451e-01
6.4262736019e-02   1.1336425741e-01   1.3770980106e-01
7.2271443902e-02   1.2581463259e-01   1.3241773320e-01
8.1084783538e-02   1.4047995968e-01   1.2742531439e-01
8.1144199727e-02   1.4058141151e-01   1.2739437818e-01
8.1740685045e-02   1.4160153090e-01   1.2708571372e-01
8.7950120448e-02   1.5237933833e-01   1.2406963384e-01
9.8663490177e-02   1.7149394154e-01   1.1961822225e-01
1.1081747756e-01   1.9369223979e-01   1.1551252486e-01
1.2468113778e-01   2.1940380048e-01   1.1178662809e-01
1.2477590142e-01   2.1958052208e-01   1.1176412184e-01
1.2572806120e-01   2.2135676177e-01   1.1154002058e-01
1.3571895934e-01   2.4004999004e-01   1.0939827691e-01
1.5321123352e-01   2.7294098788e-01   1.0644193677e-01
1.5333101621e-01   2.7316665956e-01   1.0642471489e-01
1.5453468586e-01   2.7543460796e-01   1.0625374038e-01
1.6717594457e-01   2.9927059134e-01   1.0467369409e-01
1.8933636403e-01   3.4106553917e-01   1.0272756263e-01
1.8948816034e-01   3.4135163814e-01   1.0271740439e-01
1.9101353223e-01   3.4422634476e-01   1.0261753311e-01
2.0703176587e-01   3.7437997592e-01   1.0179844996e-01
2.3508471195e-01   4.2696672956e-01   1.0125604047e-01
2.3527667728e-01   4.2732533573e-01   1.0125582729e-01
2.3720551999e-01   4.3092749902e-01   1.0125615018e-01
2.5743852494e-01   4.6858682914e-01   1.0151813266e-01
2.5764976355e-01   4.6897869700e-01   1.0152325575e-01
2.5977210844e-01   4.7291424982e-01   1.0157735829e-01
2.8201688171e-01   5.1397679580e-01   1.0242130170e-01
2.8224893881e-01   5.1440325028e-01   1.0243267315e-01
2.8458022502e-01   5.1868517221e-01   1.0254975237e-01
3.0898881885e-01   5.6324938277e-01   1.0407547662e-01
3.0924318307e-01   5.6371107727e-01   1.0409416887e-01
3.1179824962e-01   5.6834549119e-01   1.0428503204e-01
3.3851287328e-01   6.1642572905e-01   1.0660907457e-01
3.3879089542e-01   6.1692232073e-01   1.0663633193e-01
3.4158315536e-01   6.2190520312e-01   1.0691350916e-01
3.7072645838e-01   6.7339442306e-01   1.1016986676e-01
3.7102923982e-01   6.7392415723e-01   1.1020710858e-01
3.7406954764e-01   6.7923713417e-01   1.1058487848e-01
4.0573149552e-01   7.3385994124e-01   1.1492459790e-01
4.0605973944e-01   7.3441913621e-01   1.1497340723e-01
4.0935488276e-01   7.4002428214e-01   1.1546767493e-01
4.4357554355e-01   7.9728000141e-01   1.2105657554e-01
4.4392936232e-01   7.9786243554e-01   1.2111866530e-01
4.4748011264e-01   8.0369609845e-01   1.2174660963e-01
4.8422777709e-01   8.6279297269e-01   1.2876019660e-01
4.8460645107e-01   8.6338919436e-01   1.2883734255e-01
4.8840512720e-01   8.6935506841e-01   1.2961672732e-01
5.2754948916e-01   9.2913925411e-01   1.3823115116e-01
5.2795117641e-01   9.2973586703e-01   1.3832507993e-01
5.3197871819e-01   9.3569785395e-01   1.3927310744e-01
5.7325945295e-01   9.9458480825e-01   1.4965093564e-01
5.7368085715e-01   9.9516383004e-01   1.4976315530e-01
5.7790348807e-01   1.0009396982e+00   1.5089474165e-01
6.2089560451e-01   1.0568609280e+00   1.6316447457e-01
6.2133162110e-01   1.0573993802e+00   1.6329603930e-01
6.2569730718e-01   1.0627568324e+00   1.6462142711e-01
6.6977620549e-01   1.1131413792e+00   1.7885031792e-01
6.7021958402e-01   1.1136113318e+00   1.7900152697e-01
6.7465467919e-01   1.1182687470e+00   1.8052324544e-01
7.1896590873e-01   1.1600848039e+00   1.9668429885e-01
7.1940699184e-01   1.1604541497e+00   1.9685434708e-01
7.2381368620e-01   1.1640887611e+00   1.9856370165e-01
7.6725473880e-01   1.1939736824e+00   2.1649987557e-01
7.6768136165e-01   1.1942079177e+00   2.1668649783e-01
7.7193678061e-01   1.1964741832e+00   2.1856002828e-01
8.1316029798e-01   1.2109766493e+00   2.3795152794e-01
8.1355794821e-01   1.2110418465e+00   2.3815071046e-01
8.1751590859e-01   1.2116017775e+00   2.4014736213e-01
8.5496443525e-01   1.2075434273e+00   2.6049087744e-01
8.5531677165e-01   1.2074103543e+00   2.6069673581e-01
8.5881316712e-01   1.2059752011e+00   2.6275675100e-01
8.9079375478e-01   1.1809081351e+00   2.8336726897e-01
8.9108354886e-01   1.1805571052e+00   2.8357219985e-01
8.9394598078e-01   1.1769360331e+00   2.8561879528e-01
9.1874741477e-01   1.1296307332e+00   3.0566347706e-01
9.1895790575e-01   1.1290563329e+00   3.0585866091e-01
9.2101941651e-01   1.1232033411e+00   3.0780323749e-01
9.3706542204e-01   1.0540613916e+00   3.2637133175e-01
9.3718196707e-01   1.0532758955e+00   3.2654758738e-01
9.3829763585e-01   1.0453229822e+00   3.2829843036e-01
9.4431777130e-01   9.5659106293e-01   3.4450139729e-01
9.4432955587e-01   9.5562533398e-01   3.4465027727e-01
9.4439355292e-01   9.4588999610e-01   3.4612357999e-01
9.4439455827e-01   9.4490874365e-01   3.4626934885e-01
9.4435051138e-01   9.3502056182e-01   3.4771122251e-01
9.4434068822e-01   9.3402426649e-01   3.4785381711e-01
9.4418813387e-01   9.2398811215e-01   3.4926364242e-01
9.4416743880e-01   9.2297726751e-01   3.4940300206e-01
9.4390597251e-01   9.1279813876e-01   3.5078018459e-01
9.4387436806e-01   9.1177325074e-01   3.5091625111e-01
9.4350364516e-01   9.0145626618e-01   3.5226022207e-01
9.4346109987e-01   9.0041785245e-01   3.5239293988e-01
9.4298083606e-01   8.8996824489e-01   3.5370315687e-01
9.4292732453e-01   8.8891683421e-01   3.5383247308e-01
9.4233729647e-01   8.7833994405e-01   3.5510842076e-01
9.4227279944e-01   8.7727607563e-01   3.5523428521e-01
9.4157284521e-01   8.6657734413e-01   3.5647547594e-01
9.4149734958e-01   8.6550156690e-01   3.5659784128e-01
9.4068736908e-01   8.5468652924e-01   3.5780381573e-01
9.4060086793e-01   8.5359940117e-01   3.5792263745e-01
9.3968082319e-01   8.4267367930e-01   3.5909296513e-01
9.3958331584e-01   8.4157576668e-01   3.5920820164e-01
9.3855323127e-01   8.3054506204e-01   3.6034248138e-01
9.3844472328e-01   8.2943693873e-01   3.6045409406e-01
9.3730468576e-01   8.1830702484e-01   3.6155195447e-01
9.3718518896e-01   8.1718927153e-01   3.6165990767e-01
9.3593534796e-01   8.0596598643e-01   3.6272100750e-01
9.3580488042e-01   8.0483918991e-01   3.6282526862e-01
9.3444544797e-01   7.9352842854e-01   3.6384929711e-01
9.3430403401e-01   7.9239318087e-01   3.6394983660e-01
9.3283528456e-01   7.8100088734e-01   3.6493651373e-01
9.3268295476e-01   7.7985778514e-01   3.6503330513e-01
9.3110522505e-01   7.6838994492e-01   3.6598238184e-01
9.3094201616e-01   7.6723958853e-01   3.6607540181e-01
9.2925570490e-01   7.5570222068e-01   3.6698666014e-01
9.2908165990e-01   7.5454521341e-01   3.6707588844e-01
9.2728722742e-01   7.4294436264e-01   3.6794914169e-01
9.2710239540e-01   7.4178130999e-01   3.6803456122e-01
9.2520036325e-01   7.3012303887e-01   3.6886965392e-01
9.2500479942e-01   7.2895454772e-01   3.6895125068e-01
9.2299574982e-01   7.1724492878e-01   3.6974805865e-01
9.2278951541e-01   7.1607160661e-01   3.6982582179e-01
9.2067409065e-01   7.0431671455e-01   3.7058425198e-01
9.2045725287e-01   7.0313916867e-01   3.7065817375e-01
9.1823615467e-01   6.9134507260e-01   3.7137816423e-01
9.1800878663e-01   6.9016390939e-01   3.7144823998e-01
9.1568277534e-01   6.7833666509e-01   3.7212975966e-01
9.1544495600e-01   6.7715248919e-01   3.7219598783e-01
9.1301484980e-01   6.6529813156e-01   3.7283903627e-01
9.1276666381e-01   6.6411154516e-01   3.7290141833e-01
9.1023333781e-01   6.5223608065e-01   3.7350602548e-01
9.0997487552e-01   6.5104768272e-01   3.7356456594e-01
9.0733926075e-01   6.3915708199e-01   3.7413079175e-01
9.0707061801e-01   6.3796746756e-01   3.7418549809e-01
9.0433370043e-01   6.2606765821e-01   3.7471343217e-01
9.0405497856e-01   6.2487741765e-01   3.7476431481e-01
9.0121779791e-01   6.1297427716e-01   3.7525407595e-01
9.0092910352e-01   6.1178399546e-01   3.7530114822e-01
8.9799275216e-01   5.9988334422e-01   3.7575288394e-01
8.9769419708e-01   5.9869360035e-01   3.7579616201e-01
8.9465981875e-01   5.8680119496e-01   3.7621004802e-01
8.9435151987e-01   5.8561256116e-01   3.7624955085e-01
8.9122030839e-01   5.7373408787e-01   3.7662579046e-01
8.9090238757e-01   5.7254712902e-01   3.7666153975e-01
8.8767558549e-01   5.6068819741e-01   3.7700036330e-01
8.8734816935e-01   5.5950347043e-01   3.7703238339e-01
8.8402706656e-01   5.4766960729e-01   3.7733404755e-01
8.8369028642e-01   5.4648766052e-01   3.7736236542e-01
8.8027621866e-01   5.3468430397e-01   3.7762715252e-01
8.7993021034e-01   5.3350567660e-01   3.7765179766e-01
8.7642455773e-01   5.2173817049e-01   3.7788001495e-01
8.7606946140e-01   5.2056339200e-01   3.7790101930e-01
8.7247364687e-01   5.0883698049e-01   3.7809299823e-01
8.7210960692e-01   5.0766657013e-01   3.7811039612e-01
8.6842509464e-01   4.9598639262e-01   3.7826649150e-01
8.6805225949e-01   4.9482085893e-01   3.7828031955e-01
8.6428055325e-01   4.8319194517e-01   3.7840090878e-01
8.6389907520e-01   4.8203178548e-01   3.7841120583e-01
8.6004171673e-01   4.7045905102e-01   3.7849668801e-01
8.5965175179e-01   4.6930475103e-01   3.7850349503e-01
8.5571031909e-01   4.5779299292e-01   3.7855429013e-01
8.5531202681e-01   4.5664502628e-01   3.7855765013e-01
8.5128813241e-01   4.4519891908e-01   3.7857419810e-01
8.5088167573e-01   4.4405774699e-01   3.7857415604e-01
8.4677696499e-01   4.3268183904e-01   3.7855691589e-01
8.4636251001e-01   4.3154790989e-01   3.7855351860e-01
8.4217865933e-01   4.2024661990e-01   3.7850296751e-01
8.4175637519e-01   4.1912036898e-01   3.7849626357e-01
8.3749509024e-01   4.0789798286e-01   3.7841289592e-01
8.3706514891e-01   4.0677983202e-01   3.7840293561e-01
8.3272816287e-01   3.9564050010e-01   3.7828726206e-01
8.3229073897e-01   3.9453085751e-01   3.7827409722e-01
8.2787981068e-01   3.8347859194e-01   3.7812664376e-01
8.2743508133e-01   3.8237785182e-01   3.7811032773e-01
8.2295199353e-01   3.7141652436e-01   3.7793163473e-01
8.2250013813e-01   3.7032506679e-01   3.7791222223e-01
8.1794669563e-01   3.5945840682e-01   3.7770284345e-01
8.1748789571e-01   3.5837659758e-01   3.7768039049e-01
8.1286592357e-01   3.4760819043e-01   3.7744089216e-01
8.1240036259e-01   3.4653638079e-01   3.7741545596e-01
8.0771170437e-01   3.3586966640e-01   3.7714641580e-01
8.0723956753e-01   3.3480819304e-01   3.7711805467e-01
8.0248608342e-01   3.2424646476e-01   3.7682006093e-01
8.0200755752e-01   3.2319564966e-01   3.7678883419e-01
7.9719112259e-01   3.1274205351e-01   3.7646248471e-01
7.9670639583e-01   3.1170220389e-01   3.7642845259e-01
7.9182889823e-01   3.0135973792e-01   3.7607435386e-01
7.9133816002e-01   3.0033114617e-01   3.7603757740e-01
7.8640149926e-01   2.9010266023e-01   3.7565634362e-01
7.8590494004e-01   2.8908560392e-01   3.7561688461e-01
7.8091102520e-01   2.7897379956e-01   3.7520913676e-01
7.8040883631e-01   2.7796854143e-01   3.7516705760e-01
7.7535958432e-01   2.6797597215e-01   3.7473342256e-01
7.7485195778e-01   2.6698276016e-01   3.7468878621e-01
7.6974929173e-01   2.5711183180e-01   3.7422989584e-01
7.6923642011e-01   2.5613089919e-01   3.7418276569e-01
7.6408226756e-01   2.4638387068e-01   3.7369925599e-01
7.6356434377e-01   2.4541543600e-01   3.7364969582e-01
7.5836063512e-01   2.3579442022e-01   3.7314220600e-01
7.5783785230e-01   2.3483868751e-01   3.7309027987e-01
7.5258651913e-01   2.2534565242e-01   3.7255945158e-01
7.5205907043e-01   2.2440281127e-01   3.7250522375e-01
7.4676204394e-01   2.1503958124e-01   3.7195170025e-01
7.4623012242e-01   2.1410980696e-01   3.7189523509e-01
7.4088933187e-01   2.0487806430e-01   3.7131966041e-01
7.4035313029e-01   2.0396151808e-01   3.7126102235e-01
7.3497050145e-01   1.9486280474e-01   3.7066404057e-01
7.3443021218e-01   1.9395963381e-01   3.7060329397e-01
7.2900766587e-01   1.8499535329e-01   3.6998554843e-01
7.2846348069e-01   1.8410569115e-01   3.6992275759e-01
7.2300293132e-01   1.7527711051e-01   3.6928489018e-01
7.2245504130e-01   1.7440107712e-01   3.6922011917e-01
7.1695839546e-01   1.6570932926e-01   3.6856276963e-01
7.1640699082e-01   1.6484703127e-01   3.6849608231e-01
7.1087614592e-01   1.5629311721e-01   3.6781988754e-01
7.1032141589e-01   1.5544464822e-01   3.6775134742e-01
7.0475825881e-01   1.4702943965e-01   3.6705694086e-01
7.0420039152e-01   1.4619488046e-01   3.6698661110e-01
6.9860679734e-01   1.3791912233e-01   3.6627462207e-01
6.9804597965e-01   1.3709854119e-01   3.6620256538e-01
6.9242381042e-01   1.2896285449e-01   3.6547361852e-01
6.9186022785e-01   1.2815630738e-01   3.6539989711e-01
6.8621133135e-01   1.2016119193e-01   3.6465461180e-01
6.8564516793e-01   1.1936872288e-01   3.6457928731e-01
6.7997137655e-01   1.1151456030e-01   3.6381827713e-01
6.7940281471e-01   1.1073620167e-01   3.6374141062e-01
6.7370594436e-01   1.0302325839e-01   3.6296528283e-01
6.7313516483e-01   1.0225903116e-01   3.6288693470e-01
6.6741701382e-01   9.4687461532e-02   3.6209628977e-01
6.6684419551e-01   9.3937375652e-02   3.6201651971e-01
6.6110654359e-01   8.6507225114e-02   3.6121195086e-01
6.0307099954e-01   1.9229407768e-02   3.5257469226e-01
6.0248714523e-01   1.8620326521e-02   3.5248372646e-01
5.9664745741e-01   1.2597634727e-02   3.5156993429e-01
5.3838104414e-01   -4.0999376217e-02   3.4209694543e-01
5.3780171480e-01   -4.1476372095e-02   3.4199981525e-01
5.3201424648e-01   -4.6184406875e-02   3.4102658482e-01
4.7491740767e-01   -8.7334445349e-02   3.3116107028e-01
4.7435525704e-01   -8.7694013149e-02   3.3106169726e-01
4.6874504168e-01   -9.1235980370e-02   3.3006768664e-01
4.1391708513e-01   -1.2158076725e-01   3.2014159026e-01
4.1338172511e-01   -1.2184036211e-01   3.2004280687e-01
4.0804339560e-01   -1.2439154938e-01   3.1905583137e-01
3.5628563314e-01   -1.4572420031e-01   3.0929905936e-01
3.5578378538e-01   -1.4590184563e-01   3.0920274859e-01
3.5078320250e-01   -1.4764231899e-01   3.0824121608e-01
3.0262473787e-01   -1.6172538464e-01   2.9879894578e-01
3.0216056342e-01   -1.6183818539e-01   2.9870623266e-01
2.9753817471e-01   -1.6293826951e-01   2.9778107074e-01
2.5327429381e-01   -1.7139104638e-01   2.8873350103e-01
2.5284980907e-01   -1.7145433829e-01   2.8864494909e-01
2.4862483092e-01   -1.7206638294e-01   2.8776156316e-01
2.0836011047e-01   -1.7630728626e-01   2.7914250899e-01
2.0797562183e-01   -1.7633426131e-01   2.7905829440e-01
2.0415038235e-01   -1.7658908948e-01   2.7821829427e-01
1.6784110629e-01   -1.7781691213e-01   2.7003080900e-01
1.1787189556e-01   -1.7624983196e-01   2.5797133928e-01
1.1757793049e-01   -1.7623052322e-01   2.5789702407e-01
1.1465546638e-01   -1.7603267607e-01   2.5715575048e-01
8.7102090001e-02   -1.7367711442e-01   2.4992589746e-01
4.9662871796e-02   -1.6936190324e-01   2.3924155651e-01
4.9443970326e-02   -1.6933423777e-01   2.3917552976e-01
4.7268466486e-02   -1.6905845092e-01   2.3851679023e-01
2.6811344715e-02   -1.6643861075e-01   2.3207786037e-01
-9.1322512597e-04   -1.6322126323e-01   2.2251350091e-01
-2.4271372997e-02   -1.6161397116e-01   2.1350994059e-01
-2.4408644877e-02   -1.6160984355e-01   2.1345406103e-01
-2.5773629821e-02   -1.6157314634e-01   2.1289640668e-01
-3.8694865077e-02   -1.6167936211e-01   2.0743180916e-01
-5.6621976390e-02   -1.6368178370e-01   1.9927656092e-01
-7.2419857247e-02   -1.6808463869e-01   1.9157451122e-01
-8.6754827324e-02   -1.7502360931e-01   1.8430724517e-01
-1.0021463362e-01   -1.8461574788e-01   1.7746548013e-01
-1.0029902758e-01   -1.8468586991e-01   1.7742309832e-01
-1.0114220684e-01   -1.8539333653e-01   1.7700023367e-01
-1.0952339365e-01   -1.9309993781e-01   1.7286719283e-01
-1.2266001292e-01   -2.0752707179e-01   1.6675553164e-01
-1.3620769144e-01   -2.2500358842e-01   1.6108680125e-01
-1.5056356351e-01   -2.4574011218e-01   1.5588456566e-01
-1.5065876425e-01   -2.4588370610e-01   1.5585287321e-01
-1.5161345154e-01   -2.4732755133e-01   1.5553707599e-01
-1.6144753699e-01   -2.6257158214e-01   1.5249417178e-01
-1.7804153951e-01   -2.8948904915e-01   1.4817790517e-01
-1.9642580407e-01   -3.2043951691e-01   1.4445623054e-01
-1.9654986154e-01   -3.2065110533e-01   1.4443450731e-01
-1.9779526802e-01   -3.2277683927e-01   1.4421879115e-01
-2.1075107204e-01   -3.4503757213e-01   1.4221827641e-01
-2.3300571450e-01   -3.8367076904e-01   1.3970959872e-01
-2.3315643547e-01   -3.8393334515e-01   1.3969619982e-01
-2.3466981461e-01   -3.8657023589e-01   1.3956416020e-01
-2.5043882321e-01   -4.1406744885e-01   1.3844630470e-01
-2.7757523119e-01   -4.6130289231e-01   1.3750950824e-01
-2.7775902643e-01   -4.6162185358e-01   1.3750700815e-01
-2.7960442871e-01   -4.6482342115e-01   1.3748459679e-01
-2.9881976392e-01   -4.9803762441e-01   1.3753031270e-01
-2.9901905370e-01   -4.9838077975e-01   1.3753335071e-01
-3.0101987838e-01   -5.0182431275e-01   1.3756665836e-01
-3.2183525532e-01   -5.3745122517e-01   1.3820486334e-01
-3.2205094700e-01   -5.3781834990e-01   1.3821416422e-01
-3.2421620440e-01   -5.4150129360e-01   1.3831048367e-01
-3.4671444297e-01   -5.7948111930e-01   1.3961862391e-01
-3.4694728829e-01   -5.7987126771e-01   1.3963500332e-01
-3.4928440142e-01   -5.8378374811e-01   1.3980253557e-01
-3.7352901368e-01   -6.2397191359e-01   1.4186693251e-01
-3.7377953695e-01   -6.2438317946e-01   1.4189129184e-01
-3.7629361371e-01   -6.2850558772e-01   1.4213909045e-01
-4.0232055934e-01   -6.7064653579e-01   1.4505396104e-01
-4.0258896573e-01   -6.7107577192e-01   1.4508727321e-01
-4.0528187174e-01   -6.7537594069e-01   1.4542509691e-01
-4.3308921626e-01   -7.1907310435e-01   1.4929047539e-01
-4.3337527837e-01   -7.1951560752e-01   1.4933375790e-01
-4.3624449130e-01   -7.2394564611e-01   1.4977179369e-01
-4.6577983722e-01   -7.6862871521e-01   1.5468994642e-01
-4.6608275923e-01   -7.6907789220e-01   1.5474421728e-01
-4.6911999958e-01   -7.7357084417e-01   1.5529263036e-01
-5.0026574980e-01   -8.1846260338e-01   1.6136251141e-01
-5.0058401106e-01   -8.1890964752e-01   1.6142872349e-01
-5.0377366884e-01   -8.2337627225e-01   1.6209698831e-01
-5.3633049671e-01   -8.6746288821e-01   1.6940629980e-01
-5.3666168035e-01   -8.6789651376e-01   1.6948524940e-01
-5.3997909630e-01   -8.7222267488e-01   1.7028122237e-01
-5.7364846805e-01   -9.1423329585e-01   1.7889576762e-01
-5.7398908576e-01   -9.1463959859e-01   1.7898797535e-01
-5.7739880138e-01   -9.1868495443e-01   1.7991668951e-01
-6.1176603907e-01   -9.5708863015e-01   1.8986699802e-01
-6.1211137030e-01   -9.5745116351e-01   1.8997256356e-01
-6.1556553343e-01   -9.6105006207e-01   1.9103476524e-01
-6.5008569374e-01   -9.9407978990e-01   2.0230048293e-01
-6.5042966599e-01   -9.9437996018e-01   2.0241892186e-01
-6.5386686205e-01   -9.9734557699e-01   2.0360943319e-01
-6.8785654491e-01   -1.0230598796e+00   2.1610273348e-01
-6.8819168968e-01   -1.0232777610e+00   2.1623281271e-01
-6.9153654969e-01   -1.0254104791e+00   2.1753889182e-01
-7.2417544844e-01   -1.0418011559e+00   2.3108912283e-01
-7.7086056937e-01   -1.0467656501e+00   2.5363814517e-01
-7.7113630742e-01   -1.0467071679e+00   2.5378569725e-01
-7.7387513781e-01   -1.0460558128e+00   2.5526255690e-01
-7.9923088907e-01   -1.0327162062e+00   2.7008895207e-01
-8.2995618706e-01   -9.8610486740e-01   2.9276868575e-01
-8.3011205806e-01   -9.8570525784e-01   2.9290881808e-01
-8.3164007923e-01   -9.8163928257e-01   2.9430539081e-01
-8.4371443362e-01   -9.3416088995e-01   3.0770785831e-01
-8.4380456732e-01   -9.3362542420e-01   3.0783591417e-01
-8.4467139435e-01   -9.2820720641e-01   3.0910912448e-01
-8.4979233776e-01   -8.6799461206e-01   3.2102688479e-01
-8.4981020404e-01   -8.6734044151e-01   3.2113788817e-01
-8.4995184957e-01   -8.6074605174e-01   3.2223830398e-01
-8.4762199644e-01   -7.8999234539e-01   3.3221816664e-01
-8.4756402216e-01   -7.8924510581e-01   3.3230803659e-01
-8.4694636856e-01   -7.8173458990e-01   3.3319541436e-01
-8.3699227071e-01   -7.0336525942e-01   3.4089792466e-01
-8.3685830640e-01   -7.0255674995e-01   3.4096389666e-01
-8.3548161801e-01   -6.9445035171e-01   3.4161132525e-01
-8.1808211415e-01   -6.1183628286e-01   3.4684387408e-01
-8.1787555402e-01   -6.1100122275e-01   3.4688474430e-01
-8.1577549156e-01   -6.0264664112e-01   3.4728098324e-01
-7.9145313902e-01   -5.1925643844e-01   3.5001026584e-01
-7.9118066473e-01   -5.1842890669e-01   3.5002641268e-01
-7.8842554212e-01   -5.1016571355e-01   3.5017599504e-01
-7.5800210007e-01   -4.2922295239e-01   3.5051816165e-01
-7.5767309046e-01   -4.2843317547e-01   3.5051135292e-01
-7.5435782974e-01   -4.2056102373e-01   3.5043256258e-01
-7.1888146787e-01   -3.4476723399e-01   3.4862466795e-01
-7.1850717671e-01   -3.4403925290e-01   3.4859771047e-01
-7.1474500422e-01   -3.3679507729e-01   3.4831902101e-01
-6.7540145796e-01   -2.6815783035e-01   3.4467916477e-01
-6.7499409317e-01   -2.6750831264e-01   3.4463548022e-01
-6.7090731952e-01   -2.6105503293e-01   3.4419130017e-01
-6.2892853609e-01   -2.0083160539e-01   3.3907608420e-01
-6.2850037225e-01   -2.0026977753e-01   3.3901929524e-01
-6.2421156374e-01   -1.9469612624e-01   3.3844585306e-01
-5.8079361097e-01   -1.4343735417e-01   3.3221253755e-01
-5.8035623756e-01   -1.4296580984e-01   3.3214612685e-01
-5.7598078561e-01   -1.3829476126e-01   3.3147810858e-01
-5.3221899523e-01   -9.5957950997e-02   3.2445608432e-01
-5.3178276026e-01   -9.5573988364e-02   3.2438315844e-01
-5.2742342202e-01   -9.1776299512e-02   3.2365140101e-01
-4.8426832129e-01   -5.7872074832e-02   3.1612453242e-01
-4.8384198674e-01   -5.7569223559e-02   3.1604769345e-01
-4.7958554190e-01   -5.4578721498e-02   3.1527795161e-01
-4.3781927478e-01   -2.8321741439e-02   3.0747691460e-01
-4.3740986665e-01   -2.8091218645e-02   3.0739822286e-01
-4.3332570606e-01   -2.5819274769e-02   3.0661083457e-01
-3.9355600979e-01   -6.2623166301e-03   2.9871317723e-01
-3.9316882563e-01   -6.0942539553e-03   2.9863417900e-01
-3.8930909256e-01   -4.4419175950e-03   2.9784436749e-01
-3.5197659442e-01   9.4171792270e-03   2.8997960248e-01
-3.5161532345e-01   9.5328019312e-03   2.8990139614e-01
-3.4801615916e-01   1.0665615586e-02   2.8911994464e-01
-3.1341054992e-01   1.9806677292e-02   2.8137723719e-01
-2.6451499398e-01   2.7397615223e-02   2.6959905188e-01
-2.6422321392e-01   2.7424290794e-02   2.6952523621e-01
-2.6131999014e-01   2.7677632953e-02   2.6878817872e-01
-2.3373827845e-01   2.8981788320e-02   2.6152980722e-01
-1.9577119144e-01   2.7422209237e-02   2.5059687901e-01
-1.9554812015e-01   2.7401091290e-02   2.5052863205e-01
-1.9333081379e-01   2.7183317872e-02   2.4984731296e-01
-1.7247202709e-01   2.4415559310e-02   2.4314826215e-01
-1.4438848976e-01   1.8463830424e-02   2.3307617603e-01
-1.2133050898e-01   1.1319635501e-02   2.2347376980e-01
-1.2119794914e-01   1.1271600096e-02   2.2341381952e-01
-1.1988225311e-01   1.0790036441e-02   2.2281530185e-01
-1.0768357300e-01   5.8770874218e-03   2.1692703232e-01
-9.1825001461e-02   -1.9951017507e-03   2.0805741373e-01
-7.9405742731e-02   -9.8848170045e-03   1.9957882940e-01
-6.9920318730e-02   -1.7676002328e-02   1.9146785850e-01
-6.2927545814e-02   -2.5353479129e-02   1.8370457150e-01
-5.8053489210e-02   -3.2972908189e-02   1.7627210199e-01
-5.8028445525e-02   -3.3021642899e-02   1.7622561302e-01
-5.7782052678e-02   -3.3509096193e-02   1.7576143380e-01
-5.5708518457e-02   -3.8401233270e-02   1.7119002185e-01
-5.3778119446e-02   -4.6183638615e-02   1.6429129129e-01
-5.3274278684e-02   -5.4266625649e-02   1.5768961891e-01
-5.4047025455e-02   -6.2829043089e-02   1.5137614411e-01
-5.5995371699e-02   -7.2068034748e-02   1.4534382912e-01
-5.9062834349e-02   -8.2198950161e-02   1.3958759287e-01
-6.3233750344e-02   -9.3457282935e-02   1.3410459664e-01
-6.8530525443e-02   -1.0610215126e-01   1.2889469894e-01
-6.8568121224e-02   -1.0618806189e-01   1.2886227166e-01
-6.8946740245e-02   -1.0705094304e-01   1.2853861960e-01
-7.3003492912e-02   -1.1607370233e-01   1.2536449102e-01
-8.0380649084e-02   -1.3177313327e-01   1.2063124038e-01
-8.9125181377e-02   -1.4971942909e-01   1.1619031609e-01
-9.9393056848e-02   -1.7030573882e-01   1.1205954244e-01
-1.1137826006e-01   -1.9397566799e-01   1.0826536902e-01
-1.1146089730e-01   -1.9413797189e-01   1.0824226713e-01
-1.1229166419e-01   -1.9576908624e-01   1.0801208972e-01
-1.2105279856e-01   -2.1291648966e-01   1.0579697314e-01
-1.3653998766e-01   -2.4304757936e-01   1.0267368232e-01
-1.5447953505e-01   -2.7775237638e-01   1.0002607900e-01
-1.5460286521e-01   -2.7799036927e-01   1.0001085877e-01
-1.5584249241e-01   -2.8038208638e-01   9.9859926861e-02
-1.6889195998e-01   -3.0551470977e-01   9.8483436540e-02
-1.9187282237e-01   -3.4958066508e-01   9.6872219841e-02
-1.9203060215e-01   -3.4988234122e-01   9.6864290055e-02
-1.9361633722e-01   -3.5291360282e-01   9.6786775568e-02
-2.1029204771e-01   -3.8471387098e-01   9.6199342226e-02
-2.1046654827e-01   -3.8504587544e-01   9.6195281810e-02
-2.1222024088e-01   -3.8838153778e-01   9.6156756906e-02
-2.3065177185e-01   -4.2333553586e-01   9.5990776000e-02
-2.3084454148e-01   -4.2370006163e-01   9.5991238651e-02
-2.3278170952e-01   -4.2736197690e-01   9.5998301770e-02
-2.5312727902e-01   -4.6567807795e-01   9.6326221256e-02
-2.5333992300e-01   -4.6607709158e-01   9.6331993723e-02
-2.5547663849e-01   -4.7008476921e-01   9.6392583372e-02
-2.7789817439e-01   -5.1193911609e-01   9.7301209046e-02
-2.7813231578e-01   -5.1237417188e-01   9.7313230414e-02
-2.8048480476e-01   -5.1674289006e-01   9.7436817918e-02
-3.0514304476e-01   -5.6225726981e-01   9.9029198552e-02
-3.0540026635e-01   -5.6272925644e-01   9.9048578381e-02
-3.0798431730e-01   -5.6746749100e-01   9.9246348002e-02
-3.3503170600e-01   -6.1667960006e-01   1.0164340550e-01
-3.3531346741e-01   -6.1718840386e-01   1.0167143802e-01
-3.3814358798e-01   -6.2229441542e-01   1.0195642602e-01
-3.6771431796e-01   -6.7511893183e-01   1.0529797318e-01
-3.6802184084e-01   -6.7566300128e-01   1.0533614324e-01
-3.7111009276e-01   -6.8112042791e-01   1.0572329185e-01
-4.0330654720e-01   -7.3729953124e-01   1.1016790058e-01
-4.0364066103e-01   -7.3787533143e-01   1.1021787502e-01
-4.0699509579e-01   -7.4364767705e-01   1.1072393683e-01
-4.4186991873e-01   -8.0269037341e-01   1.1644689309e-01
-4.4223085939e-01   -8.0329172933e-01   1.1651048878e-01
-4.4585347937e-01   -8.0931574444e-01   1.1715369245e-01
-4.8338658546e-01   -8.7042686908e-01   1.2434201678e-01
-4.8377374085e-01   -8.7104421660e-01   1.2442113381e-01
-4.8765792767e-01   -8.7722237270e-01   1.2522049596e-01
-5.2772805967e-01   -9.3922483471e-01   1.3406376483e-01
-5.2813966047e-01   -9.3984443150e-01   1.3416027153e-01
-5.3226705677e-01   -9.4603703257e-01   1.3513441865e-01
-5.7461812634e-01   -1.0072951058e+00   1.4580998707e-01
-5.7505088857e-01   -1.0078983047e+00   1.4592554270e-01
-5.7938780364e-01   -1.0139162899e+00   1.4709090408e-01
-6.2359135035e-01   -1.0722737079e+00   1.5974226335e-01
-6.2404008976e-01   -1.0728364619e+00   1.5987806778e-01
-6.2853363768e-01   -1.0784366292e+00   1.6124633475e-01
-6.7395042811e-01   -1.1311905179e+00   1.7595397468e-01
-6.7440768606e-01   -1.1316833615e+00   1.7611044373e-01
-6.7898206525e-01   -1.1365684957e+00   1.7768528884e-01
-7.2472813972e-01   -1.1805073015e+00   1.9443083958e-01
-7.2518388550e-01   -1.1808961166e+00   1.9460722301e-01
-7.2973746204e-01   -1.1847231189e+00   1.9638046036e-01
-7.7466259193e-01   -1.2162605782e+00   2.1500726059e-01
-7.7510409321e-01   -1.2165084615e+00   2.1520124778e-01
-7.7950821667e-01   -1.2189076474e+00   2.1714890218e-01
-8.2219713799e-01   -1.2343406767e+00   2.3732538318e-01
-8.2260911089e-01   -1.2344111338e+00   2.3753277670e-01
-8.2670978439e-01   -1.2350188475e+00   2.3961188008e-01
-8.6551760524e-01   -1.2309195156e+00   2.6080759958e-01
-8.6588275542e-01   -1.2307809511e+00   2.6102216827e-01
-8.6950626496e-01   -1.2292850369e+00   2.6316941261e-01
-9.0263761247e-01   -1.2030022243e+00   2.8465576581e-01
-9.0293764272e-01   -1.2026332822e+00   2.8486939958e-01
-9.0590087122e-01   -1.1988266932e+00   2.8700286262e-01
-9.3153628940e-01   -1.1490252238e+00   3.0788939492e-01
-9.3175336731e-01   -1.1484200238e+00   3.0809265110e-01
-9.3387867650e-01   -1.1422528028e+00   3.1011746444e-01
-9.5034122767e-01   -1.0693711574e+00   3.2942854528e-01
-9.5045978437e-01   -1.0685430816e+00   3.2961158995e-01
-9.5159310754e-01   -1.0601591303e+00   3.3142952611e-01
-9.5170119527e-01   -1.0593104781e+00   3.3161005252e-01
-9.5272928088e-01   -1.0507225022e+00   3.3340236426e-01
-9.5282679098e-01   -1.0498536250e+00   3.3358028433e-01
-9.5374857792e-01   -1.0410652340e+00   3.3534609898e-01
-9.5383540687e-01   -1.0401765021e+00   3.3552132627e-01
-9.5464988618e-01   -1.0311914925e+00   3.3725978786e-01
-9.5472593573e-01   -1.0302832949e+00   3.3743223765e-01
-9.5543215202e-01   -1.0211056470e+00   3.3914250819e-01
-9.5549732936e-01   -1.0201783907e+00   3.3931209762e-01
-9.5609438222e-01   -1.0108122643e+00   3.4099335823e-01
-9.5614860010e-01   -1.0098663742e+00   3.4116000640e-01
-9.5663564544e-01   -1.0003161046e+00   3.4281145846e-01
-9.5667882232e-01   -9.9935202271e-01   3.4297508657e-01
-9.5705507366e-01   -9.8962211583e-01   3.4459595288e-01
-9.5708713381e-01   -9.8864030125e-01   3.4475648431e-01
-9.5735186347e-01   -9.7873542885e-01   3.4634601015e-01
-9.5737273711e-01   -9.7773635682e-01   3.4650337059e-01
-9.5752527736e-01   -9.6766135110e-01   3.4806082478e-01
-9.5753490075e-01   -9.6664551267e-01   3.4821494233e-01
-9.5757464490e-01   -9.5640536057e-01   3.4973961827e-01
-9.5757296045e-01   -9.5537326197e-01   3.4989042353e-01
-9.5749936382e-01   -9.4497309926e-01   3.5138164019e-01
-9.5748632019e-01   -9.4392526130e-01   3.5152906636e-01
-9.5729890101e-01   -9.3337036628e-01   3.5298616918e-01
-9.5727445320e-01   -9.3230732369e-01   3.5313015217e-01
-9.5697279349e-01   -9.2160311062e-01   3.5455251398e-01
-9.5693690293e-01   -9.2052541139e-01   3.5469299247e-01
-9.5652064920e-01   -9.0967742366e-01   3.5608001435e-01
-9.5647328378e-01   -9.0858562836e-01   3.5621692988e-01
-9.5594214775e-01   -8.9759953141e-01   3.5756804192e-01
-9.5588328192e-01   -8.9649421242e-01   3.5770133898e-01
-9.5523704106e-01   -8.8537578637e-01   3.5901600107e-01
-9.5516665588e-01   -8.8425752719e-01   3.5914562716e-01
-9.5440515393e-01   -8.7301265928e-01   3.6042332963e-01
-9.5432323710e-01   -8.7188205374e-01   3.6054923533e-01
-9.5344638447e-01   -8.6051673059e-01   3.6178949962e-01
-9.5335293037e-01   -8.5937438204e-01   3.6191163865e-01
-9.5236070444e-01   -8.4789468168e-01   3.6311401789e-01
-9.5225571417e-01   -8.4674120220e-01   3.6323234716e-01
-9.5114815953e-01   -8.3515328592e-01   3.6439642666e-01
-9.5103164091e-01   -8.3398929555e-01   3.6451090633e-01
-9.4980886949e-01   -8.2229939966e-01   3.6563630405e-01
-9.4968083709e-01   -8.2112552548e-01   3.6574689757e-01
-9.4834302817e-01   -8.0933995291e-01   3.6683326453e-01
-9.4820350327e-01   -8.0815682825e-01   3.6693993866e-01
-9.4675090347e-01   -7.9628194005e-01   3.6798695926e-01
-9.4659991411e-01   -7.9509020363e-01   3.6808968412e-01
-9.4503283720e-01   -7.8313241035e-01   3.6909707641e-01
-9.4487041810e-01   -7.8193270543e-01   3.6919582550e-01
-9.4318924480e-01   -7.6989845853e-01   3.7016334139e-01
-9.4301543737e-01   -7.6869143198e-01   3.7025809159e-01
-9.4122061497e-01   -7.5658721511e-01   3.7118551700e-01
-9.4103546726e-01   -7.5537351661e-01   3.7127624861e-01
-9.3912750926e-01   -7.4320583693e-01   3.7216340355e-01
-9.3893107590e-01   -7.4198611809e-01   3.7225010027e-01
-9.3691056142e-01   -7.2976149753e-01   3.7309683883e-01
-9.3670290360e-01   -7.2853641098e-01   3.7317948778e-01
-9.3457047683e-01   -7.1626137763e-01   3.7398569811e-01
-9.3435166219e-01   -7.1503157617e-01   3.7406428980e-01
-9.3210803170e-01   -7.0271265559e-01   3.7482989400e-01
-9.3187813428e-01   -7.0147879139e-01   3.7490442234e-01
-9.2952407219e-01   -6.8912249809e-01   3.7562937627e-01
-9.2928317237e-01   -6.8788522173e-01   3.7569983852e-01
-9.2681951354e-01   -6.7549805070e-01   3.7638413158e-01
-9.2656769791e-01   -6.7425801044e-01   3.7645052835e-01
-9.2399533897e-01   -6.6184642875e-01   3.7709418319e-01
-9.2373270024e-01   -6.6060426962e-01   3.7715651839e-01
-9.2105259858e-01   -6.4817470827e-01   3.7775959054e-01
-9.2077923548e-01   -6.4693107127e-01   3.7781787136e-01
-9.1799240813e-01   -6.3448991704e-01   3.7838044883e-01
-9.1770842531e-01   -6.3324543838e-01   3.7843468568e-01
-9.1481594775e-01   -6.2079902592e-01   3.7895688851e-01
-9.1452145565e-01   -6.1955433619e-01   3.7900709497e-01
-9.1152446058e-01   -6.0710894033e-01   3.7948907469e-01
-9.1121957528e-01   -6.0586466376e-01   3.7953526748e-01
-9.0811925130e-01   -5.9342649194e-01   3.7997720654e-01
-9.0780409441e-01   -5.9218324565e-01   3.8001940543e-01
-9.0460168462e-01   -5.7975843062e-01   3.8042151661e-01
-9.0427638313e-01   -5.7851682393e-01   3.8045974436e-01
-9.0097318367e-01   -5.6611141668e-01   3.8082227006e-01
-9.0063786978e-01   -5.6487205034e-01   3.8085655238e-01
-8.9723522834e-01   -5.5249201325e-01   3.8117976393e-01
-8.9689003935e-01   -5.5125547886e-01   3.8121012937e-01
-8.9338935358e-01   -5.3890667912e-01   3.8149432630e-01
-8.9303443171e-01   -5.3767355841e-01   3.8152080619e-01
-8.8943714760e-01   -5.2536176176e-01   3.8176631537e-01
-8.8907263979e-01   -5.2413262603e-01   3.8178894374e-01
-8.8538025002e-01   -5.1186349066e-01   3.8199611861e-01
-8.8500630783e-01   -5.1063890015e-01   3.8201493211e-01
-8.8122035001e-01   -4.9841797104e-01   3.8218415178e-01
-8.8083712938e-01   -4.9719847440e-01   3.8219918957e-01
-8.7695918434e-01   -4.8503117785e-01   3.8233085794e-01
-8.7656684546e-01   -4.8381731160e-01   3.8234216160e-01
-8.7259853540e-01   -4.7170895013e-01   3.8243670641e-01
-8.7219724249e-01   -4.7050123817e-01   3.8244431990e-01
-8.6814022920e-01   -4.5845698570e-01   3.8250219178e-01
-8.6773015035e-01   -4.5725593882e-01   3.8250616126e-01
-8.6358613329e-01   -4.4528083619e-01   3.8252783277e-01
-8.6316744027e-01   -4.4408695169e-01   3.8252820656e-01
-8.5893815471e-01   -4.3218590248e-01   3.8251417117e-01
-8.5851102278e-01   -4.3099966373e-01   3.8251099964e-01
-8.5419823789e-01   -4.1917743044e-01   3.8246177073e-01
-8.5376284560e-01   -4.1799930650e-01   3.8245510616e-01
-8.4936836250e-01   -4.0626050707e-01   3.8237121597e-01
-8.4892489147e-01   -4.0509095240e-01   3.8236111250e-01
-8.4445054130e-01   -3.9344005697e-01   3.8224311111e-01
-8.4399917610e-01   -3.9227951110e-01   3.8222962461e-01
-8.3944681803e-01   -3.8072083923e-01   3.8207807885e-01
-8.3898774590e-01   -3.7956972649e-01   3.8206126679e-01
-8.3435926519e-01   -3.6810744461e-01   3.8187675923e-01
-8.3389267589e-01   -3.6696617390e-01   3.8185668063e-01
-8.2918998190e-01   -3.5560429311e-01   3.8163980847e-01
-8.2871606752e-01   -3.5447325773e-01   3.8161652374e-01
-8.2394109175e-01   -3.4321563196e-01   3.8136789777e-01
-8.2346004646e-01   -3.4209520938e-01   3.8134146864e-01
-8.1861474057e-01   -3.3094553384e-01   3.8106171218e-01
-8.1812676049e-01   -3.2983608560e-01   3.8103220157e-01
-8.1321309432e-01   -3.1879789555e-01   3.8072194939e-01
-8.1271837728e-01   -3.1769976714e-01   3.8068942131e-01
-8.0773833695e-01   -3.0677643696e-01   3.8034931860e-01
-8.0723708230e-01   -3.0568995776e-01   3.8031383805e-01
-8.0219266820e-01   -2.9488470034e-01   3.7994453937e-01
-8.0168507663e-01   -2.9381018354e-01   3.7990617225e-01
-7.9657830156e-01   -2.8312604996e-01   3.7950834047e-01
-7.9606457490e-01   -2.8206379257e-01   3.7946715344e-01
-7.9089746209e-01   -2.7150367207e-01   3.7904145877e-01
-7.9037780313e-01   -2.7045395494e-01   3.7899751917e-01
-7.8515238443e-01   -2.6002057515e-01   3.7854463810e-01
-7.8462699672e-01   -2.5898366298e-01   3.7849801388e-01
-7.7934531071e-01   -2.4867959046e-01   3.7801862823e-01
-7.7881439837e-01   -2.4765573188e-01   3.7796938779e-01
-7.7347848850e-01   -2.3748337291e-01   3.7746418371e-01
-7.7294225607e-01   -2.3647280055e-01   3.7741239586e-01
-7.6755416891e-01   -2.2643440212e-01   3.7688206290e-01
-7.6701282114e-01   -2.2543733277e-01   3.7682779674e-01
-7.6157460458e-01   -2.1553498390e-01   3.7627302693e-01
-7.6102834626e-01   -2.1455161861e-01   3.7621635174e-01
-7.5554204777e-01   -2.0478725182e-01   3.7563783866e-01
-7.5499108357e-01   -2.0381777607e-01   3.7557882385e-01
-7.4945874852e-01   -1.9419316912e-01   3.7497726176e-01
-7.4890328283e-01   -1.9323775301e-01   3.7491597677e-01
-7.4332695282e-01   -1.8375453083e-01   3.7429205976e-01
-7.4276718954e-01   -1.8281332929e-01   3.7422857395e-01
-7.3714890080e-01   -1.7347296610e-01   3.7358299511e-01
-7.3658504323e-01   -1.7254611909e-01   3.7351737772e-01
-7.3092682501e-01   -1.6334994073e-01   3.7285082834e-01
-7.3035907568e-01   -1.6243757351e-01   3.7278314837e-01
-7.2466294873e-01   -1.5338675992e-01   3.7209631715e-01
-7.2409150923e-01   -1.5248898327e-01   3.7202664334e-01
-7.1835948433e-01   -1.4358457115e-01   3.7132021568e-01
-7.1778455520e-01   -1.4270148167e-01   3.7124861636e-01
-7.1201863169e-01   -1.3394436728e-01   3.7052327364e-01
-7.1144041224e-01   -1.3307604767e-01   3.7044981672e-01
-7.0564257664e-01   -1.2446698974e-01   3.6970623560e-01
-7.0506126483e-01   -1.2361350911e-01   3.6963098849e-01
-6.9923348949e-01   -1.1515313197e-01   3.6886984026e-01
-6.9864928180e-01   -1.1431454614e-01   3.6879286982e-01
-6.9279352359e-01   -1.0600334285e-01   3.6801481980e-01
-6.9220661491e-01   -1.0517969466e-01   3.6793619222e-01
-6.8632481400e-01   -9.7018030323e-02   3.6714189916e-01
-6.8573539745e-01   -9.6209350011e-02   3.6706167998e-01
-6.7982947608e-01   -8.8197465156e-02   3.6625179552e-01
-6.7923774296e-01   -8.7403770662e-02   3.6617004952e-01
-6.7330960431e-01   -7.9541784702e-02   3.6534521762e-01
-6.7271574394e-01   -7.8763082031e-02   3.6526200880e-01
-6.6676727102e-01   -7.1050996806e-02   3.6442286529e-01
-6.6617147066e-01   -7.0287280387e-02   3.6433825682e-01
-6.6020452530e-01   -6.2724983763e-02   3.6348542892e-01
-6.5960697004e-01   -6.1976236807e-02   3.6339948306e-01
-6.5362339184e-01   -5.4563506327e-02   3.6253358896e-01
-6.5302426449e-01   -5.3829701197e-02   3.6244636707e-01
-6.4702586991e-01   -4.6566207771e-02   3.6156801550e-01
-5.8662147829e-01   1.8721155646e-02   3.5226797742e-01
-5.8601614485e-01   1.9307901295e-02   3.5217107925e-01
-5.7996407440e-01   2.5105156076e-02   3.5119871964e-01
-5.1981216145e-01   7.6291206785e-02   3.4121440002e-01
-5.1921613007e-01   7.6743100185e-02   3.4111282259e-01
-5.1326393477e-01   8.1199479471e-02   3.4009582201e-01
-4.5474214521e-01   1.1980882882e-01   3.2985990086e-01
-4.5416771426e-01   1.2014309568e-01   3.2975741224e-01
-4.4843675388e-01   1.2343249106e-01   3.2873285225e-01
-3.9259747313e-01   1.5132172426e-01   3.1855826381e-01
-3.9205370782e-01   1.5155762359e-01   3.1845748473e-01
-3.8663308082e-01   1.5387299710e-01   3.1745104772e-01
-3.3421702320e-01   1.7297736967e-01   3.0754550040e-01
-3.3371000396e-01   1.7313404755e-01   3.0744808944e-01
-3.2865913347e-01   1.7466638956e-01   3.0647594184e-01
-2.8012960932e-01   1.8682994994e-01   2.9696286466e-01
-2.7966283556e-01   1.8692509489e-01   2.9686973863e-01
-2.7501555795e-01   1.8785033926e-01   2.9594073860e-01
-2.3060298113e-01   1.9472830555e-01   2.8688110953e-01
-2.3017783785e-01   1.9477744937e-01   2.8679265458e-01
-2.2594707976e-01   1.9524975194e-01   2.8591045096e-01
-1.8569598347e-01   1.9826523370e-01   2.7732227376e-01
-1.8531220602e-01   1.9828151072e-01   2.7723852418e-01
-1.8149461985e-01   1.9843102237e-01   2.7640332550e-01
-1.4530818658e-01   1.9876813891e-01   2.6827735182e-01
-9.5638108840e-02   1.9636084263e-01   2.5635147755e-01
-9.5346267166e-02   1.9633817103e-01   2.5627812698e-01
-9.2445100330e-02   1.9610802433e-01   2.5554656393e-01
-6.5106137833e-02   1.9355745766e-01   2.4841955858e-01
-2.7970138895e-02   1.8936294645e-01   2.3791249150e-01
-2.7752927122e-02   1.8933757834e-01   2.3784764999e-01
-2.5594098220e-02   1.8908577058e-01   2.3720079510e-01
-5.2787957840e-03   1.8680262375e-01   2.3088376156e-01
2.2335314680e-02   1.8443686286e-01   2.2152032431e-01
4.5749055444e-02   1.8403467914e-01   2.1273016257e-01
6.5884598605e-02   1.8596868472e-01   2.0446403572e-01
6.6004632879e-02   1.8598913035e-01   2.0441278929e-01
6.7199537656e-02   1.8619939972e-01   2.0390142247e-01
7.8645574116e-02   1.8889271850e-01   1.9889618296e-01
9.5052499470e-02   1.9532978409e-01   1.9145399882e-01
1.1022469000e-01   2.0459758333e-01   1.8447223467e-01
1.2475999420e-01   2.1682065322e-01   1.7794821109e-01
1.3918835569e-01   2.3213483530e-01   1.7188924593e-01
1.3928130978e-01   2.3224302584e-01   1.7185203477e-01
1.4021171127e-01   2.3333224784e-01   1.7148100758e-01
1.4962530273e-01   2.4496587765e-01   1.6788051200e-01
1.6494627716e-01   2.6595638218e-01   1.6266349160e-01
1.8135305224e-01   2.9055185859e-01   1.5798608742e-01
1.8146228111e-01   2.9072123711e-01   1.5795802119e-01
1.8255789681e-01   2.9242370008e-01   1.5767868984e-01
1.9386640158e-01   3.1033034994e-01   1.5502184840e-01
2.1300681887e-01   3.4167998988e-01   1.5139728714e-01
2.1313553471e-01   3.4189404388e-01   1.5137633732e-01
2.1442740422e-01   3.4404431957e-01   1.5116846524e-01
2.2783570264e-01   3.6653514437e-01   1.4925762490e-01
2.5075081563e-01   4.0543427139e-01   1.4693207574e-01
2.5090555358e-01   4.0569801920e-01   1.4692002278e-01
2.5245894500e-01   4.0834617727e-01   1.4680156763e-01
2.6861111976e-01   4.3590520652e-01   1.4583221178e-01
2.9627158391e-01   4.8299498204e-01   1.4517465155e-01
2.9645837233e-01   4.8331182292e-01   1.4517412231e-01
2.9833342285e-01   4.8649123708e-01   1.4517154838e-01
3.1781426062e-01   5.1938037342e-01   1.4542838522e-01
3.1801589534e-01   5.1971924576e-01   1.4543364968e-01
3.2003980191e-01   5.2311873202e-01   1.4548934461e-01
3.4104593169e-01   5.5817367405e-01   1.4636334242e-01
3.4126313088e-01   5.5853377851e-01   1.4637510660e-01
3.4344299069e-01   5.6214499827e-01   1.4649616859e-01
3.6603591877e-01   5.9924443364e-01   1.4806200066e-01
3.6626920052e-01   5.9962417630e-01   1.4808104410e-01
3.6861007711e-01   6.0343073868e-01   1.4827530260e-01
3.9282739865e-01   6.4236164269e-01   1.5061446281e-01
3.9307700647e-01   6.4275840494e-01   1.5064162743e-01
3.9558117624e-01   6.4673355000e-01   1.5091752811e-01
4.2142815858e-01   6.8716654563e-01   1.5411670982e-01
4.2169396900e-01   6.8757642541e-01   1.5415287896e-01
4.2435998765e-01   6.9168042450e-01   1.5451926782e-01
4.5179931472e-01   7.3314281816e-01   1.5866757115e-01
4.5208072629e-01   7.3356035382e-01   1.5871363524e-01
4.5490230992e-01   7.3773774451e-01   1.5917940824e-01
4.8384201577e-01   7.7958588130e-01   1.6436402467e-01
4.8413782070e-01   7.8000377941e-01   1.6442083012e-01
4.8710255441e-01   7.8418065311e-01   1.6499441249e-01
5.1738240347e-01   8.2557440333e-01   1.7129443972e-01
5.1769064582e-01   8.2598330473e-01   1.7136271763e-01
5.2077856083e-01   8.3006499811e-01   1.7205134056e-01
5.5215547696e-01   8.6994865295e-01   1.7952945747e-01
5.5247330541e-01   8.7033698719e-01   1.7960973022e-01
5.5565540681e-01   8.7420668655e-01   1.8041848548e-01
5.8778902623e-01   9.1130216969e-01   1.8911040947e-01
5.8811255464e-01   9.1165616420e-01   1.8920287568e-01
5.9134943539e-01   9.1517509405e-01   1.9013355523e-01
6.2378944839e-01   9.4799487037e-01   2.0003555346e-01
6.2411364372e-01   9.4829879335e-01   2.0013995612e-01
6.2735438407e-01   9.5130878260e-01   2.0118972771e-01
6.5953198130e-01   9.7819661028e-01   2.1224498557e-01
6.5985060503e-01   9.7843332839e-01   2.1236047442e-01
6.6303222098e-01   9.8076256292e-01   2.1352050660e-01
6.9425855038e-01   9.9996950125e-01   2.2560585264e-01
7.3974280448e-01   1.0126729850e+00   2.4594794011e-01
7.4001560061e-01   1.0126775480e+00   2.4608213809e-01
7.4272866156e-01   1.0126661227e+00   2.4742619552e-01
7.6821227770e-01   1.0066564236e+00   2.6101299618e-01
8.0069462710e-01   9.7458409474e-01   2.8220199937e-01
8.0086828158e-01   9.7428765786e-01   2.8233481054e-01
8.0257883859e-01   9.7125941370e-01   2.8365990069e-01
8.1695095563e-01   9.3466601211e-01   2.9653045956e-01
8.1706840058e-01   9.3424314722e-01   2.9665495711e-01
8.1821302531e-01   9.2995396903e-01   2.9789457696e-01
8.2657153969e-01   8.8122082397e-01   3.0968049374e-01
8.2662589247e-01   8.8068210681e-01   3.0979208232e-01
8.2713672945e-01   8.7524177026e-01   3.1090043878e-01
8.2891093834e-01   8.1585930993e-01   3.2116702041e-01
8.2889757531e-01   8.1522312360e-01   3.2126163143e-01
8.2872966168e-01   8.0881906081e-01   3.2219841085e-01
8.2360498898e-01   7.4099463786e-01   3.3058603979e-01
8.2352206568e-01   7.4028582732e-01   3.3066053074e-01
8.2265842889e-01   7.3316915308e-01   3.3139485553e-01
8.1061559102e-01   6.5963904944e-01   3.3765376303e-01
8.1046431388e-01   6.5888664113e-01   3.3770621075e-01
8.0891854787e-01   6.5134896986e-01   3.3821950301e-01
7.9024452077e-01   5.7511578893e-01   3.4223065770e-01
7.9002911688e-01   5.7435015359e-01   3.4226049026e-01
7.8784492492e-01   5.6669508021e-01   3.4254770212e-01
7.6311319188e-01   4.9073661586e-01   3.4432612894e-01
7.6284057654e-01   4.8998658299e-01   3.4433407680e-01
7.6008830771e-01   4.8250094186e-01   3.4440311433e-01
7.3011139186e-01   4.0950202267e-01   3.4408396405e-01
7.2979058803e-01   4.0879244247e-01   3.4407185192e-01
7.2656133086e-01   4.0172225682e-01   3.4394142784e-01
6.9232335203e-01   3.3387220553e-01   3.4175283618e-01
6.9196475516e-01   3.3322230885e-01   3.4172326942e-01
6.8836293765e-01   3.2675683997e-01   3.4141973182e-01
6.5094263846e-01   2.6563609593e-01   3.3764876262e-01
6.5055723589e-01   2.6505878645e-01   3.3760477543e-01
6.4669282549e-01   2.5932391236e-01   3.3715858804e-01
6.0718770373e-01   2.0588140697e-01   3.3211685302e-01
6.0678634905e-01   2.0538340980e-01   3.3206158021e-01
6.0276764518e-01   2.0044348617e-01   3.3150406549e-01
5.6222786872e-01   1.5504860469e-01   3.2549824893e-01
5.6182068431e-01   1.5463125208e-01   3.2543466421e-01
5.5774842081e-01   1.5049721361e-01   3.2479542584e-01
5.1712600064e-01   1.1304060606e-01   3.1810570806e-01
5.1672194741e-01   1.1270098556e-01   3.1803644793e-01
5.1268507634e-01   1.0934193571e-01   3.1734165308e-01
4.7280036608e-01   7.9358265870e-02   3.1020877502e-01
4.7240698673e-01   7.9090476587e-02   3.1013604683e-01
4.6848019424e-01   7.6446247813e-02   3.0940754559e-01
4.3000495811e-01   5.3236758676e-02   3.0202757042e-01
4.2962827638e-01   5.3033086610e-02   3.0195312986e-01
4.2587104473e-01   5.1025918085e-02   3.0120825914e-01
3.8932548110e-01   3.3766153970e-02   2.9373317537e-01
3.8897002543e-01   3.3618055151e-02   2.9365835282e-01
3.8542692180e-01   3.2162312611e-02   2.9291021857e-01
3.5118716927e-01   1.9987739352e-02   2.8545230589e-01
3.0227772780e-01   8.4390490231e-03   2.7397329648e-01
3.0198401161e-01   8.3903135202e-03   2.7390092454e-01
2.9906033152e-01   7.9186653297e-03   2.7317801959e-01
2.7117675857e-01   4.6601428959e-03   2.6603524425e-01
2.3248169999e-01   3.9768085522e-03   2.5520816543e-01
2.3225331423e-01   3.9866619429e-03   2.5514036568e-01
2.2998254434e-01   4.0938716386e-03   2.5446338362e-01
2.0856575642e-01   5.9591159673e-03   2.4779561884e-01
1.7959115184e-01   1.1193477426e-02   2.3773910845e-01
1.5572483111e-01   1.8379751765e-02   2.2812724129e-01
1.5558757994e-01   1.8430297368e-02   2.2806717933e-01
1.5422537049e-01   1.8938459666e-02   2.2746751794e-01
1.4160538974e-01   2.4262858198e-02   2.2156561962e-01
1.2527698939e-01   3.3276106148e-02   2.1267047125e-01
1.1266312677e-01   4.2864563143e-02   2.0416702368e-01
1.0329626208e-01   5.2875870918e-02   1.9603716726e-01
9.6763989079e-02   6.3279775712e-02   1.8826564324e-01
9.2716306078e-02   7.4136902162e-02   1.8084022246e-01
9.2697771507e-02   7.4208024095e-02   1.8079383826e-01
9.2517344257e-02   7.4920550907e-02   1.8033075280e-01
9.1192136911e-02   8.2185465939e-02   1.7577516474e-01
9.0766676300e-02   9.4143975678e-02   1.6892178233e-01
9.2199466980e-02   1.0701805519e-01   1.6239658651e-01
9.5371980941e-02   1.2105509324e-01   1.5619895300e-01
1.0022118099e-01   1.3653599612e-01   1.5033211904e-01
1.0673626664e-01   1.5377458184e-01   1.4480395563e-01
1.0678333972e-01   1.5389118591e-01   1.4476972532e-01
1.0725789793e-01   1.5506197535e-01   1.4442821388e-01
1.1239005849e-01   1.6726456516e-01   1.4109323810e-01
1.2186906699e-01   1.8833425926e-01   1.3617949825e-01
1.3322800614e-01   2.1219043854e-01   1.3165908911e-01
1.4663121195e-01   2.3928503595e-01   1.2757010344e-01
1.4672391177e-01   2.3946972886e-01   1.2754545105e-01
1.4765598122e-01   2.4132506768e-01   1.2730001447e-01
1.5749655470e-01   2.6074702347e-01   1.2495777427e-01
1.7490291810e-01   2.9453790798e-01   1.2173685951e-01
1.7502260845e-01   2.9476832237e-01   1.2171814639e-01
1.7622561703e-01   2.9708294998e-01   1.2153240317e-01
1.8888277527e-01   3.2130748605e-01   1.1981925310e-01
2.1111735524e-01   3.6338809217e-01   1.1771985803e-01
2.1126969305e-01   3.6367458730e-01   1.1770894098e-01
2.1280046808e-01   3.6655216763e-01   1.1760163802e-01
2.2886750513e-01   3.9661899138e-01   1.1672394882e-01
2.5694036736e-01   4.4858106725e-01   1.1614702804e-01
2.5713208839e-01   4.4893347011e-01   1.1614681469e-01
2.5905815566e-01   4.5247190866e-01   1.1614728645e-01
2.7922497617e-01   4.8931393654e-01   1.1642541296e-01
2.7943515101e-01   4.8969587398e-01   1.1643082771e-01
2.8154636511e-01   4.9353009010e-01   1.1648798314e-01
3.0362464852e-01   5.3336332013e-01   1.1737533345e-01
3.0385447830e-01   5.3377537787e-01   1.1738724940e-01
3.0616281583e-01   5.3791090516e-01   1.1750988418e-01
3.3026769095e-01   5.8075402863e-01   1.1910099499e-01
3.3051827299e-01   5.8119601538e-01   1.1912041882e-01
3.3303463481e-01   5.8563048060e-01   1.1931866711e-01
3.5926634957e-01   6.3140834270e-01   1.2172163071e-01
3.5953859076e-01   6.3187898257e-01   1.2174970501e-01
3.6227192404e-01   6.3659899560e-01   1.2203505911e-01
3.9070576074e-01   6.8510799939e-01   1.2537125185e-01
3.9100026401e-01   6.8560455331e-01   1.2540924741e-01
3.9395641186e-01   6.9058188567e-01   1.2579447405e-01
4.2462964401e-01   7.4144824621e-01   1.3019699030e-01
4.2494656306e-01   7.4196606289e-01   1.3024628276e-01
4.2812679555e-01   7.4715312456e-01   1.3074518066e-01
4.6102226981e-01   7.9978461973e-01   1.3635534369e-01
4.6136112875e-01   8.0031662868e-01   1.3641736779e-01
4.6476032065e-01   8.0564137578e-01   1.3704429611e-01
4.9978643716e-01   8.5917482070e-01   1.4400548162e-01
5.0014591391e-01   8.5971099906e-01   1.4408165464e-01
5.0375036214e-01   8.6507160246e-01   1.4485075083e-01
5.4071760542e-01   9.1832068955e-01   1.5329868337e-01
5.4109528312e-01   9.1884756298e-01   1.5339028967e-01
5.4488020669e-01   9.2410745599e-01   1.5431429280e-01
5.8347502170e-01   9.7551893675e-01   1.6436304231e-01
5.8386711974e-01   9.7601921168e-01   1.6447107195e-01
5.8779396499e-01   9.8100351174e-01   1.6555968568e-01
6.2755174088e-01   1.0286337719e+00   1.7728291546e-01
6.2795284864e-01   1.0290862395e+00   1.7740785517e-01
6.3196663696e-01   1.0335809655e+00   1.7866563422e-01
6.7224686798e-01   1.0751091904e+00   1.9207337054e-01
6.7264971888e-01   1.0754890800e+00   1.9221495426e-01
6.7667681969e-01   1.0792449632e+00   1.9363879485e-01
7.1664506215e-01   1.1120418895e+00   2.0865121207e-01
7.1704040137e-01   1.1123218663e+00   2.0880815338e-01
7.2098727242e-01   1.1150646922e+00   2.1038461686e-01
7.5961002730e-01   1.1363351296e+00   2.2680605811e-01
7.5998664016e-01   1.1364870972e+00   2.2697580543e-01
7.6374021033e-01   1.1379361558e+00   2.2867869696e-01
7.9979980906e-01   1.1449462373e+00   2.4617713375e-01
8.0014478197e-01   1.1449439970e+00   2.4635570924e-01
8.0357519334e-01   1.1448390832e+00   2.4814452642e-01
8.3571140213e-01   1.1352232913e+00   2.6624330070e-01
8.3601067579e-01   1.1350459093e+00   2.6642529554e-01
8.3897697091e-01   1.1331812582e+00   2.6824527814e-01
8.6575955790e-01   1.1052998343e+00   2.8633431220e-01
8.6599879638e-01   1.1049352942e+00   2.8651310547e-01
8.6835776179e-01   1.1011960834e+00   2.8829754796e-01
8.8838922370e-01   1.0544851920e+00   3.0566921057e-01
8.8855496110e-01   1.0539336371e+00   3.0583744590e-01
8.9017270700e-01   1.0483279865e+00   3.0751259071e-01
9.0221309880e-01   9.8356312895e-01   3.2342252693e-01
9.0229404627e-01   9.8283884777e-01   3.2357282002e-01
9.0305911111e-01   9.7551683490e-01   3.2506502609e-01
9.0615706099e-01   8.9490757010e-01   3.3881115865e-01
9.0614538306e-01   8.9403897772e-01   3.3893693309e-01
9.0598142198e-01   8.8529132204e-01   3.4018105809e-01
9.0596030203e-01   8.8441045657e-01   3.4030409987e-01
9.0570177258e-01   8.7554210028e-01   3.4152065983e-01
9.0567118186e-01   8.7464936945e-01   3.4164092162e-01
9.0531782067e-01   8.6566443524e-01   3.4282945319e-01
9.0527773525e-01   8.6476025578e-01   3.4294688966e-01
9.0482932743e-01   8.5566295417e-01   3.4410694981e-01
9.0477972826e-01   8.5474775138e-01   3.4422151770e-01
9.0423610776e-01   8.4554237592e-01   3.4535268422e-01
9.0417698070e-01   8.4461658312e-01   3.4546434235e-01
9.0353803073e-01   8.3530750542e-01   3.4656621435e-01
9.0346936657e-01   8.3437156350e-01   3.4667492373e-01
9.0273501980e-01   8.2496322806e-01   3.4774712205e-01
9.0265681429e-01   8.2401758494e-01   3.4785284585e-01
9.0182705317e-01   8.1451450397e-01   3.4889501348e-01
9.0173930705e-01   8.1355961407e-01   3.4899771712e-01
9.0081416390e-01   8.0396636209e-01   3.5000951956e-01
9.0071688290e-01   8.0300268580e-01   3.5010917074e-01
8.9969644006e-01   7.9332389423e-01   3.5109029634e-01
8.9958963491e-01   7.9235189735e-01   3.5118686503e-01
8.9847402478e-01   7.8259224898e-01   3.5213702526e-01
8.9835771122e-01   7.8161240217e-01   3.5223048378e-01
8.9714711622e-01   7.7177662553e-01   3.5314941349e-01
8.9702131500e-01   7.7078940373e-01   3.5323973652e-01
8.9571596751e-01   7.6088226744e-01   3.5412719417e-01
8.9558070436e-01   7.5988814932e-01   3.5421435872e-01
8.9418088658e-01   7.4991445636e-01   3.5507012654e-01
8.9403619220e-01   7.4891392375e-01   3.5515411203e-01
8.9254223596e-01   7.3887850572e-01   3.5597799615e-01
8.9238814601e-01   7.3787204301e-01   3.5605878440e-01
8.9080043248e-01   7.2777975435e-01   3.5685061496e-01
8.9063698754e-01   7.2676784792e-01   3.5692819017e-01
8.8895594692e-01   7.1662356013e-01   3.5768782134e-01
8.8878319245e-01   7.1560669779e-01   3.5776217015e-01
8.8700930362e-01   7.0541529362e-01   3.5848948019e-01
8.8682728991e-01   7.0439396401e-01   3.5856059161e-01
8.8496107995e-01   6.9416033172e-01   3.5925548281e-01
8.8476986212e-01   6.9313502375e-01   3.5932334829e-01
8.8281190582e-01   6.8286405137e-01   3.5998574692e-01
8.8261154370e-01   6.8183525364e-01   3.6005036027e-01
8.8056246301e-01   6.7153182326e-01   3.6068021647e-01
8.8035302114e-01   6.7050002349e-01   3.6074157389e-01
8.7821348455e-01   6.6016900563e-01   3.6133886155e-01
8.7799503209e-01   6.5913469008e-01   3.6139696161e-01
8.7576575399e-01   6.4878093809e-01   3.6196167814e-01
8.7553836464e-01   6.4774459107e-01   3.6201652176e-01
8.7322010455e-01   6.3737293562e-01   3.6254868793e-01
8.7298385650e-01   6.3633503888e-01   3.6260027834e-01
8.7057741836e-01   6.2595028259e-01   3.6309993799e-01
8.7033239420e-01   6.2491131480e-01   3.6314828072e-01
8.6783862549e-01   6.1451822688e-01   3.6361550049e-01
8.6758491210e-01   6.1347866311e-01   3.6366060333e-01
8.6500470302e-01   6.0308197416e-01   3.6409547234e-01
8.6474239154e-01   6.0204228536e-01   3.6413734532e-01
8.6207667405e-01   5.9164668230e-01   3.6453997478e-01
8.6180585972e-01   5.9060733482e-01   3.6457863012e-01
8.5905560660e-01   5.8021745592e-01   3.6494915300e-01
8.5877638871e-01   5.7917891098e-01   3.6498460506e-01
8.5594261255e-01   5.6879934103e-01   3.6532317564e-01
8.5565509432e-01   5.6776205428e-01   3.6535544089e-01
8.5273884648e-01   5.5739731995e-01   3.6566223431e-01
8.5244313494e-01   5.5636174100e-01   3.6569133130e-01
8.4944550446e-01   5.4601630629e-01   3.6596654308e-01
8.4914171036e-01   5.4498287826e-01   3.6599249237e-01
8.4606382282e-01   5.3466114018e-01   3.6623633794e-01
8.4575206052e-01   5.3363029926e-01   3.6625916204e-01
8.4259507692e-01   5.2333658363e-01   3.6647187619e-01
8.4227546424e-01   5.2230875872e-01   3.6649159954e-01
8.3904057980e-01   5.1204731615e-01   3.6667343587e-01
8.3871323793e-01   5.1102292841e-01   3.6669008474e-01
8.3540168084e-01   5.0079793052e-01   3.6684131510e-01
8.3506673421e-01   4.9977739303e-01   3.6685491757e-01
8.3167976445e-01   4.8959292876e-01   3.6697583146e-01
8.3133734059e-01   4.8857664618e-01   3.6698641735e-01
8.2787624858e-01   4.7843671837e-01   3.6707732132e-01
8.2752647802e-01   4.7742508655e-01   3.6708492211e-01
8.2399258338e-01   4.6733360871e-01   3.6714613913e-01
8.2363559951e-01   4.6632701444e-01   3.6715078791e-01
8.2003024973e-01   4.5628780767e-01   3.6718265672e-01
8.1966618863e-01   4.5528662833e-01   3.6718438814e-01
8.1599075776e-01   4.4530341849e-01   3.6718726260e-01
8.1561975813e-01   4.4430802182e-01   3.6718611278e-01
8.1187564539e-01   4.3438443688e-01   3.6716036122e-01
8.1149784835e-01   4.3339518070e-01   3.6715636768e-01
8.0768647681e-01   4.2353474829e-01   3.6710237220e-01
8.0730202582e-01   4.2255198026e-01   3.6709557383e-01
8.0342484100e-01   4.1275812547e-01   3.6701372962e-01
8.0303388169e-01   4.1178218291e-01   3.6700416656e-01
7.9909235020e-01   4.0205822622e-01   3.6689488121e-01
7.9869503024e-01   4.0108943588e-01   3.6688259482e-01
7.9469063840e-01   3.9143859139e-01   3.6674628764e-01
7.9428710735e-01   3.9047726930e-01   3.6673132041e-01
7.9022135978e-01   3.8090264306e-01   3.6656842169e-01
7.8981176898e-01   3.7994909438e-01   3.6655081719e-01
7.8568618722e-01   3.7045368301e-01   3.6636176754e-01
7.8527068961e-01   3.6950820189e-01   3.6634157031e-01
7.8108681074e-01   3.6009489138e-01   3.6612681994e-01
7.8066556077e-01   3.5915776085e-01   3.6610407545e-01
7.7642493600e-01   3.4982932552e-01   3.6586408346e-01
7.7599808945e-01   3.4890081739e-01   3.6583883805e-01
7.7170228276e-01   3.3965991910e-01   3.6557407173e-01
7.7126999662e-01   3.3874029392e-01   3.6554637251e-01
7.6692058340e-01   3.2958948144e-01   3.6525730668e-01
7.6648301573e-01   3.2867898840e-01   3.6522720149e-01
7.6208158137e-01   3.1962069697e-01   3.6491431774e-01
7.6163889116e-01   3.1871957393e-01   3.6488185506e-01
7.5718702975e-01   3.0975612502e-01   3.6454564115e-01
7.5673937680e-01   3.0886459842e-01   3.6451087002e-01
7.5223868975e-01   2.9999819969e-01   3.6415181914e-01
7.5178623452e-01   2.9911648461e-01   3.6411478915e-01
7.4723832923e-01   2.9034922997e-01   3.6373339928e-01
7.4678123272e-01   2.8947753012e-01   3.6369416044e-01
7.4218772133e-01   2.8081140004e-01   3.6329093370e-01
7.4172614494e-01   2.7994990782e-01   3.6324953639e-01
7.3708864297e-01   2.7138676979e-01   3.6282497838e-01
7.3662274838e-01   2.7053566631e-01   3.6278147333e-01
7.3194287350e-01   2.6207727541e-01   3.6233609249e-01
7.3147282255e-01   2.6123673058e-01   3.6229053066e-01
7.2675219332e-01   2.5288473027e-01   3.6182483769e-01
7.2627814785e-01   2.5205490289e-01   3.6177727024e-01
7.2151838249e-01   2.4381082588e-01   3.6129177743e-01
7.2104050428e-01   2.4299186373e-01   3.6124225565e-01
7.1624321948e-01   2.3485713308e-01   3.6073747636e-01
7.1576167008e-01   2.3404917300e-01   3.6068605162e-01
7.1092847982e-01   2.2602510325e-01   3.6016249965e-01
7.1044342044e-01   2.2522827133e-01   3.6010922334e-01
7.0557593482e-01   2.1731606983e-01   3.5956741239e-01
6.5547901041e-01   1.4395259309e-01   3.5333012064e-01
6.5496739979e-01   1.4327279222e-01   3.5326100138e-01
6.4984228225e-01   1.3653402649e-01   3.5256328870e-01
5.9793587101e-01   7.5063196808e-02   3.4501274367e-01
5.9741297931e-01   7.4502448109e-02   3.4493266982e-01
5.9218219020e-01   6.8953002808e-02   3.4412768282e-01
5.3989989412e-01   1.9141208487e-02   3.3571955039e-01
5.3937917209e-01   1.8693950840e-02   3.3563275905e-01
5.3417616601e-01   1.4275120648e-02   3.3476248731e-01
4.8274097751e-01   -2.4732769279e-02   3.2587649926e-01
4.8223358519e-01   -2.5077177370e-02   3.2578640651e-01
4.7716876113e-01   -2.8473692435e-02   3.2488458834e-01
4.2756300937e-01   -5.7913127800e-02   3.1581614521e-01
4.2707764837e-01   -5.8168127587e-02   3.1572532582e-01
4.2223680567e-01   -6.0677604966e-02   3.1481730687e-01
3.7519882350e-01   -8.1960127999e-02   3.0578129888e-01
3.7474180303e-01   -8.2140140648e-02   3.0569156479e-01
3.7018689721e-01   -8.3906894371e-02   3.0479511808e-01
3.2622681730e-01   -9.8466900837e-02   2.9593692470e-01
3.2580227627e-01   -9.8586034700e-02   2.9584945423e-01
3.2157369787e-01   -9.9750743833e-02   2.9497608671e-01
2.8100091777e-01   -1.0894321666e-01   2.8638554183e-01
2.8061113290e-01   -1.0901445664e-01   2.8630102311e-01
2.7673081504e-01   -1.0970627442e-01   2.8545741007e-01
2.3968692528e-01   -1.1474765822e-01   2.7718281009e-01
1.8811938988e-01   -1.1722841721e-01   2.6484674918e-01
1.8781419491e-01   -1.1722795960e-01   2.6477025758e-01
1.8477903044e-01   -1.1721395461e-01   2.6400698768e-01
1.5607634856e-01   -1.1624641037e-01   2.5653672762e-01
1.1689528899e-01   -1.1260153663e-01   2.4542126616e-01
1.1666592125e-01   -1.1257278155e-01   2.4535232355e-01
1.1438640035e-01   -1.1228256180e-01   2.4466433340e-01
9.2963742520e-02   -1.0917811871e-01   2.3792462513e-01
6.4076601943e-02   -1.0406821292e-01   2.2786542922e-01
4.0090766231e-02   -9.9348811792e-02   2.1834249311e-01
3.9951410164e-02   -9.9321180134e-02   2.1828321621e-01
3.8566994260e-02   -9.9047016664e-02   2.1769153360e-01
2.5596064318e-02   -9.6540972478e-02   2.1188095685e-01
8.1450019388e-03   -9.3624778153e-02   2.0316134936e-01
-6.4604143190e-03   -9.2126774832e-02   1.9486000883e-01
-1.8848433468e-02   -9.2181659273e-02   1.8694838985e-01
-2.9571238155e-02   -9.3867958413e-02   1.7940413758e-01
-3.9110251287e-02   -9.7239120974e-02   1.7220995995e-01
-3.9168364632e-02   -9.7266201337e-02   1.7216505832e-01
-3.9747810847e-02   -9.7540908345e-02   1.7171679848e-01
-4.5393773024e-02   -1.0068139122e-01   1.6730929246e-01
-5.3850389768e-02   -1.0705847910e-01   1.6068548277e-01
-6.2143061872e-02   -1.1529760911e-01   1.5438499665e-01
-7.0573193644e-02   -1.2551332470e-01   1.4840476994e-01
-7.9417990545e-02   -1.3785964007e-01   1.4274577575e-01
-8.8940112488e-02   -1.5253569615e-01   1.3741370362e-01
-8.9003727178e-02   -1.5263753435e-01   1.3738068462e-01
-8.9641989278e-02   -1.5366171995e-01   1.3705125484e-01
-9.6249815273e-02   -1.6449912356e-01   1.3383383903e-01
-1.0752672840e-01   -1.8376414115e-01   1.2909106586e-01
-1.2018821437e-01   -2.0615909948e-01   1.2472390089e-01
-1.3451599028e-01   -2.3208403757e-01   1.2076811299e-01
-1.3461359855e-01   -2.3226210676e-01   1.2074424263e-01
-1.3559412250e-01   -2.3405178206e-01   1.2050657584e-01
-1.4586054121e-01   -2.5287329133e-01   1.1823685129e-01
-1.6375371287e-01   -2.8592318491e-01   1.1510936812e-01
-1.6387593445e-01   -2.8614962736e-01   1.1509116991e-01
-1.6510390077e-01   -2.8842507160e-01   1.1491051642e-01
-1.7797840158e-01   -3.1231186248e-01   1.1324221787e-01
-2.0046222240e-01   -3.5406951732e-01   1.1119010653e-01
-2.0061589549e-01   -3.5435479909e-01   1.1117939949e-01
-2.0215988584e-01   -3.5722086883e-01   1.1107413134e-01
-2.1834812435e-01   -3.8723719875e-01   1.1021023016e-01
-2.4659505200e-01   -4.3938056528e-01   1.0963108392e-01
-2.4678791842e-01   -4.3973525947e-01   1.0963076506e-01
-2.4872550530e-01   -4.4329746061e-01   1.0963011970e-01
-2.6901703567e-01   -4.8046642595e-01   1.0989107453e-01
-2.6922857231e-01   -4.8085249500e-01   1.0989626460e-01
-2.7135355980e-01   -4.8472901470e-01   1.0995111825e-01
-2.9358823632e-01   -5.2508925043e-01   1.1081031351e-01
-2.9381983070e-01   -5.2550758278e-01   1.1082190448e-01
-2.9614606538e-01   -5.2970700677e-01   1.1094124681e-01
-3.2045842871e-01   -5.7331015993e-01   1.1249574516e-01
-3.2071137934e-01   -5.7376091523e-01   1.1251477491e-01
-3.2325178251e-01   -5.7828440168e-01   1.1270905919e-01
-3.4976315755e-01   -6.2509263761e-01   1.1507092511e-01
-3.5003859046e-01   -6.2557492951e-01   1.1509858380e-01
-3.5280430994e-01   -6.3041299886e-01   1.1537978724e-01
-3.8161293655e-01   -6.8026298229e-01   1.1867625618e-01
-3.8191169297e-01   -6.8077448121e-01   1.1871388321e-01
-3.8491096440e-01   -6.8590300274e-01   1.1909547049e-01
-4.1607894174e-01   -7.3846162000e-01   1.2346787682e-01
-4.1640143140e-01   -7.3899807250e-01   1.2351694259e-01
-4.1963809275e-01   -7.4437341758e-01   1.2401367422e-01
-4.5317460566e-01   -7.9908545546e-01   1.2961446581e-01
-4.5352062085e-01   -7.9964012815e-01   1.2967653080e-01
-4.5699223241e-01   -8.0519357704e-01   1.3030403998e-01
-4.9283268282e-01   -8.6122313172e-01   1.3729103215e-01
-4.9320117058e-01   -8.6178620715e-01   1.3736767403e-01
-4.9689671657e-01   -8.6741789637e-01   1.3814171956e-01
-5.3487773364e-01   -9.2358778926e-01   1.4666861103e-01
-5.3526652831e-01   -9.2414577123e-01   1.4676130981e-01
-5.3916372431e-01   -9.2971877360e-01   1.4769660427e-01
-5.7899466281e-01   -9.8445587536e-01   1.5789877973e-01
-5.7940018891e-01   -9.8499110255e-01   1.5800875189e-01
-5.8346250048e-01   -9.9032665183e-01   1.5911727562e-01
-6.2469504546e-01   -1.0416256897e+00   1.7109218275e-01
-6.2511201287e-01   -1.0421161067e+00   1.7122015947e-01
-6.2928561253e-01   -1.0469914844e+00   1.7250891565e-01
-6.7128453484e-01   -1.0924150436e+00   1.8629099653e-01
-6.7170566454e-01   -1.0928344285e+00   1.8643695073e-01
-6.7591671708e-01   -1.0969855254e+00   1.8790521403e-01
-7.1783660539e-01   -1.1337221113e+00   2.0343665114e-01
-7.1825244250e-01   -1.1340409895e+00   2.0359949366e-01
-7.2240529764e-01   -1.1371718433e+00   2.0523576578e-01
-7.6317996280e-01   -1.1621745256e+00   2.2233622852e-01
-7.6357885174e-01   -1.1623619798e+00   2.2251351570e-01
-7.6755589782e-01   -1.1641633626e+00   2.2429262248e-01
-8.0590854891e-01   -1.1743852547e+00   2.4263357022e-01
-8.0627685481e-01   -1.1744117377e+00   2.4282128936e-01
-8.0994087648e-01   -1.1745897695e+00   2.4470229568e-01
-8.4442324500e-01   -1.1673161733e+00   2.6379358366e-01
-8.4474589723e-01   -1.1671572117e+00   2.6398610110e-01
-8.4794568538e-01   -1.1654707602e+00   2.6591189511e-01
-8.7701201678e-01   -1.1387203696e+00   2.8510933736e-01
-8.7727341472e-01   -1.1383607328e+00   2.8529959290e-01
-8.7985300314e-01   -1.1346631558e+00   2.8719897005e-01
-9.0196951042e-01   -1.0875966710e+00   3.0573980305e-01
-9.0215476382e-01   -1.0870342364e+00   3.0591980211e-01
-9.0396597536e-01   -1.0813116286e+00   3.0771253731e-01
-9.1774813449e-01   -1.0145568586e+00   3.2478050093e-01
-9.1784451924e-01   -1.0138051797e+00   3.2494208773e-01
-9.1876158114e-01   -1.0062011479e+00   3.2654678517e-01
-9.2312219708e-01   -9.2199539433e-01   3.4136027071e-01
-9.2312061542e-01   -9.2108403973e-01   3.4149607471e-01
-9.2305469559e-01   -9.1190180307e-01   3.4283967417e-01
-9.2304308602e-01   -9.1097678923e-01   3.4297258005e-01
-9.2287669570e-01   -9.0166014746e-01   3.4428692642e-01
-9.2285502089e-01   -9.0072191382e-01   3.4441688020e-01
-9.2258781311e-01   -8.9127531486e-01   3.4570144463e-01
-9.2255604101e-01   -8.9032431148e-01   3.4582839453e-01
-9.2218772185e-01   -8.8075230715e-01   3.4708267047e-01
-9.2214582574e-01   -8.7978899423e-01   3.4720656697e-01
-9.2167615482e-01   -8.7009623483e-01   3.4843007075e-01
-9.2162411336e-01   -8.6912108212e-01   3.4855086664e-01
-9.2105290432e-01   -8.5931231087e-01   3.4974313807e-01
-9.2099070158e-01   -8.5832579716e-01   3.4986078854e-01
-9.2031782249e-01   -8.4840584447e-01   3.5102139145e-01
-9.2024544801e-01   -8.4740845696e-01   3.5113585408e-01
-9.1947082165e-01   -8.3738223457e-01   3.5226437682e-01
-9.1938827045e-01   -8.3637446829e-01   3.5237561170e-01
-9.1851187462e-01   -8.2624696322e-01   3.5347166757e-01
-9.1841914724e-01   -8.2522932043e-01   3.5357963730e-01
-9.1744101490e-01   -8.1500558883e-01   3.5464286502e-01
-9.1733811741e-01   -8.1397857838e-01   3.5474753474e-01
-9.1625833683e-01   -8.0366373926e-01   3.5577759878e-01
-9.1614528082e-01   -8.0262787600e-01   3.5587893624e-01
-9.1496399564e-01   -7.9222710487e-01   3.5687552715e-01
-9.1484079823e-01   -7.9118290893e-01   3.5697350272e-01
-9.1355820740e-01   -7.8070143135e-01   3.5793633740e-01
-9.1342489126e-01   -7.7964942759e-01   3.5803092410e-01
-9.1204124896e-01   -7.6909251264e-01   3.5895974608e-01
-9.1189784226e-01   -7.6803322990e-01   3.5905091960e-01
-9.1041345775e-01   -7.5740618362e-01   3.5994549918e-01
-9.1025999417e-01   -7.5634015414e-01   3.6003323789e-01
-9.0867523154e-01   -7.4564831290e-01   3.6089337230e-01
-9.0851175021e-01   -7.4457607160e-01   3.6097765727e-01
-9.0682702809e-01   -7.3382479548e-01   3.6180317077e-01
-9.0665357360e-01   -7.3274687933e-01   3.6188398579e-01
-9.0486936476e-01   -7.2194154546e-01   3.6267472969e-01
-9.0468598707e-01   -7.2085849281e-01   3.6275206124e-01
-9.0280281802e-01   -7.1000448875e-01   3.6350791396e-01
-9.0260957245e-01   -7.0891683863e-01   3.6358175124e-01
-9.0062802289e-01   -6.9801955576e-01   3.6430261820e-01
-9.0042497005e-01   -6.9692784729e-01   3.6437295309e-01
-8.9834567231e-01   -6.8599267420e-01   3.6505876665e-01
-8.9813287805e-01   -6.8489744587e-01   3.6512559373e-01
-8.9595651645e-01   -6.7392976189e-01   3.6577631307e-01
-8.9573405177e-01   -6.7283155095e-01   3.6583962960e-01
-8.9346136191e-01   -6.6183671965e-01   3.6645524049e-01
-8.9322930291e-01   -6.6073606145e-01   3.6651504636e-01
-8.9086107090e-01   -6.4971942430e-01   3.6709556098e-01
-8.9061949870e-01   -6.4861685167e-01   3.6715185873e-01
-8.8815656034e-01   -6.3758372172e-01   3.6769731539e-01
-8.8790556096e-01   -6.3647976434e-01   3.6775011014e-01
-8.8534880085e-01   -6.2543542012e-01   3.6826057295e-01
-8.8508846516e-01   -6.2433060390e-01   3.6830987239e-01
-8.8243881574e-01   -6.1328028329e-01   3.6878543094e-01
-8.8216923935e-01   -6.1217512979e-01   3.6883124530e-01
-8.7942767992e-01   -6.0112402418e-01   3.6927201425e-01
-8.7914896306e-01   -6.0001905001e-01   3.6931435622e-01
-8.7631651871e-01   -5.8897229849e-01   3.6972047489e-01
-8.7602876615e-01   -5.8786801475e-01   3.6975935963e-01
-8.7310650667e-01   -5.7683069851e-01   3.7013099150e-01
-8.7280982758e-01   -5.7572761025e-01   3.7016643655e-01
-8.6979886629e-01   -5.6470474716e-01   3.7050376880e-01
-8.6949337414e-01   -5.6360335280e-01   3.7053579404e-01
-8.6639486673e-01   -5.5259989212e-01   3.7083903701e-01
-8.6608067916e-01   -5.5150068299e-01   3.7086766460e-01
-8.6289582240e-01   -5.4052150031e-01   3.7113705119e-01
-8.6257306110e-01   -5.3942496012e-01   3.7116230555e-01
-8.5930309157e-01   -5.2847485247e-01   3.7139809068e-01
-8.5897188215e-01   -5.2738145683e-01   3.7141999837e-01
-8.5561807496e-01   -5.1646513802e-01   3.7162245830e-01
-8.5527854680e-01   -5.1537535401e-01   3.7164104800e-01
-8.5184221417e-01   -5.0449745016e-01   3.7181047973e-01
-8.5149450031e-01   -5.0341173585e-01   3.7182578215e-01
-8.4797699023e-01   -4.9257678116e-01   3.7196250273e-01
-8.4762122721e-01   -4.9149558523e-01   3.7197455055e-01
-8.4402392201e-01   -4.8070801792e-01   3.7207889637e-01
-8.4366024972e-01   -4.7963177927e-01   3.7208772418e-01
-8.3998456460e-01   -4.6889593783e-01   3.7216005028e-01
-8.3961312616e-01   -4.6782508520e-01   3.7216569448e-01
-8.3586050774e-01   -4.5714520479e-01   3.7220637379e-01
-8.3548144934e-01   -4.5608015641e-01   3.7220887255e-01
-8.3165337417e-01   -4.4546036558e-01   3.7221829516e-01
-8.3126684491e-01   -4.4440152886e-01   3.7221768831e-01
-8.2736481796e-01   -4.3384584641e-01   3.7219626070e-01
-8.2697096969e-01   -4.3279361766e-01   3.7219258970e-01
-8.2299652281e-01   -4.2230594983e-01   3.7214073395e-01
-8.2259551002e-01   -4.2126071395e-01   3.7213404175e-01
-8.1855020040e-01   -4.1084485182e-01   3.7205219479e-01
-8.1814218002e-01   -4.0980698207e-01   3.7204252579e-01
-8.1402758866e-01   -3.9946659916e-01   3.7193113855e-01
-8.1361271992e-01   -3.9843645694e-01   3.7191853853e-01
-8.0943045004e-01   -3.8817510713e-01   3.7177807518e-01
-8.0900889433e-01   -3.8715304179e-01   3.7176259119e-01
-8.0476056984e-01   -3.7697415740e-01   3.7159352833e-01
-8.0433249053e-01   -3.7596050603e-01   3.7157520862e-01
-8.0001975444e-01   -3.6586739623e-01   3.7137803445e-01
-7.9958531673e-01   -3.6486248354e-01   3.7135692840e-01
-7.9520982960e-01   -3.5485833288e-01   3.7113214193e-01
-7.9476920037e-01   -3.5386247106e-01   3.7110829995e-01
-7.9033263876e-01   -3.4395033837e-01   3.7085641020e-01
-7.8988598641e-01   -3.4296382697e-01   3.7082988366e-01
-7.8539004127e-01   -3.3314664436e-01   3.7055140884e-01
-7.8493753557e-01   -3.3216977023e-01   3.7052224999e-01
-7.8038391077e-01   -3.2245034242e-01   3.7021771668e-01
-7.7992572269e-01   -3.2148337965e-01   3.7018597858e-01
-7.7531613342e-01   -3.1186438344e-01   3.6985592097e-01
-7.7485243500e-01   -3.1090759330e-01   3.6982165739e-01
-7.7018860626e-01   -3.0139157733e-01   3.6946661650e-01
-7.6971957045e-01   -3.0044520828e-01   3.6942988185e-01
-7.6500323557e-01   -2.9103459296e-01   3.6905040471e-01
-7.6452903605e-01   -2.9009888062e-01   3.6901125397e-01
-7.5976193517e-01   -2.8079595825e-01   3.6860789289e-01
-7.5928274625e-01   -2.7987112547e-01   3.6856638153e-01
-7.5446662484e-01   -2.7067806063e-01   3.6813969332e-01
-7.5398262128e-01   -2.6976431748e-01   3.6809587723e-01
-7.4911922870e-01   -2.6068314752e-01   3.6764642250e-01
-7.4863058559e-01   -2.5978069141e-01   3.6760035789e-01
-7.4372167366e-01   -2.5081332718e-01   3.6712870027e-01
-7.4322856625e-01   -2.4992234290e-01   3.6708044364e-01
-7.3827588784e-01   -2.4107056970e-01   3.6658714911e-01
-7.3777849143e-01   -2.4019122953e-01   3.6653675715e-01
-7.3278379907e-01   -2.3145670810e-01   3.6602239332e-01
-7.3228228884e-01   -2.3058917194e-01   3.6596992285e-01
-7.2724733341e-01   -2.2197343978e-01   3.6543505830e-01
-7.2674188433e-01   -2.2111785525e-01   3.6538056620e-01
-7.2166841366e-01   -2.1262232796e-01   3.6482576983e-01
-7.2115920032e-01   -2.1177883059e-01   3.6476931299e-01
-7.1604895799e-01   -2.0340480343e-01   3.6419515334e-01
-7.1553615447e-01   -2.0257351677e-01   3.6413678857e-01
-7.1039087849e-01   -1.9432216636e-01   3.6354383324e-01
-7.0987465828e-01   -1.9350320220e-01   3.6348361724e-01
-7.0469607986e-01   -1.8537558827e-01   3.6287243229e-01
-7.0417661571e-01   -1.8456904681e-01   3.6281042156e-01
-6.9896645809e-01   -1.7656611421e-01   3.6218157091e-01
-6.9844392188e-01   -1.7577208427e-01   3.6211782172e-01
-6.9320389917e-01   -1.6789466499e-01   3.6147186661e-01
-6.9267846181e-01   -1.6711322418e-01   3.6140643492e-01
-6.8741027786e-01   -1.5936203951e-01   3.6074393337e-01
-6.3362685698e-01   -8.8236775278e-02   3.5339184481e-01
-6.3308141331e-01   -8.7584367579e-02   3.5331246516e-01
-6.2762133719e-01   -8.1124177414e-02   3.5251314811e-01
-5.7270506960e-01   -2.2825646739e-02   3.4404776520e-01
-5.7215520193e-01   -2.2299479978e-02   3.4395947502e-01
-5.6665803542e-01   -1.7098248605e-02   3.4307333354e-01
-5.1204490704e-01   2.9057214129e-02   3.3395249697e-01
-5.1150387054e-01   2.9466872584e-02   3.3385946189e-01
-5.0610089583e-01   3.3509153482e-02   3.3292768247e-01
-4.5297288428e-01   6.8745188622e-02   3.2351560830e-01
-4.5245127343e-01   6.9052235526e-02   3.2342103240e-01
-4.4724708829e-01   7.2075937358e-02   3.2247518426e-01
-3.9651619436e-01   9.7900763886e-02   3.1304177130e-01
-3.9602191442e-01   9.8120935380e-02   3.1294794902e-01
-3.9109427410e-01   1.0028382723e-01   3.1201055645e-01
-3.4341221819e-01   1.1829038470e-01   3.0274149919e-01
-3.4295067176e-01   1.1843953938e-01   3.0264994815e-01
-3.3835243802e-01   1.1989992707e-01   3.0173584477e-01
-2.9413703850e-01   1.3162732041e-01   2.9274799781e-01
-2.9371144043e-01   1.3172031881e-01   2.9265962289e-01
-2.8947377350e-01   1.3262611339e-01   2.9177759767e-01
-2.4894409573e-01   1.3947568917e-01   2.8313547946e-01
-2.4855584503e-01   1.3952576873e-01   2.8305073442e-01
-2.4469193592e-01   1.4000844732e-01   2.8220514058e-01
-2.0790617651e-01   1.4320237726e-01   2.7393605508e-01
-1.5698363549e-01   1.4364528901e-01   2.6167912466e-01
-1.5668316198e-01   1.4363495960e-01   2.6160334631e-01
-1.5369548703e-01   1.4352434649e-01   2.6084732784e-01
-1.2548677694e-01   1.4179488424e-01   2.5346006707e-01
-8.7082753200e-02   1.3764278669e-01   2.4250272889e-01
-8.6858154745e-02   1.3761325295e-01   2.4243487866e-01
-8.4626102375e-02   1.3731687222e-01   2.4175785874e-01
-6.3650798540e-02   1.3430741146e-01   2.3513197686e-01
-3.5326753507e-02   1.2986923935e-01   2.2526243937e-01
-1.1682511676e-02   1.2638446263e-01   2.1593964197e-01
-1.1544522752e-02   1.2636638806e-01   2.1588167442e-01
-1.0173175631e-02   1.2618891337e-01   2.1530310561e-01
2.7291234674e-03   1.2475916685e-01   2.0962573025e-01
2.0312659457e-02   1.2390912255e-01   2.0112252094e-01
3.5364066878e-02   1.2492723755e-01   1.9304929602e-01
4.8531070464e-02   1.2794760653e-01   1.8538074097e-01
6.0383814315e-02   1.3306653225e-01   1.7809886662e-01
7.1422886974e-02   1.4037149797e-01   1.7119198925e-01
7.1491828077e-02   1.4042543969e-01   1.7114901912e-01
7.2180434952e-02   1.4096999706e-01   1.7072014636e-01
7.9007666408e-02   1.4693573434e-01   1.6651416723e-01
8.9651623006e-02   1.5822307711e-01   1.6023776010e-01
1.0057413798e-01   1.7203450625e-01   1.5433354461e-01
1.1211426505e-01   1.8856508544e-01   1.4881201348e-01
1.2459374195e-01   2.0805809214e-01   1.4369139850e-01
1.2467723193e-01   2.0819286237e-01   1.4366000227e-01
1.2551496792e-01   2.0954789617e-01   1.4334700328e-01
1.3419259754e-01   2.2384896479e-01   1.4031522375e-01
1.4900603420e-01   2.4911712926e-01   1.3595047571e-01
1.6561633712e-01   2.7826327196e-01   1.3209042719e-01
1.6572902756e-01   2.7846299489e-01   1.3206750404e-01
1.6686073589e-01   2.8046991713e-01   1.3183955803e-01
1.7867644962e-01   3.0153236235e-01   1.2969294692e-01
1.8796237174e-01   3.1818945644e-01   1.2827986103e-01
