X    Y    Z
2.0000000000e-01   2.0000000000e-01   2.0000000000e-01
2.0130399168e-01   2.1789544678e-01   1.9354320872e-01
2.0132063538e-01   2.1801657262e-01   1.9350330311e-01
2.0149281543e-01   2.1923259446e-01   1.9310524450e-01
2.0378562196e-01   2.3187795220e-01   1.8922588879e-01
2.0942826628e-01   2.5349985471e-01   1.8354459138e-01
2.1756254386e-01   2.7757148507e-01   1.7836272462e-01
2.2820011014e-01   3.0433561779e-01   1.7372553646e-01
2.4138755992e-01   3.3405251893e-01   1.6968996402e-01
2.4148027860e-01   3.3425268532e-01   1.6966623006e-01
2.4241337970e-01   3.3626159858e-01   1.6943040581e-01
2.5234097953e-01   3.5708896346e-01   1.6722806246e-01
2.7008299802e-01   3.9244588004e-01   1.6439490786e-01
2.9063850848e-01   4.3138961281e-01   1.6239588556e-01
2.9077931967e-01   4.3165059397e-01   1.6238603376e-01
2.9219404703e-01   4.3426877692e-01   1.6228967100e-01
3.0700926140e-01   4.6128994667e-01   1.6154887708e-01
3.3265460182e-01   5.0657588869e-01   1.6127109385e-01
3.6141054083e-01   5.5543259860e-01   1.6221000521e-01
3.6160462751e-01   5.5575592671e-01   1.6222030825e-01
3.6355260281e-01   5.5899637707e-01   1.6232649300e-01
3.8374257815e-01   5.9208475106e-01   1.6371410443e-01
4.1786486111e-01   6.4593328363e-01   1.6716239241e-01
4.1809299101e-01   6.4628435197e-01   1.6718982808e-01
4.2038104085e-01   6.4979870484e-01   1.6746810649e-01
4.4392358679e-01   6.8523418444e-01   1.7065362098e-01
4.8298472191e-01   7.4092116313e-01   1.7718854041e-01
4.8324270636e-01   7.4127514203e-01   1.7723675962e-01
4.8582780062e-01   7.4481160083e-01   1.7772356407e-01
5.1216937755e-01   7.7971114169e-01   1.8305983239e-01
5.5477475290e-01   8.3128638197e-01   1.9315167151e-01
5.5505128270e-01   8.3159921019e-01   1.9322318912e-01
5.5781851931e-01   8.3471287636e-01   1.9394323271e-01
5.8562014830e-01   8.6419810149e-01   2.0162713390e-01
6.2891368410e-01   9.0252726928e-01   2.1533675794e-01
6.2918726484e-01   9.0273508522e-01   2.1543073577e-01
6.3191936561e-01   9.0478391481e-01   2.1637465650e-01
6.5877182634e-01   9.2212722200e-01   2.2620642919e-01
6.9812598077e-01   9.3599522119e-01   2.4276797474e-01
7.3240803236e-01   9.3074298495e-01   2.6018728495e-01
7.3260621784e-01   9.3064212938e-01   2.6029968376e-01
7.3457151342e-01   9.2958503412e-01   2.6142359544e-01
7.5245169975e-01   9.1410196214e-01   2.7260132490e-01
7.7297613591e-01   8.7192556738e-01   2.8936226850e-01
7.8286206266e-01   8.0906670193e-01   3.0431974818e-01
7.8288802322e-01   8.0860445882e-01   3.0440744249e-01
7.8312073602e-01   8.0394333196e-01   3.0527805596e-01
7.8272302364e-01   7.5373177720e-01   3.1330751465e-01
7.7204963176e-01   6.6479939472e-01   3.2307715406e-01
7.7194213588e-01   6.6420064824e-01   3.2312779108e-01
7.7084019818e-01   6.5819767649e-01   3.2362557841e-01
7.5717381077e-01   5.9698190497e-01   3.2773500618e-01
7.2678513357e-01   5.0010280723e-01   3.3098587698e-01
7.2655825817e-01   4.9948987939e-01   3.3099446303e-01
7.2426837875e-01   4.9337022254e-01   3.3107202076e-01
6.9937555206e-01   4.3342808074e-01   3.3103973543e-01
6.5431548554e-01   3.4651531109e-01   3.2828886012e-01
6.5400757816e-01   3.4599309115e-01   3.2826172169e-01
6.5091684950e-01   3.4079707004e-01   3.2798419575e-01
6.1898385190e-01   2.9158307367e-01   3.2463163152e-01
5.6652668900e-01   2.2542038210e-01   3.1761208160e-01
5.6618556356e-01   2.2504109039e-01   3.1756140801e-01
5.6277232538e-01   2.2127912208e-01   3.1705117028e-01
5.2855988339e-01   1.8673904544e-01   3.1163195434e-01
4.7573496463e-01   1.4361783479e-01   3.0227522589e-01
4.7540289594e-01   1.4338270877e-01   3.0221282595e-01
4.7208761769e-01   1.4105876847e-01   3.0158742497e-01
4.3955237208e-01   1.2046357349e-01   2.9521541499e-01
3.9151627598e-01   9.7072940398e-02   2.8499324580e-01
3.4774503099e-01   8.2781398301e-02   2.7470329155e-01
3.4748016671e-01   8.2715266317e-02   2.7463771658e-01
3.4484247286e-01   8.2070186774e-02   2.7398227759e-01
3.1957709396e-01   7.7152392595e-02   2.6746632817e-01
2.8421772516e-01   7.4303357575e-02   2.5747218737e-01
2.5392470045e-01   7.6112588565e-02   2.4778041974e-01
2.2855016554e-01   8.1431351258e-02   2.3843508415e-01
2.2840314190e-01   8.1474662913e-02   2.3837647197e-01
2.2694335789e-01   8.1913638041e-02   2.3779117994e-01
2.1337324026e-01   8.6852905970e-02   2.3202178254e-01
1.9574190691e-01   9.6305237418e-02   2.2331002154e-01
1.8216260181e-01   1.0748430885e-01   2.1497561276e-01
1.7227683860e-01   1.2012167337e-01   2.0701915280e-01
1.6575086107e-01   1.3410098543e-01   1.9944148383e-01
1.6229170444e-01   1.4942695747e-01   1.9224558944e-01
1.6227889738e-01   1.4952950250e-01   1.9220079875e-01
1.6215716028e-01   1.5055820377e-01   1.9175376524e-01
1.6156225405e-01   1.6117867796e-01   1.8737126595e-01
1.6281591779e-01   1.7908244077e-01   1.8084561647e-01
1.6660878399e-01   1.9877217583e-01   1.7473040258e-01
1.7285151655e-01   2.2052039529e-01   1.6904718546e-01
1.8151036766e-01   2.4464151301e-01   1.6382569994e-01
1.8157354855e-01   2.4480418404e-01   1.6379386466e-01
1.8221083172e-01   2.4643703306e-01   1.6347664093e-01
1.8913399411e-01   2.6339889901e-01   1.6041986878e-01
2.0199626122e-01   2.9239615162e-01   1.5608699700e-01
2.1743859927e-01   3.2475586908e-01   1.5235425001e-01
2.3560260615e-01   3.6085858332e-01   1.4930216685e-01
2.3572792136e-01   3.6110236819e-01   1.4928504070e-01
2.3698759883e-01   3.6354947610e-01   1.4911554226e-01
2.5024722394e-01   3.8896396010e-01   1.4760317827e-01
2.7348358618e-01   4.3226785927e-01   1.4596485814e-01
2.9996042761e-01   4.8012934071e-01   1.4534402884e-01
3.0014066696e-01   4.8045045978e-01   1.4534370014e-01
3.0195081840e-01   4.8367213827e-01   1.4534311066e-01
3.2083789380e-01   5.1693458286e-01   1.4561771977e-01
3.5330064483e-01   5.7265771592e-01   1.4716942693e-01
3.5352007744e-01   5.7302823154e-01   1.4718416609e-01
3.5572271711e-01   5.7674283566e-01   1.4733511825e-01
3.7858365315e-01   6.1479827586e-01   1.4921429454e-01
4.1736305103e-01   6.7718913463e-01   1.5362174435e-01
4.1762295142e-01   6.7759762922e-01   1.5365618916e-01
4.2023011847e-01   6.8168801273e-01   1.5400522944e-01
4.4710594271e-01   7.2304465472e-01   1.5796952100e-01
4.9189182682e-01   7.8839081875e-01   1.6601736334e-01
4.9218838578e-01   7.8880729211e-01   1.6607655679e-01
4.9516053622e-01   7.9296870145e-01   1.6667406943e-01
5.2549807535e-01   8.3407952323e-01   1.7321762778e-01
5.7473595338e-01   8.9482627250e-01   1.8558837188e-01
5.7505606749e-01   8.9519391270e-01   1.8567608003e-01
5.7825975008e-01   8.9885210682e-01   1.8655917586e-01
6.1046930424e-01   9.3335772116e-01   1.9598828165e-01
6.6063555954e-01   9.7736913915e-01   2.1282933635e-01
6.6095225142e-01   9.7760232914e-01   2.1294481091e-01
6.6411446067e-01   9.7989607036e-01   2.1410463810e-01
6.9513752234e-01   9.9872953359e-01   2.2618136819e-01
7.4024826115e-01   1.0108093287e+00   2.4647310268e-01
7.7876274176e-01   9.9781230931e-01   2.6765335622e-01
7.7898159648e-01   9.9764135564e-01   2.6778919101e-01
7.8114855900e-01   9.9586874482e-01   2.6914672736e-01
8.0050888287e-01   9.7178980650e-01   2.8256632598e-01
8.2113204854e-01   9.1126601043e-01   3.0230686355e-01
8.2122190091e-01   9.1079260350e-01   3.0242573024e-01
8.2208935276e-01   9.0600107956e-01   3.0360808379e-01
8.2756847014e-01   8.5260785547e-01   3.1472988955e-01
8.2394943941e-01   7.5213687541e-01   3.2901314539e-01
8.2387731480e-01   7.5144066334e-01   3.2909057393e-01
8.2312175638e-01   7.4444791595e-01   3.2985448271e-01
8.1216085627e-01   6.7194214865e-01   3.3642679104e-01
7.8310910057e-01   5.5354298728e-01   3.4267795514e-01
7.8287926891e-01   5.5278215227e-01   3.4270207063e-01
7.8055186537e-01   5.4517859715e-01   3.4293228652e-01
7.5450296537e-01   4.7006775088e-01   3.4416275755e-01
7.0499806852e-01   3.5948931831e-01   3.4245986367e-01
7.0465239795e-01   3.5882016099e-01   3.4243604856e-01
7.0117807050e-01   3.5215955184e-01   3.4218955452e-01
6.6485354793e-01   2.8886894191e-01   3.3894011149e-01
6.0388641458e-01   2.0337989333e-01   3.3145009794e-01
6.0348586287e-01   2.0288909075e-01   3.3139441986e-01
5.9947553834e-01   1.9802091236e-01   3.3083296268e-01
5.5905241653e-01   1.5331901782e-01   3.2479808893e-01
4.9599294991e-01   9.7555364335e-02   3.1421451612e-01
4.9559455957e-01   9.7251551878e-02   3.1414361291e-01
4.9161596358e-01   9.4248867042e-02   3.1343287312e-01
4.5246616789e-01   6.7644511789e-02   3.0618542456e-01
3.9437232823e-01   3.7363711171e-02   2.9457609363e-01
3.9401542108e-01   3.7209787190e-02   2.9450146947e-01
3.9045756442e-01   3.5696211909e-02   2.9375525269e-01
3.5604883560e-01   2.2985583651e-02   2.8631047527e-01
3.0683903010e-01   1.0755302584e-02   2.7484029964e-01
2.6354530296e-01   5.7680405989e-03   2.6370909515e-01
2.6328764796e-01   5.7549045544e-03   2.6363918676e-01
2.6072454011e-01   5.6351402086e-03   2.6294105798e-01
2.3642860808e-01   5.5055694832e-03   2.5605735477e-01
2.0318984997e-01   8.4763311411e-03   2.4566235709e-01
1.7540892806e-01   1.4196056129e-02   2.3571750802e-01
1.5261916596e-01   2.1712845848e-02   2.2621183476e-01
1.5248835122e-01   2.1765169191e-02   2.2615240389e-01
1.5119025001e-01   2.2290904187e-02   2.2555904121e-01
1.3918600185e-01   2.7773214161e-02   2.1971892545e-01
1.2373829824e-01   3.6984696613e-02   2.1092048152e-01
1.1190271063e-01   4.6750216585e-02   2.0250902397e-01
1.0322595761e-01   5.6946896419e-02   1.9446739986e-01
9.7311508478e-02   6.7566758017e-02   1.8678134655e-01
9.3825726441e-02   7.8687497346e-02   1.7943963196e-01
9.2499494271e-02   9.0451158509e-02   1.7243405460e-01
9.2497485798e-02   9.0528868316e-02   1.7239031007e-01
9.2481776835e-02   9.1307849682e-02   1.7195360893e-01
9.2753589832e-02   9.9297777590e-02   1.6766085929e-01
9.4676833528e-02   1.1262745337e-01   1.6122000523e-01
9.8340536533e-02   1.2721015856e-01   1.5510920741e-01
1.0369536760e-01   1.4333694984e-01   1.4933330259e-01
1.1074372927e-01   1.6133231645e-01   1.4390212844e-01
1.1953720106e-01   1.8155561129e-01   1.3883174655e-01
1.1959925712e-01   1.8169298150e-01   1.3880051998e-01
1.2022396625e-01   1.8307260662e-01   1.3848911992e-01
1.2689288733e-01   1.9748370151e-01   1.3546330011e-01
1.3892486552e-01   2.2245678715e-01   1.3107074692e-01
1.5307576998e-01   2.5082295829e-01   1.2712861171e-01
1.6956682228e-01   2.8308410876e-01   1.2369495478e-01
1.6968039280e-01   2.8330415281e-01   1.2367478185e-01
1.7082196844e-01   2.8551458920e-01   1.2347437213e-01
1.8284040497e-01   3.0864792087e-01   1.2160720632e-01
2.0396821380e-01   3.4881836766e-01   1.1923617931e-01
2.2824419206e-01   3.9436103507e-01   1.1764461775e-01
2.2841038068e-01   3.9467080499e-01   1.1763726783e-01
2.3008018274e-01   3.9778180175e-01   1.1756588450e-01
2.4758983125e-01   4.3024640543e-01   1.1707367146e-01
2.7809536972e-01   4.8612292295e-01   1.1720870063e-01
2.7830348229e-01   4.8650108304e-01   1.1721352212e-01
2.8039397923e-01   4.9029737677e-01   1.1726470716e-01
3.0225545448e-01   5.2973694966e-01   1.1808829195e-01
3.4007463332e-01   5.9676479222e-01   1.2065160119e-01
3.4033141984e-01   5.9721432412e-01   1.2067358388e-01
3.4290989868e-01   6.0172384170e-01   1.2089759811e-01
3.6976808685e-01   6.4820426950e-01   1.2357648743e-01
4.1573741396e-01   7.2546339406e-01   1.2954755658e-01
4.1604724001e-01   7.2597333697e-01   1.2959348997e-01
4.1915650207e-01   7.3108238177e-01   1.3005858048e-01
4.5134130662e-01   7.8301816840e-01   1.3530865280e-01
5.0549182445e-01   8.6601989248e-01   1.4590290190e-01
5.0585243835e-01   8.6655211962e-01   1.4598079919e-01
5.0946797531e-01   8.7187212071e-01   1.4676717811e-01
5.4651473996e-01   9.2459897851e-01   1.5539097686e-01
6.0712717963e-01   1.0028153545e+00   1.7177946221e-01
6.0752290654e-01   1.0032884565e+00   1.7189608643e-01
6.1148433121e-01   1.0079949900e+00   1.7307065541e-01
6.5140062569e-01   1.0522152716e+00   1.8564724023e-01
7.1373900291e-01   1.1072659169e+00   2.0823689737e-01
7.1413247420e-01   1.1075479858e+00   2.0839217816e-01
7.1806088647e-01   1.1103127423e+00   2.0995201387e-01
7.5652409135e-01   1.1319086468e+00   2.2620622950e-01
8.1185272520e-01   1.1398208585e+00   2.5347084856e-01
8.1218049754e-01   1.1397568570e+00   2.5365003980e-01
8.1543645127e-01   1.1390315919e+00   2.5544394938e-01
8.4558333094e-01   1.1229954703e+00   2.7348071649e-01
8.8189088806e-01   1.0646041117e+00   3.0105642157e-01
8.8207325749e-01   1.0640987316e+00   3.0122644760e-01
8.8385894097e-01   1.0589542719e+00   3.0292040760e-01
8.9773107904e-01   9.9868735233e-01   3.1910888035e-01
9.0359103547e-01   8.7568862200e-01   3.4068806341e-01
9.0356270587e-01   8.7480587776e-01   3.4080809147e-01
9.0323237962e-01   8.6592089437e-01   3.4199447820e-01
8.9520704233e-01   7.7204147284e-01   3.5240248222e-01
8.9508344951e-01   7.7106341285e-01   3.5249266995e-01
8.9380056689e-01   7.6124783157e-01   3.5337894936e-01
8.7634047026e-01   6.6039852487e-01   3.6065398032e-01
8.7612412354e-01   6.5937273198e-01   3.6071198837e-01
8.7391625401e-01   6.4910404696e-01   3.6127594315e-01
8.4753930885e-01   5.4613119418e-01   3.6531434745e-01
8.4723753890e-01   5.4510591924e-01   3.6534022041e-01
8.4418022797e-01   5.3486548142e-01   3.6558344904e-01
8.0985126571e-01   4.3438122793e-01   3.6651115123e-01
8.0947549285e-01   4.3340000671e-01   3.6650709688e-01
8.0568469147e-01   4.2361962220e-01   3.6645263108e-01
7.6471730705e-01   3.2952707493e-01   3.6458560207e-01
7.6428188321e-01   3.2862465452e-01   3.6455547082e-01
7.5990221081e-01   3.1964670233e-01   3.6424245654e-01
7.1382956053e-01   2.3483398606e-01   3.6002483292e-01
7.1335040451e-01   2.3403416324e-01   3.5997344375e-01
7.0854146122e-01   2.2609098048e-01   3.5945036803e-01
6.5897907419e-01   1.5232310383e-01   3.5338592347e-01
5.7835617089e-01   5.8202284298e-02   3.4157883889e-01
5.7783601725e-01   5.7682789236e-02   3.4149669450e-01
5.7263471379e-01   5.2544205068e-02   3.4067167005e-01
5.2084348427e-01   6.6481183792e-03   3.3212479489e-01
4.4221489676e-01   -4.6714063788e-02   3.1814711919e-01
4.4172607407e-01   -4.6990251281e-02   3.1805677006e-01
4.3684964845e-01   -4.9710024690e-02   3.1715318015e-01
3.8936850910e-01   -7.2934013883e-02   3.0813694571e-01
3.2052868361e-01   -9.6808506193e-02   2.9431664565e-01
3.2011149928e-01   -9.6919949254e-02   2.9422989876e-01
3.1595650255e-01   -9.8008782318e-02   2.9336378085e-01
2.7611738974e-01   -1.0653989985e-01   2.8484630161e-01
2.2017838586e-01   -1.1291969665e-01   2.7210288835e-01
2.1984544469e-01   -1.1293882779e-01   2.7202371259e-01
2.1653327725e-01   -1.1311729008e-01   2.7123360591e-01
1.8511658053e-01   -1.1375368075e-01   2.6349698955e-01
1.4198575495e-01   -1.1162457632e-01   2.5198732965e-01
1.0558629708e-01   -1.0731468870e-01   2.4114727158e-01
1.0537351820e-01   -1.0728328761e-01   2.4107995651e-01
1.0325911840e-01   -1.0696758124e-01   2.4040817344e-01
8.3410414396e-02   -1.0369641689e-01   2.3382381320e-01
5.6715822325e-02   -9.8578232443e-02   2.2398919519e-01
3.4588443932e-02   -9.4045275752e-02   2.1466566340e-01
1.6246855824e-02   -9.0545084443e-02   2.0580627371e-01
9.7177746076e-04   -8.8350133936e-02   1.9737270041e-01
8.8250492610e-04   -8.8340679464e-02   1.9732005286e-01
-4.8209463493e-06   -8.8249446513e-02   1.9679446405e-01
-8.3696640558e-03   -8.7673694519e-02   1.9162585608e-01
-1.9854634361e-02   -8.8037112886e-02   1.8385298283e-01
-2.9847715406e-02   -8.9992678690e-02   1.7643701678e-01
-3.8798609560e-02   -9.3585053951e-02   1.6936202647e-01
-4.7098445978e-02   -9.8862206765e-02   1.6261589858e-01
-5.5089852257e-02   -1.0588969995e-01   1.5618995357e-01
-6.3077330819e-02   -1.1476109447e-01   1.5007886084e-01
-7.1337430414e-02   -1.2560571632e-01   1.4428083870e-01
-8.0128433450e-02   -1.3859471558e-01   1.3879813978e-01
-8.0186915703e-02   -1.3868514986e-01   1.3876409496e-01
-8.0773508022e-02   -1.3959481379e-01   1.3842437185e-01
-8.6829556120e-02   -1.4923702431e-01   1.3510022866e-01
-9.7104889307e-02   -1.6642595006e-01   1.3017637182e-01
-1.0858871602e-01   -1.8647038142e-01   1.2560171129e-01
-1.2154575066e-01   -2.0973477452e-01   1.2140345616e-01
-1.3625948632e-01   -2.3664223974e-01   1.1762036887e-01
-1.3635991128e-01   -2.3682709597e-01   1.1759761160e-01
-1.3736882085e-01   -2.3868495967e-01   1.1737109408e-01
-1.4794135940e-01   -2.5822146043e-01   1.1521494859e-01
-1.6638877645e-01   -2.9250370527e-01   1.1227649868e-01
-1.8749685943e-01   -3.3185172979e-01   1.0994609193e-01
-1.8764127672e-01   -3.3212101457e-01   1.0993338010e-01
-1.8909233798e-01   -3.3482663710e-01   1.0980789909e-01
-2.0431383016e-01   -3.6319237452e-01   1.0872443017e-01
-2.3089667962e-01   -4.1258052591e-01   1.0772954642e-01
-2.6126647479e-01   -4.6860528643e-01   1.0775568102e-01
-2.6147390027e-01   -4.6898606529e-01   1.0775962011e-01
-2.6355771197e-01   -4.7280983220e-01   1.0780185263e-01
-2.8537509144e-01   -5.1266143008e-01   1.0852330246e-01
-3.2324777540e-01   -5.8091831034e-01   1.1088448161e-01
-3.2350554706e-01   -5.8137835378e-01   1.1090502429e-01
-3.2609440646e-01   -5.8599501339e-01   1.1111454821e-01
-3.5311503655e-01   -6.3376188357e-01   1.1364061707e-01
-3.9960583030e-01   -7.1392861609e-01   1.1935674357e-01
-3.9992026213e-01   -7.1446112182e-01   1.1940104486e-01
-4.0307657657e-01   -7.1979876929e-01   1.1984984835e-01
-4.3583884164e-01   -7.7433121890e-01   1.2494326626e-01
-4.9134980064e-01   -8.6262959593e-01   1.3534503563e-01
-4.9172118041e-01   -8.6320090900e-01   1.3542204095e-01
-4.9544594150e-01   -8.6891552864e-01   1.3619980784e-01
-5.3374950633e-01   -9.2596895361e-01   1.4477360296e-01
-5.9699233493e-01   -1.0123286369e+00   1.6126770708e-01
-5.9740772877e-01   -1.0128590182e+00   1.6138594555e-01
-6.0156789613e-01   -1.0181417553e+00   1.6257741920e-01
-6.4368317823e-01   -1.0684416167e+00   1.7540655333e-01
-7.1024705955e-01   -1.1338537678e+00   1.9875827058e-01
-7.1067062965e-01   -1.1342039655e+00   1.9892009505e-01
-7.1490211589e-01   -1.1376504275e+00   2.0054662652e-01
-7.5659681986e-01   -1.1660348704e+00   2.1759853485e-01
-8.1760077033e-01   -1.1837455078e+00   2.4661137817e-01
-8.1796672843e-01   -1.1837379911e+00   2.4680373480e-01
-8.2160552259e-01   -1.1835717795e+00   2.4873064733e-01
-8.5565206484e-01   -1.1724474960e+00   2.6822657474e-01
-8.9804060405e-01   -1.1184379387e+00   2.9847166740e-01
-8.9826064492e-01   -1.1179448452e+00   2.9865986439e-01
-9.0042160944e-01   -1.1129112016e+00   3.0053605430e-01
-9.1786368743e-01   -1.0525002876e+00   3.1857983763e-01
-9.2829933488e-01   -9.2454667188e-01   3.4300001233e-01
-9.2829511803e-01   -9.2361402331e-01   3.4313727973e-01
-9.2820182031e-01   -9.1421789810e-01   3.4449509525e-01
-9.2210986428e-01   -8.1408891653e-01   3.5650216036e-01
-9.2200137245e-01   -8.1303867289e-01   3.5660711944e-01
-9.2086468218e-01   -8.0249164635e-01   3.5763962350e-01
-9.0437035375e-01   -6.9347766832e-01   3.6621500957e-01
-9.0415900961e-01   -6.9236350081e-01   3.6628443196e-01
-9.0199602662e-01   -6.8120497671e-01   3.6696070800e-01
-8.7555397739e-01   -5.6885411644e-01   3.7193471320e-01
-8.7524686987e-01   -5.6773185826e-01   3.7196818853e-01
-8.7213115256e-01   -5.5651940499e-01   3.7228551867e-01
-8.3672864316e-01   -4.4622285783e-01   3.7376433283e-01
-8.3633779316e-01   -4.4514378753e-01   3.7376408342e-01
-8.3239168880e-01   -4.3438637423e-01   3.7374586717e-01
-7.8944247235e-01   -3.3077366328e-01   3.7206988784e-01
-7.8898353566e-01   -3.2977922056e-01   3.7204018208e-01
-7.8436499503e-01   -3.1988538075e-01   3.7172991367e-01
-7.3556067516e-01   -2.2641806907e-01   3.6740111437e-01
-7.3505134651e-01   -2.2553689675e-01   3.6734745791e-01
-7.2993789351e-01   -2.1678639789e-01   3.6680058253e-01
-6.7708533353e-01   -1.3559862833e-01   3.6039889776e-01
-6.7654374123e-01   -1.3484607799e-01   3.6032720639e-01
-6.7111648476e-01   -1.2738610894e-01   3.5960288829e-01
-6.1598798394e-01   -5.9349038850e-02   3.5171016606e-01
-5.2892966526e-01   2.3772134387e-02   3.3772991473e-01
-5.2837701703e-01   2.4217492991e-02   3.3763648322e-01
-5.2285661530e-01   2.8613761624e-02   3.3670033472e-01
-4.6843902883e-01   6.7085401991e-02   3.2720945136e-01
-3.8755173014e-01   1.0949819251e-01   3.1228986057e-01
-3.8705482331e-01   1.0970885475e-01   3.1219527594e-01
-3.8210157738e-01   1.1177717452e-01   3.1125044085e-01
-3.3422539629e-01   1.2889518264e-01   3.0192367712e-01
-2.6587898182e-01   1.4486652888e-01   2.8791568334e-01
-2.6546840778e-01   1.4493413719e-01   2.8782865178e-01
-2.6138153783e-01   1.4558933036e-01   2.8696022535e-01
-2.2240193809e-01   1.5024972542e-01   2.7846760524e-01
-1.6826283119e-01   1.5219771649e-01   2.6589379601e-01
-1.6794253243e-01   1.5219447141e-01   2.6581607881e-01
-1.6475730869e-01   1.5215314555e-01   2.6504076663e-01
-1.3464619269e-01   1.5097472514e-01   2.5747018414e-01
-9.3566635642e-02   1.4727776173e-01   2.4626623102e-01
-5.9047517516e-02   1.4271988310e-01   2.3576258193e-01
-5.8845865587e-02   1.4269063332e-01   2.3569747739e-01
-5.6841998992e-02   1.4239888093e-01   2.3504783056e-01
-3.8019129276e-02   1.3960102798e-01   2.2868748358e-01
-1.2595861697e-02   1.3599420142e-01   2.1921019271e-01
8.7251502659e-03   1.3379183847e-01   2.1025111020e-01
2.6768977204e-02   1.3334613549e-01   2.0176483968e-01
4.2281655509e-02   1.3487673096e-01   1.9371695768e-01
4.2374212535e-02   1.3489321604e-01   1.9366682901e-01
4.3295630125e-02   1.3506284720e-01   1.9316646990e-01
5.2126878118e-02   1.3724296254e-01   1.8825460138e-01
6.4805166931e-02   1.4245991945e-01   1.8090262960e-01
7.6572541131e-02   1.4996734491e-01   1.7393875650e-01
8.7899826623e-02   1.5986933500e-01   1.6735717211e-01
9.9206415998e-02   1.7229429962e-01   1.6115834641e-01
1.1087213489e-01   1.8740643727e-01   1.5534937354e-01
1.2324875595e-01   2.0541338235e-01   1.4994481980e-01
1.2333094199e-01   2.0553841238e-01   1.4991159443e-01
1.2415517536e-01   2.0679580978e-01   1.4958030330e-01
1.3265222871e-01   2.2009495410e-01   1.4636526239e-01
1.4701489354e-01   2.4367163646e-01   1.4171235655e-01
1.6298145203e-01   2.7094982558e-01   1.3755371232e-01
1.8088346146e-01   3.0231303237e-01   1.3394838481e-01
1.8100493762e-01   3.0252769315e-01   1.3392726038e-01
1.8222484186e-01   3.0468445531e-01   1.3371743892e-01
1.9495681489e-01   3.2729059221e-01   1.3176653412e-01
2.1696720500e-01   3.6661542372e-01   1.2930264086e-01
2.4186701004e-01   4.1117462649e-01   1.2766432057e-01
2.4203638434e-01   4.1147737158e-01   1.2765681670e-01
2.4373748128e-01   4.1451749276e-01   1.2758399300e-01
2.6150345539e-01   4.4620266445e-01   1.2708707657e-01
2.9219520494e-01   5.0053007371e-01   1.2724726881e-01
2.9240361892e-01   5.0089673422e-01   1.2725236439e-01
2.9449647887e-01   5.0457678104e-01   1.2730636067e-01
3.1631405600e-01   5.4271913182e-01   1.2816436021e-01
3.5379335167e-01   6.0714086968e-01   1.3079616495e-01
3.5404678760e-01   6.0757112040e-01   1.3081860444e-01
3.5659088036e-01   6.1188584418e-01   1.3104717808e-01
3.8301296186e-01   6.5620976100e-01   1.3376904848e-01
4.2792414595e-01   7.2925063582e-01   1.3977943607e-01
4.2822556140e-01   7.2972996061e-01   1.3982542914e-01
4.3124949110e-01   7.3453015810e-01   1.4029093874e-01
4.6245296047e-01   7.8310417590e-01   1.4552407318e-01
5.1455636585e-01   8.5981787859e-01   1.5598156199e-01
5.1490169867e-01   8.6030578825e-01   1.5605800973e-01
5.1836282364e-01   8.6517979158e-01   1.5682942011e-01
5.5370112100e-01   9.1317180547e-01   1.6525112110e-01
6.1101610713e-01   9.8310366699e-01   1.8108569067e-01
6.1138821734e-01   9.8352098868e-01   1.8119765360e-01
6.1511170688e-01   9.8766819795e-01   1.8232474467e-01
6.5247367480e-01   1.0261801431e+00   1.9433477344e-01
7.1022095464e-01   1.0722924673e+00   2.1566416353e-01
7.1058295856e-01   1.0725191446e+00   2.1580979081e-01
7.1419539359e-01   1.0747322058e+00   2.1727194299e-01
7.4938305366e-01   1.0911056691e+00   2.3243387339e-01
7.9933125783e-01   1.0926035699e+00   2.5758487560e-01
7.9962433594e-01   1.0925080626e+00   2.5774909087e-01
8.0253354941e-01   1.0914756008e+00   2.5939232781e-01
8.2926280094e-01   1.0732280372e+00   2.7584093997e-01
8.6068811428e-01   1.0150646262e+00   3.0074750153e-01
8.6084216990e-01   1.0145767485e+00   3.0090022114e-01
8.6234726693e-01   1.0096189550e+00   3.0242121215e-01
8.7370164533e-01   9.5238772968e-01   3.1690779405e-01
8.7693700368e-01   8.3820798958e-01   3.3608730744e-01
8.7689788829e-01   8.3739608983e-01   3.3619358554e-01
8.7646420963e-01   8.2922855926e-01   3.3724382709e-01
8.6786972904e-01   7.4333164375e-01   3.4643861847e-01
8.3925060340e-01   5.9952937499e-01   3.5574803189e-01
8.3901053488e-01   5.9859485087e-01   3.5578721155e-01
8.3657178748e-01   5.8924960998e-01   3.5616483794e-01
8.0853218457e-01   4.9644081786e-01   3.5854725740e-01
8.0821979108e-01   4.9552434007e-01   3.5855856074e-01
8.0506281193e-01   4.8637813726e-01   3.5865833045e-01
7.7038876920e-01   3.9730913107e-01   3.5837787420e-01
7.7001544408e-01   3.9644501486e-01   3.5836382212e-01
7.6625541037e-01   3.8783741854e-01   3.5821163124e-01
7.2620469232e-01   3.0550871355e-01   3.5558730010e-01
7.2578381386e-01   3.0472305903e-01   3.5555155155e-01
7.2155519020e-01   2.9691058741e-01   3.5518440842e-01
6.7752168293e-01   2.2342826828e-01   3.5061898423e-01
6.0435279584e-01   1.2675511325e-01   3.4085117184e-01
6.0387516451e-01   1.2621035411e-01   3.4078066359e-01
5.9909535152e-01   1.2081415706e-01   3.4007096178e-01
5.5114339827e-01   7.1924562305e-02   3.3257240691e-01
4.7717046238e-01   1.2992498023e-02   3.1985901981e-01
4.7670635981e-01   1.2679284431e-02   3.1977536773e-01
4.7207375058e-01   9.5890875963e-03   3.1893783005e-01
4.2670509092e-01   -1.7310884114e-02   3.1049458153e-01
3.6010718796e-01   -4.6517091827e-02   2.9729134209e-01
3.5970069540e-01   -4.6660099520e-02   2.9720760425e-01
3.5565030769e-01   -4.8062497201e-02   2.9637099073e-01
3.1664260879e-01   -5.9507106901e-02   2.8809434214e-01
2.6135963038e-01   -6.9552914950e-02   2.7556530654e-01
2.6102886375e-01   -6.9591844952e-02   2.7548698706e-01
2.5773724644e-01   -6.9965719300e-02   2.7470513207e-01
2.2642008773e-01   -7.2299563280e-02   2.6702277360e-01
1.8316863684e-01   -7.1912589007e-02   2.5551649135e-01
1.4649219680e-01   -6.8305465251e-02   2.4461205464e-01
1.4627752151e-01   -6.8275425963e-02   2.4454416803e-01
1.4414419426e-01   -6.7971228655e-02   2.4386657489e-01
1.2411720970e-01   -6.4609567605e-02   2.3721557574e-01
9.7241080468e-02   -5.8644692194e-02   2.2725220788e-01
7.5140417121e-02   -5.2475996408e-02   2.1777860548e-01
5.7113138233e-02   -4.6610357401e-02   2.0875348606e-01
4.2501161457e-02   -4.1353427914e-02   2.0014107631e-01
4.2417364406e-02   -4.1322172565e-02   2.0008724449e-01
4.1585693538e-02   -4.1011382567e-02   1.9954978469e-01
3.3869767318e-02   -3.8084613395e-02   1.9425961385e-01
2.3755503878e-02   -3.4196049365e-02   1.8628575024e-01
1.5604306844e-02   -3.1161599352e-02   1.7865364502e-01
9.0093652697e-03   -2.8964468441e-02   1.7134425557e-01
3.6269144333e-03   -2.7567123483e-02   1.6434108197e-01
-8.3099493267e-04   -2.6925367285e-02   1.5762955414e-01
-4.6043661658e-03   -2.6997905805e-02   1.5119658244e-01
-7.8931179258e-03   -2.7752678536e-02   1.4503024465e-01
-1.0864547695e-02   -2.9170959594e-02   1.3911957976e-01
-1.3660192990e-02   -3.1250011311e-02   1.3345446268e-01
-1.6402014207e-02   -3.4004886046e-02   1.2802554103e-01
-1.9197908805e-02   -3.7469824030e-02   1.2282422148e-01
-2.2146621137e-02   -4.1699581487e-02   1.1784270006e-01
-2.2166179152e-02   -4.1729253219e-02   1.1781152596e-01
-2.2362320227e-02   -4.2027865173e-02   1.1750026348e-01
-2.4384757169e-02   -4.5208396936e-02   1.1443515390e-01
-2.7812020396e-02   -5.0936818666e-02   1.0981395190e-01
-3.1647135172e-02   -5.7694634035e-02   1.0539612346e-01
-3.5990625278e-02   -6.5629127122e-02   1.0117786776e-01
-4.0952096433e-02   -7.4919390491e-02   9.7157059386e-02
-4.6653833625e-02   -8.5780611140e-02   9.3333705301e-02
-5.3234560322e-02   -9.8469203243e-02   8.9710573672e-02
-6.0853461722e-02   -1.1328882185e-01   8.6294056274e-02
-6.9694560688e-02   -1.3059723754e-01   8.3095348657e-02
-6.9755492693e-02   -1.3071683602e-01   8.3075621878e-02
-7.0368051010e-02   -1.3191937925e-01   8.2878883569e-02
-7.6830070971e-02   -1.4462549759e-01   8.0965674664e-02
-8.8275174375e-02   -1.6719991882e-01   7.8184854885e-02
-1.0160539366e-01   -1.9356619050e-01   7.5691124206e-02
-1.1714215674e-01   -2.2435090961e-01   7.3532906941e-02
-1.1724941818e-01   -2.2456354838e-01   7.3520314629e-02
-1.1832784841e-01   -2.2670151517e-01   7.3395298801e-02
-1.2971558603e-01   -2.4928045601e-01   7.2240347394e-02
-1.4991839438e-01   -2.8932467383e-01   7.0826720469e-02
-1.7346839145e-01   -3.3592221360e-01   6.9996950952e-02
-1.7363092457e-01   -3.3624334943e-01   6.9993839393e-02
-1.7526500724e-01   -3.3947158244e-01   6.9964397333e-02
-1.9251158334e-01   -3.7349198109e-01   6.9847717181e-02
-2.2305047608e-01   -4.3344675845e-01   7.0416096630e-02
-2.2326097298e-01   -4.3385851217e-01   7.0423123951e-02
-2.2537704381e-01   -4.3799650862e-01   7.0495995847e-02
-2.4768283510e-01   -4.8146716804e-01   7.1501567714e-02
-2.8703250916e-01   -5.5738559499e-01   7.4249119328e-02
-2.8730298599e-01   -5.5790358760e-01   7.4272019853e-02
-2.9002140035e-01   -5.6310649784e-01   7.4505107012e-02
-3.1860414993e-01   -6.1744641878e-01   7.7270571683e-02
-3.6866021921e-01   -7.1077878275e-01   8.3431525274e-02
-3.6900248123e-01   -7.1140796685e-01   8.3479210117e-02
-3.7244090307e-01   -7.1772158263e-01   8.3962366673e-02
-4.0842489709e-01   -7.8295949063e-01   8.9462122619e-02
-4.7060887295e-01   -8.9161562984e-01   1.0084071933e-01
-4.7103002719e-01   -8.9233175066e-01   1.0092580608e-01
-4.7525777710e-01   -8.9950462252e-01   1.0178592146e-01
-5.1913298001e-01   -9.7214023346e-01   1.1135526378e-01
-5.9318259839e-01   -1.0861510284e+00   1.3020904247e-01
-5.9367567932e-01   -1.0868690251e+00   1.3034623956e-01
-5.9861876378e-01   -1.0940339688e+00   1.3173033422e-01
-6.4916448751e-01   -1.1636294265e+00   1.4681100008e-01
-7.3098090982e-01   -1.2594270345e+00   1.7504215819e-01
-7.3150936099e-01   -1.2599653795e+00   1.7524109292e-01
-7.3679419313e-01   -1.2652851002e+00   1.7724303385e-01
-7.8942226780e-01   -1.3112848934e+00   1.9848505190e-01
-8.6835869596e-01   -1.3496181010e+00   2.3559921164e-01
-8.6883975790e-01   -1.3497039152e+00   2.3584896914e-01
-8.7362828466e-01   -1.3504387489e+00   2.3835336678e-01
-9.1892124378e-01   -1.3447652074e+00   2.6392981081e-01
-9.7682486772e-01   -1.2838345190e+00   3.0430726688e-01
-9.7713142174e-01   -1.2832295118e+00   3.0456047999e-01
-9.8014647125e-01   -1.2770276660e+00   3.0708578740e-01
-1.0048875042e+00   -1.2000287893e+00   3.3143166949e-01
-1.0210903296e+00   -1.0350140917e+00   3.6346402725e-01
-1.0211036200e+00   -1.0337604797e+00   3.6364873487e-01
-1.0211667203e+00   -1.0211195319e+00   3.6547438084e-01
-1.0147242815e+00   -8.8550601377e-01   3.8144806315e-01
-1.0145944140e+00   -8.8407779561e-01   3.8158572866e-01
-1.0132243538e+00   -8.6973131652e-01   3.8293734811e-01
-9.9244979731e-01   -7.2133391300e-01   3.9388970540e-01
-9.9217805955e-01   -7.1981856277e-01   3.9397533351e-01
-9.8939245453e-01   -7.0464609335e-01   3.9480543628e-01
-9.5493023499e-01   -5.5251117383e-01   4.0051285345e-01
-9.5452726138e-01   -5.5099934846e-01   4.0054651931e-01
-9.5043683502e-01   -5.3590540049e-01   4.0085832988e-01
-9.0380333015e-01   -3.8866253931e-01   4.0158804191e-01
-9.0328773319e-01   -3.8723492464e-01   4.0157442807e-01
-8.9808198524e-01   -3.7301847571e-01   4.0141676491e-01
-8.4146537789e-01   -2.3773089636e-01   3.9783175753e-01
-8.4086130409e-01   -2.3644855659e-01   3.9777885775e-01
-8.3478368364e-01   -2.2370892575e-01   3.9723286782e-01
-7.7076759429e-01   -1.0519157372e-01   3.9023714129e-01
-7.7010180101e-01   -1.0409162580e-01   3.9015458758e-01
-7.6342040738e-01   -9.3187963728e-02   3.8931696315e-01
-6.9469404566e-01   6.1344713554e-03   3.7988991567e-01
-6.9399311567e-01   7.0380270497e-03   3.7978740584e-01
-6.8697305018e-01   1.5976219375e-02   3.7875481204e-01
-6.1608175220e-01   9.5774066030e-02   3.6781508326e-01
-6.1536989623e-01   9.6485953316e-02   3.6770123048e-01
-6.0825165323e-01   1.0351367734e-01   3.6655905472e-01
-5.3741954067e-01   1.6501229187e-01   3.5487821267e-01
-5.3671719103e-01   1.6555004303e-01   3.5475992297e-01
-5.2970299613e-01   1.7084738497e-01   3.5357630539e-01
-4.6073540078e-01   2.1623202535e-01   3.4174295929e-01
-3.6300708366e-01   2.6194337665e-01   3.2449116139e-01
-3.6238233099e-01   2.6217247186e-01   3.2437929946e-01
-3.5615666136e-01   2.6441427657e-01   3.2326352643e-01
-2.9617319290e-01   2.8232825560e-01   3.1241073139e-01
-2.1118373158e-01   2.9723640405e-01   2.9665999995e-01
-2.1067553786e-01   2.9729176891e-01   2.9656418292e-01
-2.0561850093e-01   2.9782210428e-01   2.9560945952e-01
-1.5752521380e-01   3.0106725437e-01   2.8640270328e-01
-9.1121483720e-02   3.0073698775e-01   2.7319275031e-01
-9.0729829313e-02   3.0072055819e-01   2.7311261788e-01
-8.6835677185e-02   3.0054894684e-01   2.7231420911e-01
-5.0074982176e-02   2.9825379249e-01   2.6461203289e-01
9.2049865863e-07   2.9369286648e-01   2.5351524160e-01
4.2185127404e-02   2.8959318823e-01   2.4342359737e-01
4.2432400945e-02   2.8957147997e-01   2.4336195979e-01
4.4890408093e-02   2.8935844580e-01   2.4274751866e-01
6.8066594565e-02   2.8768130609e-01   2.3679035872e-01
9.9770586021e-02   2.8705715426e-01   2.2811221861e-01
1.2700687573e-01   2.8934251478e-01   2.2013663076e-01
1.5087007614e-01   2.9487124147e-01   2.1280832256e-01
1.5101402844e-01   2.9491751174e-01   2.1276344952e-01
1.5244822478e-01   2.9538796383e-01   2.1231610127e-01
1.6630480378e-01   3.0087386944e-01   2.0797999293e-01
1.8658810369e-01   3.1234059442e-01   2.0169831115e-01
2.0586096311e-01   3.2739188068e-01   1.9602626444e-01
2.2479176887e-01   3.4607038435e-01   1.9098301917e-01
2.4395714451e-01   3.6840352396e-01   1.8660340121e-01
2.4408160598e-01   3.6855818777e-01   1.8657762146e-01
2.4532790485e-01   3.7011308457e-01   1.8632143123e-01
2.5798299846e-01   3.8648788581e-01   1.8392351342e-01
2.7865957867e-01   4.1508762588e-01   1.8080401695e-01
3.0075249606e-01   4.4730882960e-01   1.7852153999e-01
3.2457390626e-01   4.8304399154e-01   1.7717041725e-01
3.2473241684e-01   4.8328350901e-01   1.7716500203e-01
3.2632198850e-01   4.8568612590e-01   1.7711319900e-01
3.4267458839e-01   5.1044007433e-01   1.7683655744e-01
3.6997583059e-01   5.5160795893e-01   1.7734265770e-01
3.9948035870e-01   5.9531947283e-01   1.7911193106e-01
3.9967624302e-01   5.9560576418e-01   1.7912761484e-01
4.0164005518e-01   5.9847265805e-01   1.7928761822e-01
4.2177013861e-01   6.2748658753e-01   1.8121163208e-01
4.5495761431e-01   6.7356294218e-01   1.8546219704e-01
4.9000186885e-01   7.1926588867e-01   1.9133450687e-01
4.9023116198e-01   7.1955337719e-01   1.9137750382e-01
4.9252726565e-01   7.2242330910e-01   1.9181133163e-01
5.1577332636e-01   7.5051441298e-01   1.9653803096e-01
5.5282093451e-01   7.9114206465e-01   2.0534903034e-01
5.8995476497e-01   8.2551669492e-01   2.1585016147e-01
5.9019030608e-01   8.2571053984e-01   2.1592250430e-01
5.9254336046e-01   8.2762848997e-01   2.1664938971e-01
6.1576885174e-01   8.4460491983e-01   2.2425018874e-01
6.5031294622e-01   8.6180334059e-01   2.3718932803e-01
6.8135999857e-01   8.6532187145e-01   2.5103261808e-01
6.8154385539e-01   8.6529555377e-01   2.5112290837e-01
6.8337078020e-01   8.6499678880e-01   2.5202652409e-01
7.0038746603e-01   8.5837812369e-01   2.6109768619e-01
7.2167545556e-01   8.3442725799e-01   2.7506869089e-01
7.3518566347e-01   7.9402797801e-01   2.8811273653e-01
7.3976190191e-01   7.3876465055e-01   2.9947848621e-01
7.3976070754e-01   7.3836920243e-01   2.9954431337e-01
7.3972706279e-01   7.3438819013e-01   3.0019728785e-01
7.3720861187e-01   6.9213705865e-01   3.0616946570e-01
7.2535222286e-01   6.1922354084e-01   3.1327809804e-01
7.2524590473e-01   6.1873835899e-01   3.1331427141e-01
7.2416192612e-01   6.1387728151e-01   3.1366934142e-01
7.1129073734e-01   5.6459831922e-01   3.1654906600e-01
6.8430648342e-01   4.8732119398e-01   3.1861762995e-01
6.8410935298e-01   4.8683384627e-01   3.1862153468e-01
6.8212217101e-01   4.8196861322e-01   3.1865423967e-01
6.6075483039e-01   4.3434230015e-01   3.1836336387e-01
6.2276142115e-01   3.6516810684e-01   3.1582997523e-01
6.2250374821e-01   3.6475128430e-01   3.1580635327e-01
6.1991836520e-01   3.6060284406e-01   3.1556531843e-01
5.9330414230e-01   3.2119053060e-01   3.1269922769e-01
5.4982961990e-01   2.6771174822e-01   3.0678670706e-01
5.4954748867e-01   2.6740296568e-01   3.0674412247e-01
5.4672479788e-01   2.6433870986e-01   3.0631532797e-01
5.1844991937e-01   2.3605090692e-01   3.0175672785e-01
4.7480137617e-01   2.0024050778e-01   2.9384295351e-01
4.7452685395e-01   2.0004334056e-01   2.9378993584e-01
4.7178594696e-01   1.9809328747e-01   2.9325837543e-01
4.4486932188e-01   1.8069977228e-01   2.8782180084e-01
4.0505086506e-01   1.6065277021e-01   2.7901827060e-01
3.6867495638e-01   1.4822824014e-01   2.7005432582e-01
3.6845459100e-01   1.4817056476e-01   2.6999688461e-01
3.6625990369e-01   1.4760805097e-01   2.6942253160e-01
3.4522698907e-01   1.4334259062e-01   2.6369220703e-01
3.1578340648e-01   1.4109385111e-01   2.5483668884e-01
2.9061983270e-01   1.4332849978e-01   2.4618541046e-01
2.6969971206e-01   1.4918980296e-01   2.3780088652e-01
2.6957928619e-01   1.4923744736e-01   2.3774820901e-01
2.6838426218e-01   1.4972050147e-01   2.3722213309e-01
2.5734729243e-01   1.5518403624e-01   2.3203299437e-01
2.4332298756e-01   1.6582127911e-01   2.2419499994e-01
2.3303872333e-01   1.7871744283e-01   2.1671229673e-01
2.2626327094e-01   1.9366722032e-01   2.0960604003e-01
2.2277863445e-01   2.1058908177e-01   2.0289730757e-01
2.2239429656e-01   2.2950199240e-01   1.9660958826e-01
2.2240146446e-01   2.2962956049e-01   1.9657077886e-01
2.2247975874e-01   2.3090994027e-01   1.9618369587e-01
2.2391752430e-01   2.4419131624e-01   1.9241566587e-01
2.2850039144e-01   2.6677077042e-01   1.8691601727e-01
2.3586248485e-01   2.9173807630e-01   1.8192870718e-01
2.4596333558e-01   3.1931453485e-01   1.7750310865e-01
2.5880148841e-01   3.4973352716e-01   1.7370020542e-01
2.5889247707e-01   3.4993775897e-01   1.7367803603e-01
2.5980859445e-01   3.5198699809e-01   1.7345791362e-01
2.6959562318e-01   3.7318248546e-01   1.7141839549e-01
2.8720359732e-01   4.0896406670e-01   1.6886236627e-01
3.0768918799e-01   4.4809640027e-01   1.6717003815e-01
3.0782965561e-01   4.4835767684e-01   1.6716224613e-01
3.0924097983e-01   4.5097811303e-01   1.6708654977e-01
3.2402265682e-01   4.7794706512e-01   1.6655923273e-01
3.4959197546e-01   5.2283443153e-01   1.6663890548e-01
3.7819080794e-01   5.7081028112e-01   1.6795971158e-01
3.7838348901e-01   5.7112616256e-01   1.6797251793e-01
3.8031707240e-01   5.7429077603e-01   1.6810376873e-01
4.0032562860e-01   6.0647665347e-01   1.6974454004e-01
4.3399166220e-01   6.5832601922e-01   1.7358913213e-01
4.3421605223e-01   6.5866174878e-01   1.7361906564e-01
4.3646606114e-01   6.6202082353e-01   1.7392227496e-01
4.5955929237e-01   6.9570773891e-01   1.7735068968e-01
4.9762528361e-01   7.4789544938e-01   1.8422506024e-01
4.9787559285e-01   7.4822387031e-01   1.8427521941e-01
5.0038294690e-01   7.5150247415e-01   1.8478122405e-01
5.2584362124e-01   7.8359393327e-01   1.9028678150e-01
5.6665625338e-01   8.2994610137e-01   2.0053412950e-01
5.6691954973e-01   8.3022234736e-01   2.0060610592e-01
5.6955316467e-01   8.3296806729e-01   2.0133031144e-01
5.9588709924e-01   8.5857127478e-01   2.0900968038e-01
6.3639180857e-01   8.9021672631e-01   2.2251347761e-01
6.7466703621e-01   9.0853646500e-01   2.3755245182e-01
6.7490082228e-01   9.0860343513e-01   2.3765258140e-01
6.7722940879e-01   9.0923549145e-01   2.3865615471e-01
6.9948167079e-01   9.1164181690e-01   2.4888370461e-01
7.2956027281e-01   9.0006385778e-01   2.6521796680e-01
7.5214200843e-01   8.6860545978e-01   2.8121257809e-01
7.6543537856e-01   8.1759751111e-01   2.9592220977e-01
7.6548732215e-01   8.1721231511e-01   2.9601013664e-01
7.6598266359e-01   8.1332153630e-01   2.9688437052e-01
7.6847878103e-01   7.7073373121e-01   3.0507912252e-01
7.6316616980e-01   6.9285445028e-01   3.1555657185e-01
7.6309562660e-01   6.9232096541e-01   3.1561335856e-01
7.6236475110e-01   6.8696596530e-01   3.1617368528e-01
7.5253900820e-01   6.3171853210e-01   3.2100521369e-01
7.2841353937e-01   5.4199032360e-01   3.2566228113e-01
7.2822692115e-01   5.4141376429e-01   3.2568064409e-01
7.2633937681e-01   5.3565104411e-01   3.2585637249e-01
7.0542271473e-01   4.7860221353e-01   3.2683642923e-01
6.6621767865e-01   3.9383062774e-01   3.2570126869e-01
6.6594516917e-01   3.9331336888e-01   3.2568432421e-01
6.6320673149e-01   3.8816124975e-01   3.2550852987e-01
6.3461418066e-01   3.3884776345e-01   3.2314641272e-01
5.8662219969e-01   2.7088149002e-01   3.1753489596e-01
5.8630641880e-01   2.7048544862e-01   3.1749255794e-01
5.8314430832e-01   2.6655292160e-01   3.1706516927e-01
5.5120967253e-01   2.3003884280e-01   3.1242236971e-01
5.0110148689e-01   1.8316473666e-01   3.0408523334e-01
5.0078357873e-01   1.8290406983e-01   3.0402860208e-01
4.9760772758e-01   1.8032409243e-01   3.0346037477e-01
4.6625520010e-01   1.5713137707e-01   2.9761018084e-01
4.1936147189e-01   1.2973691803e-01   2.8803680018e-01
3.7601002365e-01   1.1178006104e-01   2.7822467443e-01
3.7574588173e-01   1.1169202551e-01   2.7816168935e-01
3.7311417549e-01   1.1082910569e-01   2.7753185352e-01
3.4779398370e-01   1.0385769632e-01   2.7124430533e-01
3.1200610953e-01   9.8281499547e-02   2.6152240782e-01
2.8099672885e-01   9.7965616613e-02   2.5202565714e-01
2.5474504689e-01   1.0173207422e-01   2.4282208421e-01
2.5459212794e-01   1.0176718793e-01   2.4276424934e-01
2.5307326866e-01   1.0212534528e-01   2.4218665330e-01
2.3890471830e-01   1.0636910107e-01   2.3648728016e-01
2.2034501205e-01   1.1511321701e-01   2.2786574958e-01
2.0589993533e-01   1.2598742960e-01   2.1960750604e-01
1.9525557222e-01   1.3866043032e-01   2.1172150933e-01
1.8810772079e-01   1.5296048339e-01   2.0421527183e-01
1.8418130172e-01   1.6884533174e-01   1.9709746991e-01
1.8416602679e-01   1.6895213038e-01   1.9705321161e-01
1.8401998101e-01   1.7002381244e-01   1.9661152901e-01
1.8321920368e-01   1.8111673938e-01   1.9228552214e-01
1.8428744870e-01   1.9989954538e-01   1.8586146210e-01
1.8806009765e-01   2.2061401587e-01   1.7986872758e-01
1.9444296167e-01   2.4350548367e-01   1.7433457362e-01
2.0339420265e-01   2.6886057752e-01   1.6929497232e-01
2.0345972166e-01   2.6903136903e-01   1.6926442063e-01
2.0412070342e-01   2.7074555482e-01   1.6896012250e-01
2.1131187146e-01   2.8853204405e-01   1.6604196366e-01
2.2469904573e-01   3.1884034762e-01   1.6196342821e-01
2.4077947324e-01   3.5249409385e-01   1.5853801994e-01
2.5967128528e-01   3.8980830902e-01   1.5585469144e-01
2.5980148274e-01   3.9005940167e-01   1.5584014013e-01
2.6111011441e-01   3.9257920169e-01   1.5569654775e-01
2.7487042773e-01   4.1867626976e-01   1.5445944027e-01
2.9891010403e-01   4.6282849686e-01   1.5331386646e-01
3.2616924197e-01   5.1114054974e-01   1.5326710840e-01
3.2635428192e-01   5.1146289001e-01   1.5327072154e-01
3.2821223864e-01   5.1469545798e-01   1.5330973991e-01
3.4755293993e-01   5.4792275311e-01   1.5399929218e-01
3.8059323662e-01   6.0295317449e-01   1.5626603185e-01
3.8081566690e-01   6.0331628861e-01   1.5628558926e-01
3.8304770528e-01   6.0695457222e-01   1.5648488334e-01
4.0613818335e-01   6.4400009065e-01   1.5886235806e-01
4.4497792257e-01   7.0376495199e-01   1.6409029156e-01
4.4523677368e-01   7.0415195291e-01   1.6413008540e-01
4.4783231510e-01   7.0802384576e-01   1.6453265056e-01
4.7446939950e-01   7.4682229103e-01   1.6903273069e-01
5.1835096863e-01   8.0665996519e-01   1.7788920084e-01
5.1863932087e-01   8.0703475275e-01   1.7795331423e-01
5.2152755263e-01   8.1077458818e-01   1.7859977597e-01
5.5083015872e-01   8.4718738773e-01   1.8560220054e-01
5.9764604513e-01   8.9877859380e-01   1.9852381772e-01
5.9794717811e-01   8.9908052957e-01   1.9861416655e-01
6.0095847148e-01   9.0207677546e-01   1.9952293865e-01
6.3097829893e-01   9.2948619623e-01   2.0912783042e-01
6.7669861874e-01   9.6087047552e-01   2.2587807794e-01
6.7698272235e-01   9.6101797980e-01   2.2599127035e-01
6.7981612903e-01   9.6245210099e-01   2.2712697069e-01
7.0726118799e-01   9.7246907652e-01   2.3882496368e-01
7.4577437519e-01   9.7055058430e-01   2.5797451462e-01
7.7668105697e-01   9.4464637900e-01   2.7729674664e-01
7.7684881532e-01   9.4440009862e-01   2.7741843065e-01
7.7850350871e-01   9.4188072052e-01   2.7863294096e-01
7.9264117145e-01   9.1107715872e-01   2.9047786324e-01
8.0503479498e-01   8.4348948653e-01   3.0732139136e-01
8.0507297929e-01   8.4298685179e-01   3.0742045304e-01
8.0542502231e-01   8.3791507312e-01   3.0840410140e-01
8.0591700638e-01   7.8295935489e-01   3.1749075651e-01
7.9544742868e-01   6.8469388232e-01   3.2857699501e-01
7.9533639857e-01   6.8402974341e-01   3.2863452305e-01
7.9419571749e-01   6.7736980591e-01   3.2920008110e-01
7.7980481303e-01   6.0934610266e-01   3.3387071731e-01
7.4711712593e-01   5.0153123520e-01   3.3756989467e-01
7.4687132192e-01   5.0084930243e-01   3.3757971106e-01
7.4438941719e-01   4.9404114626e-01   3.3766847550e-01
7.1731924192e-01   4.2742076431e-01   3.3764329778e-01
6.6808193958e-01   3.3119650758e-01   3.3457160606e-01
6.6774493446e-01   3.3062026286e-01   3.3454132917e-01
6.6436187706e-01   3.2488822525e-01   3.3423176500e-01
6.2939095414e-01   2.7075140802e-01   3.3050057112e-01
5.7193937437e-01   1.9853561864e-01   3.2273698434e-01
5.7156595145e-01   1.9812398751e-01   3.2268116741e-01
5.6782975134e-01   1.9404295594e-01   3.2211931626e-01
5.3040417682e-01   1.5673143358e-01   3.1617112488e-01
4.7273151749e-01   1.1065214252e-01   3.0597900224e-01
4.7236949443e-01   1.1040282607e-01   3.0591134481e-01
4.6875554694e-01   1.0793996303e-01   3.0523347240e-01
4.3332805991e-01   8.6231424565e-02   2.9834925676e-01
3.8115972944e-01   6.1913536098e-02   2.8738551420e-01
3.8084058192e-01   6.1791761583e-02   2.8731517167e-01
3.7766000051e-01   6.0595817700e-02   2.8661182033e-01
3.4697976151e-01   5.0698111009e-02   2.7959761077e-01
3.0335067168e-01   4.1743097528e-02   2.6878712785e-01
2.6522479655e-01   3.9028904854e-02   2.5827539935e-01
2.6499871320e-01   3.9027913636e-02   2.5820929389e-01
2.6275025232e-01   3.9028207047e-02   2.5754907782e-01
2.4149312973e-01   3.9977507652e-02   2.5103276104e-01
2.1261598347e-01   4.4329554838e-02   2.4117029639e-01
1.8875147912e-01   5.1280439552e-02   2.3171221479e-01
1.6949109823e-01   6.0077708882e-02   2.2265631891e-01
1.6938177002e-01   6.0138730100e-02   2.2259966732e-01
1.6829783486e-01   6.0751910174e-02   2.2203403703e-01
1.5836969167e-01   6.7161904071e-02   2.1646574540e-01
1.4596787516e-01   7.8069157382e-02   2.0807683049e-01
1.3701014260e-01   8.9912781627e-02   2.0006466832e-01
1.3112879913e-01   1.0264750258e-01   1.9242160117e-01
1.2801083915e-01   1.1633184634e-01   1.8514288972e-01
1.2740324472e-01   1.3110488103e-01   1.7822729945e-01
1.2911463278e-01   1.4716927750e-01   1.7167764649e-01
1.2913273209e-01   1.4727671927e-01   1.7163694054e-01
1.2931863412e-01   1.4835462404e-01   1.7123072112e-01
1.3166381346e-01   1.5949764253e-01   1.6725313420e-01
1.3707113738e-01   1.7838458361e-01   1.6134978181e-01
1.4457954226e-01   1.9935224580e-01   1.5584655958e-01
1.5421266015e-01   2.2276433654e-01   1.5076942486e-01
1.6604587764e-01   2.4901822961e-01   1.4615435722e-01
1.6612889748e-01   2.4919622515e-01   1.4612641940e-01
1.6696432701e-01   2.5098355841e-01   1.4584819069e-01
1.7585009310e-01   2.6961837694e-01   1.4318397961e-01
1.9175866718e-01   3.0173430938e-01   1.3948007048e-01
2.1030756948e-01   3.3789592863e-01   1.3640843089e-01
2.3173426659e-01   3.7855995303e-01   1.3406973413e-01
2.3188115661e-01   3.7883551359e-01   1.3405739319e-01
2.3335714777e-01   3.8160224669e-01   1.3393592484e-01
2.4884124483e-01   4.1040284385e-01   1.3292336465e-01
2.7581898940e-01   4.5971277292e-01   1.3215407057e-01
3.0643071650e-01   5.1446575157e-01   1.3254643342e-01
3.0663883148e-01   5.1483376785e-01   1.3255315562e-01
3.0872878848e-01   5.1852634188e-01   1.3262351722e-01
3.3052186956e-01   5.5668512268e-01   1.3365499830e-01
3.6794165520e-01   6.2067835149e-01   1.3659199973e-01
3.6819447822e-01   6.2110383259e-01   1.3661651331e-01
3.7073220880e-01   6.2536931894e-01   1.3686590508e-01
3.9706240589e-01   6.6903789932e-01   1.3980294635e-01
4.4168140379e-01   7.4037889544e-01   1.4616650674e-01
4.4198018463e-01   7.4084437200e-01   1.4621478258e-01
4.4497714593e-01   7.4550385847e-01   1.4670311214e-01
4.7584265074e-01   7.9243815467e-01   1.5216170874e-01
5.2711436961e-01   8.6566228122e-01   1.6294085916e-01
5.2745297908e-01   8.6612396990e-01   1.6301915018e-01
5.3084579211e-01   8.7073294326e-01   1.6380879418e-01
5.6538674101e-01   9.1578879107e-01   1.7238918538e-01
6.2098611193e-01   9.8008595911e-01   1.8834937627e-01
6.2134522091e-01   9.8046326082e-01   1.8846151161e-01
6.2493720815e-01   9.8420762286e-01   1.8958981244e-01
6.6083134601e-01   1.0184410920e+00   2.0155548154e-01
7.1570726279e-01   1.0571440348e+00   2.2256649066e-01
7.1604861766e-01   1.0573214503e+00   2.2270894718e-01
7.1945299136e-01   1.0590411461e+00   2.2413853495e-01
7.5240706804e-01   1.0704506728e+00   2.3888569647e-01
7.9836763530e-01   1.0645270290e+00   2.6304432563e-01
8.3443296642e-01   1.0259888486e+00   2.8727834996e-01
8.3462424883e-01   1.0256330504e+00   2.8743000717e-01
8.3650682196e-01   1.0219987144e+00   2.8894278607e-01
8.5214388595e-01   9.7812556636e-01   3.0359406631e-01
8.6373607516e-01   8.8396509458e-01   3.2393659072e-01
8.6375594814e-01   8.8327284648e-01   3.2405371801e-01
8.6391545007e-01   8.7629375796e-01   3.2521469126e-01
8.6153801522e-01   8.0134304538e-01   3.3572641208e-01
8.4324951727e-01   6.7030063135e-01   3.4769901176e-01
8.4307621870e-01   6.6942803467e-01   3.4775689891e-01
8.4130485477e-01   6.6068758259e-01   3.4832242069e-01
8.1985599099e-01   5.7246369140e-01   3.5264223437e-01
8.1960828045e-01   5.7157962231e-01   3.5267323353e-01
8.1709631126e-01   5.6274300285e-01   3.5297008262e-01
7.8864561121e-01   4.7535599022e-01   3.5465096274e-01
7.8833204837e-01   4.7449614975e-01   3.5465624815e-01
7.8516655075e-01   4.6591823586e-01   3.5469693790e-01
7.5071845174e-01   3.8265390980e-01   3.5393505216e-01
7.5035016846e-01   3.8184833671e-01   3.5391717655e-01
7.4664348524e-01   3.7382606181e-01   3.5372780553e-01
7.0740694671e-01   2.9728060788e-01   3.5083339646e-01
6.4007959638e-01   1.9318014198e-01   3.4322466538e-01
6.3963262067e-01   1.9258081795e-01   3.4316605747e-01
6.3515468080e-01   1.8663547879e-01   3.4257400926e-01
5.8975974699e-01   1.3199238551e-01   3.3611862440e-01
5.1820053504e-01   6.3779554599e-02   3.2458050548e-01
5.1774615541e-01   6.3407998308e-02   3.2450274500e-01
5.1320705032e-01   5.9735890651e-02   3.2372307470e-01
4.6842089784e-01   2.7209881471e-02   3.1576000475e-01
4.0163192474e-01   -9.8164313112e-03   3.0300483676e-01
4.0122058778e-01   -1.0004917563e-02   3.0292298547e-01
3.9711954076e-01   -1.1858721052e-02   3.0210464238e-01
3.5740406418e-01   -2.7472861094e-02   2.9395667296e-01
3.0044976981e-01   -4.2769591984e-02   2.8147497642e-01
3.0010668816e-01   -4.2837230082e-02   2.8139649944e-01
2.9669103378e-01   -4.3494865076e-02   2.8061280412e-01
2.6405975899e-01   -4.8342714897e-02   2.7288869604e-01
2.1860235803e-01   -5.0792408398e-02   2.6125556215e-01
1.7971696143e-01   -4.8866630822e-02   2.5018209988e-01
1.7948850335e-01   -4.8844071282e-02   2.5011305397e-01
1.7721770119e-01   -4.8612541296e-02   2.4942382944e-01
1.5585739628e-01   -4.5774605600e-02   2.4265349306e-01
1.2709274619e-01   -3.9970994356e-02   2.3249817902e-01
1.0340476163e-01   -3.3295920050e-02   2.2283296575e-01
8.4135047080e-02   -2.6376340260e-02   2.1362058080e-01
8.4024612975e-02   -2.6332235956e-02   2.1356303208e-01
8.2928740561e-02   -2.5891571471e-02   2.1298848448e-01
7.2784633860e-02   -2.1536559715e-02   2.0733529866e-01
5.9623988864e-02   -1.5008319110e-02   1.9882047559e-01
4.9280677472e-02   -8.9235803115e-03   1.9067606084e-01
4.1279387694e-02   -3.3158156126e-03   1.8287943753e-01
3.5213703077e-02   1.8438827570e-03   1.7541128957e-01
3.0743383997e-02   6.6241448564e-03   1.6825489989e-01
2.7589296933e-02   1.1117579678e-02   1.6139555872e-01
2.5527214221e-02   1.5430389662e-02   1.5482010963e-01
2.4381323501e-02   1.9676043459e-02   1.4851662499e-01
2.4017995751e-02   2.3971963697e-02   1.4247419023e-01
2.4017963686e-02   2.3999863378e-02   1.4243635578e-01
2.4019175282e-02   2.4279250413e-02   1.4205857555e-01
2.4180570954e-02   2.7118659530e-02   1.3833669354e-01
2.4948059687e-02   3.1781019747e-02   1.3271787811e-01
2.6306221758e-02   3.6828229270e-02   1.2733483500e-01
2.8235097809e-02   4.2393976742e-02   1.2217978847e-01
3.0737649390e-02   4.8621721407e-02   1.1724589901e-01
3.3838119258e-02   5.5668332873e-02   1.1252740587e-01
3.7581196829e-02   6.3708280285e-02   1.0801983807e-01
4.2031950902e-02   7.2938365868e-02   1.0372031307e-01
4.7276499155e-02   8.3583030265e-02   9.9627951064e-02
5.3423393603e-02   9.5900271985e-02   9.5744444393e-02
6.0605710213e-02   1.1018821742e-01   9.2074836802e-02
6.0655317142e-02   1.1028667508e-01   9.2052068882e-02
6.1154082060e-02   1.1127647557e-01   9.1824891980e-02
6.6420934199e-02   1.2171722345e-01   8.9604053534e-02
7.5762246170e-02   1.4020563255e-01   8.6325285189e-02
8.6647210687e-02   1.6173329036e-01   8.3300689434e-02
9.9329540976e-02   1.8681406770e-01   8.0560551371e-02
1.1410620915e-01   2.1603849910e-01   7.8148100196e-02
1.1420819128e-01   2.1624018548e-01   7.8133842300e-02
1.1523351511e-01   2.1826791468e-01   7.7992137008e-02
1.2605734188e-01   2.3967071759e-01   7.6666461267e-02
1.4524528285e-01   2.7758616470e-01   7.4967305158e-02
1.6759043931e-01   3.2165991277e-01   7.3818257172e-02
1.6774458351e-01   3.2196353463e-01   7.3812961642e-02
1.6929427349e-01   3.2501563595e-01   7.3761566538e-02
1.8564474989e-01   3.5717346909e-01   7.3412944258e-02
2.1457690526e-01   4.1383313326e-01   7.3562806019e-02
2.1477625637e-01   4.1422226427e-01   7.3566890605e-02
2.1678023646e-01   4.1813294601e-01   7.3610126036e-02
2.3790020614e-01   4.5922204177e-01   7.4296678007e-02
2.7514697126e-01   5.3103622179e-01   7.6445990379e-02
2.7540297767e-01   5.3152656427e-01   7.6464601892e-02
2.7797596227e-01   5.3645207026e-01   7.6654440156e-02
3.0503140429e-01   5.8793474699e-01   7.8948965047e-02
3.5243526414e-01   6.7658496573e-01   8.4209508451e-02
3.5275955110e-01   6.7718379741e-01   8.4250691804e-02
3.5601754397e-01   6.8319387003e-01   8.4668268952e-02
3.9013234513e-01   7.4541650471e-01   8.9452682560e-02
4.4919644031e-01   8.4967453166e-01   9.9469824223e-02
4.4959706327e-01   8.5036488249e-01   9.9545154520e-02
4.5361922104e-01   8.5728232179e-01   1.0030693651e-01
4.9542100047e-01   9.2763855907e-01   1.0881425568e-01
5.6628082826e-01   1.0395772740e+00   1.2571427463e-01
5.6675424439e-01   1.0402899829e+00   1.2583783853e-01
5.7150149189e-01   1.0474086883e+00   1.2708484021e-01
6.2019296118e-01   1.1172826605e+00   1.4072279192e-01
6.9972242479e-01   1.2169120929e+00   1.6649875846e-01
7.0023964535e-01   1.2174909323e+00   1.6668153924e-01
7.0541504931e-01   1.2232279187e+00   1.6852183151e-01
7.5727242216e-01   1.2746987429e+00   1.8815367374e-01
8.3650535143e-01   1.3267260086e+00   2.2295579585e-01
8.3699542435e-01   1.3269203283e+00   2.2319236810e-01
8.4187956456e-01   1.3287546748e+00   2.2556643865e-01
8.8871004479e-01   1.3354713366e+00   2.5002036515e-01
9.5134214946e-01   1.2981389949e+00   2.8954111542e-01
9.5168855212e-01   1.2976967203e+00   2.8979320125e-01
9.5510884184e-01   1.2931275355e+00   2.9231058868e-01
9.8456653600e-01   1.2327565550e+00   3.1692612433e-01
1.0103810422e+00   1.0870250434e+00   3.5150396341e-01
1.0104570901e+00   1.0859086879e+00   3.5170294571e-01
1.0111518080e+00   1.0746285875e+00   3.5367435048e-01
1.0113672752e+00   9.5123589602e-01   3.7138277912e-01
1.0113065139e+00   9.4991531663e-01   3.7154008337e-01
1.0106295660e+00   9.3662757542e-01   3.7309027468e-01
9.9691654023e-01   7.9691780595e-01   3.8621083300e-01
9.9671591831e-01   7.9547088939e-01   3.8631947151e-01
9.9464125183e-01   7.8096187173e-01   3.8738073239e-01
9.6719111095e-01   6.3334525183e-01   3.9546492873e-01
9.6685668917e-01   6.3185917727e-01   3.9552259480e-01
9.6344936235e-01   6.1700186017e-01   3.9607427041e-01
9.2334031877e-01   4.7011254211e-01   3.9915280227e-01
9.2288659687e-01   4.6867087088e-01   3.9916190745e-01
9.1829537508e-01   4.5429587705e-01   3.9923028417e-01
8.6735581727e-01   3.1577260440e-01   3.9776479212e-01
8.6680384568e-01   3.1444421884e-01   3.9773158570e-01
8.6124182172e-01   3.0123091433e-01   3.9738070170e-01
8.0181573791e-01   1.7683401498e-01   3.9214017814e-01
8.0119048484e-01   1.7566643092e-01   3.9207328702e-01
7.9490853690e-01   1.6407857003e-01   3.9139016423e-01
7.2957873329e-01   5.7302082652e-02   3.8329428819e-01
7.2890630158e-01   5.6319882849e-02   3.8320313625e-01
7.2216533650e-01   4.6592349109e-02   3.8228202808e-01
6.5349123668e-01   -4.1249516666e-02   3.7225483190e-01
6.5279644691e-01   -4.2042042076e-02   3.7214832462e-01
6.4584351422e-01   -4.9875187222e-02   3.7107776393e-01
5.7615466985e-01   -1.1923498277e-01   3.5994063699e-01
5.7545932086e-01   -1.1984878203e-01   3.5982631257e-01
5.6851059296e-01   -1.2590306455e-01   3.5868087060e-01
4.9977435406e-01   -1.7844694962e-01   3.4709440230e-01
4.0357720781e-01   -2.3213564006e-01   3.3027494354e-01
4.0294166977e-01   -2.3242145372e-01   3.3016190702e-01
3.9660564953e-01   -2.3522455595e-01   3.2903370727e-01
3.3529903632e-01   -2.5816940469e-01   3.1799826520e-01
2.4768018506e-01   -2.7894473687e-01   3.0182078264e-01
2.4715378048e-01   -2.7903043481e-01   3.0172190328e-01
2.4191398699e-01   -2.7985941292e-01   3.0073640448e-01
1.9194692362e-01   -2.8564653619e-01   2.9121079433e-01
1.2258416459e-01   -2.8788341923e-01   2.7748928614e-01
1.2217390453e-01   -2.8787867055e-01   2.7740590529e-01
1.1809408581e-01   -2.8782089053e-01   2.7657505252e-01
7.9524495995e-02   -2.8638702498e-01   2.6855344162e-01
2.6855836799e-02   -2.8232823217e-01   2.5698059662e-01
-1.7558422465e-02   -2.7796365452e-01   2.4644326480e-01
-1.7818684867e-02   -2.7793831391e-01   2.4637886627e-01
-2.0405665499e-02   -2.7768776943e-01   2.4573687330e-01
-4.4779350849e-02   -2.7552649683e-01   2.3950955746e-01
-7.8018298549e-02   -2.7382149400e-01   2.3042464529e-01
-1.0638846382e-01   -2.7473987461e-01   2.2205326790e-01
-1.3100806403e-01   -2.7870387624e-01   2.1433104816e-01
-1.3115570388e-01   -2.7873964180e-01   2.1428364230e-01
-1.3262599681e-01   -2.7910474321e-01   2.1381094990e-01
-1.4676742726e-01   -2.8350919803e-01   2.0921934643e-01
-1.6723450941e-01   -2.9320184292e-01   2.0252689214e-01
-1.8640202321e-01   -3.0640594495e-01   1.9642295850e-01
-2.0497174934e-01   -3.2319257229e-01   1.9091845917e-01
-2.2355301028e-01   -3.4361892660e-01   1.8603978367e-01
-2.2367308739e-01   -3.4376141931e-01   1.8601067123e-01
-2.2487511608e-01   -3.4519465544e-01   1.8572104901e-01
-2.3704662897e-01   -3.6036030716e-01   1.8297782627e-01
-2.5683440658e-01   -3.8712149940e-01   1.7927436968e-01
-2.7790917297e-01   -4.1762552360e-01   1.7634634158e-01
-3.0062564589e-01   -4.5185395775e-01   1.7427988703e-01
-3.0077691396e-01   -4.5208475422e-01   1.7426965583e-01
-3.0229398204e-01   -4.5440090597e-01   1.7416952020e-01
-3.1791686855e-01   -4.7837238921e-01   1.7339201735e-01
-3.4409089313e-01   -5.1869157909e-01   1.7304981656e-01
-3.7255228448e-01   -5.6217741694e-01   1.7389159792e-01
-3.7274195843e-01   -5.6246473546e-01   1.7390110485e-01
-3.7464407030e-01   -5.6534381881e-01   1.7399917703e-01
-3.9420329428e-01   -5.9468488591e-01   1.7528836862e-01
-4.2672176811e-01   -6.4214399187e-01   1.7849924035e-01
-4.6148765837e-01   -6.9053772556e-01   1.8330059276e-01
-4.6171674866e-01   -6.9084724329e-01   1.8333672783e-01
-4.6401205494e-01   -6.9394105472e-01   1.8370197070e-01
-4.8738209347e-01   -7.2464337315e-01   1.8774944363e-01
-5.2518361252e-01   -7.7081482346e-01   1.9555557200e-01
-5.2542926300e-01   -7.7109898012e-01   1.9561141338e-01
-5.2788784408e-01   -7.7393071964e-01   1.9617397502e-01
-5.5263467049e-01   -8.0112254794e-01   2.0221337725e-01
-5.9144241714e-01   -8.3820551341e-01   2.1312960330e-01
-6.2934871324e-01   -8.6600478662e-01   2.2570177697e-01
-6.2958532166e-01   -8.6614602150e-01   2.2578695606e-01
-6.3194608079e-01   -8.6753030191e-01   2.2664178682e-01
-6.5493504457e-01   -8.7840761866e-01   2.3547096520e-01
-6.8783066768e-01   -8.8332663246e-01   2.5005769958e-01
-7.1546019688e-01   -8.7155685871e-01   2.6504640715e-01
-7.3606870026e-01   -8.4194945075e-01   2.7967738741e-01
-7.3617440475e-01   -8.4170258131e-01   2.7976804438e-01
-7.3721198786e-01   -8.3919438484e-01   2.8067188163e-01
-7.4557159697e-01   -8.1024823642e-01   2.8939247914e-01
-7.5078611584e-01   -7.5202346617e-01   3.0149612883e-01
-7.4582150103e-01   -6.8101198068e-01   3.1112355022e-01
-7.4575648100e-01   -6.8052595056e-01   3.1117596629e-01
-7.4508314189e-01   -6.7564736285e-01   3.1169337491e-01
-7.3606055465e-01   -6.2530856105e-01   3.1617615768e-01
-7.1397491808e-01   -5.4341180247e-01   3.2058439631e-01
-7.1380417670e-01   -5.4288460128e-01   3.2060230417e-01
-7.1207723206e-01   -5.3761436537e-01   3.2077424721e-01
-6.9293822718e-01   -4.8534616554e-01   3.2179011217e-01
-6.5702644286e-01   -4.0726649526e-01   3.2094749698e-01
-6.5677656866e-01   -4.0678819368e-01   3.2093321338e-01
-6.5426536794e-01   -4.0202269049e-01   3.2078451073e-01
-6.2801946080e-01   -3.5626821286e-01   3.1873684302e-01
-5.8384655309e-01   -2.9269613593e-01   3.1373457931e-01
-5.8355536195e-01   -2.9232359427e-01   3.1369645205e-01
-5.8063907821e-01   -2.8862290425e-01   3.1331132700e-01
-5.5114470245e-01   -2.5411916896e-01   3.0910300968e-01
-5.0470188729e-01   -2.0936033204e-01   3.0145949674e-01
-5.0440656799e-01   -2.0910959389e-01   3.0140726660e-01
-5.0145590360e-01   -2.0662660427e-01   3.0088299088e-01
-4.7227969884e-01   -1.8418923655e-01   2.9546454492e-01
-4.2847778302e-01   -1.5732945471e-01   2.8652584081e-01
-3.8780455975e-01   -1.3936427072e-01   2.7728650503e-01
-3.8755619899e-01   -1.3927498424e-01   2.7722697296e-01
-3.8508136854e-01   -1.3839890353e-01   2.7663151981e-01
-3.6123767633e-01   -1.3124190866e-01   2.7067323712e-01
-3.2743841684e-01   -1.2526586690e-01   2.6141582162e-01
-2.9807039088e-01   -1.2454990702e-01   2.5232987595e-01
-2.7317167869e-01   -1.2802565453e-01   2.4349386605e-01
-2.7302662208e-01   -1.2805943183e-01   2.4343826664e-01
-2.7158588356e-01   -1.2840464056e-01   2.4288295288e-01
-2.5815164774e-01   -1.3256309429e-01   2.3739973042e-01
-2.4059794001e-01   -1.4135303647e-01   2.2909652475e-01
-2.2703758412e-01   -1.5251420208e-01   2.2114115083e-01
-2.1721015236e-01   -1.6572727357e-01   2.1355139916e-01
-2.1085811474e-01   -1.8082229720e-01   2.0634299772e-01
-2.0774603953e-01   -1.9775212858e-01   1.9953252439e-01
-2.0773610772e-01   -1.9786639815e-01   1.9949027951e-01
-2.0764361167e-01   -1.9901333080e-01   1.9906877076e-01
-2.0739168859e-01   -2.1091222059e-01   1.9494889031e-01
-2.0937850991e-01   -2.3114309818e-01   1.8886690287e-01
-2.1416250352e-01   -2.5351985597e-01   1.8324811346e-01
-2.2166544279e-01   -2.7826494040e-01   1.7812923918e-01
-2.3185522565e-01   -3.0563341320e-01   1.7355672088e-01
-2.3192905897e-01   -3.0581751138e-01   1.7352934816e-01
-2.3267345835e-01   -3.0766502417e-01   1.7325698290e-01
-2.4072612797e-01   -3.2680785476e-01   1.7067313062e-01
-2.5555671233e-01   -3.5929044100e-01   1.6717775022e-01
-2.7318699318e-01   -3.9511231568e-01   1.6442118541e-01
-2.9371101227e-01   -4.3447768547e-01   1.6250627097e-01
-2.9385184030e-01   -4.3474122095e-01   1.6249698525e-01
-2.9526687475e-01   -4.3738484371e-01   1.6240630426e-01
-3.1009814939e-01   -4.6464969157e-01   1.6172452540e-01
-3.3580842606e-01   -5.1027289533e-01   1.6154778063e-01
-3.6466400498e-01   -5.5940054276e-01   1.6259972323e-01
-3.6485880652e-01   -5.5972534749e-01   1.6261079035e-01
-3.6681397149e-01   -5.6298036515e-01   1.6272464529e-01
-3.8707904630e-01   -5.9619304022e-01   1.6419190975e-01
-4.2132210111e-01   -6.5014333332e-01   1.6777538903e-01
-4.2155098356e-01   -6.5049462711e-01   1.6780373000e-01
-4.2384652883e-01   -6.5401090601e-01   1.6809108845e-01
-4.4745989247e-01   -6.8943057572e-01   1.7136998260e-01
-4.8660610168e-01   -7.4494456391e-01   1.7805864496e-01
-4.8686448707e-01   -7.4529677309e-01   1.7810786984e-01
-4.8945346997e-01   -7.4881503356e-01   1.7860474160e-01
-5.1582042600e-01   -7.8348000260e-01   1.8404235028e-01
-5.5840319465e-01   -8.3447657020e-01   1.9429078245e-01
-5.5867928412e-01   -8.3478479430e-01   1.9436327542e-01
-5.6144188688e-01   -8.3785176126e-01   1.9509304416e-01
-5.8917255034e-01   -8.6680285543e-01   2.0287058242e-01
-6.3225204519e-01   -9.0404651609e-01   2.1670602613e-01
-6.3252380377e-01   -9.0424640779e-01   2.1680069760e-01
-6.3523734610e-01   -9.0621532462e-01   2.1775146211e-01
-6.6186939410e-01   -9.2269454028e-01   2.2764140458e-01
-7.0074433615e-01   -9.3500379543e-01   2.4424765751e-01
-7.3437714746e-01   -9.2802697464e-01   2.6164009881e-01
-7.3457064453e-01   -9.2791484786e-01   2.6175206532e-01
-7.3648869501e-01   -9.2674500436e-01   2.6287146393e-01
-7.5386175884e-01   -9.1014046685e-01   2.7398475604e-01
-7.7348436026e-01   -8.6632177408e-01   2.9057448464e-01
-7.8238164684e-01   -8.0212497361e-01   3.0528246549e-01
-7.8240114572e-01   -8.0165553348e-01   3.0536834994e-01
-7.8256920514e-01   -7.9692351118e-01   3.0622073479e-01
-7.8152548275e-01   -7.4611702602e-01   3.1405643422e-01
-7.6988118779e-01   -6.5670990497e-01   3.2349616304e-01
-7.6976777324e-01   -6.5610998999e-01   3.2354464306e-01
-7.6860691374e-01   -6.5009664277e-01   3.2402085535e-01
-7.5438151734e-01   -5.8890611054e-01   3.2791581644e-01
-7.2325752448e-01   -4.9250191279e-01   3.3085048575e-01
-7.2302658011e-01   -4.9189354402e-01   3.3085717243e-01
-7.2069648720e-01   -4.8582043394e-01   3.3091584133e-01
-6.9545066546e-01   -4.2643120711e-01   3.3070613145e-01
-6.5002542329e-01   -3.4062566899e-01   3.2772576882e-01
-6.4971592099e-01   -3.4011119248e-01   3.2769736452e-01
-6.4660975620e-01   -3.3499293627e-01   3.2740732381e-01
-6.1457282111e-01   -2.8658141929e-01   3.2394393805e-01
-5.6212541592e-01   -2.2169844265e-01   3.1680116787e-01
-5.6178497351e-01   -2.2132721841e-01   3.1674988913e-01
-5.5837896975e-01   -2.1764575750e-01   3.1623372005e-01
-5.2427710619e-01   -1.8388947069e-01   3.1076660141e-01
-4.7174435018e-01   -1.4188493751e-01   3.0137098285e-01
-4.7141454139e-01   -1.4165644220e-01   3.0130845389e-01
-4.6812210039e-01   -1.3939842476e-01   3.0068183676e-01
-4.3583677984e-01   -1.1942309264e-01   2.9430445537e-01
-3.8825105981e-01   -9.6855348789e-02   2.8409365323e-01
-3.4497124735e-01   -8.3216154456e-02   2.7383116938e-01
-3.4470959184e-01   -8.3153687848e-02   2.7376580592e-01
-3.4210400953e-01   -8.2544927046e-02   2.7311250213e-01
-3.1716087658e-01   -7.7958282120e-02   2.6661963437e-01
-2.8229995985e-01   -7.5523634776e-02   2.5666586885e-01
-2.5248543162e-01   -7.7647035838e-02   2.4701697256e-01
-2.2755991685e-01   -8.3207537270e-02   2.3771516092e-01
-2.2741565895e-01   -8.3252216943e-02   2.3765682700e-01
-2.2598345531e-01   -8.3704766410e-02   2.3707431689e-01
-2.1268137043e-01   -8.8770353807e-02   2.3133265656e-01
-1.9544074376e-01   -9.8395162929e-02   2.2266387882e-01
-1.8221924748e-01   -1.0973157294e-01   2.1437206281e-01
-1.7266206177e-01   -1.2252537168e-01   2.0645811446e-01
-1.6644039679e-01   -1.3667145224e-01   1.9892334977e-01
-1.6326697645e-01   -1.5218336230e-01   1.9177134439e-01
-1.6325595026e-01   -1.5228717431e-01   1.9172683908e-01
-1.6315199396e-01   -1.5332860479e-01   1.9128266308e-01
-1.6273242307e-01   -1.6408262947e-01   1.8692916167e-01
-1.6425398306e-01   -1.8222045939e-01   1.8045077288e-01
-1.6831239073e-01   -2.0217916445e-01   1.7438599808e-01
-1.7482398789e-01   -2.2423495169e-01   1.6875750027e-01
-1.8376034527e-01   -2.4870494421e-01   1.6359633940e-01
-1.8382533989e-01   -2.4886998398e-01   1.6356491133e-01
-1.8448079112e-01   -2.5052661721e-01   1.6325177598e-01
-1.9158894876e-01   -2.6773603776e-01   1.6023761012e-01
-2.0475444304e-01   -2.9715558356e-01   1.5597853544e-01
-2.2052035925e-01   -3.2997916667e-01   1.5233032188e-01
-2.3903108086e-01   -3.6658290169e-01   1.4937611867e-01
-2.3915869241e-01   -3.6682999525e-01   1.4935966794e-01
-2.4044138909e-01   -3.6931025463e-01   1.4919696060e-01
-2.5393679217e-01   -3.9506204690e-01   1.4775638555e-01
-2.7756177419e-01   -4.3890714135e-01   1.4624604782e-01
-3.0444948987e-01   -4.8730806512e-01   1.4577567579e-01
-3.0463241923e-01   -4.8763256923e-01   1.4577639009e-01
-3.0646950861e-01   -4.9088802473e-01   1.4578629002e-01
-3.2562929225e-01   -5.2447879934e-01   1.4617192793e-01
-3.5852544429e-01   -5.8065925909e-01   1.4792115932e-01
-3.5874765356e-01   -5.8103238638e-01   1.4793726155e-01
-3.6097804988e-01   -5.8477283887e-01   1.4810191600e-01
-3.8411452890e-01   -6.2305626976e-01   1.5012538203e-01
-4.2330668447e-01   -6.8565644838e-01   1.5478526069e-01
-4.2356910758e-01   -6.8606555270e-01   1.5482142501e-01
-4.2620139499e-01   -6.9016144783e-01   1.5518773209e-01
-4.5331586661e-01   -7.3150917266e-01   1.5933165556e-01
-4.9841060462e-01   -7.9655721172e-01   1.6768276107e-01
-4.9870880876e-01   -7.9697045918e-01   1.6774396667e-01
-5.0169714049e-01   -8.0109859199e-01   1.6836164160e-01
-5.3216658193e-01   -8.4176852740e-01   1.7511006065e-01
-5.8147483561e-01   -9.0137849554e-01   1.8780364768e-01
-5.8179475855e-01   -9.0173691749e-01   1.8789338871e-01
-5.8499602966e-01   -9.0530149262e-01   1.8879676789e-01
-6.1712801132e-01   -9.3872332778e-01   1.9842240124e-01
-6.6694819103e-01   -9.8048224463e-01   2.1553038283e-01
-6.6726167668e-01   -9.8069881919e-01   2.1564733429e-01
-6.7039108342e-01   -9.8282489108e-01   2.1682173387e-01
-7.0100941956e-01   -9.9983472988e-01   2.2902207712e-01
-7.4518993218e-01   -1.0085958152e+00   2.4940519531e-01
-7.8239837942e-01   -9.9192332677e-01   2.7051628543e-01
-7.8260770233e-01   -9.9172844100e-01   2.7065109162e-01
-7.8467855747e-01   -9.8971653971e-01   2.7199791479e-01
-8.0300246210e-01   -9.6327146180e-01   2.8526717267e-01
-8.2177387000e-01   -8.9936246537e-01   3.0461740466e-01
-8.2185117348e-01   -8.9886946014e-01   3.0473319920e-01
-8.2259275628e-01   -8.9388375279e-01   3.0588445673e-01
-8.2678360329e-01   -8.3875043596e-01   3.1666046136e-01
-8.2112262413e-01   -7.3645225820e-01   3.3030480343e-01
-8.2103764427e-01   -7.3574831584e-01   3.3037788504e-01
-8.2015382441e-01   -7.2868116154e-01   3.3109820601e-01
-8.0794888328e-01   -6.5572383187e-01   3.3722714867e-01
-7.7716978046e-01   -5.3766085353e-01   3.4279519415e-01
-7.7693001394e-01   -5.3690599627e-01   3.4281511172e-01
-7.7450414263e-01   -5.2936470308e-01   3.4300352282e-01
-7.4756399883e-01   -4.5510838298e-01   3.4383641093e-01
-6.9703975690e-01   -3.4654481523e-01   3.4160712871e-01
-6.9668911006e-01   -3.4589053277e-01   3.4158037485e-01
-6.9316611171e-01   -3.3937974229e-01   3.4130480736e-01
-6.5646343452e-01   -2.7767367271e-01   3.3779635415e-01
-5.9528453725e-01   -1.9480849017e-01   3.3001493352e-01
-5.9488402438e-01   -1.9433447614e-01   3.2995781352e-01
-5.9087500562e-01   -1.8963396015e-01   3.2938221607e-01
-5.5055222591e-01   -1.4657392467e-01   3.2323247291e-01
-4.8792533412e-01   -9.3163997917e-02   3.1255299112e-01
-4.8753062518e-01   -9.2874160891e-02   3.1248175128e-01
-4.8358940447e-01   -9.0010398023e-02   3.1176781533e-01
-4.4486438633e-01   -6.4709006835e-02   3.0450390292e-01
-3.8757768779e-01   -3.6139098775e-02   2.9291307099e-01
-3.8722635272e-01   -3.5994842064e-02   2.9283869673e-01
-3.8372443822e-01   -3.4577065683e-02   2.9209505384e-01
-3.4989337952e-01   -2.2739198195e-02   2.8468252696e-01
-3.0162270106e-01   -1.1586709841e-02   2.7327915548e-01
-2.5926545625e-01   -7.3819227307e-03   2.6222431578e-01
-2.5901369413e-01   -7.3729837759e-03   2.6215490836e-01
-2.5650942036e-01   -7.2946783611e-03   2.6146179301e-01
-2.3279094261e-01   -7.5319295666e-03   2.5462833950e-01
-2.0040552495e-01   -1.0930673497e-02   2.4431065833e-01
-1.7340621376e-01   -1.6949748184e-02   2.3443978951e-01
-1.5132168546e-01   -2.4684007707e-02   2.2500405089e-01
-1.5119513784e-01   -2.4737543803e-02   2.2494505440e-01
-1.4993954004e-01   -2.5275309613e-02   2.2435602668e-01
-1.3834385170e-01   -3.0869924485e-02   2.1855840720e-01
-1.2347813797e-01   -4.0240890342e-02   2.0982357750e-01
-1.1216322483e-01   -5.0167020638e-02   2.0147293494e-01
-1.0395630301e-01   -6.0543981129e-02   1.9349011284e-01
-9.8472155397e-02   -7.1378161005e-02   1.8586165044e-01
-9.5388671074e-02   -8.2758719915e-02   1.7857712821e-01
-9.4448101229e-02   -9.4837320040e-02   1.7162919397e-01
-9.4448530197e-02   -9.4917240758e-02   1.7158582157e-01
-9.4457183731e-02   -9.5718475226e-02   1.7115284486e-01
-9.4972003643e-02   -1.0394577343e-01   1.6689770736e-01
-9.7277815251e-02   -1.1770441262e-01   1.6051749546e-01
-1.0133648636e-01   -1.3279403986e-01   1.5447066651e-01
-1.0710881404e-01   -1.4951442333e-01   1.4876352413e-01
-1.1460716500e-01   -1.6819933074e-01   1.4340772695e-01
-1.2389302735e-01   -1.8921796640e-01   1.3842162497e-01
-1.2395839101e-01   -1.8936078677e-01   1.3839097204e-01
-1.2461629448e-01   -1.9079517520e-01   1.3808533500e-01
-1.3162952404e-01   -2.0578061797e-01   1.3511998566e-01
-1.4424943369e-01   -2.3175354291e-01   1.3083406337e-01
-1.5905761747e-01   -2.6125208724e-01   1.2701721807e-01
-1.7628501132e-01   -2.9478532204e-01   1.2373300211e-01
-1.7640356667e-01   -2.9501396253e-01   1.2371387689e-01
-1.7759518968e-01   -2.9731068547e-01   1.2352401420e-01
-1.9013444881e-01   -3.2133902236e-01   1.2176974526e-01
-2.1215405343e-01   -3.6302305092e-01   1.1960634216e-01
-2.3742149944e-01   -4.1020648631e-01   1.1826923597e-01
-2.3759435830e-01   -4.1052710822e-01   1.1826368901e-01
-2.3933109267e-01   -4.1374684573e-01   1.1821046778e-01
-2.5753296553e-01   -4.4731850234e-01   1.1791383276e-01
-2.8920164292e-01   -5.0496974529e-01   1.1841197682e-01
-2.8941749787e-01   -5.0535930072e-01   1.1841937235e-01
-2.9158561863e-01   -5.0926950464e-01   1.1849648568e-01
-3.1424231035e-01   -5.4983797053e-01   1.1959897343e-01
-3.5336156735e-01   -6.1853097511e-01   1.2267694866e-01
-3.5362683388e-01   -6.1899048554e-01   1.2270255895e-01
-3.5629019268e-01   -6.2359916660e-01   1.2296309500e-01
-3.8400234617e-01   -6.7099734933e-01   1.2603244316e-01
-4.3129504207e-01   -7.4930359729e-01   1.3271034221e-01
-4.3161314888e-01   -7.4981820327e-01   1.3276118631e-01
-4.3480501448e-01   -7.5497219218e-01   1.3327565711e-01
-4.6778959121e-01   -8.0716925712e-01   1.3904657764e-01
-5.2303520993e-01   -8.8970717601e-01   1.5054725176e-01
-5.2340196108e-01   -8.9023224722e-01   1.5063126762e-01
-5.2707813054e-01   -8.9547739195e-01   1.5147902763e-01
-5.6464734088e-01   -9.4710075613e-01   1.6073355510e-01
-6.2567615428e-01   -1.0220811850e+00   1.7813893463e-01
-6.2607258399e-01   -1.0225268668e+00   1.7826203689e-01
-6.3003947777e-01   -1.0269541754e+00   1.7950128475e-01
-6.6984162508e-01   -1.0678624168e+00   1.9270796992e-01
-7.3127321558e-01   -1.1157445287e+00   2.1615593280e-01
-7.3165760892e-01   -1.1159728196e+00   2.1631592645e-01
-7.3549277280e-01   -1.1181943572e+00   2.1792220847e-01
-7.7276635414e-01   -1.1338325390e+00   2.3456301326e-01
-8.2523045936e-01   -1.1307987685e+00   2.6206487670e-01
-8.2553580565e-01   -1.1306598882e+00   2.6224384489e-01
-8.2856461536e-01   -1.1291833657e+00   2.6403418588e-01
-8.5615514298e-01   -1.1054631161e+00   2.8189514262e-01
-8.8750334067e-01   -1.0351900182e+00   3.0865187970e-01
-8.8765066489e-01   -1.0346122791e+00   3.0881449875e-01
-8.8908386517e-01   -1.0287482684e+00   3.1043290756e-01
-8.9925249274e-01   -9.6178702136e-01   3.2572351677e-01
-8.9892283151e-01   -8.3092000513e-01   3.4546056854e-01
-8.9885440269e-01   -8.2999959779e-01   3.4556749572e-01
-8.9812325175e-01   -8.2074769642e-01   3.4662217527e-01
-8.8614175300e-01   -7.2420490849e-01   3.5565969580e-01
-8.8597939969e-01   -7.2320967356e-01   3.5573584269e-01
-8.8431013159e-01   -7.1323277667e-01   3.5648151809e-01
-8.6314121549e-01   -6.1180746402e-01   3.6234790413e-01
-8.6288949644e-01   -6.1078528431e-01   3.6239195434e-01
-8.6033007511e-01   -6.0056267182e-01   3.6281663177e-01
-8.3068165212e-01   -4.9900111767e-01   3.6550712520e-01
-8.3034963606e-01   -4.9799821188e-01   3.6552005805e-01
-8.2699277704e-01   -4.8798986660e-01   3.6563460015e-01
-7.8997761065e-01   -3.9059664055e-01   3.6535747857e-01
-7.8957795744e-01   -3.8965271758e-01   3.6534221509e-01
-7.8555172729e-01   -3.8025149076e-01   3.6517665154e-01
-7.4257547294e-01   -2.9048597516e-01   3.6230356421e-01
-7.4212318198e-01   -2.8963098163e-01   3.6226437507e-01
-7.3757837520e-01   -2.8113099832e-01   3.6186190348e-01
-6.9020653797e-01   -2.0138766521e-01   3.5686264504e-01
-6.8971758987e-01   -2.0064047996e-01   3.5680447397e-01
-6.8481415225e-01   -1.9322503999e-01   3.5621469244e-01
-6.3464024110e-01   -1.2480297810e-01   3.4959157656e-01
-5.5416637036e-01   -3.8780883909e-02   3.3726750719e-01
-5.5365100735e-01   -3.8310619211e-02   3.3718327396e-01
-5.4850003765e-01   -3.3661992534e-02   3.3633812071e-01
-4.9743700209e-01   7.5947806185e-03   3.2765959576e-01
-4.2060886145e-01   5.4797227095e-02   3.1367619690e-01
-4.2013357228e-01   5.5038584892e-02   3.1358640564e-01
-4.1539363788e-01   5.7413285015e-02   3.1268873076e-01
-3.6937730828e-01   7.7505362364e-02   3.0376063576e-01
-3.0306631654e-01   9.7582458620e-02   2.9014883668e-01
-3.0266582243e-01   9.7673594783e-02   2.9006359016e-01
-2.9867791708e-01   9.8561966404e-02   2.8921255122e-01
-2.6051888737e-01   1.0533638069e-01   2.8085120426e-01
-2.0716726854e-01   1.0975866313e-01   2.6835639326e-01
-1.6130417508e-01   1.0909513676e-01   2.5657713163e-01
-1.6103391873e-01   1.0907949584e-01   2.5650403241e-01
-1.5834704706e-01   1.0891670270e-01   2.5577457917e-01
-1.3301155083e-01   1.0674191955e-01   2.4863112349e-01
-9.8650255959e-02   1.0204456259e-01   2.3798756110e-01
-6.9994271707e-02   9.6799580471e-02   2.2792993963e-01
-4.6231629536e-02   9.1835201009e-02   2.1840126740e-01
-4.6093646497e-02   9.1805634165e-02   2.1834190466e-01
-4.4722992545e-02   9.1511872681e-02   2.1774935152e-01
-3.1893622268e-02   8.8785217928e-02   2.1192890393e-01
-1.4692333679e-02   8.5435053014e-02   2.0319405947e-01
-3.7045600046e-04   8.3389483265e-02   1.9487251753e-01
1.1688098956e-02   8.2778441823e-02   1.8693570276e-01
2.2024266328e-02   8.3673058338e-02   1.7936086942e-01
3.1108597705e-02   8.6116479138e-02   1.7212999068e-01
3.9349151006e-02   9.0146314326e-02   1.6522891971e-01
3.9399938258e-02   9.0177293255e-02   1.6518581110e-01
3.9906737960e-02   9.0490760630e-02   1.6475544186e-01
4.4884656175e-02   9.3996533058e-02   1.6052297437e-01
5.2481161646e-02   1.0086301297e-01   1.5416255631e-01
6.0102413856e-02   1.0950347213e-01   1.4810984048e-01
6.8010582854e-02   1.2004573424e-01   1.4236260689e-01
7.6451416892e-02   1.3265914504e-01   1.3692239933e-01
8.5662992208e-02   1.4755937410e-01   1.3179528310e-01
9.5883851039e-02   1.6501270729e-01   1.2699293613e-01
9.5953005575e-02   1.6513323255e-01   1.2696329757e-01
9.6647389058e-02   1.6634496232e-01   1.2666768487e-01
1.0388864817e-01   1.7912918161e-01   1.2379015296e-01
1.1641471558e-01   2.0172328928e-01   1.1959161996e-01
1.3065650376e-01   2.2787471820e-01   1.1579133353e-01
1.4691550071e-01   2.5806411208e-01   1.1243938348e-01
1.4702669734e-01   2.5827135647e-01   1.1241952048e-01
1.4814396381e-01   2.6035412134e-01   1.1222205355e-01
1.5986553633e-01   2.8224444179e-01   1.1036813824e-01
1.8036098751e-01   3.2061139678e-01   1.0795399323e-01
2.0385080731e-01   3.6457433048e-01   1.0623168421e-01
2.0401160072e-01   3.6487490401e-01   1.0622319122e-01
2.0562724475e-01   3.6789466198e-01   1.0614015356e-01
2.2257826997e-01   3.9952650317e-01   1.0550844093e-01
2.5218189165e-01   4.5446512040e-01   1.0533692504e-01
2.5238426065e-01   4.5483903738e-01   1.0533942180e-01
2.5441740893e-01   4.5859430019e-01   1.0536709887e-01
2.7571917957e-01   4.9777667315e-01   1.0592924708e-01
3.1276309783e-01   5.6509038049e-01   1.0798679828e-01
3.1301552620e-01   5.6554499827e-01   1.0800516785e-01
3.1555094999e-01   5.7010793407e-01   1.0819279228e-01
3.4203910255e-01   6.1739916151e-01   1.1048263391e-01
3.8772702207e-01   6.9713050088e-01   1.1576413718e-01
3.8803653643e-01   6.9766179359e-01   1.1580539651e-01
3.9114388382e-01   7.0298859578e-01   1.1622359775e-01
4.2344146730e-01   7.5755480039e-01   1.2099297529e-01
4.7835990725e-01   8.4655561715e-01   1.3082753893e-01
4.7872820826e-01   8.4713451412e-01   1.3090070922e-01
4.8242277462e-01   8.5292739446e-01   1.3164000218e-01
5.2049073441e-01   9.1102352994e-01   1.3981862554e-01
5.8367468414e-01   1.0001167744e+00   1.5567935633e-01
5.8409119439e-01   1.0006695431e+00   1.5579358995e-01
5.8826370455e-01   1.0061798168e+00   1.5694510815e-01
6.3062957015e-01   1.0591342346e+00   1.6938880792e-01
6.9812993132e-01   1.1301508256e+00   1.9223826908e-01
6.9856193221e-01   1.1305426720e+00   1.9239748382e-01
7.0287956089e-01   1.1344096055e+00   1.9399844439e-01
7.4562655561e-01   1.1673837150e+00   2.1085464387e-01
8.0901969956e-01   1.1934593553e+00   2.3984467032e-01
8.0940397193e-01   1.1935088347e+00   2.4003822770e-01
8.1322803480e-01   1.1939143020e+00   2.4197818580e-01
8.4933687206e-01   1.1886191836e+00   2.6171353915e-01
8.9565116992e-01   1.1435273339e+00   2.9275811233e-01
8.9589870274e-01   1.1430879794e+00   2.9295312324e-01
8.9833601314e-01   1.1385881901e+00   2.9489861441e-01
9.1866417461e-01   1.0830813875e+00   3.1374691290e-01
9.3385190529e-01   9.6056466953e-01   3.3976418745e-01
9.3387815062e-01   9.5965595751e-01   3.3991266083e-01
9.3408908806e-01   9.5049089469e-01   3.4138303731e-01
9.3097150743e-01   8.5181366864e-01   3.5455158802e-01
9.3089186752e-01   8.5076987712e-01   3.5466835726e-01
9.3004243776e-01   8.4027849158e-01   3.5581902715e-01
9.1626754760e-01   7.3094085984e-01   3.6556771366e-01
9.1608175111e-01   7.2981553241e-01   3.6564865923e-01
9.1417220356e-01   7.1853704641e-01   3.6643979823e-01
8.9003868483e-01   6.0419229816e-01   3.7251275951e-01
8.8975240699e-01   6.0304326020e-01   3.7255665873e-01
8.8684235296e-01   5.9155612126e-01   3.7297750267e-01
8.5321950943e-01   4.7789004865e-01   3.7541007780e-01
8.5284380880e-01   4.7677220870e-01   3.7541854827e-01
8.4904622613e-01   4.6562230542e-01   3.7548657644e-01
8.0728045994e-01   3.5768170237e-01   3.7457351777e-01
8.0683056565e-01   3.5664098420e-01   3.7455050097e-01
8.0229940827e-01   3.4628188790e-01   3.7430608189e-01
7.5406872089e-01   2.4798489645e-01   3.7053216170e-01
7.5356242487e-01   2.4705444807e-01   3.7048311543e-01
7.4847642974e-01   2.3781079339e-01   3.6998134340e-01
6.9562211426e-01   1.5171194973e-01   3.6393463753e-01
6.9507807551e-01   1.5091098830e-01   3.6386565466e-01
6.8962383974e-01   1.4296817942e-01   3.6316755550e-01
6.3398883090e-01   7.0271975650e-02   3.5545617131e-01
6.3342506328e-01   6.9606890458e-02   3.5537321301e-01
6.2778206803e-01   6.3023056045e-02   3.5453816953e-01
5.7107826420e-01   3.7813735866e-03   3.4572523561e-01
4.8346382488e-01   -6.6284264505e-02   3.3090622951e-01
4.8291416806e-01   -6.6651250707e-02   3.3080943635e-01
4.7742779664e-01   -7.0268192506e-02   3.2984090379e-01
4.2373049393e-01   -1.0142167359e-01   3.2013836283e-01
3.4508072183e-01   -1.3430698134e-01   3.0520581468e-01
3.4460149496e-01   -1.3446448625e-01   3.0511208117e-01
3.3982697426e-01   -1.3600665168e-01   3.0417628329e-01
2.9390436461e-01   -1.4839571432e-01   2.9498521693e-01
2.2901032717e-01   -1.5879078407e-01   2.8130076929e-01
2.2862270063e-01   -1.5882926781e-01   2.8121607681e-01
2.2476562924e-01   -1.5919749219e-01   2.8037116826e-01
1.8810034513e-01   -1.6139502205e-01   2.7212322180e-01
1.3751905981e-01   -1.6079344956e-01   2.5994482282e-01
9.4578581020e-02   -1.5738633104e-01   2.4858118135e-01
9.4326755374e-02   -1.5735966534e-01   2.4851093859e-01
9.1823769922e-02   -1.5709089013e-01   2.4781015511e-01
6.8271693563e-02   -1.5426414923e-01   2.4096224752e-01
3.6396971367e-02   -1.4988142545e-01   2.3080204075e-01
9.7167386335e-03   -1.4632998840e-01   2.2124166940e-01
-1.2689526835e-02   -1.4421933460e-01   2.1221935714e-01
-1.2820986926e-02   -1.4421139700e-01   2.1216326332e-01
-1.4127962233e-02   -1.4413618005e-01   2.1160342236e-01
-2.6478003127e-02   -1.4381445331e-01   2.0611261590e-01
-4.3520308949e-02   -1.4498464327e-01   1.9790476017e-01
-5.8426505904e-02   -1.4834537678e-01   1.9013055300e-01
-7.1832395399e-02   -1.5402107710e-01   1.8277023580e-01
-8.4298017494e-02   -1.6211726506e-01   1.7581196711e-01
-9.6317820568e-02   -1.7274532966e-01   1.6925110056e-01
-1.0833237123e-01   -1.8603992412e-01   1.6309002232e-01
-1.0841008690e-01   -1.8613389510e-01   1.6305191445e-01
-1.0918815683e-01   -1.8707999112e-01   1.6267175687e-01
-1.1708017096e-01   -1.9719013397e-01   1.5896310693e-01
-1.2999286835e-01   -2.1546112191e-01   1.5351295102e-01
-1.4391739656e-01   -2.3695954476e-01   1.4850935339e-01
-1.5919551914e-01   -2.6197742430e-01   1.4398862201e-01
-1.7616515124e-01   -2.9085112065e-01   1.4000096638e-01
-1.7627987879e-01   -2.9104902091e-01   1.3997730846e-01
-1.7743174607e-01   -2.9303755919e-01   1.3974208125e-01
-1.8942795942e-01   -3.1389744025e-01   1.3752933047e-01
-2.1008281529e-01   -3.5024237929e-01   1.3462095644e-01
-2.3336784176e-01   -3.9149289953e-01   1.3248026222e-01
-2.3352602796e-01   -3.9177338863e-01   1.3246931576e-01
-2.3511463469e-01   -3.9459018515e-01   1.3236188840e-01
-2.5169423132e-01   -4.2396618364e-01   1.3149986689e-01
-2.8030359790e-01   -4.7441989722e-01   1.3100762954e-01
-3.1249487031e-01   -5.3055376172e-01   1.3173831983e-01
-3.1271300884e-01   -5.3093119841e-01   1.3174743164e-01
-3.1490316950e-01   -5.3471831055e-01   1.3184185818e-01
-3.3769626607e-01   -5.7385004916e-01   1.3313163376e-01
-3.7667791695e-01   -6.3940559223e-01   1.3654348208e-01
-3.7694073091e-01   -6.3984097007e-01   1.3657133771e-01
-3.7957836495e-01   -6.4420522008e-01   1.3685437405e-01
-4.0690602876e-01   -6.8883070476e-01   1.4015095146e-01
-4.5306422002e-01   -7.6145193400e-01   1.4716566978e-01
-4.5337268970e-01   -7.6192430710e-01   1.4721847486e-01
-4.5646638230e-01   -7.6665162723e-01   1.4775235468e-01
-4.8827955372e-01   -8.1413428865e-01   1.5369220014e-01
-5.4091884678e-01   -8.8758161540e-01   1.6531398367e-01
-5.4126556619e-01   -8.8804158581e-01   1.6539799220e-01
-5.4473893125e-01   -8.9263086014e-01   1.6624502017e-01
-5.8002299479e-01   -9.3721634796e-01   1.7541822362e-01
-6.3648188866e-01   -9.9959312555e-01   1.9235137067e-01
-6.3684499822e-01   -9.9995279744e-01   1.9246979957e-01
-6.4047579168e-01   -1.0035168336e+00   1.9366102172e-01
-6.7662740933e-01   -1.0355279237e+00   2.0624947751e-01
-7.3133587869e-01   -1.0691281128e+00   2.2815999766e-01
-7.3167357124e-01   -1.0692663016e+00   2.2830770140e-01
-7.3503935657e-01   -1.0705891475e+00   2.2978929973e-01
-7.6740184212e-01   -1.0775820294e+00   2.4500290304e-01
-8.1162272491e-01   -1.0632985012e+00   2.6962973110e-01
-8.4489320395e-01   -1.0152362925e+00   2.9390282930e-01
-8.4506325291e-01   -1.0148179547e+00   2.9405314876e-01
-8.4673122696e-01   -1.0105580450e+00   2.9555139187e-01
-8.6000516148e-01   -9.6048044377e-01   3.0994034174e-01
-8.6722774373e-01   -8.5742487578e-01   3.2945707873e-01
-8.6721757411e-01   -8.5668118048e-01   3.2956741037e-01
-8.6707549357e-01   -8.4919240715e-01   3.3065945869e-01
-8.6158948807e-01   -7.6967948631e-01   3.4039312956e-01
-8.3831730642e-01   -6.3383123292e-01   3.5091016776e-01
-8.3811247609e-01   -6.3293798690e-01   3.5095816197e-01
-8.3602641638e-01   -6.2399830177e-01   3.5142451957e-01
-8.1151666450e-01   -5.3450581020e-01   3.5474059355e-01
-8.1123934714e-01   -5.3361562040e-01   3.5476154664e-01
-8.0843262142e-01   -5.2472479089e-01   3.5495803378e-01
-7.7718535743e-01   -4.3746954926e-01   3.5565514342e-01
-7.7684538521e-01   -4.3661693101e-01   3.5565085977e-01
-7.7341765833e-01   -4.2811731329e-01   3.5559623887e-01
-7.3654778464e-01   -3.4620070203e-01   3.5392667283e-01
-6.7136922451e-01   -2.3231540354e-01   3.4776245567e-01
-6.7093005792e-01   -2.3165088272e-01   3.4771124461e-01
-6.6652620572e-01   -2.2505293937e-01   3.4719191320e-01
-6.2148574067e-01   -1.6388875146e-01   3.4134287925e-01
-5.4922090710e-01   -8.5998869854e-02   3.3036108557e-01
-5.4875770164e-01   -8.5568946584e-02   3.3028555786e-01
-5.4412763334e-01   -8.1316153772e-02   3.2952739103e-01
-4.9818249599e-01   -4.3305126108e-02   3.2170380710e-01
-4.2885566835e-01   9.9803025794e-04   3.0894886454e-01
-4.2842591463e-01   1.2277571332e-03   3.0886636197e-01
-4.2413946201e-01   3.4902590102e-03   3.0804113315e-01
-3.8246381916e-01   2.2826004026e-02   2.9979190499e-01
-3.2219897744e-01   4.2687934806e-02   2.8707063727e-01
-3.2183422674e-01   4.2780243765e-02   2.8699042618e-01
-3.1820172764e-01   4.3681622490e-02   2.8618929267e-01
-2.8339744881e-01   5.0684942907e-02   2.7828345316e-01
-2.3460711186e-01   5.5606086092e-02   2.6635575283e-01
-1.9258032333e-01   5.5293199867e-02   2.5499535758e-01
-1.9233258092e-01   5.5278735029e-02   2.5492453089e-01
-1.8986955345e-01   5.5126784128e-02   2.5421754350e-01
-1.6665120378e-01   5.2959229074e-02   2.4727435164e-01
-1.3522953984e-01   4.7837548885e-02   2.3686743900e-01
-1.0919446177e-01   4.1544239691e-02   2.2697329970e-01
-8.7876007481e-02   3.4837130085e-02   2.1755256514e-01
-8.7753377205e-02   3.4794066070e-02   2.1749374368e-01
-8.6536155038e-02   3.4363653321e-02   2.1690650812e-01
-7.5237976571e-02   3.0100205331e-02   2.1113023257e-01
-6.0473090391e-02   2.3707043087e-02   2.0243542725e-01
-4.8735856097e-02   1.7796166094e-02   1.9412384745e-01
-3.9511687063e-02   1.2442349742e-02   1.8617060676e-01
-3.2355458930e-02   7.6471128194e-03   1.7855455896e-01
-2.6889980078e-02   3.3653139058e-03   1.7125752411e-01
-2.2801428955e-02   -4.7596547201e-04   1.6426360300e-01
-1.9833184280e-02   -3.9645488787e-03   1.5755863048e-01
-1.7779040027e-02   -7.1948580208e-03   1.5112976766e-01
-1.7768471153e-02   -7.2148975593e-03   1.5108950590e-01
-1.7664458733e-02   -7.4149336809e-03   1.5068748240e-01
-1.6784766619e-02   -9.3844731019e-03   1.4672605585e-01
-1.5937905626e-02   -1.2395419301e-02   1.4074247332e-01
-1.5648212342e-02   -1.5406271375e-02   1.3500488875e-01
-1.5841955241e-02   -1.8510043055e-02   1.2950350782e-01
-1.6469509453e-02   -2.1799662759e-02   1.2422914093e-01
-1.7501983703e-02   -2.5369788345e-02   1.1917318729e-01
-1.8928635687e-02   -2.9319106658e-02   1.1432764662e-01
-2.0755023533e-02   -3.3753016045e-02   1.0968515796e-01
-2.3001838542e-02   -3.8786650047e-02   1.0523906815e-01
-2.5704369763e-02   -4.4548245995e-02   1.0098353664e-01
-2.8912561353e-02   -5.1182896237e-02   9.6913686886e-02
-3.2691636702e-02   -5.8856744898e-02   9.3025819841e-02
-3.7123277593e-02   -6.7761710470e-02   8.9317711475e-02
-4.2307360771e-02   -7.8120824182e-02   8.5789024657e-02
-4.8364267119e-02   -9.0194273967e-02   8.2441877563e-02
-4.8406117887e-02   -9.0277653510e-02   8.2421060127e-02
-4.8826917551e-02   -9.1116001065e-02   8.2213306017e-02
-5.3272725691e-02   -9.9972711124e-02   8.0178219742e-02
-6.1170014055e-02   -1.1571056065e-01   7.7156238495e-02
-7.0394516531e-02   -1.3411126917e-01   7.4341100513e-02
-8.1173115063e-02   -1.5563875764e-01   7.1753572502e-02
-9.3772498585e-02   -1.8083255598e-01   6.9424115376e-02
-9.3859602213e-02   -1.8100681459e-01   6.9410130322e-02
-9.4735449030e-02   -1.8275907768e-01   6.9270958394e-02
-1.0399345928e-01   -2.0128598799e-01   6.7950018417e-02
-1.2045841754e-01   -2.3424531375e-01   6.6172459306e-02
-1.3971409576e-01   -2.7277639902e-01   6.4815818465e-02
-1.3984722461e-01   -2.7304265129e-01   6.4808707854e-02
-1.4118586013e-01   -2.7571972306e-01   6.4738791079e-02
-1.5533416594e-01   -3.0399524736e-01   6.4165633283e-02
-1.8047877967e-01   -3.5412893032e-01   6.3799616681e-02
-2.0982999668e-01   -4.1237559362e-01   6.4245911953e-02
-2.1003264138e-01   -4.1277647485e-01   6.4251875615e-02
-2.1207002511e-01   -4.1680586149e-01   6.4313899725e-02
-2.3357360264e-01   -4.5920819774e-01   6.5188932304e-02
-2.7162693517e-01   -5.3358824575e-01   6.7643598939e-02
-2.7188901991e-01   -5.3409722046e-01   6.7664244831e-02
-2.7452348165e-01   -5.3921069265e-01   6.7874504697e-02
-3.0226665299e-01   -5.9274333882e-01   7.0382687937e-02
-3.5104375776e-01   -6.8526526274e-01   7.6028811374e-02
-3.5137812526e-01   -6.8589162897e-01   7.6072739874e-02
-3.5473788696e-01   -6.9217903167e-01   7.6518003307e-02
-3.8997045406e-01   -7.5737493862e-01   8.1605803777e-02
-4.5117677876e-01   -8.6699975770e-01   9.2223964468e-02
-4.5159275743e-01   -8.6772711647e-01   9.2303764677e-02
-4.5576966515e-01   -8.7501638053e-01   9.3110746827e-02
-4.9923987476e-01   -9.4925188314e-01   1.0212474055e-01
-5.7315181427e-01   -1.0676656397e+00   1.2005769317e-01
-5.7364645822e-01   -1.0684204640e+00   1.2018897095e-01
-5.7860712861e-01   -1.0759602637e+00   1.2151395643e-01
-6.2954177097e-01   -1.1499933469e+00   1.3602057893e-01
-6.3006232367e-01   -1.1507160303e+00   1.3617748473e-01
-6.3527884160e-01   -1.1579176777e+00   1.3775972308e-01
-6.8839551178e-01   -1.2267497716e+00   1.5491972042e-01
-7.7328505660e-01   -1.3162237399e+00   1.8665233505e-01
-7.7382796095e-01   -1.3166977556e+00   1.8687409337e-01
-7.7925294344e-01   -1.3213559356e+00   1.8910423494e-01
-8.3279217932e-01   -1.3588325668e+00   2.1259727058e-01
-9.1090643655e-01   -1.3764655860e+00   2.5283465499e-01
-9.1137172536e-01   -1.3763898497e+00   2.5310162811e-01
-9.1599446243e-01   -1.3754895300e+00   2.5577565651e-01
-9.5878470353e-01   -1.3516111054e+00   2.8275592109e-01
-1.0094689967e+00   -1.2570446678e+00   3.2394049266e-01
-1.0097160328e+00   -1.2562123731e+00   3.2419239042e-01
-1.0121266948e+00   -1.2477338223e+00   3.2669967571e-01
-1.0299315433e+00   -1.1479383227e+00   3.5036789351e-01
-1.0300489267e+00   -1.1468088690e+00   3.5058957489e-01
-1.0311539531e+00   -1.1353794576e+00   3.5278785114e-01
-1.0351128434e+00   -1.0086703902e+00   3.7271958671e-01
-1.0350857295e+00   -1.0073002104e+00   3.7289840167e-01
-1.0347406316e+00   -9.9349914559e-01   3.7466258764e-01
-1.0238405528e+00   -8.4702396126e-01   3.8978181711e-01
-1.0236630607e+00   -8.4549550700e-01   3.8990888771e-01
-1.0218139078e+00   -8.3015739354e-01   3.9115252102e-01
-9.9601621135e-01   -6.7304686448e-01   4.0084539812e-01
-9.9569260851e-01   -6.7145646242e-01   4.0091702043e-01
-9.9238713095e-01   -6.5554754660e-01   4.0160580400e-01
-9.5266061223e-01   -4.9750867008e-01   4.0580307514e-01
-9.5220490941e-01   -4.9595151444e-01   4.0582101914e-01
-9.4758764904e-01   -4.8041930135e-01   4.0597522772e-01
-8.9578356196e-01   -3.3027214785e-01   4.0511843007e-01
-8.9521761160e-01   -3.2882867090e-01   4.0508909908e-01
-8.8951026816e-01   -3.1446735340e-01   4.0477467552e-01
-8.2811195265e-01   -1.7902132385e-01   3.9968468629e-01
-8.2746255005e-01   -1.7774836773e-01   3.9961748991e-01
-8.2093467838e-01   -1.6511346797e-01   3.9892952484e-01
-7.5274505672e-01   -4.8617043877e-02   3.9062595957e-01
-7.5204074473e-01   -4.7545154295e-02   3.9053145213e-01
-7.4497783870e-01   -3.6929421039e-02   3.8957559753e-01
-6.7281393507e-01   5.8897701073e-02   3.7910135841e-01
-6.7208215715e-01   5.9761708495e-02   3.7898964062e-01
-6.6475748440e-01   6.8300527649e-02   3.7786635082e-01
-5.9120468508e-01   1.4381723426e-01   3.6615597941e-01
-5.9046969686e-01   1.4448454774e-01   3.6603564193e-01
-5.8312384593e-01   1.5106549906e-01   3.6482990571e-01
-5.1037543665e-01   2.0806847725e-01   3.5263617427e-01
-5.0965710522e-01   2.0856164528e-01   3.5251382251e-01
-5.0248640833e-01   2.1341417369e-01   3.5129067597e-01
-4.3226846606e-01   2.5450109588e-01   3.3916365081e-01
-3.3326277170e-01   2.9466631822e-01   3.2169827530e-01
-3.3263505901e-01   2.9486116182e-01   3.2158633301e-01
-3.2638181796e-01   2.9676353318e-01   3.2047033114e-01
-2.6630696594e-01   3.1159568911e-01   3.0966647428e-01
-1.8169442941e-01   3.2281095038e-01   2.9413150170e-01
-1.8119015819e-01   3.2284691019e-01   2.9403745922e-01
-1.7617318504e-01   3.2318600569e-01   2.9310069976e-01
-1.2855154850e-01   3.2478874663e-01   2.8409233421e-01
-6.3045083977e-02   3.2277101906e-01   2.7123925906e-01
-6.2659472791e-02   3.2274684888e-01   2.7116152933e-01
-5.8825839064e-02   3.2249978580e-01   2.7038720947e-01
-2.2671897025e-02   3.1963408547e-01   2.6293105280e-01
2.6501363616e-02   3.1475762659e-01   2.5223085632e-01
6.7910502380e-02   3.1089021970e-01   2.4254371854e-01
6.8153351252e-02   3.1087143498e-01   2.4248468804e-01
7.0567517584e-02   3.1068853549e-01   2.4189633125e-01
9.3347496394e-02   3.0939640297e-01   2.3620145899e-01
1.2459581878e-01   3.0963022569e-01   2.2793986140e-01
1.5158500605e-01   3.1300962485e-01   2.2039227369e-01
1.7540839371e-01   3.1980048110e-01   2.1350852178e-01
1.7555274098e-01   3.1985524444e-01   2.1346655806e-01
1.7699133175e-01   3.2041087960e-01   2.1304835368e-01
1.9093556758e-01   3.2677131045e-01   2.0900907829e-01
2.1150753519e-01   3.3966636408e-01   2.0321403740e-01
2.3123711363e-01   3.5618047462e-01   1.9806201660e-01
2.5076979750e-01   3.7630729712e-01   1.9357900758e-01
2.7065494330e-01   4.0001630235e-01   1.8980673560e-01
2.7078432150e-01   4.0017938768e-01   1.8978500719e-01
2.7207997865e-01   4.0181817255e-01   1.8956945180e-01
2.8524576552e-01   4.1899459646e-01   1.8759036097e-01
3.0676404582e-01   4.4866751141e-01   1.8517371493e-01
3.2971001537e-01   4.8164350779e-01   1.8365675059e-01
3.2986198343e-01   4.8186461677e-01   1.8365014320e-01
3.3138547754e-01   4.8408259424e-01   1.8358631468e-01
3.4701239331e-01   5.0693349155e-01   1.8317817705e-01
3.7294489644e-01   5.4491398242e-01   1.8342969204e-01
4.0079842373e-01   5.8518452262e-01   1.8486769554e-01
4.0098284938e-01   5.8544804938e-01   1.8488096847e-01
4.0283145350e-01   5.8808681184e-01   1.8501664174e-01
4.2174790824e-01   6.1477469811e-01   1.8667398854e-01
4.5282140428e-01   6.5709672265e-01   1.9041196008e-01
4.8551068601e-01   6.9902410785e-01   1.9563547552e-01
4.8572422451e-01   6.9928777732e-01   1.9567384024e-01
4.8786234130e-01   7.0191993251e-01   1.9606099460e-01
5.0948791317e-01   7.2768845132e-01   2.0028508059e-01
5.4389082039e-01   7.6502239254e-01   2.0817514228e-01
5.7833434957e-01   7.9681360321e-01   2.1759037563e-01
5.7855280983e-01   7.9699402361e-01   2.1765526659e-01
5.8073526475e-01   7.9878021755e-01   2.1830729826e-01
6.0228444853e-01   8.1470957546e-01   2.2512784224e-01
6.3439990908e-01   8.3144103223e-01   2.3675266195e-01
6.6342746554e-01   8.3623045584e-01   2.4922239299e-01
6.8794633816e-01   8.2731076549e-01   2.6204292951e-01
6.8808558114e-01   8.2720705108e-01   2.6212481845e-01
6.8946457921e-01   8.2613675834e-01   2.6294311704e-01
7.0184006506e-01   8.1211041666e-01   2.7103209846e-01
7.1545657060e-01   7.7825510592e-01   2.8302484041e-01
7.2118379120e-01   7.3096639999e-01   2.9364755897e-01
7.2119339843e-01   7.3062523313e-01   2.9370978910e-01
7.2127015871e-01   7.2718873876e-01   2.9432764591e-01
7.2009111593e-01   6.9051188137e-01   3.0003578432e-01
7.1113332025e-01   6.2641119781e-01   3.0705510429e-01
7.1104842565e-01   6.2598137493e-01   3.0709196001e-01
7.1018053770e-01   6.2167256115e-01   3.0745470532e-01
6.9964332811e-01   5.7774581220e-01   3.1049365808e-01
6.7681687647e-01   5.0792411722e-01   3.1308024557e-01
6.7664784612e-01   5.0747995527e-01   3.1308837733e-01
6.7494247962e-01   5.0304309647e-01   3.1316391748e-01
6.5645884776e-01   4.5933640092e-01   3.1335263821e-01
6.2307573588e-01   3.9488012027e-01   3.1170911322e-01
6.2284745822e-01   3.9448782902e-01   3.1169155925e-01
6.2055574767e-01   3.9058078496e-01   3.1151139074e-01
5.9683729724e-01   3.5319786504e-01   3.0926789181e-01
5.5764024056e-01   3.0158683607e-01   3.0434245267e-01
5.5738416441e-01   3.0128534998e-01   3.0430611400e-01
5.5482098593e-01   2.9829105828e-01   3.0393968373e-01
5.2903077701e-01   2.7042113935e-01   2.9999266469e-01
4.8882061170e-01   2.3440302648e-01   2.9297345764e-01
4.4988203763e-01   2.0724283564e-01   2.8522868077e-01
4.4963944633e-01   2.0709609877e-01   2.8517747373e-01
4.4721885048e-01   2.0564690874e-01   2.8466446248e-01
4.2358960084e-01   1.9292131865e-01   2.7945356296e-01
3.8908995155e-01   1.7898683161e-01   2.7111699504e-01
3.5805010989e-01   1.7139582389e-01   2.6270949400e-01
3.5786353370e-01   1.7136545123e-01   2.6265580446e-01
3.5600637464e-01   1.7107363780e-01   2.6211907381e-01
3.3830566329e-01   1.6929620336e-01   2.5677399321e-01
3.1386693247e-01   1.7025813414e-01   2.4854270907e-01
2.9340021551e-01   1.7509041472e-01   2.4052881461e-01
2.7684145831e-01   1.8315530107e-01   2.3278749709e-01
2.6405572171e-01   1.9397729699e-01   2.2535987311e-01
2.6398571695e-01   1.9405462310e-01   2.2531344313e-01
2.6329376329e-01   1.9483331715e-01   2.2484992604e-01
2.5717370112e-01   2.0315131595e-01   2.2029460883e-01
2.5043190365e-01   2.1800623679e-01   2.1347782012e-01
2.4697723530e-01   2.3502839761e-01   2.0705771648e-01
2.4664524393e-01   2.5419954266e-01   2.0106487369e-01
2.4929845653e-01   2.7557659306e-01   1.9553380316e-01
2.5483189552e-01   2.9927211231e-01   1.9050496651e-01
2.5487639316e-01   2.9943146006e-01   1.9047451353e-01
2.5532768370e-01   3.0103049711e-01   1.9017122396e-01
2.6046951074e-01   3.1758562380e-01   1.8726527133e-01
2.7078317270e-01   3.4560112078e-01   1.8321251940e-01
2.8386083720e-01   3.7636554970e-01   1.7981656977e-01
2.9971124893e-01   4.1002007582e-01   1.7715645071e-01
2.9982161498e-01   4.1024489197e-01   1.7714199597e-01
3.0093157175e-01   4.1249977631e-01   1.7699931799e-01
3.1266235505e-01   4.3572278368e-01   1.7576503084e-01
3.3331312683e-01   4.7447676896e-01   1.7458839868e-01
3.5680091600e-01   5.1612769678e-01   1.7443705204e-01
3.5696030074e-01   5.1640299634e-01   1.7443966717e-01
3.5856052195e-01   5.1916193504e-01   1.7446843507e-01
3.7519799553e-01   5.4732345554e-01   1.7502542008e-01
4.0348873093e-01   5.9318381652e-01   1.7694564543e-01
4.3445063419e-01   6.4063180609e-01   1.8027762715e-01
4.3465686552e-01   6.4093834123e-01   1.8030380444e-01
4.3672468041e-01   6.4400485898e-01   1.8056909231e-01
4.5793549771e-01   6.7471449797e-01   1.8358064629e-01
4.9284654875e-01   7.2216280053e-01   1.8965167918e-01
4.9307589946e-01   7.2246104069e-01   1.8969605196e-01
4.9537316399e-01   7.2543818436e-01   1.9014371843e-01
5.1868608838e-01   7.5456915871e-01   1.9501727587e-01
5.5601160485e-01   7.9668268723e-01   2.0409198474e-01
5.9358196893e-01   8.3231185174e-01   2.1490239647e-01
5.9382067996e-01   8.3251278684e-01   2.1497686706e-01
5.9620564578e-01   8.3450090403e-01   2.1572513286e-01
6.1976791895e-01   8.5209976139e-01   2.2354975228e-01
6.5487040405e-01   8.6993066652e-01   2.3687128342e-01
6.8644992175e-01   8.7357164849e-01   2.5112383432e-01
6.8663693632e-01   8.7354426957e-01   2.5121678504e-01
6.8849520264e-01   8.7323354189e-01   2.5214701482e-01
7.0579761695e-01   8.6635738615e-01   2.6148378673e-01
7.2739694987e-01   8.4149036828e-01   2.7585387920e-01
7.4099542279e-01   7.9957308660e-01   2.8924888328e-01
7.4538877031e-01   7.4229421212e-01   3.0088681914e-01
7.4538547262e-01   7.4188462298e-01   3.0095407873e-01
7.4533013235e-01   7.3776148776e-01   3.0162114547e-01
7.4252862369e-01   6.9402957595e-01   3.0771026919e-01
7.2999673476e-01   6.1869161799e-01   3.1491058335e-01
7.2988523502e-01   6.1819091072e-01   3.1494698251e-01
7.2874887400e-01   6.1317475255e-01   3.1530406217e-01
7.1530019956e-01   5.6237392583e-01   3.1817964043e-01
6.8724803016e-01   4.8291418933e-01   3.2016096402e-01
6.8704354841e-01   4.8241394928e-01   3.2016403017e-01
6.8498255250e-01   4.7742065179e-01   3.2018817288e-01
6.6285133123e-01   4.2860518015e-01   3.1979543513e-01
6.2360781303e-01   3.5793820774e-01   3.1705651216e-01
6.2334206383e-01   3.5751334001e-01   3.1703144257e-01
6.2067592343e-01   3.5328550425e-01   3.1677586039e-01
5.9325842563e-01   3.1318372553e-01   3.1375852833e-01
5.4857346214e-01   2.5898717245e-01   3.0759929494e-01
5.4828386458e-01   2.5867510064e-01   3.0755512779e-01
5.4538674239e-01   2.5557880000e-01   3.0711051871e-01
5.1639283705e-01   2.2705063816e-01   3.0239564930e-01
4.7172680969e-01   1.9111290933e-01   2.9424984441e-01
4.7144623746e-01   1.9091573476e-01   2.9419540632e-01
4.6864516326e-01   1.8896609623e-01   2.9364969141e-01
4.4116058660e-01   1.7162066256e-01   2.8807676260e-01
4.0057802527e-01   1.5176871153e-01   2.7908001825e-01
3.6358356334e-01   1.3961891746e-01   2.6994708819e-01
3.6335968273e-01   1.3956311807e-01   2.6988864006e-01
3.6113013870e-01   1.3901940310e-01   2.6930426736e-01
3.3977722735e-01   1.3494330818e-01   2.6347852551e-01
3.0992811563e-01   1.3297690036e-01   2.5448959076e-01
2.8445564382e-01   1.3545061174e-01   2.4572076800e-01
2.6330147376e-01   1.4148880170e-01   2.3723081701e-01
2.6317974623e-01   1.4153735301e-01   2.3717749643e-01
2.6197182612e-01   1.4202931344e-01   2.3664500902e-01
2.5081691633e-01   1.4756540364e-01   2.3139350377e-01
2.3663990626e-01   1.5825500337e-01   2.2346296221e-01
2.2622711405e-01   1.7112984725e-01   2.1589127096e-01
2.1933340040e-01   1.8598843118e-01   2.0869703735e-01
2.1572959210e-01   2.0275517549e-01   2.0189899903e-01
2.1521659150e-01   2.2145652612e-01   1.9551842049e-01
2.1522289131e-01   2.2158257748e-01   1.9547900094e-01
2.1529246881e-01   2.2284768299e-01   1.9508580333e-01
2.1663923206e-01   2.3596615152e-01   1.9125520552e-01
2.2106419703e-01   2.5825883032e-01   1.8565153414e-01
2.2824745638e-01   2.8291073692e-01   1.8055062800e-01
2.3814846251e-01   3.1015761348e-01   1.7599952475e-01
2.5076804270e-01   3.4025097423e-01   1.7205682142e-01
2.5085758196e-01   3.4045318241e-01   1.7203370659e-01
2.5175917413e-01   3.4248224640e-01   1.7180409218e-01
2.6139819597e-01   3.6348356590e-01   1.6966576733e-01
2.7876867724e-01   3.9900344858e-01   1.6694011188e-01
2.9901894340e-01   4.3795695350e-01   1.6505802275e-01
2.9915794216e-01   4.3821744405e-01   1.6504894897e-01
3.0055461620e-01   4.4083030863e-01   1.6496038671e-01
3.1519460807e-01   4.6775518729e-01   1.6429956317e-01
3.4056960959e-01   5.1271562715e-01   1.6415298104e-01
3.6902910232e-01   5.6099523868e-01   1.6522755891e-01
3.6922113180e-01   5.6131396315e-01   1.6523873307e-01
3.7114839323e-01   5.6450769935e-01   1.6535362605e-01
3.9111503571e-01   5.9705845614e-01   1.6682758141e-01
4.2481131987e-01   6.4978638071e-01   1.7040360689e-01
4.2503635378e-01   6.5012909459e-01   1.7043181084e-01
4.2729315249e-01   6.5355903687e-01   1.7071772715e-01
4.5049193642e-01   6.8806166005e-01   1.7397430100e-01
4.8888339865e-01   7.4195213880e-01   1.8059272709e-01
4.8913651140e-01   7.4229326033e-01   1.8064133732e-01
4.9167244770e-01   7.4570018455e-01   1.8113193432e-01
5.1747647933e-01   7.7920878611e-01   1.8649309342e-01
5.5905958386e-01   8.2827603737e-01   1.9656449999e-01
5.5932881351e-01   8.2857161258e-01   1.9663560660e-01
5.6202250039e-01   8.3151197122e-01   1.9735132199e-01
5.8903314446e-01   8.5919262601e-01   2.0496864503e-01
6.3088682916e-01   8.9451179909e-01   2.1847689844e-01
6.3115041645e-01   8.9469995597e-01   2.1856916244e-01
6.3378205262e-01   8.9655209617e-01   2.1949562969e-01
6.5957877970e-01   9.1193287410e-01   2.2912043502e-01
6.9712084025e-01   9.2288881452e-01   2.4523517425e-01
7.2946365411e-01   9.1521404413e-01   2.6205887895e-01
7.2964925474e-01   9.1510004356e-01   2.6216702451e-01
7.3148867789e-01   9.1391342946e-01   2.6324811757e-01
7.4811526029e-01   8.9734622744e-01   2.7397121209e-01
7.6676931795e-01   8.5438135588e-01   2.8994892996e-01
7.7503499223e-01   7.9201510869e-01   3.0409188202e-01
7.7505173659e-01   7.9156031431e-01   3.0417442514e-01
7.7519321125e-01   7.8697665821e-01   3.0499363047e-01
7.7398276163e-01   7.3783180732e-01   3.1252344414e-01
7.6245583789e-01   6.5153398243e-01   3.2159766988e-01
7.6234468229e-01   6.5095537618e-01   3.2164430672e-01
7.6120745887e-01   6.4515581715e-01   3.2210244865e-01
7.4732131055e-01   5.8615333008e-01   3.2585327457e-01
7.1707702257e-01   4.9318227798e-01   3.2869446157e-01
7.1685294634e-01   4.9259531133e-01   3.2870104457e-01
7.1459232914e-01   4.8673557971e-01   3.2875900432e-01
6.9011513902e-01   4.2940146500e-01   3.2857337389e-01
6.4610812372e-01   3.4641991494e-01   3.2572792339e-01
6.4580833624e-01   3.4592168417e-01   3.2570069607e-01
6.4279967278e-01   3.4096452361e-01   3.2542261227e-01
6.1176680234e-01   2.9402459089e-01   3.2209535781e-01
5.6094275390e-01   2.3092772546e-01   3.1520780800e-01
5.6061272296e-01   2.3056595399e-01   3.1515826523e-01
5.5731077668e-01   2.2697769079e-01   3.1465950219e-01
5.2423930344e-01   1.9402508617e-01   3.0936957116e-01
4.7324670604e-01   1.5285911564e-01   3.0025121053e-01
4.7292636631e-01   1.5263455463e-01   3.0019042163e-01
4.6972830938e-01   1.5041498253e-01   2.9958116930e-01
4.3835423077e-01   1.3074121734e-01   2.9337323922e-01
3.9206210661e-01   1.0840188933e-01   2.8340821563e-01
3.4990605686e-01   9.4797695846e-02   2.7336477303e-01
3.4965104468e-01   9.4735055071e-02   2.7330072356e-01
3.4711152122e-01   9.4124348722e-02   2.7266049989e-01
3.2279227085e-01   8.9502267380e-02   2.6629259363e-01
2.8878116360e-01   8.6987981826e-02   2.5651448334e-01
2.5968296260e-01   8.9053775546e-02   2.4702087609e-01
2.3536611285e-01   9.4620655757e-02   2.3785853996e-01
2.3522546022e-01   9.4665647862e-02   2.3780105712e-01
2.3382912959e-01   9.5121530823e-02   2.3722703259e-01
2.2086922927e-01   1.0024240878e-01   2.3156793378e-01
2.0411544888e-01   1.1004102536e-01   2.2302177113e-01
1.9134403773e-01   1.2166774077e-01   2.1484808949e-01
1.8222290986e-01   1.3487517046e-01   2.0705137037e-01
1.7644346096e-01   1.4956198687e-01   1.9963632640e-01
1.7373608660e-01   1.6574380127e-01   1.9260990758e-01
1.7372815254e-01   1.6585231707e-01   1.9256623195e-01
1.7365520694e-01   1.6694107884e-01   1.9213037406e-01
1.7355541426e-01   1.7819777515e-01   1.8786237746e-01
1.7561813003e-01   1.9722844839e-01   1.8152791769e-01
1.8027826008e-01   2.1821006783e-01   1.7562327232e-01
1.8746207548e-01   2.4141675023e-01   1.7017583502e-01
1.9714914367e-01   2.6716068315e-01   1.6522214338e-01
1.9721920696e-01   2.6733425076e-01   1.6519214067e-01
1.9792553538e-01   2.6907641831e-01   1.6489333290e-01
2.0556172973e-01   2.8716602339e-01   1.6203021734e-01
2.1962413872e-01   3.1804373675e-01   1.5803909542e-01
2.3637435840e-01   3.5240357212e-01   1.5470491270e-01
2.5595277729e-01   3.9058325127e-01   1.5212003827e-01
2.5608746901e-01   3.9084044109e-01   1.5210614947e-01
2.5744113247e-01   3.9342162228e-01   1.5196920919e-01
2.7166187445e-01   4.2017454761e-01   1.5080163695e-01
2.9646840868e-01   4.6551404400e-01   1.4977885551e-01
3.2457075370e-01   5.1522416558e-01   1.4987918636e-01
3.2476147773e-01   5.1555614805e-01   1.4988383921e-01
3.2667649393e-01   5.1888562945e-01   1.4993333247e-01
3.4661063491e-01   5.5313104759e-01   1.5073604175e-01
3.8066960308e-01   6.0992612145e-01   1.5321632393e-01
3.8089893246e-01   6.1030116513e-01   1.5323741588e-01
3.8320023897e-01   6.1405916599e-01   1.5345218523e-01
4.0701157309e-01   6.5234150388e-01   1.5599823460e-01
4.4708280936e-01   7.1415432149e-01   1.6154764924e-01
4.4734994751e-01   7.1455472527e-01   1.6158975653e-01
4.5002864017e-01   7.1856077440e-01   1.6201564930e-01
4.7752459289e-01   7.5870671936e-01   1.6676917632e-01
5.2283813598e-01   8.2060062984e-01   1.7610227119e-01
5.2313594330e-01   8.2098805209e-01   1.7616977220e-01
5.2611889837e-01   8.2485370260e-01   1.7685035536e-01
5.5638311169e-01   8.6245873154e-01   1.8421886317e-01
6.0472345566e-01   9.1554968630e-01   1.9780404350e-01
6.0503428131e-01   9.1585927374e-01   1.9789898719e-01
6.0814238385e-01   9.1893042894e-01   1.9885394316e-01
6.3911273820e-01   9.4691096578e-01   2.0894311649e-01
6.8619772354e-01   9.7838876111e-01   2.2651811443e-01
6.8648984078e-01   9.7853316939e-01   2.2663677663e-01
6.8940276503e-01   9.7993351193e-01   2.2782726907e-01
7.1757283996e-01   9.8931726581e-01   2.4007928014e-01
7.5688970191e-01   9.8524237583e-01   2.6008339856e-01
7.8806151395e-01   9.5570262711e-01   2.8017177687e-01
7.8822893436e-01   9.5542852709e-01   2.8029788080e-01
7.8987873155e-01   9.5262794648e-01   2.8155618069e-01
8.0381086652e-01   9.1873030692e-01   2.9379345912e-01
8.1528554949e-01   8.4549199147e-01   3.1104939244e-01
8.1531547050e-01   8.4495100055e-01   3.1115019506e-01
8.1558322759e-01   8.3949462900e-01   3.1215059001e-01
8.1507026160e-01   7.8062686231e-01   3.2133717903e-01
8.0248646843e-01   6.7633489103e-01   3.3233293624e-01
8.0236002950e-01   6.7563378071e-01   3.3238895347e-01
8.0106408412e-01   6.6860576021e-01   3.3293878569e-01
7.8501386102e-01   5.9709540197e-01   3.3739362799e-01
7.4944832593e-01   4.8476115360e-01   3.4057732176e-01
7.4918341788e-01   4.8405461302e-01   3.4058329355e-01
7.4651018229e-01   4.7700358183e-01   3.4063330436e-01
7.1751041650e-01   4.0828103682e-01   3.4019488658e-01
6.6530280471e-01   3.0996104448e-01   3.3642625296e-01
6.6494734803e-01   3.0937588488e-01   3.3639146879e-01
6.6138030810e-01   3.0355768243e-01   3.3603685930e-01
6.2463133849e-01   2.4884347916e-01   3.3186147257e-01
5.6468564307e-01   1.7661610547e-01   3.2345141688e-01
5.6429756311e-01   1.7620729812e-01   3.2339172657e-01
5.6041575676e-01   1.7215624549e-01   3.2279134897e-01
5.2163284456e-01   1.3529983789e-01   3.1647964905e-01
4.6220666352e-01   9.0341310536e-02   3.0580319597e-01
4.6183486348e-01   9.0100218071e-02   3.0573277354e-01
4.5812413461e-01   8.7720104005e-02   3.0502748036e-01
4.2182559058e-01   6.6876561484e-02   2.9789147068e-01
3.6862425281e-01   4.3946298549e-02   2.8660970958e-01
3.6829968058e-01   4.3833214945e-02   2.8653760240e-01
3.6506562493e-01   4.2723928761e-02   2.8581677940e-01
3.3392405795e-01   3.3661171953e-02   2.7864441534e-01
2.8980655441e-01   2.5851570458e-02   2.6763895550e-01
2.5141074745e-01   2.4033804341e-02   2.5698169656e-01
2.5118348608e-01   2.4037672879e-02   2.5691478772e-01
2.4892357362e-01   2.4085938658e-02   2.5624661642e-01
2.2758136172e-01   2.5452095091e-02   2.4965796570e-01
1.9865015892e-01   3.0227317339e-02   2.3970370271e-01
1.7478043973e-01   3.7331168383e-02   2.3017183297e-01
1.5551863571e-01   4.6026956106e-02   2.2105311271e-01
1.5540922854e-01   4.6086546820e-02   2.2099608219e-01
1.5432442780e-01   4.6684889452e-02   2.2042667470e-01
1.4437841361e-01   5.2894142966e-02   2.1482157269e-01
1.3190228003e-01   6.3303812975e-02   2.0637667431e-01
1.2279300834e-01   7.4436485359e-02   1.9830712928e-01
1.1666385360e-01   8.6254884598e-02   1.9060184048e-01
1.1318630578e-01   9.8820555040e-02   1.8325268627e-01
1.1209415913e-01   1.1227073168e-01   1.7625484319e-01
1.1318415262e-01   1.2680185732e-01   1.6960709443e-01
1.1319781197e-01   1.2689879400e-01   1.6956570027e-01
1.1333898012e-01   1.2787115189e-01   1.6915255242e-01
1.1520280607e-01   1.3790845841e-01   1.6510076108e-01
1.1972845293e-01   1.5487781590e-01   1.5906080751e-01
1.2618740629e-01   1.7368505749e-01   1.5339007431e-01
1.3459139039e-01   1.9467995468e-01   1.4810662260e-01
1.4500371537e-01   2.1824806633e-01   1.4323674735e-01
1.4507700304e-01   2.1840799865e-01   1.4320699922e-01
1.4581465213e-01   2.2001407865e-01   1.4291053124e-01
1.5367615020e-01   2.3677422727e-01   1.4004959067e-01
1.6780956139e-01   2.6573538093e-01   1.3597901575e-01
1.8436409231e-01   2.9848281199e-01   1.3245372781e-01
2.0357382046e-01   3.3551048364e-01   1.2955448340e-01
2.0370581698e-01   3.3576219896e-01   1.2953816409e-01
2.0503238132e-01   3.3829013686e-01   1.2937661796e-01
2.1897370445e-01   3.6467394887e-01   1.2793249870e-01
2.4337209189e-01   4.1016010050e-01   1.2636382194e-01
2.7122917152e-01   4.6118780181e-01   1.2577943966e-01
2.7141920763e-01   4.6153280209e-01   1.2577927936e-01
2.7332810805e-01   4.6499601169e-01   1.2578034874e-01
2.9328812701e-01   5.0095830703e-01   1.2607067914e-01
3.2780645825e-01   5.6205147497e-01   1.2766119898e-01
3.2804079100e-01   5.6246128697e-01   1.2767632121e-01
3.3039378192e-01   5.6657250662e-01   1.2783124075e-01
3.5490183465e-01   6.0897164553e-01   1.2976704210e-01
3.9685622815e-01   6.7962620536e-01   1.3435825871e-01
3.9713909042e-01   6.8009366427e-01   1.3439439910e-01
3.9997786488e-01   6.8477806866e-01   1.3476083435e-01
4.2937734026e-01   7.3251692688e-01   1.3894862243e-01
4.7893659638e-01   8.0944891026e-01   1.4758105054e-01
4.7926719176e-01   8.0994563136e-01   1.4764513438e-01
4.8258225357e-01   8.1491362911e-01   1.4829246740e-01
5.1660875675e-01   8.6448181354e-01   1.5543372366e-01
5.7258741487e-01   9.3962074115e-01   1.6917197369e-01
5.7295449618e-01   9.4008372484e-01   1.6927040007e-01
5.7663050749e-01   9.4469687032e-01   1.7026217573e-01
6.1382326050e-01   9.8883940189e-01   1.8093520031e-01
6.7263804574e-01   1.0475554521e+00   2.0034753540e-01
6.7301293717e-01   1.0478782746e+00   2.0048207296e-01
6.7675884855e-01   1.0510636796e+00   2.0183439792e-01
7.1376366492e-01   1.0782330146e+00   2.1602281954e-01
7.6847354141e-01   1.1001633573e+00   2.4026572169e-01
7.6880508903e-01   1.1002103398e+00   2.4042713517e-01
7.7210472277e-01   1.1006096247e+00   2.4204471353e-01
8.0331166866e-01   1.0972450660e+00   2.5848756251e-01
8.4375757064e-01   1.0631546150e+00   2.8439775192e-01
8.7069573876e-01   9.9245829719e-01   3.0890761587e-01
8.7081715726e-01   9.9189148211e-01   3.0905560553e-01
8.7199335344e-01   9.8614659745e-01   3.1052776226e-01
8.7982559945e-01   9.2136846129e-01   3.2437562826e-01
8.7691972318e-01   7.9736220868e-01   3.4206431261e-01
8.7683977347e-01   7.9649787621e-01   3.4215943262e-01
8.7599714494e-01   7.8781432376e-01   3.4309714188e-01
8.6328593265e-01   6.9763693252e-01   3.5108560263e-01
8.6311990359e-01   6.9671084378e-01   3.5115245158e-01
8.6141788710e-01   6.8743050124e-01   3.5180652496e-01
8.4032382044e-01   5.9338490757e-01   3.5689980630e-01
8.4007653238e-01   5.9243943907e-01   3.5693747198e-01
8.3756539015e-01   5.8298613568e-01   3.5729979240e-01
8.0878777150e-01   4.8924108660e-01   3.5951504379e-01
8.0846792242e-01   4.8831661501e-01   3.5952456923e-01
8.0523636319e-01   4.7909199542e-01   3.5960646982e-01
7.6981968343e-01   3.8939122476e-01   3.5914081207e-01
7.6943901069e-01   3.8852217999e-01   3.5912487064e-01
7.6560563863e-01   3.7986678549e-01   3.5895376921e-01
7.2484005897e-01   2.9720409414e-01   3.5614078954e-01
7.2441224295e-01   2.9641636892e-01   3.5610317739e-01
7.2011451509e-01   2.8858450501e-01   3.5571744213e-01
6.7542064894e-01   2.1503159402e-01   3.5097208955e-01
6.0135528068e-01   1.1861720705e-01   3.4095566430e-01
6.0087251292e-01   1.1807523036e-01   3.4088372292e-01
5.9604177187e-01   1.1270749799e-01   3.4015980783e-01
5.4762465141e-01   6.4157164116e-02   3.3253114055e-01
4.7308427399e-01   5.8790082583e-03   3.1965804480e-01
4.7261714784e-01   5.5702077808e-03   3.1957353576e-01
4.6795471059e-01   2.5242025867e-03   3.1872753806e-01
4.2232715163e-01   -2.3933383126e-02   3.1021019814e-01
3.5545382746e-01   -5.2486049492e-02   2.9692494267e-01
3.5504602192e-01   -5.2625144417e-02   2.9684079513e-01
3.5098278999e-01   -5.3988642259e-02   2.9600015692e-01
3.1187330899e-01   -6.5068961110e-02   2.8768996581e-01
2.5651195142e-01   -7.4646717756e-02   2.7512868170e-01
2.5618094008e-01   -7.4683077822e-02   2.7505022049e-01
2.5288702882e-01   -7.5031554522e-02   2.7426698735e-01
2.2156061193e-01   -7.7141601345e-02   2.6657440854e-01
1.7833119772e-01   -7.6512764060e-02   2.5506243879e-01
1.4169926838e-01   -7.2787854319e-02   2.4416086776e-01
1.4148490366e-01   -7.2757436813e-02   2.4409301950e-01
1.3935468497e-01   -7.2449710027e-02   2.4341582166e-01
1.1935816456e-01   -6.9077385908e-02   2.3676983031e-01
9.2520344107e-02   -6.3180230377e-02   2.2681725465e-01
7.0435554738e-02   -5.7173268056e-02   2.1735685270e-01
5.2391966969e-02   -5.1555613867e-02   2.0834648307e-01
3.7724063940e-02   -4.6628168776e-02   1.9974988703e-01
3.7639768313e-02   -4.6599278267e-02   1.9969615916e-01
3.6803008769e-02   -4.6312315855e-02   1.9915974066e-01
2.9025629213e-02   -4.3641769412e-02   1.9388015541e-01
1.8774509100e-02   -4.0219980317e-02   1.8592343091e-01
1.0432521170e-02   -3.7736481097e-02   1.7830917467e-01
3.5880288425e-03   -3.6180997988e-02   1.7101840810e-01
-2.1080195925e-03   -3.5525429483e-02   1.6403477105e-01
-6.9496789102e-03   -3.5737971188e-02   1.5734391150e-01
-1.1184195983e-02   -3.6792825763e-02   1.5093304835e-01
-1.5020172382e-02   -3.8676777288e-02   1.4479067931e-01
-1.8635328877e-02   -4.1393644389e-02   1.3890640478e-01
-2.2183683443e-02   -4.4967400324e-02   1.3327084403e-01
-2.5802081500e-02   -4.9444562749e-02   1.2787562792e-01
-2.9616101810e-02   -5.4896308912e-02   1.2271346066e-01
-2.9641388475e-02   -5.4934515887e-02   1.2268117526e-01
-2.9894971683e-02   -5.5319000578e-02   1.2235883150e-01
-3.2508742291e-02   -5.9411617503e-02   1.1918614036e-01
-3.6933849369e-02   -6.6772988897e-02   1.1440914956e-01
-4.1879124736e-02   -7.5444123906e-02   1.0985214418e-01
-4.7472116555e-02   -8.5609843692e-02   1.0551364680e-01
-5.3851505907e-02   -9.7494023406e-02   1.0139473565e-01
-6.1171507308e-02   -1.1136456902e-01   9.7499788345e-02
-6.9606412198e-02   -1.2753919165e-01   9.3837496673e-02
-7.9355365516e-02   -1.4639190013e-01   9.0422246574e-02
-7.9422433573e-02   -1.4652202431e-01   9.0401237325e-02
-8.0096594630e-02   -1.4783029155e-01   9.0191749878e-02
-8.7199699392e-02   -1.6164133405e-01   8.8158888296e-02
-9.9745651961e-02   -1.8612531775e-01   8.5222368657e-02
-1.1431121275e-01   -2.1463898028e-01   8.2617595781e-02
-1.3123391381e-01   -2.4782365927e-01   8.0402383337e-02
-1.3135055964e-01   -2.4805248571e-01   8.0389625027e-02
-1.3252320875e-01   -2.5035291800e-01   8.0263098557e-02
-1.4489140070e-01   -2.7461544731e-01   7.9108749020e-02
-1.6677251600e-01   -3.1750339181e-01   7.7760831832e-02
-1.9218768056e-01   -3.6718463874e-01   7.7092579885e-02
-1.9236276074e-01   -3.6752618726e-01   7.7090857651e-02
-1.9412274671e-01   -3.7095897988e-01   7.7075577684e-02
-2.1267150974e-01   -4.0706403794e-01   7.7128837326e-02
-2.4539951405e-01   -4.7037137973e-01   7.8079594091e-02
-2.4562459003e-01   -4.7080471101e-01   7.8089580877e-02
-2.4788683513e-01   -4.7515844048e-01   7.8192433103e-02
-2.7169089169e-01   -5.2077107608e-01   7.9538238144e-02
-3.1349367816e-01   -5.9986194381e-01   8.2981701045e-02
-3.1378017168e-01   -6.0039898445e-01   8.3009761669e-02
-3.1665891508e-01   -6.0579120133e-01   8.3294974151e-02
-3.4685572998e-01   -6.6188287092e-01   8.6635957153e-02
-3.9941470430e-01   -7.5719041113e-01   9.3908383826e-02
-3.9977261991e-01   -7.5782813021e-01   9.3964053076e-02
-4.0336717549e-01   -7.6422364940e-01   9.4527677887e-02
-4.4086018198e-01   -8.2989194098e-01   1.0089473368e-01
-5.0508665095e-01   -9.3737106294e-01   1.1385066680e-01
-5.0551906892e-01   -9.3807056304e-01   1.1394664930e-01
-5.0985790244e-01   -9.4506996298e-01   1.1491623473e-01
-5.5466632660e-01   -1.0151800830e+00   1.2562635117e-01
-6.2930900791e-01   -1.1217847568e+00   1.4636604199e-01
-6.2980156487e-01   -1.1224396212e+00   1.4651537292e-01
-6.3473593647e-01   -1.1289612826e+00   1.4802066046e-01
-6.8481518797e-01   -1.1908733659e+00   1.6428266417e-01
-7.6423366092e-01   -1.2697592978e+00   1.9408065163e-01
-7.6473913907e-01   -1.2701695904e+00   1.9428776803e-01
-7.6978843374e-01   -1.2741950082e+00   1.9636985892e-01
-8.1945269875e-01   -1.3059158814e+00   2.1821952800e-01
-8.9135307593e-01   -1.3178034424e+00   2.5533649527e-01
-8.9177926576e-01   -1.3177082584e+00   2.5558167065e-01
-8.9601213922e-01   -1.3166275581e+00   2.5803667061e-01
-9.3506620142e-01   -1.2924718947e+00   2.8274278387e-01
-9.8096318023e-01   -1.2037890979e+00   3.2029703887e-01
-9.8118551096e-01   -1.2030208098e+00   3.2052643041e-01
-9.8335404530e-01   -1.1952007596e+00   3.2280965589e-01
-9.9927762397e-01   -1.1037790887e+00   3.4437120172e-01
-9.9938155855e-01   -1.1027490783e+00   3.4457334903e-01
-1.0003583396e+00   -1.0923301670e+00   3.4657827186e-01
-1.0036908296e+00   -9.7718752662e-01   3.6480353941e-01
-1.0036637186e+00   -9.7594491041e-01   3.6496761193e-01
-1.0033256802e+00   -9.6343058929e-01   3.6658713038e-01
-9.9320841254e-01   -8.3072118189e-01   3.8055180461e-01
-9.9304531454e-01   -8.2933658797e-01   3.8067012812e-01
-9.9134721412e-01   -8.1544152450e-01   3.8182942289e-01
-9.6775542024e-01   -6.7297061452e-01   3.9099303768e-01
-9.6746006092e-01   -6.7152638813e-01   3.9106222309e-01
-9.6444347359e-01   -6.5707671394e-01   3.9172967522e-01
-9.2821350159e-01   -5.1316951023e-01   3.9600344941e-01
-9.2779795431e-01   -5.1174764418e-01   3.9602466286e-01
-9.2358743440e-01   -4.9755997175e-01   3.9621409292e-01
-8.7631657086e-01   -3.5987726015e-01   3.9593799081e-01
-8.7579972532e-01   -3.5854826500e-01   3.9591632790e-01
-8.7058697100e-01   -3.4531965391e-01   3.9568034139e-01
-8.1443040775e-01   -2.1992304211e-01   3.9152222754e-01
-8.1383560530e-01   -2.1873841817e-01   3.9146544634e-01
-8.0785553677e-01   -2.0697332747e-01   3.9088254996e-01
-7.4526899269e-01   -9.7829140697e-02   3.8369515244e-01
-7.4462137121e-01   -9.6818604357e-02   3.8361217837e-01
-7.3812558079e-01   -8.6803502370e-02   3.8277182696e-01
-6.7160806445e-01   4.2511092198e-03   3.7344905945e-01
-6.7093212959e-01   5.0781226701e-03   3.7334865142e-01
-6.6416481596e-01   1.3257959648e-02   3.7233806749e-01
-5.9604498609e-01   8.6198195586e-02   3.6170212839e-01
-5.9536275886e-01   8.6848265536e-02   3.6159194457e-01
-5.8854254176e-01   9.3265189126e-02   3.6048700304e-01
-5.2083198699e-01   1.4938107944e-01   3.4922011555e-01
-4.2571822379e-01   2.0766566844e-01   3.3268981439e-01
-4.2508499828e-01   2.0798199290e-01   3.3257753645e-01
-4.1877031241e-01   2.1108791735e-01   3.3145639842e-01
-3.5751289891e-01   2.3682274422e-01   3.2044449680e-01
-2.6949833361e-01   2.6105949900e-01   3.0417398726e-01
-2.6896798877e-01   2.6116384205e-01   3.0407414087e-01
-2.6368799494e-01   2.6217689811e-01   3.0307876494e-01
-2.1325040392e-01   2.6957465620e-01   2.9343663298e-01
-1.4298989481e-01   2.7356504546e-01   2.7948917857e-01
-1.4257354617e-01   2.7356881869e-01   2.7940424335e-01
-1.3843271440e-01   2.7359451743e-01   2.7855779278e-01
-9.9246747959e-02   2.7283082179e-01   2.7037588921e-01
-4.5639730464e-02   2.6929852717e-01   2.5854387800e-01
-3.8572751725e-04   2.6495754958e-01   2.4774462669e-01
-1.2053012910e-04   2.6493102360e-01   2.4767855238e-01
2.5154619713e-03   2.6466778357e-01   2.4701980250e-01
2.7343753543e-02   2.6230082900e-01   2.4062497849e-01
6.1153148101e-02   2.6002971293e-01   2.3127775036e-01
8.9911179092e-02   2.6014870259e-01   2.2264111682e-01
1.1473304188e-01   2.6313519455e-01   2.1464694945e-01
1.1488138435e-01   2.6316422568e-01   2.1459777321e-01
1.1635829481e-01   2.6346167498e-01   2.1410735191e-01
1.3052543946e-01   2.6716049183e-01   2.0933569279e-01
1.5088951774e-01   2.7565695534e-01   2.0234941139e-01
1.6978869755e-01   2.8757255670e-01   1.9593204796e-01
1.8793696048e-01   3.0300028279e-01   1.9008896652e-01
2.0595729303e-01   3.2202068730e-01   1.8484052584e-01
2.0607336508e-01   3.2215409283e-01   1.8480893389e-01
2.0723506445e-01   3.2349641648e-01   1.8449443137e-01
2.1897632137e-01   3.3775073134e-01   1.8149352313e-01
2.3800183078e-01   3.6309787763e-01   1.7735161773e-01
2.5822355348e-01   3.9224493876e-01   1.7393541034e-01
2.8002233974e-01   4.2524066861e-01   1.7132400870e-01
2.8016759718e-01   4.2546416081e-01   1.7131009457e-01
2.8162448974e-01   4.2770775461e-01   1.7117298711e-01
2.9664084761e-01   4.5100799251e-01   1.7001122356e-01
3.2187044753e-01   4.9053329066e-01   1.6901334928e-01
3.4943995816e-01   5.3366566069e-01   1.6913066586e-01
3.4962423515e-01   5.3395250163e-01   1.6913531930e-01
3.5147265179e-01   5.3682820788e-01   1.6918470670e-01
3.7052670623e-01   5.6628622752e-01   1.6997244395e-01
4.0241306265e-01   6.1457875836e-01   1.7235143309e-01
4.3683033378e-01   6.6480749831e-01   1.7627893789e-01
4.3705835944e-01   6.6513251348e-01   1.7630940741e-01
4.3934393708e-01   6.6838412990e-01   1.7661797048e-01
4.6271568813e-01   7.0096072915e-01   1.8009850360e-01
5.0094681760e-01   7.5124984405e-01   1.8704166440e-01
5.0119715324e-01   7.5156537773e-01   1.8709218238e-01
5.0370406162e-01   7.5471455469e-01   1.8760170258e-01
5.2908982867e-01   7.8545486654e-01   1.9313405607e-01
5.6953259780e-01   8.2948450458e-01   2.0338247517e-01
5.6979255005e-01   8.2974509616e-01   2.0345425708e-01
5.7239204749e-01   8.3233374756e-01   2.0417635741e-01
5.9831779458e-01   8.5631751163e-01   2.1181739572e-01
6.3794823836e-01   8.8530025186e-01   2.2518756779e-01
6.7508612393e-01   9.0092926688e-01   2.3998551561e-01
6.7531187928e-01   9.0097936038e-01   2.4008372598e-01
6.7755967532e-01   9.0144307130e-01   2.4106783606e-01
6.9895930662e-01   9.0222158267e-01   2.5107349242e-01
7.2757951243e-01   8.8842640268e-01   2.6696363648e-01
7.4863718196e-01   8.5538800081e-01   2.8241063191e-01
7.6046059965e-01   8.0366925538e-01   2.9650368346e-01
7.6050359353e-01   8.0328266716e-01   2.9658754573e-01
7.6090986016e-01   7.9938025355e-01   2.9742109263e-01
7.6256423143e-01   7.5690693666e-01   3.0520790019e-01
7.5616950010e-01   6.8003460961e-01   3.1507034302e-01
7.5609314140e-01   6.7951065018e-01   3.1512338317e-01
7.5530495878e-01   6.7425293346e-01   3.1564641739e-01
7.4499489542e-01   6.2016975881e-01   3.2012481450e-01
7.2046063850e-01   5.3283787473e-01   3.2432002463e-01
7.2027282986e-01   5.3227838709e-01   3.2433584043e-01
7.1837438564e-01   5.2668734707e-01   3.2448639866e-01
6.9744855192e-01   4.7143431096e-01   3.2524549750e-01
6.5857836818e-01   3.8960988186e-01   3.2387788522e-01
6.5830928500e-01   3.8911149416e-01   3.2385988608e-01
6.5560595599e-01   3.8414787880e-01   3.2367383639e-01
6.2744493400e-01   3.3668580304e-01   3.2123722223e-01
5.8038039548e-01   2.7139732358e-01   3.1560024670e-01
5.8007137685e-01   2.7101727761e-01   3.1555805532e-01
5.7697739188e-01   2.6724381538e-01   3.1513232618e-01
5.4576917286e-01   2.3222714894e-01   3.1052388059e-01
4.9691743508e-01   1.8733301107e-01   3.0229189347e-01
4.9660788068e-01   1.8708356825e-01   3.0223608922e-01
4.9351572100e-01   1.8461483405e-01   3.0167621996e-01
4.6301139308e-01   1.6243677983e-01   2.9591720278e-01
4.1745262956e-01   1.3629674894e-01   2.8650485783e-01
3.7539807467e-01   1.1925101521e-01   2.7686282149e-01
3.7514201406e-01   1.1916787391e-01   2.7680092918e-01
3.7259094420e-01   1.1835330935e-01   2.7618201767e-01
3.4805807866e-01   1.1181109362e-01   2.7000302137e-01
3.1342285763e-01   1.0674453838e-01   2.6044611312e-01
2.8346238237e-01   1.0680532858e-01   2.5110642731e-01
2.5815637034e-01   1.1087733933e-01   2.4205167639e-01
2.5800918339e-01   1.1091429165e-01   2.4199476894e-01
2.5654743051e-01   1.1129079093e-01   2.4142643107e-01
2.4292925825e-01   1.1571575059e-01   2.3581813809e-01
2.2516117876e-01   1.2475210441e-01   2.2733447874e-01
2.1143791801e-01   1.3595599977e-01   2.1921063816e-01
2.0146285837e-01   1.4901887016e-01   2.1145809485e-01
1.9494938732e-01   1.6378530881e-01   2.0408702364e-01
1.9163945348e-01   1.8022449609e-01   1.9710890647e-01
1.9162809953e-01   1.8033514211e-01   1.9706556260e-01
1.9152126022e-01   1.8144551410e-01   1.9663304136e-01
1.9111301774e-01   1.9294723489e-01   1.9240052417e-01
1.9280327356e-01   2.1245076956e-01   1.8613100019e-01
1.9721974463e-01   2.3398746414e-01   1.8030620787e-01
2.0427975678e-01   2.5780185834e-01   1.7495745904e-01
2.1395092571e-01   2.8417585089e-01   1.7012537852e-01
2.1402120430e-01   2.8435345091e-01   1.7009623662e-01
2.1472989478e-01   2.8613591582e-01   1.6980609836e-01
2.2240971958e-01   3.0462381832e-01   1.6703605021e-01
2.3660465275e-01   3.3608792803e-01   1.6321566081e-01
2.5354728880e-01   3.7094753613e-01   1.6008676867e-01
2.7335252882e-01   4.0948027287e-01   1.5774566592e-01
2.7348871787e-01   4.0973909374e-01   1.5773346757e-01
2.7485736028e-01   4.1233608125e-01   1.5761352556e-01
2.8922648723e-01   4.3919183773e-01   1.5662542613e-01
3.1424093258e-01   4.8444436347e-01   1.5591825480e-01
3.4248001962e-01   5.3366323522e-01   1.5637600265e-01
3.4267127084e-01   5.3399048869e-01   1.5638306840e-01
3.4459126645e-01   5.3727145401e-01   1.5645677392e-01
3.6454238572e-01   5.7090080688e-01   1.5750945729e-01
3.9847423340e-01   6.2617919507e-01   1.6040332846e-01
3.9870200591e-01   6.2654205803e-01   1.6042712704e-01
4.0098715494e-01   6.3017637511e-01   1.6066898891e-01
4.2457313896e-01   6.6702452352e-01   1.6348723500e-01
4.6401436115e-01   7.2579276615e-01   1.6945238958e-01
4.6427619738e-01   7.2617023716e-01   1.6949705256e-01
4.6690089565e-01   7.2994441180e-01   1.6994839473e-01
4.9375352157e-01   7.6750937769e-01   1.7494298074e-01
5.3763322857e-01   8.2436201700e-01   1.8457712893e-01
5.3791998955e-01   8.2471311572e-01   1.8464614371e-01
5.4079108580e-01   8.2821266580e-01   1.8534151876e-01
5.6979192959e-01   8.6187253062e-01   1.9281922031e-01
6.1558998365e-01   9.0781924436e-01   2.0639555540e-01
6.1588219706e-01   9.0807967776e-01   2.0648958599e-01
6.1880249572e-01   9.1065713379e-01   2.0743474228e-01
6.4772553210e-01   9.3350781107e-01   2.1735450318e-01
6.9099953011e-01   9.5652151718e-01   2.3436792916e-01
7.2996651003e-01   9.6039028268e-01   2.5267754207e-01
7.3019679641e-01   9.6034567050e-01   2.5279711801e-01
7.3248441616e-01   9.5984870305e-01   2.5399383934e-01
7.5370480236e-01   9.4967839507e-01   2.6600203370e-01
7.7972546906e-01   9.1425310873e-01   2.8440604669e-01
7.9509524334e-01   8.5539135068e-01   3.0132838790e-01
7.9515528585e-01   8.5494413787e-01   3.0142934436e-01
7.9572774673e-01   8.5042550142e-01   3.0243291197e-01
7.9859560705e-01   8.0084047737e-01   3.1181422753e-01
7.9233987969e-01   7.0994886505e-01   3.2368007224e-01
7.9225721876e-01   7.0932639141e-01   3.2374368105e-01
7.9140094287e-01   7.0307868083e-01   3.2437071967e-01
7.7990610725e-01   6.3870496359e-01   3.2971634189e-01
7.5176452750e-01   5.3470221619e-01   3.3462292489e-01
7.5154724113e-01   5.3403691308e-01   3.3464079960e-01
7.4934984236e-01   5.2738963614e-01   3.3481026247e-01
7.2504081279e-01   4.6184605577e-01   3.3559610378e-01
6.7968482057e-01   3.6552023224e-01   3.3374818035e-01
6.7937052152e-01   3.6493712633e-01   3.3372536601e-01
6.7621289057e-01   3.5913257226e-01   3.3349009935e-01
6.4332547370e-01   3.0391237871e-01   3.3046540382e-01
5.8846734390e-01   2.2898926566e-01   3.2365063009e-01
5.8810782960e-01   2.2855743746e-01   3.2360021918e-01
5.8450884111e-01   2.2427290607e-01   3.2309195465e-01
5.4826995204e-01   1.8480332301e-01   3.1763242030e-01
4.9180898786e-01   1.3513632165e-01   3.0803884877e-01
4.9145235730e-01   1.3486399201e-01   3.0797441239e-01
4.8789077887e-01   1.3217125400e-01   3.0732834996e-01
4.5283835384e-01   1.0820607569e-01   3.0072403446e-01
4.0077977922e-01   8.0628563588e-02   2.9007575580e-01
4.0045971739e-01   8.0487322957e-02   2.9000701759e-01
3.9726897994e-01   7.9097795245e-02   2.8931944964e-01
3.6639353884e-01   6.7376757295e-02   2.8243896114e-01
3.2218272675e-01   5.6005649535e-02   2.7176484402e-01
2.8324960099e-01   5.1410648701e-02   2.6132557937e-01
2.8301787223e-01   5.1399290309e-02   2.6125978252e-01
2.8071270225e-01   5.1297038571e-02   2.6060256025e-01
2.5886790360e-01   5.1330564447e-02   2.5410788837e-01
2.2903538063e-01   5.4621753719e-02   2.4425604469e-01
2.0423029462e-01   6.0905789731e-02   2.3479062225e-01
1.8409410384e-01   6.9364840209e-02   2.2571773119e-01
1.8397946179e-01   6.9424624203e-02   2.2566095301e-01
1.8284261380e-01   7.0026034102e-02   2.2509404840e-01
1.7240917847e-01   7.6375724837e-02   2.1951239172e-01
1.5931330901e-01   8.7375270073e-02   2.1110204350e-01
1.4978995585e-01   9.9502200724e-02   2.0307047637e-01
1.4347794269e-01   1.1267857418e-01   1.9541254105e-01
1.4006577729e-01   1.2693901404e-01   1.8812574676e-01
1.3929884275e-01   1.4240606650e-01   1.8121110610e-01
1.4098245057e-01   1.5927173023e-01   1.7467386742e-01
1.4100078713e-01   1.5938462729e-01   1.7463328352e-01
1.4118934838e-01   1.6051731111e-01   1.7422831668e-01
1.4358957378e-01   1.7223051905e-01   1.7026662974e-01
1.4918465984e-01   1.9208883927e-01   1.6440195465e-01
1.5700133127e-01   2.1412307394e-01   1.5895751743e-01
1.6705933964e-01   2.3869379415e-01   1.5396360304e-01
1.7943014998e-01   2.6619286651e-01   1.4946134082e-01
1.7951696240e-01   2.6637908706e-01   1.4943423242e-01
1.8039056127e-01   2.6824884253e-01   1.4916437840e-01
1.8968209590e-01   2.8772427953e-01   1.4659232677e-01
2.0630987620e-01   3.2120498670e-01   1.4306652205e-01
2.2567458863e-01   3.5876870381e-01   1.4022155653e-01
2.2580774333e-01   3.5902304793e-01   1.4020577091e-01
2.2714596796e-01   3.6157664270e-01   1.4004969540e-01
2.4120903872e-01   3.8814855131e-01   1.3867385911e-01
2.6579117346e-01   4.3362642629e-01   1.3726271311e-01
2.9376975920e-01   4.8415736929e-01   1.3689862399e-01
2.9396022152e-01   4.8449727533e-01   1.3690007132e-01
2.9587307642e-01   4.8790805828e-01   1.3691735236e-01
3.1583735482e-01   5.2318718981e-01   1.3738294090e-01
3.5019069777e-01   5.8253426075e-01   1.3929022231e-01
3.5042312291e-01   5.8292983545e-01   1.3930751196e-01
3.5275635374e-01   5.8689634088e-01   1.3948418814e-01
3.7699208371e-01   6.2760050846e-01   1.4164441530e-01
4.1818895353e-01   6.9457904302e-01   1.4659598602e-01
4.1846542511e-01   6.9501848158e-01   1.4663439616e-01
4.2123909536e-01   6.9941931746e-01   1.4702346395e-01
4.4985963595e-01   7.4397229125e-01   1.5142788954e-01
4.9766132156e-01   8.1454020966e-01   1.6033059356e-01
4.9797826711e-01   8.1499044273e-01   1.6039599170e-01
5.0115501620e-01   8.1948940371e-01   1.6105610168e-01
5.3360840910e-01   8.6394757463e-01   1.6828282789e-01
5.8636562644e-01   9.2958056747e-01   1.8194552196e-01
5.8670886803e-01   9.2997703450e-01   1.8204241688e-01
5.9014412992e-01   9.3392124757e-01   1.8301803535e-01
6.2468967911e-01   9.7102169424e-01   1.9343767528e-01
6.7847360958e-01   1.0177431957e+00   2.1205410895e-01
6.7881283147e-01   1.0179869244e+00   2.1218174878e-01
6.8219966468e-01   1.0203805978e+00   2.1346373559e-01
7.1538292648e-01   1.0396222702e+00   2.2680735719e-01
7.6338241107e-01   1.0498206879e+00   2.4918328827e-01
8.0383429224e-01   1.0313604963e+00   2.7241834371e-01
8.0406159585e-01   1.0311424711e+00   2.7256676506e-01
8.0630997475e-01   1.0288906943e+00   2.7404958770e-01
8.2615826363e-01   9.9919267676e-01   2.8865124224e-01
8.4621759060e-01   9.2717497273e-01   3.0987300824e-01
8.4629822978e-01   9.2661911601e-01   3.0999953032e-01
8.4706951742e-01   9.2099787391e-01   3.1125701534e-01
8.5118159089e-01   8.5886665445e-01   3.2298013168e-01
8.4397998228e-01   7.4391840277e-01   3.3761351073e-01
8.4387957646e-01   7.4312954269e-01   3.3769079871e-01
8.4283768309e-01   7.3521175051e-01   3.3845165606e-01
8.2868146036e-01   6.5369211361e-01   3.4483320208e-01
7.9363974114e-01   5.2279247647e-01   3.5026406658e-01
7.9336861327e-01   5.2196026814e-01   3.5028119597e-01
7.9062662310e-01   5.1364982581e-01   3.5044050417e-01
7.6030096409e-01   4.3219331778e-01   3.5086955076e-01
7.0390643726e-01   3.1451505882e-01   3.4768740380e-01
7.0351688889e-01   3.1381170913e-01   3.4765364644e-01
6.9960434117e-01   3.0681686344e-01   3.4730757003e-01
6.5897848131e-01   2.4092910318e-01   3.4305678636e-01
5.9177019817e-01   1.5380801832e-01   3.3405945392e-01
5.9133220839e-01   1.5331498929e-01   3.3399460390e-01
5.8694945092e-01   1.4842961915e-01   3.3334184126e-01
5.4300680993e-01   1.0401673730e-01   3.2643933469e-01
4.7524806122e-01   4.9985117315e-02   3.1468762888e-01
4.7482286625e-01   4.9695963509e-02   3.1461003613e-01
4.7057850315e-01   4.6841754588e-02   3.1383295171e-01
4.2899657655e-01   2.1874390751e-02   3.0597648900e-01
3.6788413487e-01   -5.5748241503e-03   2.9360247210e-01
3.6751079474e-01   -5.7104848146e-03   2.9352363534e-01
3.6379050896e-01   -7.0416734551e-03   2.9273573665e-01
3.2793932223e-01   -1.7972199570e-02   2.8491635675e-01
2.7706033040e-01   -2.7713619460e-02   2.7299485941e-01
2.3266157654e-01   -3.0741803021e-02   2.6154067056e-01
2.3239830352e-01   -3.0744368128e-02   2.6146902961e-01
2.2977989778e-01   -3.0759851684e-02   2.6075378164e-01
2.0501082916e-01   -2.9991699790e-02   2.5371789897e-01
1.7125388945e-01   -2.6155297258e-02   2.4314158093e-01
1.4310648064e-01   -2.0221538542e-02   2.3306451564e-01
1.1998726034e-01   -1.3118901532e-02   2.2345847439e-01
1.1985424455e-01   -1.3071186008e-02   2.2339847470e-01
1.1853399630e-01   -1.2592874715e-02   2.2279946569e-01
1.0629030010e-01   -7.7178729207e-03   2.1690653546e-01
9.0368219541e-02   7.0806052528e-05   2.0803458895e-01
7.7879102625e-02   7.8512180893e-03   1.9955386564e-01
6.8314796125e-02   1.5506023301e-02   1.9144066815e-01
6.1231574806e-02   2.3018221809e-02   1.8367482250e-01
5.6252990514e-02   3.0441025456e-02   1.7623922729e-01
5.3068593762e-02   3.7876154316e-02   1.6911935822e-01
5.3053432847e-02   3.7924032545e-02   1.6907480194e-01
5.2905279913e-02   3.8403151419e-02   1.6862992086e-01
5.1758345371e-02   4.3236185433e-02   1.6424869923e-01
5.1098761982e-02   5.1019588185e-02   1.5764113815e-01
5.1690943275e-02   5.9235260927e-02   1.5132008852e-01
5.3430244502e-02   6.8073848572e-02   1.4527804971e-01
5.6256010817e-02   7.7743055697e-02   1.3950935435e-01
6.0147793667e-02   8.8469463003e-02   1.3401041243e-01
6.5122496917e-02   1.0050188384e-01   1.2878011223e-01
7.1232513138e-02   1.1411590050e-01   1.2382040545e-01
7.8564855639e-02   1.2961929429e-01   1.1913712126e-01
7.8615937523e-02   1.2972527173e-01   1.1910807283e-01
7.9129782664e-02   1.3079008998e-01   1.1881823460e-01
8.4578656045e-02   1.4196266878e-01   1.1598525193e-01
9.4302820901e-02   1.6152306643e-01   1.1180319829e-01
1.0566286582e-01   1.8401756279e-01   1.0794293602e-01
1.1888170464e-01   2.0992740428e-01   1.0443777293e-01
1.3422400733e-01   2.3979322755e-01   1.0133448274e-01
1.3432962626e-01   2.3999827221e-01   1.0131605265e-01
1.3539130071e-01   2.4205900127e-01   1.0113280129e-01
1.4657474418e-01   2.6372880043e-01   9.9409455462e-02
1.6629011770e-01   3.0178490462e-01   9.7155150938e-02
1.8907523773e-01   3.4555249207e-01   9.5534714740e-02
1.8923178666e-01   3.4585239601e-01   9.5526677442e-02
1.9080518351e-01   3.4886595057e-01   9.5448056436e-02
2.0735473010e-01   3.8049139630e-01   9.4846297274e-02
2.3642109228e-01   4.3568458772e-01   9.4668588028e-02
2.3662044451e-01   4.3606143195e-01   9.4670834243e-02
2.3862375457e-01   4.3984700586e-01   9.4695858265e-02
2.5966288644e-01   4.7944590802e-01   9.5216811149e-02
2.9645508480e-01   5.4791578651e-01   9.7158596087e-02
2.9670665189e-01   5.4838016408e-01   9.7176036856e-02
2.9923405150e-01   5.5304253889e-01   9.7354250862e-02
3.2570567884e-01   6.0152570765e-01   9.9538607578e-02
3.7164751100e-01   6.8396502529e-01   1.0462415492e-01
3.7195994851e-01   6.8451745519e-01   1.0466409074e-01
3.7509753568e-01   6.9005853094e-01   1.0506903802e-01
4.0780559025e-01   7.4707337595e-01   1.0970649953e-01
4.6382721043e-01   8.4114994067e-01   1.1936428388e-01
4.6420465282e-01   8.4176667951e-01   1.1943656379e-01
4.6799221963e-01   8.4794192509e-01   1.2016718859e-01
5.0715763025e-01   9.1026621905e-01   1.2828793528e-01
5.7274271413e-01   1.0074903259e+00   1.4421582627e-01
5.7317754973e-01   1.0081010742e+00   1.4433133379e-01
5.7753550091e-01   1.0141952086e+00   1.4549629459e-01
6.2198089954e-01   1.0733787110e+00   1.5815286019e-01
6.9359097306e-01   1.1553173542e+00   1.8169392131e-01
6.9405270118e-01   1.1557823983e+00   1.8185924644e-01
6.9866998999e-01   1.1603828306e+00   1.8352261089e-01
7.4464749367e-01   1.2007756839e+00   2.0113994920e-01
8.1385888240e-01   1.2380280930e+00   2.3186626879e-01
8.1428289778e-01   1.2381442130e+00   2.3207318088e-01
8.1850584754e-01   1.2392110606e+00   2.3414826079e-01
8.5872284823e-01   1.2399113859e+00   2.5538888369e-01
9.1161306655e-01   1.2009274075e+00   2.8928093679e-01
9.1190202816e-01   1.2005106551e+00   2.8949570387e-01
9.1475254925e-01   1.1962238980e+00   2.9163958631e-01
9.3906012575e-01   1.1414719065e+00   3.1253432650e-01
9.5951358747e-01   1.0147219148e+00   3.4177519330e-01
9.5956828980e-01   1.0137645017e+00   3.4194355295e-01
9.6005951696e-01   1.0040977164e+00   3.4361189327e-01
9.5928086473e-01   8.9899786084e-01   3.5864594103e-01
9.5922005206e-01   8.9787768513e-01   3.5878010475e-01
9.5855363343e-01   8.8661018802e-01   3.6010313011e-01
9.4606059958e-01   7.6840596333e-01   3.7139807866e-01
9.4588242253e-01   7.6718303469e-01   3.7149270971e-01
9.4404327338e-01   7.5492022866e-01   3.7241862960e-01
9.2002910682e-01   6.3005607609e-01   3.7962275244e-01
9.1973864944e-01   6.2879708825e-01   3.7967591246e-01
9.1678099041e-01   6.1620687371e-01   3.8018709120e-01
8.8211333400e-01   4.9131072206e-01   3.8329644753e-01
8.8172211161e-01   4.9008017093e-01   3.8330963419e-01
8.7776398816e-01   4.7780419967e-01   3.8342264535e-01
8.3388701410e-01   3.5884250664e-01   3.8275083001e-01
8.3341163336e-01   3.5769493482e-01   3.8272841156e-01
8.2862116864e-01   3.4627211178e-01   3.8248812671e-01
7.7738899571e-01   2.3791356571e-01   3.7858544200e-01
7.7684927748e-01   2.3688855142e-01   3.7853368981e-01
7.7142573467e-01   2.2670653264e-01   3.7800347696e-01
7.1490297376e-01   1.3200253782e-01   3.7155104814e-01
7.1431992495e-01   1.3112302096e-01   3.7147704872e-01
7.0847345059e-01   1.2240308655e-01   3.7072790579e-01
6.4874058979e-01   4.2786710404e-02   3.6243417047e-01
6.4813457555e-01   4.2060233747e-02   3.6234486898e-01
6.4206809430e-01   3.4870900341e-02   3.6144597348e-01
5.8106089816e-01   -2.9605962143e-02   3.5196559349e-01
4.9002269991e-01   -1.0295188414e-01   3.3666797735e-01
4.8942982228e-01   -1.0335071413e-01   3.3656474207e-01
4.8351188811e-01   -1.0727984559e-01   3.3553198615e-01
4.2558248375e-01   -1.4097640206e-01   3.2521266172e-01
3.4075083916e-01   -1.7612753093e-01   3.0944326951e-01
3.4023413574e-01   -1.7629427134e-01   3.0934476484e-01
3.3508640809e-01   -1.7792573329e-01   3.0836168071e-01
2.8559200458e-01   -1.9093913933e-01   2.9874053307e-01
2.1571524183e-01   -2.0162058293e-01   2.8453596499e-01
2.1529809530e-01   -2.0165914801e-01   2.8444851247e-01
2.1114744043e-01   -2.0202733580e-01   2.8357638058e-01
1.7170464726e-01   -2.0416054141e-01   2.7509243799e-01
1.1732057298e-01   -2.0338033874e-01   2.6266356488e-01
1.1700004040e-01   -2.0336426078e-01   2.6258717754e-01
1.1381318366e-01   -2.0319772746e-01   2.6182540282e-01
8.3742687238e-02   -2.0107123901e-01   2.5441175809e-01
4.2827681610e-02   -1.9692562393e-01   2.4351520467e-01
8.4290436945e-03   -1.9304202844e-01   2.3337297849e-01
8.2276841423e-03   -1.9302039414e-01   2.3331032535e-01
6.2263002093e-03   -1.9280699974e-01   2.3268528151e-01
-1.2622035786e-02   -1.9100672782e-01   2.2657949209e-01
-3.8315687162e-02   -1.8969040520e-01   2.1752930541e-01
-6.0261118919e-02   -1.9059831813e-01   2.0903261187e-01
-7.9346531427e-02   -1.9403013949e-01   2.0104765914e-01
-9.6366551559e-02   -2.0018194686e-01   1.9354713523e-01
-9.6470339262e-02   -2.0023037774e-01   1.9350067648e-01
-9.7505204812e-02   -2.0072113993e-01   1.9303714310e-01
-1.0758698980e-01   -2.0628072904e-01   1.8850685679e-01
-1.2265946057e-01   -2.1740415736e-01   1.8180633938e-01
-1.3738747996e-01   -2.3160768601e-01   1.7557515707e-01
-1.5227723154e-01   -2.4903787623e-01   1.6982735638e-01
-1.6778489285e-01   -2.6986982439e-01   1.6458808784e-01
-1.6788699904e-01   -2.7001446264e-01   1.6455628352e-01
-1.6891042039e-01   -2.7146897450e-01   1.6423946935e-01
-1.7940168802e-01   -2.8683922443e-01   1.6119673941e-01
-1.9691845153e-01   -3.1398453420e-01   1.5692206211e-01
-2.1612440474e-01   -3.4515528657e-01   1.5329278176e-01
-2.3737690779e-01   -3.8061033128e-01   1.5039213934e-01
-2.3752019013e-01   -3.8085146237e-01   1.5037614463e-01
-2.3895841205e-01   -3.8327298057e-01   1.5021807802e-01
-2.5389810864e-01   -4.0852019925e-01   1.4883204526e-01
-2.7943339579e-01   -4.5183079537e-01   1.4743755450e-01
-3.0789524346e-01   -4.9991830122e-01   1.4712239327e-01
-3.0808733196e-01   -5.0024129171e-01   1.4712423244e-01
-3.1001542874e-01   -5.0348187042e-01   1.4714547528e-01
-3.3002977095e-01   -5.3694406494e-01   1.4765407680e-01
-3.6407993257e-01   -5.9294472677e-01   1.4963102862e-01
-3.6430886882e-01   -5.9331657956e-01   1.4964872862e-01
-3.6660609573e-01   -5.9704410120e-01   1.4982945952e-01
-3.9036769390e-01   -6.3517271136e-01   1.5202349991e-01
-4.3038174528e-01   -6.9737431296e-01   1.5698446495e-01
-4.3064880717e-01   -6.9777999971e-01   1.5702268203e-01
-4.3332703825e-01   -7.0184099205e-01   1.5740959961e-01
-4.6085530255e-01   -7.4275871316e-01   1.6176738511e-01
-5.0641584597e-01   -8.0676593584e-01   1.7047478756e-01
-5.0671624831e-01   -8.0717079736e-01   1.7053832789e-01
-5.0972597721e-01   -8.1121373667e-01   1.7117937152e-01
-5.4034800558e-01   -8.5089034228e-01   1.7816220369e-01
-5.8964320427e-01   -9.0836937221e-01   1.9121009962e-01
-5.8996194226e-01   -9.0871168965e-01   1.9130199390e-01
-5.9315053987e-01   -9.1211341965e-01   1.9222679229e-01
-6.2506979367e-01   -9.4372404158e-01   2.0205275481e-01
-6.7421423312e-01   -9.8198437978e-01   2.1939926611e-01
-6.7452194530e-01   -9.8217604907e-01   2.1951735286e-01
-6.7759256290e-01   -9.8405139695e-01   2.2070278618e-01
-7.0751559974e-01   -9.9839698425e-01   2.3297849042e-01
-7.5020913790e-01   -1.0025464341e+00   2.5332663005e-01
-7.8545799920e-01   -9.8106272577e-01   2.7417771711e-01
-7.8565339367e-01   -9.8083750101e-01   2.7431007635e-01
-7.8758406774e-01   -9.7852297270e-01   2.7563187392e-01
-8.0442329817e-01   -9.4915990533e-01   2.8859564392e-01
-8.2064557509e-01   -8.8136268783e-01   3.0727946023e-01
-8.2070600491e-01   -8.8084846842e-01   3.0739033149e-01
-8.2127862362e-01   -8.7565359814e-01   3.0849194652e-01
-8.2376925928e-01   -8.1875012544e-01   3.1873492228e-01
-8.1552238754e-01   -7.1500946218e-01   3.3145659712e-01
-8.1542157120e-01   -7.1430185237e-01   3.3152360821e-01
-8.1438006726e-01   -7.0720196422e-01   3.3218319335e-01
-8.0067801457e-01   -6.3430739917e-01   3.3770743741e-01
-7.6793933276e-01   -5.1766810882e-01   3.4238662551e-01
-7.6768881618e-01   -5.1692699361e-01   3.4240123735e-01
-7.6515679685e-01   -5.0952602309e-01   3.4253691809e-01
-7.3729532689e-01   -4.3693690333e-01   3.4287836106e-01
-6.8586601784e-01   -3.3169547227e-01   3.4003080213e-01
-6.8551170879e-01   -3.3106429675e-01   3.4000072419e-01
-6.8195355848e-01   -3.2478544589e-01   3.3969236268e-01
-6.4504352086e-01   -2.6545919113e-01   3.3590022214e-01
-5.8402842894e-01   -1.8632639982e-01   3.2782734635e-01
-5.8363070033e-01   -1.8587562747e-01   3.2776890718e-01
-5.7965064285e-01   -1.8140682804e-01   3.2718046995e-01
-5.3972244321e-01   -1.4058053087e-01   3.2093536085e-01
-4.7803211135e-01   -9.0271728172e-02   3.1020756862e-01
-4.7764440890e-01   -8.9999971795e-02   3.1013634152e-01
-4.7377385559e-01   -8.7315729940e-02   3.0942272551e-01
-4.3580891671e-01   -6.3679694914e-02   3.0217926597e-01
-3.7984904748e-01   -3.7245586217e-02   2.9066744811e-01
-3.7950654907e-01   -3.7113229531e-02   2.9059371094e-01
-3.7609316496e-01   -3.5813273620e-02   2.8985651010e-01
-3.4315905928e-01   -2.5039989302e-02   2.8251434775e-01
-2.9629694338e-01   -1.5180340008e-02   2.7123410417e-01
-2.5530309427e-01   -1.1901730253e-02   2.6030682774e-01
-2.5505981256e-01   -1.1897747738e-02   2.6023823149e-01
-2.5264014764e-01   -1.1868406184e-02   2.5955321954e-01
-2.2974690051e-01   -1.2540060205e-02   2.5279974014e-01
-1.9856720829e-01   -1.6456099667e-02   2.4260185837e-01
-1.7266340416e-01   -2.2861019425e-02   2.3284331974e-01
-1.5156584331e-01   -3.0911384802e-02   2.2351266034e-01
-1.5144527687e-01   -3.0966829348e-02   2.2345431473e-01
-1.5024926752e-01   -3.1523636399e-02   2.2287178191e-01
-1.3922783234e-01   -3.7306485908e-02   2.1713779677e-01
-1.2518791189e-01   -4.6980616645e-02   2.0849834034e-01
-1.1462562444e-01   -5.7247588086e-02   2.0023941390e-01
-1.0711608098e-01   -6.8027437408e-02   1.9234620366e-01
-1.0229253975e-01   -7.9346139090e-02   1.8480680650e-01
-9.9851281543e-02   -9.1309404420e-02   1.7761240353e-01
-9.9552547576e-02   -1.0408382636e-01   1.7075736047e-01
-9.9557118955e-02   -1.0416859328e-01   1.7071459522e-01
-9.9607236181e-02   -1.0501857749e-01   1.7028770061e-01
-1.0054156513e-01   -1.1376292044e-01   1.6609456252e-01
-1.0352884512e-01   -1.2844432712e-01   1.5981663733e-01
-1.0831508390e-01   -1.4460983570e-01   1.5388094985e-01
-1.1487775916e-01   -1.6257546843e-01   1.4829697411e-01
-1.2324593696e-01   -1.8269231011e-01   1.4308031722e-01
-1.3349795529e-01   -2.0534761664e-01   1.3825428936e-01
-1.3356984600e-01   -2.0550160475e-01   1.3822474046e-01
-1.3429327599e-01   -2.0704817302e-01   1.3793020501e-01
-1.4198829295e-01   -2.2320658888e-01   1.3508239052e-01
-1.5577858699e-01   -2.5120716592e-01   1.3100772190e-01
-1.7189953281e-01   -2.8298187107e-01   1.2744403760e-01
-1.9059807261e-01   -3.1904706187e-01   1.2446654944e-01
-1.9072658017e-01   -3.1929272117e-01   1.2444958827e-01
-1.9201811459e-01   -3.2176020079e-01   1.2428151952e-01
-2.0559604159e-01   -3.4755211146e-01   1.2276142435e-01
-2.2938787331e-01   -3.9218496296e-01   1.2103168159e-01
-2.5661289184e-01   -4.4251020064e-01   1.2022874799e-01
-2.5679886674e-01   -4.4285138644e-01   1.2022699089e-01
-2.5866717065e-01   -4.4627701141e-01   1.2021194877e-01
-2.7822490180e-01   -4.8192594270e-01   1.2032653684e-01
-3.1214913810e-01   -5.4282124495e-01   1.2158730449e-01
-3.1237989980e-01   -5.4323121347e-01   1.2160009759e-01
-3.1469738851e-01   -5.4734513311e-01   1.2173157204e-01
-3.3887485176e-01   -5.8989510515e-01   1.2341769139e-01
-3.8043716037e-01   -6.6133623911e-01   1.2756600841e-01
-3.8071815648e-01   -6.6181130437e-01   1.2759912778e-01
-3.8353879545e-01   -6.6657377458e-01   1.2793523394e-01
-4.1281522101e-01   -7.1530776974e-01   1.3180900835e-01
-4.6244925524e-01   -7.9470611525e-01   1.3992516413e-01
-4.6278160422e-01   -7.9522268964e-01   1.3998591274e-01
-4.6611520469e-01   -8.0039229713e-01   1.4059990859e-01
-5.0043522102e-01   -8.5229867386e-01   1.4741241431e-01
-5.5733830711e-01   -9.3237827847e-01   1.6068618544e-01
-5.5771340955e-01   -9.3287826328e-01   1.6078198019e-01
-5.6147123407e-01   -9.3786530398e-01   1.6174775324e-01
-5.9965061888e-01   -9.8613813611e-01   1.7219781104e-01
-6.6068886559e-01   -1.0527089322e+00   1.9145119311e-01
-6.6108087881e-01   -1.0530871464e+00   1.9158568005e-01
-6.6500011722e-01   -1.0568297852e+00   1.9293827937e-01
-7.0395274516e-01   -1.0898748446e+00   2.0721450255e-01
-7.6249881140e-01   -1.1217551768e+00   2.3196195474e-01
-7.6285794428e-01   -1.1218671568e+00   2.3212823105e-01
-7.6643548125e-01   -1.1229164454e+00   2.3379565193e-01
-8.0061741252e-01   -1.1259843593e+00   2.5086142187e-01
-8.4631099048e-01   -1.1010254688e+00   2.7820636293e-01
-8.7889307195e-01   -1.0369796862e+00   3.0465843064e-01
-8.7905081206e-01   -1.0364442775e+00   3.0482016441e-01
-8.8058992429e-01   -1.0310046544e+00   3.0643051676e-01
-8.9198927334e-01   -9.6834621915e-01   3.2172219525e-01
-8.9414973708e-01   -8.4396731604e-01   3.4176022669e-01
-8.9409913918e-01   -8.4308575792e-01   3.4187020071e-01
-8.9354744038e-01   -8.3421975092e-01   3.4295608102e-01
-8.8346012786e-01   -7.4123276085e-01   3.5237375925e-01
-8.8331749037e-01   -7.4026993320e-01   3.5245428125e-01
-8.8184606296e-01   -7.3061331765e-01   3.5324426985e-01
-8.6270691512e-01   -6.3198359030e-01   3.5960291598e-01
-8.6247580821e-01   -6.3098541150e-01   3.5965227212e-01
-8.6012267822e-01   -6.2099831624e-01   3.6013035010e-01
-8.3253710666e-01   -5.2133329952e-01   3.6338114533e-01
-8.3222556445e-01   -5.2034510483e-01   3.6339985102e-01
-8.2907311194e-01   -5.1047923994e-01   3.6357222949e-01
-7.9405352188e-01   -4.1405620047e-01   3.6387695068e-01
-7.9367324546e-01   -4.1311791890e-01   3.6386747319e-01
-7.8984001548e-01   -4.0376884722e-01   3.6375966786e-01
-7.4870498228e-01   -3.1412120626e-01   3.6144815402e-01
-7.4827018715e-01   -3.1326391243e-01   3.6141438434e-01
-7.4389924136e-01   -3.0473740852e-01   3.6106584520e-01
-6.9814834784e-01   -2.2440726711e-01   3.5657582491e-01
-6.9767446574e-01   -2.2365154714e-01   3.5652243918e-01
-6.9292038549e-01   -2.1614817510e-01   3.5598014862e-01
-6.4410601766e-01   -1.4662058465e-01   3.4979382091e-01
-5.6525590022e-01   -5.8317223230e-02   3.3800625627e-01
-5.6474897189e-01   -5.7831147780e-02   3.3792488199e-01
-5.5968101857e-01   -5.3023950824e-02   3.3710792939e-01
-5.0931881382e-01   -1.0157372278e-02   3.2867385565e-01
-4.3315637497e-01   3.9488719254e-02   3.1495022072e-01
-4.3268383800e-01   3.9744935746e-02   3.1486167222e-01
-4.2797046271e-01   4.2267513712e-02   3.1397616151e-01
-3.8212969023e-01   6.3759403553e-02   3.0514531281e-01
-3.1581967114e-01   8.5689325034e-02   2.9161278742e-01
-3.1541831203e-01   8.5790889210e-02   2.9152781902e-01
-3.1142123605e-01   8.6782524661e-02   2.9067942442e-01
-2.7312397980e-01   9.4488031778e-02   2.8233221266e-01
-2.1943166496e-01   1.0000548185e-01   2.6982506124e-01
-1.7314928256e-01   1.0003290508e-01   2.5800674810e-01
-1.7287624311e-01   1.0002049348e-01   2.5793334119e-01
-1.7016151874e-01   9.9889205291e-02   2.5720077865e-01
-1.4454816626e-01   9.7953593949e-02   2.5002342676e-01
-1.0977659511e-01   9.3378576921e-02   2.3931967374e-01
-8.0772155010e-02   8.7991832565e-02   2.2919693394e-01
-5.6749058995e-02   8.2661589026e-02   2.1960058159e-01
-5.6609734306e-02   8.2629029641e-02   2.1954078027e-01
-5.5225902913e-02   8.2304908164e-02   2.1894383780e-01
-4.2289337911e-02   7.9232376883e-02   2.1307916788e-01
-2.5014953462e-02   7.5195852686e-02   2.0427400070e-01
-1.0742420897e-02   7.2296381998e-02   1.9588040776e-01
1.1381861907e-03   7.0667468968e-02   1.8786917167e-01
1.1162456465e-02   7.0375969565e-02   1.8021661772e-01
1.9795219071e-02   7.1453715459e-02   1.7290351182e-01
2.7437515667e-02   7.3920554226e-02   1.6591417719e-01
2.7483985612e-02   7.3940851561e-02   1.6587048062e-01
2.7947261695e-02   7.4147004803e-02   1.6543421380e-01
3.2454317855e-02   7.6528327190e-02   1.6114085214e-01
3.9179411232e-02   8.1435899708e-02   1.5467707420e-01
4.5751851278e-02   8.7841836934e-02   1.4850839803e-01
5.2416703349e-02   9.5834038081e-02   1.4262882853e-01
5.9398854280e-02   1.0553577944e-01   1.3703504136e-01
6.6911405856e-02   1.1711038652e-01   1.3172680709e-01
7.5163499549e-02   1.3076556120e-01   1.2670764891e-01
8.4367628391e-02   1.4675764967e-01   1.2198577951e-01
8.4430042429e-02   1.4686810749e-01   1.2195655809e-01
8.5056836800e-02   1.4797865000e-01   1.2166504446e-01
9.1602589752e-02   1.5969905172e-01   1.1882098525e-01
1.0295974894e-01   1.8043525322e-01   1.1464451240e-01
1.1591465270e-01   2.0448105922e-01   1.1082287222e-01
1.3074932285e-01   2.3230854024e-01   1.0739687626e-01
1.4777800520e-01   2.6445318527e-01   1.0442310495e-01
1.4789473240e-01   2.6467395929e-01   1.0440569100e-01
1.4906774561e-01   2.6689278220e-01   1.0423274312e-01
1.6139213108e-01   2.9022303209e-01   1.0262743150e-01
1.8300702574e-01   3.3115774872e-01   1.0062002205e-01
2.0785768788e-01   3.7812585483e-01   9.9339688530e-02
2.0802803152e-01   3.7844717699e-01   9.9334175209e-02
2.0973979560e-01   3.8167552694e-01   9.9281057591e-02
2.2771560209e-01   4.1550612773e-01   9.8962137229e-02
2.5916878305e-01   4.7430820220e-01   9.9341464507e-02
2.5938401502e-01   4.7470854194e-01   9.9347780293e-02
2.6154654037e-01   4.7872923040e-01   9.9413880659e-02
2.8421842225e-01   5.2068479870e-01   1.0038551632e-01
3.2369434657e-01   5.9274651270e-01   1.0319397358e-01
3.2396350738e-01   5.9323298760e-01   1.0321765929e-01
3.2666708789e-01   5.9811543957e-01   1.0345884193e-01
3.5492021635e-01   6.4868757715e-01   1.0632666155e-01
4.0366646773e-01   7.3375565221e-01   1.1269114990e-01
4.0399667467e-01   7.3432138089e-01   1.1274013985e-01
4.0731170079e-01   7.3999245224e-01   1.1323625401e-01
4.4175769302e-01   7.9796765027e-01   1.1884841390e-01
5.0024955619e-01   8.9191041178e-01   1.3025650193e-01
5.0064132507e-01   8.9251819798e-01   1.3034082351e-01
5.0457085831e-01   8.9859742218e-01   1.3119241753e-01
5.4500581276e-01   9.5925270216e-01   1.4057402109e-01
6.1182876630e-01   1.0507480250e+00   1.5860694903e-01
6.1226774601e-01   1.0513078191e+00   1.5873617791e-01
6.1666408040e-01   1.0568814947e+00   1.6003837191e-01
6.6115774085e-01   1.1097133882e+00   1.7405601961e-01
7.3135029717e-01   1.1771543656e+00   1.9954386392e-01
7.3179605513e-01   1.1775077462e+00   1.9972030974e-01
7.3624835099e-01   1.1809781589e+00   2.0149362766e-01
7.8001796739e-01   1.2087481238e+00   2.2006172707e-01
8.4353131532e-01   1.2218765718e+00   2.5151876460e-01
8.4390944534e-01   1.2218239727e+00   2.5172657193e-01
8.4766678045e-01   1.2211954476e+00   2.5380760974e-01
8.8255068408e-01   1.2042898574e+00   2.7478794872e-01
9.2473841478e-01   1.1371795722e+00   3.0697599015e-01
9.2495045437e-01   1.1365882823e+00   3.0717448769e-01
9.2702643165e-01   1.1305637767e+00   3.0915191754e-01
9.4310977908e-01   1.0594610004e+00   3.2801565504e-01
9.4954356155e-01   9.1307745366e-01   3.5291338343e-01
9.4950658777e-01   9.1202508510e-01   3.5305031906e-01
9.4908095819e-01   9.0143287516e-01   3.5440242846e-01
9.3921477473e-01   7.8961311096e-01   3.6611812163e-01
9.3906466647e-01   7.8844986216e-01   3.6621807971e-01
9.3750791921e-01   7.7677852836e-01   3.6719839589e-01
9.1646204457e-01   6.5723067712e-01   3.7504770152e-01
9.1620233707e-01   6.5601882794e-01   3.7510813046e-01
9.1355305041e-01   6.4389295386e-01   3.7569275841e-01
8.8202707924e-01   5.2290409843e-01   3.7959878160e-01
8.8166753671e-01   5.2170565705e-01   3.7962037722e-01
8.7802620849e-01   5.0974307527e-01   3.7981781937e-01
8.3728915565e-01   3.9314849119e-01   3.8001082877e-01
8.3684467169e-01   3.9201766138e-01   3.7999712592e-01
8.3236237328e-01   3.8075491512e-01   3.7984394450e-01
7.8410897449e-01   2.7329551903e-01   3.7679580313e-01
7.8359790537e-01   2.7227340490e-01   3.7675234951e-01
7.7845942070e-01   2.6211418723e-01   3.7630475912e-01
7.2462806701e-01   1.6706823553e-01   3.7063458473e-01
7.2407034207e-01   1.6618054760e-01   3.7056794285e-01
7.1847525431e-01   1.5737427131e-01   3.6989181250e-01
6.6106250188e-01   7.6487001437e-02   3.6226804480e-01
6.6047784737e-01   7.5744583106e-02   3.6218486308e-01
6.5462290857e-01   6.8392858443e-02   3.6134651269e-01
5.9552370778e-01   2.0465739717e-03   3.5240563348e-01
5.0559378858e-01   -7.5355644312e-02   3.3751665969e-01
5.0501291988e-01   -7.5774886740e-02   3.3741648637e-01
4.9921329783e-01   -7.9908224782e-02   3.3641381189e-01
4.4229611294e-01   -1.1562818517e-01   3.2634425733e-01
3.5849272931e-01   -1.5369099904e-01   3.1080526778e-01
3.5798070964e-01   -1.5387486130e-01   3.1070770853e-01
3.5287862845e-01   -1.5567632776e-01   3.0973375354e-01
3.0373045101e-01   -1.7026158918e-01   3.0017414924e-01
2.3406831360e-01   -1.8290051390e-01   2.8597924290e-01
2.3365152863e-01   -1.8294959703e-01   2.8589158577e-01
2.2950389787e-01   -1.8342157532e-01   2.8501725054e-01
1.9003928843e-01   -1.8645580597e-01   2.7649718575e-01
1.3548791856e-01   -1.8661153563e-01   2.6397255692e-01
1.3516598600e-01   -1.8659970736e-01   2.6389544045e-01
1.3196497742e-01   -1.8647451551e-01   2.6312630675e-01
1.0174235327e-01   -1.8464993487e-01   2.5563303206e-01
6.0586339704e-02   -1.8060481757e-01   2.4459500954e-01
2.5996935715e-02   -1.7642937634e-01   2.3429678809e-01
2.5794622897e-02   -1.7640474438e-01   2.3423309918e-01
2.3783925464e-02   -1.7616062641e-01   2.3359767309e-01
4.8662034225e-03   -1.7398099281e-01   2.2738566241e-01
-2.0835702522e-02   -1.7182851729e-01   2.1816080873e-01
-4.2646991246e-02   -1.7163275093e-01   2.0947814162e-01
-6.1439506596e-02   -1.7371509602e-01   2.0129377063e-01
-7.7996228324e-02   -1.7828290238e-01   1.9357715540e-01
-7.8096483633e-02   -1.7832045590e-01   1.9352925209e-01
-7.9095620870e-02   -1.7870192456e-01   1.9305122607e-01
-8.8779266614e-02   -1.8311649956e-01   1.8837103577e-01
-1.0307699483e-01   -1.9225854016e-01   1.8141551461e-01
-1.1683800067e-01   -2.0424186464e-01   1.7489859897e-01
-1.3056118166e-01   -2.1920556596e-01   1.6882676774e-01
-1.4469545214e-01   -2.3731845862e-01   1.6321592800e-01
-1.5965187095e-01   -2.5878617403e-01   1.5809245053e-01
-1.5975102998e-01   -2.5893480488e-01   1.5806132080e-01
-1.6074536004e-01   -2.6042922195e-01   1.5775120696e-01
-1.7098235500e-01   -2.7619864843e-01   1.5477097172e-01
-1.8822502184e-01   -3.0398883952e-01   1.5057800026e-01
-2.0729428139e-01   -3.3587202933e-01   1.4701197132e-01
-2.2854128238e-01   -3.7216059759e-01   1.4415795648e-01
-2.2868495335e-01   -3.7240757623e-01   1.4414221220e-01
-2.3012736210e-01   -3.7488798017e-01   1.4398661906e-01
-2.4513947437e-01   -4.0076853499e-01   1.4262246611e-01
-2.7090519807e-01   -4.4526270476e-01   1.4125414790e-01
-2.9975672500e-01   -4.9483265964e-01   1.4096146780e-01
-2.9995187015e-01   -4.9516625517e-01   1.4096345853e-01
-3.0191095009e-01   -4.9851372940e-01   1.4098623132e-01
-3.2227843871e-01   -5.3313339952e-01   1.4151226647e-01
-3.5705413404e-01   -5.9129999434e-01   1.4353139134e-01
-3.5728845635e-01   -5.9168722461e-01   1.4354945110e-01
-3.5964009537e-01   -5.9556963660e-01   1.4373385901e-01
-3.8400307554e-01   -6.3536165369e-01   1.4597384071e-01
-4.2518448154e-01   -7.0060035927e-01   1.5105229129e-01
-4.2545997311e-01   -7.0102723442e-01   1.5109149124e-01
-4.2822320467e-01   -7.0530134600e-01   1.5148842539e-01
-4.5667372336e-01   -7.4847269568e-01   1.5596706777e-01
-5.0395334505e-01   -8.1642368724e-01   1.6495662602e-01
-5.0426587493e-01   -8.1685526396e-01   1.6502240903e-01
-5.0739768206e-01   -8.2116628470e-01   1.6568621959e-01
-5.3932096772e-01   -8.6360653822e-01   1.7293301935e-01
-5.9093825954e-01   -9.2559149268e-01   1.8654532289e-01
-5.9127293114e-01   -9.2596280946e-01   1.8664149320e-01
-5.9462158023e-01   -9.2965435009e-01   1.8760954578e-01
-6.2820904227e-01   -9.6412087890e-01   1.9791895635e-01
-6.8016162230e-01   -1.0064522713e+00   2.1621532838e-01
-6.8048785746e-01   -1.0066674220e+00   2.1634026434e-01
-6.8374396870e-01   -1.0087752900e+00   2.1759472330e-01
-7.1553818737e-01   -1.0251815576e+00   2.3061263059e-01
-7.6111334042e-01   -1.0312789647e+00   2.5228827710e-01
-7.9896001440e-01   -1.0096510895e+00   2.7459873660e-01
-7.9917048333e-01   -1.0094171456e+00   2.7474060702e-01
-8.0125057792e-01   -1.0070096974e+00   2.7615752770e-01
-8.1943546402e-01   -9.7613492336e-01   2.9006548781e-01
-8.3708688576e-01   -9.0385998911e-01   3.1012505295e-01
-8.3715335028e-01   -9.0330922018e-01   3.1024404613e-01
-8.3778396396e-01   -8.9774367754e-01   3.1142628084e-01
-8.4061003786e-01   -8.3664991992e-01   3.2240797075e-01
-8.3194348754e-01   -7.2497579658e-01   3.3598380115e-01
-8.3183619243e-01   -7.2421369259e-01   3.3605493814e-01
-8.3072726288e-01   -7.1656709173e-01   3.3675480099e-01
-8.1609182506e-01   -6.3808690680e-01   3.4258256369e-01
-7.8102045903e-01   -5.1278466394e-01   3.4738092990e-01
-7.8075196018e-01   -5.1199018535e-01   3.4739499078e-01
-7.7803818652e-01   -5.0405774278e-01   3.4752430421e-01
-7.4818183578e-01   -4.2641062810e-01   3.4772154826e-01
-6.9313655733e-01   -3.1447277724e-01   3.4440786256e-01
-6.9275774861e-01   -3.1380425210e-01   3.4437407334e-01
-6.8895391141e-01   -3.0715593457e-01   3.4402818963e-01
-6.4953511351e-01   -2.4454207790e-01   3.3982640723e-01
-5.8454860775e-01   -1.6172437554e-01   3.3104055740e-01
-5.8412576040e-01   -1.6125542522e-01   3.3097745221e-01
-5.7989490837e-01   -1.5660839608e-01   3.3034235208e-01
-5.3750894821e-01   -1.1433653456e-01   3.2363426381e-01
-4.7223748174e-01   -6.2817544866e-02   3.1222328573e-01
-4.7182812840e-01   -6.2541460795e-02   3.1214792604e-01
-4.6774202281e-01   -5.9816003073e-02   3.1139317531e-01
-4.2772065443e-01   -3.5952898855e-02   3.0375853916e-01
-3.6892382348e-01   -9.6653565680e-03   2.9171352443e-01
-3.6856467954e-01   -9.5353024240e-03   2.9163668842e-01
-3.6498588111e-01   -8.2590775639e-03   2.9086871414e-01
-3.3050013468e-01   2.2209741920e-03   2.8323985413e-01
-2.8156530825e-01   1.1530365219e-02   2.7158261336e-01
-2.3887623328e-01   1.4313152360e-02   2.6035241722e-01
-2.3862316978e-01   1.4314449022e-02   2.6028208798e-01
-2.3610636882e-01   1.4317363039e-02   2.5957987667e-01
-2.1230580324e-01   1.3429455979e-02   2.5266665800e-01
-1.7990477470e-01   9.3852074009e-03   2.4225704216e-01
-1.5295298047e-01   3.1546278686e-03   2.3232181954e-01
-1.3090931075e-01   -4.3868460258e-03   2.2283878097e-01
-1.3078287704e-01   -4.4379138052e-03   2.2277951915e-01
-1.2952827401e-01   -4.9501564313e-03   2.2218785867e-01
-1.1792561900e-01   -1.0206973126e-02   2.1636563622e-01
-1.0296793794e-01   -1.8760203176e-02   2.0759609925e-01
-9.1430804597e-02   -2.7531257499e-02   1.9921123375e-01
-8.2842273699e-02   -3.6425454768e-02   1.9119067940e-01
-7.6792875813e-02   -4.5448965391e-02   1.8351727463e-01
-7.2938988567e-02   -5.4680823094e-02   1.7617682342e-01
-7.1002277780e-02   -6.4252894951e-02   1.6915781136e-01
-7.0995563097e-02   -6.4315572088e-02   1.6911392556e-01
-7.0932223523e-02   -6.4943499602e-02   1.6867576974e-01
-7.0670270343e-02   -7.1348725924e-02   1.6436404011e-01
-7.1543910819e-02   -8.1916521915e-02   1.5787510293e-01
-7.3882528468e-02   -9.3358019175e-02   1.5168880578e-01
-7.7618609592e-02   -1.0592059325e-01   1.4580307361e-01
-8.2732157463e-02   -1.1987811526e-01   1.4021904068e-01
-8.9247821375e-02   -1.3553351584e-01   1.3494175211e-01
-9.7232915918e-02   -1.5322265609e-01   1.2998115198e-01
-9.7288937886e-02   -1.5334313997e-01   1.2995047002e-01
-9.7852709543e-02   -1.5455341099e-01   1.2964439917e-01
-1.0385295714e-01   -1.6722075958e-01   1.2665970781e-01
-1.1462589146e-01   -1.8927602324e-01   1.2228248764e-01
-1.2725949529e-01   -2.1447746841e-01   1.1828570890e-01
-1.4197610985e-01   -2.4332206579e-01   1.1471319758e-01
-1.4207750380e-01   -2.4351945778e-01   1.1469182952e-01
-1.4309673772e-01   -2.4550282989e-01   1.1447923896e-01
-1.5383430611e-01   -2.6631259545e-01   1.1246625196e-01
-1.7275283641e-01   -3.0267677954e-01   1.0976963848e-01
-1.9457600504e-01   -3.4425981370e-01   1.0771175308e-01
-1.9472575604e-01   -3.4454397254e-01   1.0770090823e-01
-1.9623067877e-01   -3.4739876470e-01   1.0759419398e-01
-2.1204291516e-01   -3.7730039344e-01   1.0670886241e-01
-2.3973715813e-01   -4.2925765812e-01   1.0606930375e-01
-2.7144453282e-01   -4.8805400988e-01   1.0652270249e-01
-2.7166123349e-01   -4.8845311569e-01   1.0652965195e-01
-2.7383829454e-01   -4.9246053206e-01   1.0660220081e-01
-2.9663739458e-01   -5.3418294658e-01   1.0764940008e-01
-3.3621724292e-01   -6.0544454712e-01   1.1061440832e-01
-3.3648657523e-01   -6.0592390097e-01   1.1063923398e-01
-3.3919146560e-01   -6.1073359684e-01   1.1089190459e-01
-3.6741280412e-01   -6.6041319469e-01   1.1388267578e-01
-4.1590393077e-01   -7.4338855093e-01   1.2045949235e-01
-4.1623152620e-01   -7.4393777254e-01   1.2050987357e-01
-4.1951966741e-01   -7.4944141380e-01   1.2101989711e-01
-4.5361379400e-01   -8.0549465128e-01   1.2676862804e-01
-5.1119751672e-01   -8.9543438577e-01   1.3835756968e-01
-5.1158185040e-01   -8.9601231913e-01   1.3844281328e-01
-5.1543579227e-01   -9.0178992545e-01   1.3930340620e-01
-5.5498407951e-01   -9.5911488401e-01   1.4874849167e-01
-6.1988761515e-01   -1.0442507420e+00   1.6674082586e-01
-6.2031202348e-01   -1.0447654649e+00   1.6686906436e-01
-6.2456096226e-01   -1.0498855169e+00   1.6816075435e-01
-6.6740850955e-01   -1.0979080941e+00   1.8200711453e-01
-7.3438187302e-01   -1.1570762584e+00   2.0693168473e-01
-7.3480450554e-01   -1.1573750020e+00   2.0710317079e-01
-7.3902381820e-01   -1.1602985710e+00   2.0882586239e-01
-7.8029677261e-01   -1.1826118267e+00   2.2678058354e-01
-8.3938581041e-01   -1.1878532397e+00   2.5686651189e-01
-8.3973405484e-01   -1.1877552599e+00   2.5706391664e-01
-8.4319170151e-01   -1.1866777176e+00   2.5903981975e-01
-8.7501792386e-01   -1.1658450567e+00   2.7886298565e-01
-9.1243330641e-01   -1.0953399028e+00   3.0892832223e-01
-9.1261582188e-01   -1.0947399898e+00   3.0911238374e-01
-9.1439773832e-01   -1.0886392486e+00   3.1094506705e-01
-9.2769126089e-01   -1.0178093817e+00   3.2833907098e-01
-9.3059114735e-01   -8.7571824784e-01   3.5101084566e-01
-9.3053579701e-01   -8.7470799399e-01   3.5113441069e-01
-9.2992975087e-01   -8.6454653815e-01   3.5235367717e-01
-9.1861513258e-01   -7.5792767451e-01   3.6284224360e-01
-9.1845397380e-01   -7.5682393526e-01   3.6293098742e-01
-9.1679061422e-01   -7.4575501222e-01   3.6380043613e-01
-8.9507770226e-01   -6.3286506832e-01   3.7067814583e-01
-8.9481505069e-01   -6.3172467655e-01   3.7073019007e-01
-8.9214041609e-01   -6.2031762578e-01   3.7123248161e-01
-8.6076793976e-01   -5.0683256887e-01   3.7446903438e-01
-8.6041362070e-01   -5.0571106204e-01   3.7448535856e-01
-8.5682846106e-01   -4.9451881671e-01   3.7463162960e-01
-8.1703320210e-01   -3.8562523047e-01   3.7446368870e-01
-8.1660148251e-01   -3.8457050034e-01   3.7444771507e-01
-8.1225029250e-01   -3.7406685007e-01   3.7427322062e-01
-7.6563301939e-01   -2.7392953708e-01   3.7114310954e-01
-7.6514108574e-01   -2.7297751781e-01   3.7109995653e-01
-7.6019673463e-01   -2.6351520886e-01   3.7065649342e-01
-7.0855871781e-01   -1.7498530902e-01   3.6512893480e-01
-7.0802499760e-01   -1.7415824236e-01   3.6506454839e-01
-7.0267194575e-01   -1.6595290291e-01   3.6441176443e-01
-6.4785167529e-01   -9.0527663491e-02   3.5708956431e-01
-6.4729428339e-01   -8.9834719327e-02   3.5700992407e-01
-6.4171316822e-01   -8.2972067402e-02   3.5620745599e-01
-5.8544729827e-01   -2.0953520043e-02   3.4766239503e-01
-4.9793099788e-01   5.3172229489e-02   3.3307895698e-01
-4.9737997452e-01   5.3563392251e-02   3.3298306637e-01
-4.9187869260e-01   5.7420621489e-02   3.3202319045e-01
-4.3791785097e-01   9.0819777407e-02   3.2237380570e-01
-3.5852508661e-01   1.2659880752e-01   3.0743070122e-01
-3.5804011840e-01   1.2677235406e-01   3.0733662844e-01
-3.5320762565e-01   1.2847323223e-01   3.0639728632e-01
-3.0665749574e-01   1.4228271198e-01   2.9715779042e-01
-2.4067171160e-01   1.5433439035e-01   2.8336624880e-01
-2.4027687938e-01   1.5438145241e-01   2.8328079743e-01
-2.3634768056e-01   1.5483414560e-01   2.8242826619e-01
-1.9895887481e-01   1.5775156787e-01   2.7410164225e-01
-1.4727409581e-01   1.5787778273e-01   2.6179751021e-01
-1.0331435314e-01   1.5481365550e-01   2.5031204143e-01
-1.0305636689e-01   1.5478816506e-01   2.5024104150e-01
-1.0049205087e-01   1.5453050362e-01   2.4953270367e-01
-7.6355409339e-02   1.5175539813e-01   2.4261103507e-01
-4.3679064889e-02   1.4727081856e-01   2.3234205798e-01
-1.6341198762e-02   1.4344774903e-01   2.2268014087e-01
6.5784584132e-03   1.4093992941e-01   2.1356197007e-01
6.7127473159e-03   1.4092911781e-01   2.1350527753e-01
8.0476974378e-03   1.4082494862e-01   2.1293945795e-01
2.0646550355e-02   1.4019359658e-01   2.0738963154e-01
3.7968876689e-02   1.4081429930e-01   1.9909145683e-01
5.3029730311e-02   1.4355513160e-01   1.9122773328e-01
6.6473248340e-02   1.4854463834e-01   1.8377693946e-01
7.8866762278e-02   1.5588687305e-01   1.7672542332e-01
9.0710421219e-02   1.6568761374e-01   1.7006657609e-01
1.0244862168e-01   1.7807292596e-01   1.6380054748e-01
1.0252425209e-01   1.7816079457e-01   1.6376174039e-01
1.0328124855e-01   1.7904565814e-01   1.6337456888e-01
1.1094046611e-01   1.8852199391e-01   1.5959344906e-01
1.2340875607e-01   2.0571844973e-01   1.5401998567e-01
1.3678947594e-01   2.2602989643e-01   1.4887752965e-01
1.5142167661e-01   2.4973749851e-01   1.4419778903e-01
1.6763954187e-01   2.7716921533e-01   1.4002527736e-01
1.6774911087e-01   2.7735745609e-01   1.4000033941e-01
1.6884914493e-01   2.7924909308e-01   1.3975223770e-01
1.8030204042e-01   2.9910938423e-01   1.3740289858e-01
2.0001492506e-01   3.3378266882e-01   1.3424834064e-01
2.2224315210e-01   3.7324040549e-01   1.3181284607e-01
2.2239420816e-01   3.7350908780e-01   1.3179983323e-01
2.2391125642e-01   3.7620760681e-01   1.3167160606e-01
2.3974979445e-01   4.0438221975e-01   1.3058729698e-01
2.6711135221e-01   4.5291629956e-01   1.2968917378e-01
2.9795789163e-01   5.0715024423e-01   1.2993001293e-01
2.9816716213e-01   5.0751582237e-01   1.2993568870e-01
3.0026847962e-01   5.1118466199e-01   1.2999553113e-01
3.2215879324e-01   5.4917333827e-01   1.3091633325e-01
3.5969791859e-01   6.1317245364e-01   1.3366084498e-01
3.5995147970e-01   6.1359915881e-01   1.3368405536e-01
3.6249662083e-01   6.1787777714e-01   1.3392036831e-01
3.8890712081e-01   6.6177137551e-01   1.3672228603e-01
4.3370330263e-01   7.3384865358e-01   1.4286303572e-01
4.3400353381e-01   7.3432052354e-01   1.4290986204e-01
4.3701527371e-01   7.3904520299e-01   1.4338369171e-01
4.6805978287e-01   7.8676277949e-01   1.4869784687e-01
5.1975816976e-01   8.6173508392e-01   1.5926415295e-01
5.2010021322e-01   8.6221016646e-01   1.5934118284e-01
5.2352791753e-01   8.6695468279e-01   1.6011831210e-01
5.5847679442e-01   9.1352908631e-01   1.6858522463e-01
6.1496129755e-01   9.8080220765e-01   1.8443027593e-01
6.1532715490e-01   9.8120086707e-01   1.8454200162e-01
6.1898743198e-01   9.8516036982e-01   1.8566647484e-01
6.5564763581e-01   1.0216945041e+00   1.9762356017e-01
7.1203949966e-01   1.0644425793e+00   2.1875378087e-01
7.1239182892e-01   1.0646471370e+00   2.1889761018e-01
7.1590683476e-01   1.0666388498e+00   2.2034138976e-01
7.5005439487e-01   1.0808046446e+00   2.3527893985e-01
7.9816995188e-01   1.0790821436e+00   2.5992436121e-01
8.3664521370e-01   1.0440880340e+00   2.8487751880e-01
8.3685238471e-01   1.0437514234e+00   2.8503446353e-01
8.3889401436e-01   1.0403060299e+00   2.8660055462e-01
8.5612672311e-01   9.9799889542e-01   3.0182461520e-01
8.7011909636e-01   9.0489288006e-01   3.2316282875e-01
8.7015350719e-01   9.0420131194e-01   3.2328652334e-01
8.7045761268e-01   8.9722463269e-01   3.2451320968e-01
8.6943565858e-01   8.2185806379e-01   3.3567926292e-01
8.5283251595e-01   6.8863595843e-01   3.4860671098e-01
8.5266795565e-01   6.8774398321e-01   3.4867023518e-01
8.5098242146e-01   6.7880632480e-01   3.4929171671e-01
8.3023063926e-01   5.8829977548e-01   3.5412570794e-01
8.2998837476e-01   5.8739033572e-01   3.5416139654e-01
8.2752916838e-01   5.7829759193e-01   3.5450461469e-01
7.9943472929e-01   4.8814493393e-01   3.5659440188e-01
7.9912315070e-01   4.8725590781e-01   3.5660325784e-01
7.9597578260e-01   4.7838485238e-01   3.5667907735e-01
7.6154021297e-01   3.9209791355e-01   3.5621080971e-01
7.6117053726e-01   3.9126161147e-01   3.5619534422e-01
7.5744832117e-01   3.8293185103e-01   3.5602951035e-01
7.1790154128e-01   3.0332431222e-01   3.5331573749e-01
6.4958972074e-01   1.9472465799e-01   3.4581109688e-01
6.4913476995e-01   1.9409842427e-01   3.4575255332e-01
6.4457604697e-01   1.8788555202e-01   3.4516077826e-01
5.9827971791e-01   1.3073508334e-01   3.3867456101e-01
5.2505418235e-01   5.9273753543e-02   3.2699553155e-01
5.2458843992e-01   5.8884135326e-02   3.2691661149e-01
5.1993534623e-01   5.5033291285e-02   3.2612520882e-01
4.7398123110e-01   2.0904148741e-02   3.1803373531e-01
4.0532638338e-01   -1.8009851624e-02   3.0505665955e-01
4.0490315954e-01   -1.8208233118e-02   3.0497336588e-01
4.0068335771e-01   -2.0159592269e-02   3.0414060492e-01
3.5979612631e-01   -3.6618513834e-02   2.9585017754e-01
3.0109854425e-01   -5.2837167282e-02   2.8315939814e-01
3.0074474930e-01   -5.2909424732e-02   2.8307965674e-01
2.9722229857e-01   -5.3612484398e-02   2.8228337396e-01
2.6355808261e-01   -5.8845423179e-02   2.7443927140e-01
2.1662051928e-01   -6.1707177573e-02   2.6264066207e-01
1.7642053389e-01   -6.0061898794e-02   2.5142765351e-01
1.7618418014e-01   -6.0040915265e-02   2.5135779219e-01
1.7383476785e-01   -5.9825058428e-02   2.5066046460e-01
1.5172199230e-01   -5.7138978527e-02   2.4381399293e-01
1.2189311613e-01   -5.1584298150e-02   2.3355561306e-01
9.7255053590e-02   -4.5217140739e-02   2.2380335299e-01
7.7121354064e-02   -3.8702958876e-02   2.1451645202e-01
7.7005608203e-02   -3.8661827721e-02   2.1445846043e-01
7.5856745406e-02   -3.8251181722e-02   2.1387950551e-01
6.5193926020e-02   -3.4226340266e-02   2.0818426070e-01
5.1249997158e-02   -2.8333882991e-02   1.9960999378e-01
4.0132811495e-02   -2.3048917423e-02   1.9141217398e-01
3.1340505176e-02   -1.8424530592e-02   1.8356668392e-01
2.4441075828e-02   -1.4452225338e-02   1.7605301769e-01
1.9069287231e-02   -1.1086166983e-02   1.6885347909e-01
1.4921066207e-02   -8.2602695719e-03   1.6195250530e-01
1.1746664088e-02   -5.8997869941e-03   1.5533614140e-01
9.3434502002e-03   -3.9287999197e-03   1.4899165300e-01
9.3301903399e-03   -3.9172864877e-03   1.4895191742e-01
9.1989470364e-03   -3.8028602512e-03   1.4855514621e-01
8.0147058309e-03   -2.7257359164e-03   1.4464529138e-01
6.5723408437e-03   -1.2556895548e-03   1.3873882526e-01
5.5354127138e-03   7.7517982869e-06   1.3307395663e-01
4.8195392540e-03   1.1199790322e-03   1.2764065697e-01
4.3600883767e-03   2.1300579298e-03   1.2242938387e-01
4.1084637267e-03   3.0815758606e-03   1.1743103298e-01
4.0290687179e-03   4.0137113963e-03   1.1263690375e-01
4.0968736403e-03   4.9624093665e-03   1.0803867419e-01
4.2955082499e-03   5.9615930475e-03   1.0362838184e-01
4.6158063593e-03   7.0443804433e-03   9.9398409129e-02
5.0547367520e-03   8.2442964928e-03   9.5341472398e-02
5.6146644323e-03   9.5964903948e-03   9.1450614157e-02
6.3028966079e-03   1.1138979426e-02   8.7719198852e-02
7.1314781833e-03   1.2913949437e-02   8.4140912728e-02
8.1172115308e-03   1.4969149049e-02   8.0709768847e-02
9.2818847609e-03   1.7359420498e-02   7.7420118897e-02
1.0652701641e-02   2.0148415855e-02   7.4266674110e-02
1.2262914810e-02   2.3410553640e-02   7.1244538575e-02
1.4152672182e-02   2.7233277917e-02   6.8349259595e-02
1.6370094567e-02   3.1719690294e-02   6.5576901555e-02
1.8972610845e-02   3.6991634734e-02   6.2924152395e-02
2.2028585523e-02   4.3193325733e-02   6.0388475407e-02
2.2049761181e-02   4.3236341968e-02   6.0372627905e-02
2.2262723461e-02   4.3668986122e-02   6.0214412593e-02
2.4517779470e-02   4.8253819891e-02   5.8658191467e-02
2.8545752274e-02   5.6458481733e-02   5.6319826098e-02
3.3284273013e-02   6.6132532419e-02   5.4097565850e-02
3.8862722682e-02   7.7546924360e-02   5.1994447373e-02
4.5434589738e-02   9.1022702642e-02   5.0016389431e-02
5.3181875696e-02   1.0693989027e-01   4.8173257274e-02
6.2320239619e-02   1.2574759181e-01   4.6480351803e-02
7.3104946407e-02   1.4797522805e-01   4.4960489948e-02
7.3179856467e-02   1.4812970912e-01   4.4951389407e-02
7.3933349986e-02   1.4968363516e-01   4.4860847853e-02
8.1925552948e-02   1.6617129935e-01   4.4004065950e-02
9.6253834468e-02   1.9574484928e-01   4.2864843470e-02
1.1317540680e-01   2.3067160364e-01   4.2025180540e-02
1.3315709690e-01   2.7187954921e-01   4.1571484787e-02
1.3329589295e-01   2.7216556717e-01   4.1570063410e-02
1.3469198010e-01   2.7504228950e-01   4.1556990276e-02
1.4949741361e-01   3.0552409423e-01   4.1548358553e-02
1.7601431492e-01   3.5996790100e-01   4.2060788705e-02
2.0725292082e-01   4.2377447190e-01   4.3406569115e-02
2.0746955453e-01   4.2421546148e-01   4.3418437812e-02
2.0964827169e-01   4.2864930697e-01   4.3539656101e-02
2.3271682480e-01   4.7544703643e-01   4.5024009850e-02
2.7383607573e-01   5.5808823208e-01   4.8525555419e-02
2.7412046951e-01   5.5865590736e-01   4.8553406706e-02
2.7698003102e-01   5.6436063959e-01   4.8836149292e-02
3.0718345619e-01   6.2423981683e-01   5.2117657681e-02
3.6064032625e-01   7.2830745268e-01   5.9206048880e-02
3.6100816276e-01   7.2901406846e-01   5.9260364949e-02
3.6470519383e-01   7.3610835592e-01   5.9810442130e-02
4.0357457851e-01   8.0979888724e-01   6.6049509657e-02
4.7146761286e-01   9.3404594338e-01   7.8932532752e-02
4.7193037229e-01   9.3487089907e-01   7.9029013373e-02
4.7657787999e-01   9.4313819214e-01   8.0004508703e-02
5.2502889262e-01   1.0272898185e+00   9.0886531813e-02
5.2553132838e-01   1.0281418901e+00   9.1006236435e-02
5.3057487644e-01   1.0366704224e+00   9.2215719537e-02
5.8287706279e-01   1.1222958930e+00   1.0561119593e-01
5.8341663934e-01   1.1231508330e+00   1.0575760345e-01
5.8882966623e-01   1.1316934995e+00   1.0723577738e-01
6.4458371594e-01   1.2158306405e+00   1.2347582870e-01
6.4515508896e-01   1.2166540786e+00   1.2365202966e-01
6.5088254179e-01   1.2248617726e+00   1.2542946900e-01
7.0936284564e-01   1.3034632304e+00   1.4477609602e-01
7.0995702215e-01   1.3042094857e+00   1.4498420279e-01
7.1590694046e-01   1.3116196838e+00   1.4708135369e-01
7.7597775682e-01   1.3794984607e+00   1.6965733988e-01
7.7658128200e-01   1.3801106790e+00   1.6989769633e-01
7.8261672084e-01   1.3861497079e+00   1.7231688277e-01
8.4266039433e-01   1.4371081694e+00   1.9801817322e-01
9.3206484836e-01   1.4725020744e+00   2.4290514797e-01
9.3260502365e-01   1.4725179796e+00   2.4320643251e-01
9.3797747542e-01   1.4725143953e+00   2.4622655468e-01
9.8826842751e-01   1.4553521390e+00   2.7693961380e-01
1.0465280376e+00   1.3699683966e+00   3.2149320173e-01
1.0468508956e+00   1.3691262578e+00   3.2178969499e-01
1.0500149566e+00   1.3605134621e+00   3.2474354901e-01
1.0747575164e+00   1.2557029123e+00   3.5287231166e-01
1.0749377650e+00   1.2544891670e+00   3.5313792027e-01
1.0766632471e+00   1.2421797222e+00   3.5577402848e-01
1.0859054119e+00   1.1030606715e+00   3.7987026557e-01
1.0859217960e+00   1.1015346536e+00   3.8008813787e-01
1.0860006400e+00   1.0861427072e+00   3.8223942845e-01
1.0783927890e+00   9.2332404958e-01   4.0059628307e-01
1.0782369286e+00   9.2158489822e-01   4.0075468870e-01
1.0765912775e+00   9.0411648289e-01   4.0230671391e-01
1.0535780968e+00   7.3548306351e-01   4.1395413080e-01
1.0532592441e+00   7.3364910892e-01   4.1405007844e-01
1.0499876106e+00   7.1529086058e-01   4.1497639382e-01
1.0131772250e+00   5.4699654149e-01   4.2069272590e-01
1.0127103672e+00   5.4517569029e-01   4.2072804435e-01
1.0079677006e+00   5.2700241590e-01   4.2105003256e-01
9.5845600376e-01   3.6443352080e-01   4.2146436926e-01
9.5786142097e-01   3.6271874646e-01   4.2144487832e-01
9.5185447254e-01   3.4565007907e-01   4.2122316631e-01
8.9054970382e-01   1.9355610687e-01   4.1693969480e-01
8.8985229123e-01   1.9202117535e-01   4.1687428508e-01
8.8283264272e-01   1.7678093939e-01   4.1619934643e-01
8.1043589911e-01   3.8923594302e-02   4.0782306757e-01
8.0966412091e-01   3.7620489841e-02   4.0772259540e-01
8.0191765004e-01   2.4713269818e-02   4.0670364090e-01
7.2213741539e-01   -9.1852328722e-02   3.9530540950e-01
7.2132330713e-01   -9.2903048367e-02   3.9518223198e-01
7.1316968997e-01   -1.0328607665e-01   3.9394242366e-01
6.3086600747e-01   -1.9496700756e-01   3.8092030451e-01
6.3004018300e-01   -1.9577539006e-01   3.8078589770e-01
6.2178329261e-01   -2.0374522411e-01   3.7943883002e-01
5.3974270526e-01   -2.7254705859e-01   3.6580207934e-01
5.3893052500e-01   -2.7313997036e-01   3.6566530915e-01
5.3082108226e-01   -2.7897120149e-01   3.6429826762e-01
4.5125509469e-01   -3.2809702171e-01   3.5078325697e-01
4.5047592582e-01   -3.2850952976e-01   3.5065026034e-01
4.4270461150e-01   -3.3255497312e-01   3.4932332557e-01
3.6722656692e-01   -3.6565054589e-01   3.3640911530e-01
2.6484393240e-01   -3.9439677112e-01   3.1887503413e-01
2.6418495582e-01   -3.9452747146e-01   3.1876219159e-01
2.5762428838e-01   -3.9579314942e-01   3.1763873013e-01
1.9495987832e-01   -4.0475731358e-01   3.0690095889e-01
1.0775786256e-01   -4.0870792257e-01   2.9187567171e-01
1.0724165642e-01   -4.0870486754e-01   2.9178613392e-01
1.0210810885e-01   -4.0865887848e-01   2.9089515471e-01
5.3570360327e-02   -4.0690155563e-01   2.8241033102e-01
-1.2676680049e-02   -4.0125523449e-01   2.7055997512e-01
-1.3065043544e-02   -4.0121354513e-01   2.7048921236e-01
-1.6925102093e-02   -4.0079494549e-01   2.6978488659e-01
-5.3250030930e-02   -3.9655795361e-01   2.6305784244e-01
-1.0247472748e-01   -3.9061036740e-01   2.5358126616e-01
-1.4385075424e-01   -3.8666711181e-01   2.4519185365e-01
-1.4409344085e-01   -3.8665035864e-01   2.4514132072e-01
-1.4650611011e-01   -3.8648930159e-01   2.4463806681e-01
-1.6928835101e-01   -3.8555407636e-01   2.3980653036e-01
-2.0063374284e-01   -3.8673537745e-01   2.3293732231e-01
-2.2786644471e-01   -3.9134355703e-01   2.2683393247e-01
-2.5208458945e-01   -3.9944972757e-01   2.2144930165e-01
-2.5223191244e-01   -3.9951279149e-01   2.2141711480e-01
-2.5370055143e-01   -4.0015121034e-01   2.2109681433e-01
-2.6797228020e-01   -4.0730779561e-01   2.1805040089e-01
-2.8913210556e-01   -4.2124790822e-01   2.1386035196e-01
-3.0948762371e-01   -4.3839685060e-01   2.1038192863e-01
-3.2960425259e-01   -4.5853947892e-01   2.0764366253e-01
-3.4993056084e-01   -4.8140716620e-01   2.0568579608e-01
-3.5006204888e-01   -4.8156154206e-01   2.0567588592e-01
-3.5137820253e-01   -4.8311067788e-01   2.0557865335e-01
-3.6468131449e-01   -4.9911921254e-01   2.0479610948e-01
-3.8609765837e-01   -5.2583076574e-01   2.0429014013e-01
-4.0840714740e-01   -5.5416231826e-01   2.0470953047e-01
-4.3167147612e-01   -5.8350656420e-01   2.0611002476e-01
-4.3182333001e-01   -5.8369600365e-01   2.0612225201e-01
-4.3334393087e-01   -5.8559097228e-01   2.0624684675e-01
-4.4874959243e-01   -6.0455237493e-01   2.0772713253e-01
-4.7347943105e-01   -6.3380470402e-01   2.1090948656e-01
-4.9877399299e-01   -6.6166859296e-01   2.1516367855e-01
-4.9893689180e-01   -6.6183990605e-01   2.1519432941e-01
-5.0056632087e-01   -6.6354721441e-01   2.1550322112e-01
-5.1688036493e-01   -6.7997029789e-01   2.1882812481e-01
-5.4221764687e-01   -7.0266473516e-01   2.2485527643e-01
-5.6683083943e-01   -7.2053726746e-01   2.3180428726e-01
-5.9002704473e-01   -7.3225349938e-01   2.3951728837e-01
-5.9016922632e-01   -7.3230592454e-01   2.3956864142e-01
-5.9158606472e-01   -7.3281349737e-01   2.4008338658e-01
-6.0521305934e-01   -7.3616561369e-01   2.4533800569e-01
-6.2415843668e-01   -7.3470936724e-01   2.5380605138e-01
-6.3951006121e-01   -7.2454969621e-01   2.6229514394e-01
-6.5051158368e-01   -7.0555107164e-01   2.7044630517e-01
-6.5654017751e-01   -6.7817501239e-01   2.7789277832e-01
-6.5717563059e-01   -6.4349366090e-01   2.8429358245e-01
-6.5716183444e-01   -6.4325151338e-01   2.8433051373e-01
-6.5701131279e-01   -6.4081725238e-01   2.8469680860e-01
-6.5425192462e-01   -6.1529831032e-01   2.8804590218e-01
-6.4544445307e-01   -5.7207118973e-01   2.9205207429e-01
-6.3146816433e-01   -5.2667197933e-01   2.9445719113e-01
-6.3136327422e-01   -5.2637926728e-01   2.9446732294e-01
-6.3030407925e-01   -5.2345225555e-01   2.9456497333e-01
-6.1872310161e-01   -4.9430240443e-01   2.9517725397e-01
-5.9740484121e-01   -4.5006978181e-01   2.9484716018e-01
-5.7298312138e-01   -4.0894827435e-01   2.9306569061e-01
-5.7281904354e-01   -4.0869826894e-01   2.9304999927e-01
-5.7117359077e-01   -4.0620827694e-01   2.9289024186e-01
-5.5430609846e-01   -3.8236649728e-01   2.9101957033e-01
-5.2690402196e-01   -3.4931339007e-01   2.8720269886e-01
-4.9909427245e-01   -3.2183727671e-01   2.8249432877e-01
-4.9891702541e-01   -3.2167996858e-01   2.8246181712e-01
-4.9714569297e-01   -3.2011983268e-01   2.8213520025e-01
-4.7958862371e-01   -3.0580913787e-01   2.7873002651e-01
-4.5305448694e-01   -2.8805715653e-01   2.7299218520e-01
-4.2819410197e-01   -2.7567027159e-01   2.6690648742e-01
-4.0551148063e-01   -2.6822678062e-01   2.6062765614e-01
-4.0537424817e-01   -2.6819405632e-01   2.6058715923e-01
-4.0400768653e-01   -2.6787683148e-01   2.6018205546e-01
-3.9093300618e-01   -2.6568031229e-01   2.5612348048e-01
-3.7275200386e-01   -2.6557764468e-01   2.4979898890e-01
-3.5746462447e-01   -2.6914033902e-01   2.4357775711e-01
-3.4515210725e-01   -2.7596881969e-01   2.3753508400e-01
-3.3583115130e-01   -2.8573263989e-01   2.3173468669e-01
-3.2947357490e-01   -2.9817329295e-01   2.2623254216e-01
-3.2602295357e-01   -3.1309960681e-01   2.2108017127e-01
-3.2540778186e-01   -3.3037804022e-01   2.1632737567e-01
-3.2541280855e-01   -3.3049592865e-01   2.1629836626e-01
-3.2546927894e-01   -3.3167989660e-01   2.1600928724e-01
-3.2665020315e-01   -3.4402446048e-01   2.1322275221e-01
-3.3070553270e-01   -3.6513504405e-01   2.0927110563e-01
-3.3739059105e-01   -3.8841285361e-01   2.0586168020e-01
-3.4663458426e-01   -4.1380364618e-01   2.0305426108e-01
-3.5836752786e-01   -4.4122808771e-01   2.0091385952e-01
-3.5845043783e-01   -4.4140982224e-01   2.0090246339e-01
-3.5928496894e-01   -4.4323145979e-01   2.0079016488e-01
-3.6816907124e-01   -4.6186770494e-01   1.9983739221e-01
-3.8397838274e-01   -4.9243081697e-01   1.9900318800e-01
-4.0203767324e-01   -5.2448585597e-01   1.9903638781e-01
-4.2220894040e-01   -5.5762848660e-01   2.0001495095e-01
-4.2234439941e-01   -5.5784288034e-01   2.0002441737e-01
-4.2370332000e-01   -5.5998799780e-01   2.0012138222e-01
-4.3771326776e-01   -5.8152065677e-01   2.0132475887e-01
-4.6102440320e-01   -6.1512031844e-01   2.0408660397e-01
-4.8577157718e-01   -6.4784584425e-01   2.0796630890e-01
-4.8593367255e-01   -6.4805011952e-01   2.0799479601e-01
-4.8755692247e-01   -6.5008840414e-01   2.0828224578e-01
-5.0399295568e-01   -6.6995846875e-01   2.1141459948e-01
-5.3017629787e-01   -6.9854023141e-01   2.1724135840e-01
-5.5640727927e-01   -7.2285042739e-01   2.2415315790e-01
-5.5657370850e-01   -7.2298898378e-01   2.2420065685e-01
-5.5823642757e-01   -7.2436147620e-01   2.2467783764e-01
-5.7466275302e-01   -7.3669860421e-01   2.2966011060e-01
-5.9920914770e-01   -7.5024159057e-01   2.3812435050e-01
-6.2156945907e-01   -7.5558412349e-01   2.4719437530e-01
-6.4078859433e-01   -7.5164830993e-01   2.5655446093e-01
-6.5592684925e-01   -7.3783096265e-01   2.6582760140e-01
-6.5600865222e-01   -7.3771044644e-01   2.6588576063e-01
-6.5681551536e-01   -7.3648298456e-01   2.6646620441e-01
-6.6372805806e-01   -7.2200579450e-01   2.7213333702e-01
-6.7002212224e-01   -6.9173679198e-01   2.8030031760e-01
-6.7039950942e-01   -6.5330374859e-01   2.8728593612e-01
-6.6466744464e-01   -6.0858004771e-01   2.9277364581e-01
-6.6461123458e-01   -6.0827852814e-01   2.9280340515e-01
-6.6403565808e-01   -6.0525448622e-01   2.9309711351e-01
-6.5695246493e-01   -5.7426264001e-01   2.9563864740e-01
-6.4128382988e-01   -5.2424966594e-01   2.9813391855e-01
-6.2063466730e-01   -4.7448328736e-01   2.9882810508e-01
-6.2048843270e-01   -4.7417066566e-01   2.9882691083e-01
-6.1901698720e-01   -4.7105014607e-01   2.9881113075e-01
-6.0344858936e-01   -4.4051678792e-01   2.9827828530e-01
-5.7651102749e-01   -3.9602338187e-01   2.9616879665e-01
-5.4739986356e-01   -3.5665413016e-01   2.9270164926e-01
-5.4720909656e-01   -3.5642087904e-01   2.9267563484e-01
-5.4529914539e-01   -3.5410192462e-01   2.9241301530e-01
-5.2602927917e-01   -3.3229378038e-01   2.8955303253e-01
-4.9576768184e-01   -3.0336893227e-01   2.8434876638e-01
-4.6617050065e-01   -2.8076812666e-01   2.7846263614e-01
-4.6598512863e-01   -2.8064349224e-01   2.7842327288e-01
-4.6413478509e-01   -2.7941082420e-01   2.7802861262e-01
-4.4600555192e-01   -2.6842950504e-01   2.7398965240e-01
-4.1931310805e-01   -2.5594023860e-01   2.6742355543e-01
-3.9507106235e-01   -2.4867763266e-01   2.6068963521e-01
-3.7363844047e-01   -2.4606472706e-01   2.5391882988e-01
-3.7351092902e-01   -2.4606175439e-01   2.5387563674e-01
-3.7224267230e-01   -2.4604119580e-01   2.5344386711e-01
-3.6025347278e-01   -2.4672460777e-01   2.4914707071e-01
-3.4408427197e-01   -2.5080311475e-01   2.4254391943e-01
-3.3109433224e-01   -2.5817080714e-01   2.3614188047e-01
-3.2127214816e-01   -2.6847287743e-01   2.3000099241e-01
-3.1456306407e-01   -2.8144183787e-01   2.2417353028e-01
-3.1088769210e-01   -2.9689032423e-01   2.1870759495e-01
-3.1015624599e-01   -3.1469916604e-01   2.1365005342e-01
-3.1016084729e-01   -3.1482051959e-01   2.1361911765e-01
-3.1021327723e-01   -3.1603920961e-01   2.1331078944e-01
-3.1137467048e-01   -3.2873960756e-01   2.1033311099e-01
-3.1547253959e-01   -3.5045254826e-01   2.0608691827e-01
-3.2228721520e-01   -3.7442060569e-01   2.0238750262e-01
-3.3175102327e-01   -4.0063087018e-01   1.9929498005e-01
-3.4380301625e-01   -4.2905039053e-01   1.9687612947e-01
-3.4388831536e-01   -4.2923916230e-01   1.9686298014e-01
-3.4474699438e-01   -4.3113168301e-01   1.9673317248e-01
-3.5389921813e-01   -4.5053062009e-01   1.9560786055e-01
-3.7023437433e-01   -4.8250663504e-01   1.9451605216e-01
-3.8897062855e-01   -5.1628912136e-01   1.9431337912e-01
-4.0999723951e-01   -5.5152125071e-01   1.9508846921e-01
-4.1013880725e-01   -5.5175026417e-01   1.9509676670e-01
-4.1155928466e-01   -5.5404248262e-01   1.9518214695e-01
-4.2623336521e-01   -5.7713793635e-01   1.9628103674e-01
-4.5077331464e-01   -6.1352269306e-01   1.9892931280e-01
-4.7700549163e-01   -6.4944755037e-01   2.0277395728e-01
-4.7717796048e-01   -6.4967356638e-01   2.0280252041e-01
-4.7890557114e-01   -6.5193011031e-01   2.0309095894e-01
-4.9644852965e-01   -6.7406421545e-01   2.0625732846e-01
-5.2459622980e-01   -7.0643810247e-01   2.1223622574e-01
-5.5307208780e-01   -7.3472975298e-01   2.1944079318e-01
-5.5325373678e-01   -7.3489400472e-01   2.1949066117e-01
-5.5506922753e-01   -7.3652343868e-01   2.1999189319e-01
-5.7307823868e-01   -7.5141603880e-01   2.2525148427e-01
-6.0027139186e-01   -7.6878000008e-01   2.3428749495e-01
-6.2541704669e-01   -7.7747069432e-01   2.4409775326e-01
-6.4744808958e-01   -7.7609187911e-01   2.5435126350e-01
-6.4757664735e-01   -7.7604836299e-01   2.5441743168e-01
-6.4885270730e-01   -7.7558833393e-01   2.5507917052e-01
-6.6060553913e-01   -7.6847668526e-01   2.6167793037e-01
-6.7484247485e-01   -7.4815272295e-01   2.7170569566e-01
-6.8326340097e-01   -7.1699063028e-01   2.8095947037e-01
-6.8522267827e-01   -6.7622176964e-01   2.8898158358e-01
-6.8521353807e-01   -6.7593403409e-01   2.8902805185e-01
-6.8510680715e-01   -6.7303962953e-01   2.8948905387e-01
-6.8250385644e-01   -6.4252316723e-01   2.9371433917e-01
-6.7289631054e-01   -5.9033688363e-01   2.9879889540e-01
-6.5687255976e-01   -5.3519965756e-01   3.0188815582e-01
-6.5675076976e-01   -5.3484371761e-01   3.0190135948e-01
-6.5552003649e-01   -5.3128434974e-01   3.0202882026e-01
-6.4197956114e-01   -4.9583961131e-01   3.0284954410e-01
-6.1680841635e-01   -4.4216303151e-01   3.0253541919e-01
-6.1663369209e-01   -4.4183061373e-01   3.0252743448e-01
-6.1487783917e-01   -4.3851577870e-01   3.0244357648e-01
-5.9652555922e-01   -4.0639967201e-01   3.0121674011e-01
-5.6554388164e-01   -3.6067932624e-01   2.9800755125e-01
-5.3289801378e-01   -3.2141107942e-01   2.9347588134e-01
-5.3268651810e-01   -3.2118215575e-01   2.9344327461e-01
-5.3057066162e-01   -3.1890880702e-01   2.9311491474e-01
-5.0938287267e-01   -2.9777323389e-01   2.8961741796e-01
-4.7665237095e-01   -2.7054421460e-01   2.8349960439e-01
-4.4523153790e-01   -2.5016682280e-01   2.7681201934e-01
-4.4503651604e-01   -2.5005753365e-01   2.7676789760e-01
-4.4309104608e-01   -2.4897890946e-01   2.7632590832e-01
-4.2414463104e-01   -2.3958561544e-01   2.7183893420e-01
-3.9663175246e-01   -2.2966343868e-01   2.6466064327e-01
-3.7205886801e-01   -2.2493864281e-01   2.5741213813e-01
-3.5070183242e-01   -2.2473383627e-01   2.5021111737e-01
-3.5057593331e-01   -2.2474571324e-01   2.5016541450e-01
-3.4932452400e-01   -2.2487322964e-01   2.4970870618e-01
-3.3757203832e-01   -2.2699388825e-01   2.4517771135e-01
-3.2198691015e-01   -2.3315489086e-01   2.3825812155e-01
-3.0978317525e-01   -2.4240916135e-01   2.3159062776e-01
-3.0089323726e-01   -2.5442496257e-01   2.2522613058e-01
-2.9521886162e-01   -2.6897108817e-01   2.1920973860e-01
-2.9264927737e-01   -2.8590432579e-01   2.1358425796e-01
-2.9307458866e-01   -3.0515376432e-01   2.0839300564e-01
-2.9308672703e-01   -3.0528429809e-01   2.0836129274e-01
-2.9321461785e-01   -3.0659480600e-01   2.0804524677e-01
-2.9513943249e-01   -3.2021761332e-01   2.0499570013e-01
-3.0046268597e-01   -3.4341103041e-01   2.0065646258e-01
-3.0854574641e-01   -3.6894924870e-01   1.9688846772e-01
-3.1933116693e-01   -3.9686560190e-01   1.9375446852e-01
-3.3277316537e-01   -4.2716939925e-01   1.9132577963e-01
-3.3286761512e-01   -4.2737087997e-01   1.9131268229e-01
-3.3381799724e-01   -4.2939097606e-01   1.9118348069e-01
-3.4390800856e-01   -4.5011587271e-01   1.9007327885e-01
-3.6179446562e-01   -4.8435953925e-01   1.8904233431e-01
-3.8220427694e-01   -5.2066155919e-01   1.8895545976e-01
-3.8234278406e-01   -5.2089972860e-01   1.8895815946e-01
-3.8373333093e-01   -5.2328526128e-01   1.8898751529e-01
-3.9817980880e-01   -5.4749875577e-01   1.8952250901e-01
-4.2266428595e-01   -5.8638811363e-01   1.9128658415e-01
-4.4928942856e-01   -6.2589501861e-01   1.9427013457e-01
-4.4946607221e-01   -6.2614777056e-01   1.9429334479e-01
-4.5123667725e-01   -6.2867446546e-01   1.9452839832e-01
-4.6933995584e-01   -6.5379607127e-01   1.9717795811e-01
-4.9888878663e-01   -6.9192841721e-01   2.0243661472e-01
-5.2949753932e-01   -7.2734054138e-01   2.0908332158e-01
-5.2969539047e-01   -7.2755465069e-01   2.0913029408e-01
-5.3167475766e-01   -7.2968558835e-01   2.0960310121e-01
-5.5151164660e-01   -7.4987675824e-01   2.1463548662e-01
-5.8227410587e-01   -7.7644013311e-01   2.2355938645e-01
-6.1186758372e-01   -7.9511368162e-01   2.3361687807e-01
-6.1205078311e-01   -7.9520341745e-01   2.3368433247e-01
-6.1387757665e-01   -7.9607845547e-01   2.3436081235e-01
-6.3156127163e-01   -8.0250137001e-01   2.4130045225e-01
-6.5650270936e-01   -8.0332009865e-01   2.5260052926e-01
-6.7705127025e-01   -7.9184732992e-01   2.6404352785e-01
-6.9201912882e-01   -7.6762677695e-01   2.7509985900e-01
-7.0039537602e-01   -7.3118191638e-01   2.8521192694e-01
-7.0042601243e-01   -7.3091226560e-01   2.8527240456e-01
-7.0071583434e-01   -7.2819171260e-01   2.8587382748e-01
-7.0193591837e-01   -6.9870231621e-01   2.9152760664e-01
-6.9760939119e-01   -6.4550255469e-01   2.9885829516e-01
-6.8572719298e-01   -5.8633004784e-01   3.0407111382e-01
-6.8562765031e-01   -5.8593949176e-01   3.0409719789e-01
-6.8461625389e-01   -5.8202827944e-01   3.0435286903e-01
-6.7294728054e-01   -5.4253357309e-01   3.0639056783e-01
-6.4948408206e-01   -4.8094352914e-01   3.0770093125e-01
-6.4931543189e-01   -4.8055570341e-01   3.0770213049e-01
-6.4761694077e-01   -4.7668410973e-01   3.0770923224e-01
-6.2950404607e-01   -4.3877652481e-01   3.0730279142e-01
-5.9773301684e-01   -3.8355580401e-01   3.0504946598e-01
-5.9751877980e-01   -3.8322198394e-01   3.0502922165e-01
-5.9536990735e-01   -3.7989870572e-01   3.0482296154e-01
-5.7331006028e-01   -3.4822890132e-01   3.0239681229e-01
-5.3742370398e-01   -3.0487769039e-01   2.9744152169e-01
-5.0104522086e-01   -2.6948791666e-01   2.9137128804e-01
-5.0081367903e-01   -2.6928736340e-01   2.9132957971e-01
-4.9850002165e-01   -2.6729974272e-01   2.9091073502e-01
-4.7559723591e-01   -2.4919484184e-01   2.8656177719e-01
-4.4110358848e-01   -2.2710282156e-01   2.7930524800e-01
-4.0893142860e-01   -2.1198095185e-01   2.7169925955e-01
-4.0873453855e-01   -2.1190493895e-01   2.7164991946e-01
-4.0677231134e-01   -2.1115861900e-01   2.7115618282e-01
-3.8784188457e-01   -2.0503074770e-01   2.6619372921e-01
-3.6094425430e-01   -1.9992169902e-01   2.5841071252e-01
-3.3756139638e-01   -1.9955687883e-01   2.5069979149e-01
-3.1781662654e-01   -2.0321900773e-01   2.4315090948e-01
-3.0172052519e-01   -2.1031384848e-01   2.3583175135e-01
-3.0162919187e-01   -2.1036921809e-01   2.3578579028e-01
-3.0072392233e-01   -2.1092955362e-01   2.3532681920e-01
-2.9247194158e-01   -2.1717713382e-01   2.3080346568e-01
-2.8243261699e-01   -2.2914279021e-01   2.2399353791e-01
-2.7576371700e-01   -2.4358039492e-01   2.1753645571e-01
-2.7232330256e-01   -2.6034508451e-01   2.1146919061e-01
-2.7197567520e-01   -2.7937873281e-01   2.0582938701e-01
-2.7460163056e-01   -3.0069106160e-01   2.0065778815e-01
-2.7462777881e-01   -3.0083483450e-01   2.0062630866e-01
-2.7489572639e-01   -3.0227782216e-01   2.0031267225e-01
-2.7821748180e-01   -3.1723796601e-01   1.9729485361e-01
-2.8571793945e-01   -3.4259842998e-01   1.9303409706e-01
-2.9598691502e-01   -3.7045001631e-01   1.8938321202e-01
-3.0899083196e-01   -4.0087764104e-01   1.8641098304e-01
-3.0908277433e-01   -4.0108070915e-01   1.8639432029e-01
-3.1000830931e-01   -4.0311731231e-01   1.8622940258e-01
-3.1987412006e-01   -4.2407608699e-01   1.8475590185e-01
-3.3751488055e-01   -4.5898744348e-01   1.8313580278e-01
-3.5784493522e-01   -4.9643259444e-01   1.8243839493e-01
-3.5798357721e-01   -4.9667989030e-01   1.8243713807e-01
-3.5937597041e-01   -4.9915806714e-01   1.8242690168e-01
-3.7389405102e-01   -5.2444359347e-01   1.8256404044e-01
-3.9871598107e-01   -5.6560694918e-01   1.8370708585e-01
-4.2602075325e-01   -6.0824494664e-01   1.8609078875e-01
-4.2620302424e-01   -6.0852078540e-01   1.8611029239e-01
-4.2803086732e-01   -6.1128058947e-01   1.8630839878e-01
-4.4680776058e-01   -6.3896349828e-01   1.8860243429e-01
-4.7782033975e-01   -6.8198221779e-01   1.9337640917e-01
-5.1047108010e-01   -7.2340007941e-01   1.9966990649e-01
-5.1068403069e-01   -7.2365619168e-01   1.9971516641e-01
-5.1281587546e-01   -7.2620961373e-01   2.0017127971e-01
-5.3432919109e-01   -7.5086472900e-01   2.0508335701e-01
-5.6828720660e-01   -7.8519163710e-01   2.1401952374e-01
-6.0179347458e-01   -8.1232504857e-01   2.2438980223e-01
-6.0200397353e-01   -8.1247024864e-01   2.2446035051e-01
-6.0410530820e-01   -8.1390046185e-01   2.2516857413e-01
-6.2468450960e-01   -8.2589719699e-01   2.3250833341e-01
-6.5464382266e-01   -8.3520579026e-01   2.4474826312e-01
-6.8065385890e-01   -8.3130522671e-01   2.5751728150e-01
-7.0127224666e-01   -8.1296514641e-01   2.7024804298e-01
-7.0138380140e-01   -8.1280032251e-01   2.7032799217e-01
-7.0248408542e-01   -8.1111897599e-01   2.7112591242e-01
-7.1189718558e-01   -7.9103111637e-01   2.7891234465e-01
-7.2033470865e-01   -7.4828138267e-01   2.9007691052e-01
-7.2044323832e-01   -6.9354840735e-01   2.9947915785e-01
-7.2041616578e-01   -6.9316592748e-01   2.9953249366e-01
-7.2012589168e-01   -6.8932123763e-01   3.0006073269e-01
-7.1527222178e-01   -6.4908425226e-01   3.0481178409e-01
-7.0072587016e-01   -5.8149979432e-01   3.1017565415e-01
-7.0060648199e-01   -5.8105627420e-01   3.1020154569e-01
-6.9939481940e-01   -5.7661655453e-01   3.1045450412e-01
-6.8555354274e-01   -5.3198315576e-01   3.1238871995e-01
-6.5818732455e-01   -4.6314709354e-01   3.1328639837e-01
-6.5799216673e-01   -4.6271681763e-01   3.1328409585e-01
-6.5602773581e-01   -4.5842374391e-01   3.1325564036e-01
-6.3518349941e-01   -4.1661771731e-01   3.1244413529e-01
-5.9900407572e-01   -3.5653340926e-01   3.0941697825e-01
-5.9876154630e-01   -3.5617343982e-01   3.0939138085e-01
-5.9632987951e-01   -3.5259212611e-01   3.0913137371e-01
-5.7146691600e-01   -3.1868291851e-01   3.0615019382e-01
-5.3138207763e-01   -2.7300136864e-01   3.0029554557e-01
-5.3112369478e-01   -2.7273875345e-01   3.0025412908e-01
-5.2853970687e-01   -2.7013340820e-01   2.9983751080e-01
-5.0275924550e-01   -2.4615214000e-01   2.9544612809e-01
-4.6328070332e-01   -2.1602649454e-01   2.8792565896e-01
-4.2578755497e-01   -1.9427626854e-01   2.7987979745e-01
-4.2555610234e-01   -1.9416216959e-01   2.7982721615e-01
-4.2324806636e-01   -1.9303788216e-01   2.7930081376e-01
-4.0085207601e-01   -1.8340965246e-01   2.7398895796e-01
-3.6859215443e-01   -1.7374883917e-01   2.6559662826e-01
-3.4003558503e-01   -1.6975449722e-01   2.5722799292e-01
-3.1539464169e-01   -1.7047874560e-01   2.4899393209e-01
-3.1524980721e-01   -1.7049674383e-01   2.4894187627e-01
-3.1381041745e-01   -1.7068545527e-01   2.4842180587e-01
-3.0031023061e-01   -1.7340839178e-01   2.4327314355e-01
-2.8242762630e-01   -1.8041861001e-01   2.3543891787e-01
-2.6836863117e-01   -1.9033411715e-01   2.2790506110e-01
-2.5797071547e-01   -2.0277971645e-01   2.2070694325e-01
-2.5105103823e-01   -2.1751805397e-01   2.1387491154e-01
-2.4742785017e-01   -2.3442933272e-01   2.0743798607e-01
-2.4741491566e-01   -2.3454441153e-01   2.0739814581e-01
-2.4729260359e-01   -2.3570002467e-01   2.0700070219e-01
-2.4676487147e-01   -2.4774048841e-01   2.0312391481e-01
-2.4840992647e-01   -2.6835631959e-01   1.9743539498e-01
-2.5296793795e-01   -2.9124780237e-01   1.9223467856e-01
-2.6035651911e-01   -3.1655293209e-01   1.8756726466e-01
-2.7052715856e-01   -3.4443314476e-01   1.8348774623e-01
-2.7060112106e-01   -3.4462013865e-01   1.8346367713e-01
-2.7134696266e-01   -3.4649625481e-01   1.8322445844e-01
-2.7942711200e-01   -3.6588337380e-01   1.8098345951e-01
-2.9432825058e-01   -3.9853572473e-01   1.7806814932e-01
-3.1201660030e-01   -4.3414033738e-01   1.7594894863e-01
-3.3251961066e-01   -4.7272959896e-01   1.7472950191e-01
-3.3265987869e-01   -4.7298594984e-01   1.7472484603e-01
-3.3406894411e-01   -4.7555600351e-01   1.7468058526e-01
-3.4879842576e-01   -5.0190074920e-01   1.7447469619e-01
-3.7414665674e-01   -5.4530156704e-01   1.7507834418e-01
-4.0228621021e-01   -5.9102137020e-01   1.7693692658e-01
-4.0247500028e-01   -5.9131996686e-01   1.7695317473e-01
-4.0436893205e-01   -5.9430959490e-01   1.7711882458e-01
-4.2390154048e-01   -6.2452242975e-01   1.7910010091e-01
-4.5648588081e-01   -6.7239513290e-01   1.8344781306e-01
-4.9126937609e-01   -7.1983317276e-01   1.8943592073e-01
-4.9149797482e-01   -7.2013160679e-01   1.8947974201e-01
-4.9378777206e-01   -7.2311089016e-01   1.8992188037e-01
-5.1703184701e-01   -7.5228467569e-01   1.9473899200e-01
-5.5427633343e-01   -7.9455446777e-01   2.0372279023e-01
-5.9180930469e-01   -8.3046835935e-01   2.1444305584e-01
-5.9204794606e-01   -8.3067156846e-01   2.1451696468e-01
-5.9443234491e-01   -8.3268275303e-01   2.1525962886e-01
-6.1800263187e-01   -8.5054543907e-01   2.2303020927e-01
-6.5317351094e-01   -8.6891006989e-01   2.3627818146e-01
-6.8489921716e-01   -8.7322217774e-01   2.5047796580e-01
-6.8508743470e-01   -8.7319947714e-01   2.5057066428e-01
-6.8695792205e-01   -8.7293577087e-01   2.5149843785e-01
-7.0440177958e-01   -8.6655104718e-01   2.6081765729e-01
-7.2629146676e-01   -8.4250242704e-01   2.7518872271e-01
-7.4025758333e-01   -8.0140295233e-01   2.8862256410e-01
-7.4507881364e-01   -7.4486298952e-01   3.0033654930e-01
-7.4507839539e-01   -7.4445770764e-01   3.0040440531e-01
-7.4505192665e-01   -7.4037729498e-01   3.0107750731e-01
-7.4254521053e-01   -6.9703430586e-01   3.0723360287e-01
-7.3048139603e-01   -6.2214146545e-01   3.1455774941e-01
-7.3037286106e-01   -6.2164290083e-01   3.1459499490e-01
-7.2926610096e-01   -6.1664765827e-01   3.1496056550e-01
-7.1610706666e-01   -5.6600447375e-01   3.1792313688e-01
-6.8847076699e-01   -4.8660653361e-01   3.2004218903e-01
-6.8826875346e-01   -4.8610599906e-01   3.2004612204e-01
-6.8623228680e-01   -4.8110930000e-01   3.2007891465e-01
-6.6433002009e-01   -4.3221638208e-01   3.1977030425e-01
-6.2537782008e-01   -3.6129286804e-01   3.1715056262e-01
-6.2511365370e-01   -3.6086592237e-01   3.1712619594e-01
-6.2246313998e-01   -3.5661704736e-01   3.1687759754e-01
-5.9518162390e-01   -3.1628193853e-01   3.1392541921e-01
-5.5063594108e-01   -2.6166285194e-01   3.0785028310e-01
-5.5034695499e-01   -2.6134794268e-01   3.0780658391e-01
-5.4745575834e-01   -2.5822321209e-01   3.0736660628e-01
-5.1850272850e-01   -2.2940749560e-01   3.0269333849e-01
-4.7383924199e-01   -1.9302573140e-01   2.9459659590e-01
-4.7355846887e-01   -1.9282579343e-01   2.9454241435e-01
-4.7075524556e-01   -1.9084859549e-01   2.9399922759e-01
-4.4323596128e-01   -1.7323608503e-01   2.8844803783e-01
-4.0255805004e-01   -1.5300467755e-01   2.7947403666e-01
-3.6543105204e-01   -1.4052909280e-01   2.7035312732e-01
-3.6520623363e-01   -1.4047138777e-01   2.7029472823e-01
-3.6296725901e-01   -1.3990874043e-01   2.6971082876e-01
-3.4151541276e-01   -1.3565555504e-01   2.6388823097e-01
-3.1149982062e-01   -1.3345463402e-01   2.5489947326e-01
-2.8585451170e-01   -1.3573961432e-01   2.4612666513e-01
-2.6452811225e-01   -1.4162689295e-01   2.3762991091e-01
-2.6440529629e-01   -1.4167458271e-01   2.3757653989e-01
-2.6318650451e-01   -1.4215799355e-01   2.3704354387e-01
-2.5192432519e-01   -1.4761475184e-01   2.3178656738e-01
-2.3758614142e-01   -1.5819917412e-01   2.2384631970e-01
-2.2702159804e-01   -1.7098549891e-01   2.1626385014e-01
-2.1998612240e-01   -1.8576590946e-01   2.0905798161e-01
-2.1625018499e-01   -2.0245948664e-01   2.0224753421e-01
-2.1561367913e-01   -2.2108824281e-01   1.9585375489e-01
-2.1561921371e-01   -2.2121382342e-01   1.9581424817e-01
-2.1568115509e-01   -2.2247421423e-01   1.9542017691e-01
-2.1695308015e-01   -2.3554464844e-01   1.9158063441e-01
-2.2126579072e-01   -2.5775767473e-01   1.8596213637e-01
-2.2834096729e-01   -2.8232220898e-01   1.8084516695e-01
-2.3813619130e-01   -3.0947206399e-01   1.7627645382e-01
-2.5065045294e-01   -3.3945740041e-01   1.7231419349e-01
-2.5073931620e-01   -3.3965888025e-01   1.7229094627e-01
-2.5163414531e-01   -3.4168063432e-01   1.7206000239e-01
-2.6120515526e-01   -3.6260619271e-01   1.6990779973e-01
-2.7846723273e-01   -3.9799803774e-01   1.6715803326e-01
-2.9860542762e-01   -4.3681261153e-01   1.6524826427e-01
-2.9874369545e-01   -4.3707218211e-01   1.6523900026e-01
-3.0013304986e-01   -4.3967582726e-01   1.6514852576e-01
-3.1469877315e-01   -4.6650670943e-01   1.6446754467e-01
-3.3995364575e-01   -5.1131560211e-01   1.6428525610e-01
-3.6828834391e-01   -5.5944319605e-01   1.6531818584e-01
-3.6847956204e-01   -5.5976096314e-01   1.6532907245e-01
-3.7039870196e-01   -5.6294514359e-01   1.6544107442e-01
-3.9028344377e-01   -5.9540272360e-01   1.6688452594e-01
-4.2385044337e-01   -6.4799948060e-01   1.7040672404e-01
-4.2407465129e-01   -6.4834143743e-01   1.7043455854e-01
-4.2632319413e-01   -6.5176387944e-01   1.7071676238e-01
-4.4944008471e-01   -6.8619946754e-01   1.7393441544e-01
-4.8770866853e-01   -7.4002328378e-01   1.8048554166e-01
-4.8796102742e-01   -7.4036416607e-01   1.8053369705e-01
-4.9048945376e-01   -7.4376884694e-01   1.8101972936e-01
-5.1622172539e-01   -7.7727120032e-01   1.8633370458e-01
-5.5770936152e-01   -8.2639906003e-01   1.9632676975e-01
-5.5797806504e-01   -8.2669534281e-01   1.9639736232e-01
-5.6066655899e-01   -8.2964302020e-01   1.9710793120e-01
-5.8763278146e-01   -8.5742238375e-01   2.0467341412e-01
-6.2945040405e-01   -8.9299816897e-01   2.1810170863e-01
-6.2971391522e-01   -8.9318839791e-01   2.1819347611e-01
-6.3234490890e-01   -8.9506156919e-01   2.1911499418e-01
-6.5814779165e-01   -9.1068398058e-01   2.2869230701e-01
-6.9575101628e-01   -9.2213063551e-01   2.4474382889e-01
-7.2822660653e-01   -9.1506954680e-01   2.6152511036e-01
-7.2841330130e-01   -9.1495979785e-01   2.6163306887e-01
-7.3026383947e-01   -9.1381589179e-01   2.6271235634e-01
-7.4701893402e-01   -8.9769201353e-01   2.7342421610e-01
-7.6593523077e-01   -8.5544982961e-01   2.8941143231e-01
-7.7452864852e-01   -7.9377872766e-01   3.0359843232e-01
-7.7454766381e-01   -7.9332812763e-01   3.0368136500e-01
-7.7471195231e-01   -7.8878617900e-01   3.0450453782e-01
-7.7373877678e-01   -7.4003113293e-01   3.1208086692e-01
-7.6260336687e-01   -6.5421566322e-01   3.2124881394e-01
-7.6249474541e-01   -6.5363955874e-01   3.2129611512e-01
-7.6138286005e-01   -6.4786458089e-01   3.2176093682e-01
-7.4774817091e-01   -5.8906313665e-01   3.2558155649e-01
-7.1787664323e-01   -4.9624032173e-01   3.2853718508e-01
-7.1765482445e-01   -4.9565366510e-01   3.2854450053e-01
-7.1541667351e-01   -4.8979660416e-01   3.2860977619e-01
-6.9115220862e-01   -4.3244795716e-01   3.2849592946e-01
-6.4742627745e-01   -3.4931231258e-01   3.2575378999e-01
-6.4712806272e-01   -3.4881266304e-01   3.2572717657e-01
-6.4413496187e-01   -3.4384105319e-01   3.2545519479e-01
-6.1324095486e-01   -2.9673327234e-01   3.2218507370e-01
-5.6257222636e-01   -2.3331310187e-01   3.1537172570e-01
-5.6224294983e-01   -2.3294911069e-01   3.1532259704e-01
-5.5894838447e-01   -2.2933858143e-01   3.1482793309e-01
-5.2593479386e-01   -1.9615863433e-01   3.0957487761e-01
-4.7497904520e-01   -1.5463706118e-01   3.0050017716e-01
-4.7465874994e-01   -1.5441027882e-01   3.0043961739e-01
-4.7146101376e-01   -1.5216855075e-01   2.9983262366e-01
-4.4007842655e-01   -1.3228004227e-01   2.9364418998e-01
-3.9373639450e-01   -1.0963687743e-01   2.8369990781e-01
-3.5149707241e-01   -9.5775246138e-02   2.7366806292e-01
-3.5124144632e-01   -9.5711114886e-02   2.7360406429e-01
-3.4869573617e-01   -9.5085613006e-02   2.7296433473e-01
-3.2431041504e-01   -9.0326381951e-02   2.6660006310e-01
-2.9018521198e-01   -8.7635326843e-02   2.5682381992e-01
-2.6096697457e-01   -8.9565507992e-02   2.4732887471e-01
-2.3653048511e-01   -9.5031369366e-02   2.3816319083e-01
-2.3638907892e-01   -9.5075811847e-02   2.3810568200e-01
-2.3498522412e-01   -9.5526260637e-02   2.3753139506e-01
-2.2195139487e-01   -1.0059865339e-01   2.3186944118e-01
-2.0508805537e-01   -1.1033987454e-01   2.2331820178e-01
-1.9221598899e-01   -1.2192656198e-01   2.1513901463e-01
-1.8300395406e-01   -1.3510634715e-01   2.0733660005e-01
-1.7714341114e-01   -1.4977377331e-01   1.9991581931e-01
-1.7436427221e-01   -1.6594109169e-01   1.9288371444e-01
-1.7435590744e-01   -1.6604952437e-01   1.9284000273e-01
-1.7427867369e-01   -1.6713745956e-01   1.9240378434e-01
-1.7413785113e-01   -1.7838623228e-01   1.8813220932e-01
-1.7614265448e-01   -1.9740476466e-01   1.8179226510e-01
-1.8075141543e-01   -2.1837286762e-01   1.7588228060e-01
-1.8788913337e-01   -2.4156300162e-01   1.7042964388e-01
-1.9753406233e-01   -2.6728586957e-01   1.6547086320e-01
-1.9760386594e-01   -2.6745928486e-01   1.6544082818e-01
-1.9830760341e-01   -2.6919991573e-01   1.6514169746e-01
-2.0591840074e-01   -2.8727274041e-01   1.6227535974e-01
-2.1994235025e-01   -3.1811842806e-01   1.5827917976e-01
-2.3665444257e-01   -3.5243794120e-01   1.5493979205e-01
-2.5619371233e-01   -3.9056758324e-01   1.5234936948e-01
-2.5632814740e-01   -3.9082441865e-01   1.5233544354e-01
-2.5767923889e-01   -3.9340203063e-01   1.5219813043e-01
-2.7187364385e-01   -4.2011667873e-01   1.5102667177e-01
-2.9663612276e-01   -4.6538632308e-01   1.4999705510e-01
-3.2468971265e-01   -5.1501342599e-01   1.5008920035e-01
-3.2488010686e-01   -5.1534483332e-01   1.5009379526e-01
-3.2679181129e-01   -5.1866853227e-01   1.5014270463e-01
-3.4669141560e-01   -5.5285300393e-01   1.5093909371e-01
-3.8069071156e-01   -6.0954162147e-01   1.5340737452e-01
-3.8091963516e-01   -6.0991594201e-01   1.5342837985e-01
-3.8321686652e-01   -6.1366668347e-01   1.5364227541e-01
-4.0698566491e-01   -6.5187374985e-01   1.5617877213e-01
-4.4698371820e-01   -7.1356079102e-01   1.6170980757e-01
-4.4725036175e-01   -7.1396036668e-01   1.6175178190e-01
-4.4992409003e-01   -7.1795812280e-01   1.6217633340e-01
-4.7736860094e-01   -7.5802036518e-01   1.6691522948e-01
-5.2259571121e-01   -8.1978482921e-01   1.7622055564e-01
-5.2289294504e-01   -8.2017144796e-01   1.7628785823e-01
-5.2587015268e-01   -8.2402909074e-01   1.7696644209e-01
-5.5607580385e-01   -8.6155753663e-01   1.8431341685e-01
-6.0432243766e-01   -9.1454902282e-01   1.9785922463e-01
-6.0463266370e-01   -9.1485808485e-01   1.9795389429e-01
-6.0773477455e-01   -9.1792407883e-01   1.9890609506e-01
-6.3864599781e-01   -9.4586336357e-01   2.0896627238e-01
-6.8564484986e-01   -9.7732386169e-01   2.2649147565e-01
-6.8593645538e-01   -9.7746837975e-01   2.2660980593e-01
-6.8884429714e-01   -9.7886998929e-01   2.2779697232e-01
-7.1696752053e-01   -9.8828421461e-01   2.4001522858e-01
-7.5623019272e-01   -9.8432784413e-01   2.5996680631e-01
-7.8737957038e-01   -9.5499759796e-01   2.8000745038e-01
-7.8754696852e-01   -9.5472512157e-01   2.8013327651e-01
-7.8919663395e-01   -9.5194096504e-01   2.8138882225e-01
-8.0313685975e-01   -9.1822527349e-01   2.9360122588e-01
-8.1466034874e-01   -8.4532324778e-01   3.1083019378e-01
-8.1469072713e-01   -8.4478455267e-01   3.1093087759e-01
-8.1496315899e-01   -8.3935120930e-01   3.1193012433e-01
-8.1450687151e-01   -7.8071848801e-01   3.2110930129e-01
-8.0204518673e-01   -6.7679118712e-01   3.3210841840e-01
-8.0191964605e-01   -6.7609232340e-01   3.3216451386e-01
-8.0063275677e-01   -6.6908667626e-01   3.3271516599e-01
-7.8467980295e-01   -5.9778887375e-01   3.3718178742e-01
-7.4928450626e-01   -4.8573231405e-01   3.4039484576e-01
-7.4902073339e-01   -4.8502729515e-01   3.4040103926e-01
-7.4635887006e-01   -4.7799129031e-01   3.4045328632e-01
-7.1747410713e-01   -4.0939955602e-01   3.4003884289e-01
-6.6544454728e-01   -3.1121287921e-01   3.3631097915e-01
-6.6509020043e-01   -3.1062830312e-01   3.3627645957e-01
-6.6153422932e-01   -3.0481575647e-01   3.3592449487e-01
-6.2489248244e-01   -2.5014102220e-01   3.3177523365e-01
-5.6509806662e-01   -1.7792165557e-01   3.2340331850e-01
-5.6471087927e-01   -1.7751272431e-01   3.2334385707e-01
-5.6083794302e-01   -1.7346032722e-01   3.2274575622e-01
-5.2213797508e-01   -1.3658104966e-01   3.1645555708e-01
-4.6281987795e-01   -9.1561782784e-02   3.0580780565e-01
-4.6244868464e-01   -9.1320236687e-02   3.0573754727e-01
-4.5874396481e-01   -8.8935554442e-02   3.0503388112e-01
-4.2249980474e-01   -6.8043947783e-02   2.9791282388e-01
-3.6936405179e-01   -4.5035941464e-02   2.8664998663e-01
-3.6903982899e-01   -4.4922369822e-02   2.8657798460e-01
-3.6580922174e-01   -4.3808217074e-02   2.8585820291e-01
-3.3469777904e-01   -3.4698569059e-02   2.7869527491e-01
-2.9061351680e-01   -2.6824842892e-02   2.6770148110e-01
-2.5223790641e-01   -2.4957481254e-02   2.5705296566e-01
-2.5201074137e-01   -2.4961083956e-02   2.5698610520e-01
-2.4975177256e-01   -2.5006728261e-02   2.5631841308e-01
-2.2841722977e-01   -2.6350386745e-02   2.4973412660e-01
-1.9949325899e-01   -3.1104014149e-02   2.3978542432e-01
-1.7562780927e-01   -3.8202452046e-02   2.3025804528e-01
-1.5637002663e-01   -4.6908214335e-02   2.2114316255e-01
-1.5626064937e-01   -4.6967916450e-02   2.2108615521e-01
-1.5517615228e-01   -4.7567405658e-02   2.2051697877e-01
-1.4523373237e-01   -5.3791336981e-02   2.1491412966e-01
-1.3276604157e-01   -6.4235304080e-02   2.0647265901e-01
-1.2366994985e-01   -7.5415606304e-02   1.9840662436e-01
-1.1755992860e-01   -8.7294644943e-02   1.9070513512e-01
-1.1410848411e-01   -9.9933950048e-02   1.8336027377e-01
-1.1305030078e-01   -1.1347104971e-01   1.7636743449e-01
-1.1418294297e-01   -1.2810296707e-01   1.6972564626e-01
-1.1419690483e-01   -1.2820059482e-01   1.6968429390e-01
-1.1434111953e-01   -1.2917989648e-01   1.6927156688e-01
-1.1623759559e-01   -1.3929000374e-01   1.6522428213e-01
-1.1977391778e-01   -1.5291187326e-01   1.6034185524e-01
