X    Y    Z
1.0000000000e-01   0.0000000000e+00   0.0000000000e+00
9.5351955507e-02   -1.4077470522e-03   -4.8332297294e-07
7.7656168412e-02   -7.0486735933e-03   -1.0854784264e-05
6.2121409763e-02   -1.2473032243e-02   -3.0041588650e-05
4.8393905376e-02   -1.7773716749e-02   -5.3094737587e-05
3.6166863705e-02   -2.3036525847e-02   -7.6258001785e-05
2.5173240787e-02   -2.8341824569e-02   -9.6590531282e-05
1.5179510479e-02   -3.3766036391e-02   -1.1168011226e-04
5.9802888796e-03   -3.9382995253e-02   -1.1942036038e-04
-2.6063162581e-03   -4.5265183619e-02   -1.1783178952e-04
-1.0742741776e-02   -5.1484880189e-02   -1.0491145513e-04
-1.8575486001e-02   -5.8115238405e-02   -7.8499223486e-05
-2.6238187965e-02   -6.5231314788e-02   -3.6151010963e-05
-3.3854339310e-02   -7.2911064263e-02   2.4989180964e-05
-4.1539689694e-02   -8.1236317992e-02   1.0832576102e-04
-4.9404398279e-02   -9.0293757784e-02   2.1796356604e-04
-4.9568015792e-02   -9.0487450600e-02   2.2051587594e-04
-5.1210980925e-02   -9.2443553132e-02   2.4676824742e-04
-5.9440395864e-02   -1.0252483423e-01   3.9552358429e-04
-6.8083793725e-02   -1.1355359368e-01   5.8315730869e-04
-7.7245745045e-02   -1.2563898271e-01   8.1738890932e-04
-8.7032460201e-02   -1.3889935375e-01   1.1076265757e-03
-9.7553234978e-02   -1.5346339750e-01   1.4653338530e-03
-1.0892184640e-01   -1.6947133558e-01   1.9044726465e-03
-1.2125791784e-01   -1.8707617201e-01   2.4420391173e-03
-1.2152142016e-01   -1.8745437156e-01   2.4542094831e-03
-1.2418189352e-01   -1.9127732157e-01   2.5786928613e-03
-1.3787698469e-01   -2.1106795457e-01   3.2654770358e-03
-1.5283351874e-01   -2.3284851994e-01   4.1028861506e-03
-1.6919917966e-01   -2.5682243832e-01   5.1228531648e-03
-1.8713323090e-01   -2.8321176292e-01   6.3641635308e-03
-1.8751790971e-01   -2.8377884723e-01   6.3922001692e-03
-1.9140512420e-01   -2.8951137362e-01   6.6788320159e-03
-2.1149692400e-01   -3.1919218243e-01   8.2564901062e-03
-2.3356005105e-01   -3.5185651397e-01   1.0174138691e-02
-2.5780053879e-01   -3.8779589528e-01   1.2504075255e-02
-2.5832102321e-01   -3.8856795773e-01   1.2556661744e-02
-2.6358160021e-01   -3.9637190339e-01   1.3094193850e-02
-2.9079610785e-01   -4.3675628838e-01   1.6050408427e-02
-3.2071050394e-01   -4.8115112955e-01   1.9639137757e-02
-3.2135288790e-01   -4.8210434043e-01   1.9720100634e-02
-3.2784556786e-01   -4.9173807997e-01   2.0547609967e-02
-3.6143271013e-01   -5.4155318274e-01   2.5096025180e-02
-3.9834014631e-01   -5.9623374916e-01   3.0612168343e-02
-3.9913248190e-01   -5.9740679243e-01   3.0736548059e-02
-4.0714012871e-01   -6.0925978503e-01   3.2007649790e-02
-4.4854339550e-01   -6.7047394972e-01   3.8988999365e-02
-4.9398975209e-01   -7.3750634378e-01   4.7443943851e-02
-4.9496474031e-01   -7.3894238764e-01   4.7634441400e-02
-5.0481665812e-01   -7.5344799398e-01   4.9580865505e-02
-5.5570307773e-01   -8.2821375154e-01   6.0259329196e-02
-5.5679413803e-01   -8.2981375364e-01   6.0499784080e-02
-5.6781733708e-01   -8.4597130261e-01   6.2956296373e-02
-6.2470495852e-01   -9.2912415286e-01   7.6421697090e-02
-6.2592375153e-01   -9.3090119901e-01   7.6724683309e-02
-6.3823513450e-01   -9.4884062424e-01   7.9819456175e-02
-7.0169994731e-01   -1.0409826994e+00   9.6765152139e-02
-7.0305829273e-01   -1.0429483882e+00   9.7146091637e-02
-7.1677598139e-01   -1.0627836753e+00   1.0103619643e-01
-7.8738862120e-01   -1.1644073492e+00   1.2230765408e-01
-7.8889800323e-01   -1.1665704111e+00   1.2278526953e-01
-8.0413619331e-01   -1.1883853267e+00   1.2766118682e-01
-8.8243103909e-01   -1.2997903546e+00   1.5427702653e-01
-8.8410186322e-01   -1.3021547076e+00   1.5487374451e-01
-9.0096312426e-01   -1.3259827684e+00   1.6096330780e-01
-9.8739295713e-01   -1.4471617725e+00   1.9413138474e-01
-9.8923347544e-01   -1.4497238693e+00   1.9487359236e-01
-1.0077976510e+00   -1.4755210817e+00   2.0244435068e-01
-1.1026694216e+00   -1.6060063612e+00   2.4356658806e-01
-1.1046842304e+00   -1.6087516896e+00   2.4448458894e-01
-1.1249929699e+00   -1.6363607255e+00   2.5384298563e-01
-1.2283798179e+00   -1.7750270512e+00   3.0449938032e-01
-1.2305678284e+00   -1.7779257093e+00   3.0562682131e-01
-1.2526037609e+00   -1.8070308072e+00   3.1711182634e-01
-1.3590015760e+00   -1.9451750053e+00   3.7596983569e-01
-1.3613475757e+00   -1.9481737864e+00   3.7733253542e-01
-1.3849500686e+00   -1.9782235786e+00   3.9120176454e-01
-1.4923186845e+00   -2.1119878875e+00   4.5804975779e-01
-1.4947984605e+00   -2.1150168920e+00   4.5966842650e-01
-1.5197151785e+00   -2.1452911412e+00   4.7612560126e-01
-1.6276808241e+00   -2.2728547174e+00   5.5162282316e-01
-1.6302623043e+00   -2.2758279190e+00   5.5351418509e-01
-1.6561605015e+00   -2.3054433282e+00   5.7272013373e-01
-1.7641866852e+00   -2.4244874901e+00   6.5756218876e-01
-1.7668282336e+00   -2.4273008255e+00   6.5973676055e-01
-1.7932776772e+00   -2.4551929340e+00   6.8178645711e-01
-1.9005400753e+00   -2.5626848622e+00   7.7664308495e-01
-1.9031884194e+00   -2.5652146335e+00   7.7910213332e-01
-1.9296407866e+00   -2.5901235181e+00   8.0399351264e-01
-2.0348516865e+00   -2.6820610995e+00   9.0938386297e-01
-2.0374395556e+00   -2.6841633712e+00   9.1211533934e-01
-2.0632052362e+00   -2.7046302744e+00   9.3970801153e-01
-2.1643803449e+00   -2.7757828510e+00   1.0557817876e+00
-2.1668240950e+00   -2.7772950431e+00   1.0587551562e+00
-2.1910493553e+00   -2.7916822331e+00   1.0887184807e+00
-2.2851839157e+00   -2.8354004013e+00   1.2148502317e+00
-2.2873818829e+00   -2.8361472647e+00   1.2180104051e+00
-2.3090341308e+00   -2.8427032210e+00   1.2497636053e+00
-2.3916410668e+00   -2.8511069679e+00   1.3836824672e+00
-2.3934748838e+00   -2.8509156241e+00   1.3869440086e+00
-2.4113588983e+00   -2.8479321630e+00   1.4196009427e+00
-2.4762676385e+00   -2.8136154888e+00   1.5559341622e+00
-2.4776118078e+00   -2.8123467486e+00   1.5591801826e+00
-2.4904702767e+00   -2.7984781110e+00   1.5915445587e+00
-2.5312522160e+00   -2.7190279582e+00   1.7211427962e+00
-2.5319970207e+00   -2.7166219902e+00   1.7242374939e+00
-2.5387445676e+00   -2.6913401184e+00   1.7549377700e+00
-2.5522673389e+00   -2.5737170476e+00   1.8678268778e+00
-2.5523459936e+00   -2.5702224132e+00   1.8706440141e+00
-2.5523408911e+00   -2.5340925147e+00   1.8984249243e+00
-2.5405829394e+00   -2.3904388074e+00   1.9898455570e+00
-2.5399746730e+00   -2.3859848724e+00   1.9922909545e+00
-2.5330427500e+00   -2.3403703670e+00   2.0162346847e+00
-2.5002589442e+00   -2.1814668271e+00   2.0863844609e+00
-2.4989758482e+00   -2.1762197514e+00   2.0883997940e+00
-2.4852721495e+00   -2.1228328448e+00   2.1079556262e+00
-2.4356161227e+00   -1.9563250117e+00   2.1590867412e+00
-2.4336910761e+00   -1.9504592800e+00   2.1606443250e+00
-2.4135755450e+00   -1.8910755140e+00   2.1755701882e+00
-2.3504049646e+00   -1.7220132404e+00   2.2103606939e+00
-2.3478838059e+00   -1.7156970641e+00   2.2114568547e+00
-2.3218415659e+00   -1.6520120050e+00   2.2217492273e+00
-2.2477528522e+00   -1.4837343454e+00   2.2427054786e+00
-2.2446896786e+00   -1.4771227249e+00   2.2433548847e+00
-2.2132835931e+00   -1.4106860334e+00   2.2491899957e+00
-2.1302574286e+00   -1.2453647035e+00   2.2585160721e+00
-2.1267114092e+00   -1.2385961204e+00   2.2587470165e+00
-2.0905502311e+00   -1.1707819165e+00   2.2604325941e+00
-2.0000763666e+00   -1.0097663111e+00   2.2600220829e+00
-1.9961094466e+00   -1.0029614753e+00   2.2598726009e+00
-1.9558251320e+00   -9.3495892805e-01   2.2578086527e+00
-1.8590149889e+00   -7.7903921882e-01   2.2492715388e+00
-1.8546902547e+00   -7.7230108049e-01   2.2487863056e+00
-1.8109220059e+00   -7.0511718133e-01   2.2434341312e+00
-1.7086126947e+00   -5.5472789665e-01   2.2281411408e+00
-1.7039932189e+00   -5.4814238464e-01   2.2273690379e+00
-1.6573763768e+00   -4.8261150360e-01   2.2192272049e+00
-1.5502130690e+00   -3.3796740420e-01   2.1983597061e+00
-1.5453610601e+00   -3.3160455393e-01   2.1973518999e+00
-1.4965190530e+00   -2.6840144648e-01   2.1869374843e+00
-1.3850145376e+00   -1.2958161841e-01   2.1615334664e+00
-1.3799906799e+00   -1.2349691668e-01   2.1603418690e+00
-1.3295288766e+00   -6.3151529156e-02   2.1481756037e+00
-1.2141060519e+00   6.9848146531e-02   2.1191685833e+00
-1.2089689768e+00   7.5612281206e-02   2.1178446108e+00
-1.1574698537e+00   1.3269897407e-01   2.1044390388e+00
-1.0384910982e+00   2.5993292487e-01   2.0726897670e+00
-1.0332969612e+00   2.6534556520e-01   2.0712833359e+00
-9.8131631089e-01   3.1888503391e-01   2.0571333578e+00
-8.5910411350e-01   4.4043515660e-01   2.0234556841e+00
-8.5390626856e-01   4.4547521360e-01   2.0220144079e+00
-8.0197038225e-01   4.9527432986e-01   2.0075898007e+00
-6.7682260630e-01   6.1123095910e-01   1.9727723928e+00
-6.7167138248e-01   6.1588546648e-01   1.9713409458e+00
-6.2027524360e-01   6.6182904098e-01   1.9570805226e+00
-4.9247773587e-01   7.7227121467e-01   1.9219060325e+00
-4.8742032766e-01   7.7653355892e-01   1.9205256534e+00
-4.3702692246e-01   8.1856651360e-01   1.9068327475e+00
-3.0686593884e-01   9.2353761959e-01   1.8720957679e+00
-3.0194642536e-01   9.2740571881e-01   1.8708038676e+00
-2.5298732612e-01   9.6551489486e-01   1.8580427992e+00
-1.2076447516e-01   1.0649894472e+00   1.8245676366e+00
-1.1602398994e-01   1.0684638746e+00   1.8233974718e+00
-6.8901421451e-02   1.1026594131e+00   1.8118905827e+00
6.5045363261e-02   1.1964954315e+00   1.7805494416e+00
6.9568283044e-02   1.1995774722e+00   1.7795298007e+00
1.1447760891e-01   1.2298736331e+00   1.7695545246e+00
2.4974193467e-01   1.3177426724e+00   1.7412859714e+00
2.5401078012e-01   1.3204322946e+00   1.7404408029e+00
2.9634967178e-01   1.3468275244e+00   1.7322260588e+00
4.3240544350e-01   1.4281103966e+00   1.7080522258e+00
4.3638489253e-01   1.4304041183e+00   1.7074001089e+00
4.7580699014e-01   1.4528601809e+00   1.7011210320e+00
6.1192550135e-01   1.5264901149e+00   1.6821592233e+00
6.1558022811e-01   1.5283787594e+00   1.6817125435e+00
6.5173787740e-01   1.5467989092e+00   1.6774821632e+00
7.8685282047e-01   1.6110238703e+00   1.6649411403e+00
7.9014585171e-01   1.6124902521e+00   1.6647047695e+00
8.2267353411e-01   1.6266969442e+00   1.6625606674e+00
9.5515628536e-01   1.6787153218e+00   1.6577017969e+00
9.5804677420e-01   1.6797320337e+00   1.6576709951e+00
9.8653886457e-01   1.6894460189e+00   1.6575541468e+00
1.1137948602e+00   1.7248390377e+00   1.6615752589e+00
1.1162352121e+00   1.7253668774e+00   1.6617323774e+00
1.1402175454e+00   1.7301933036e+00   1.6634540993e+00
1.2463075685e+00   1.7419735762e+00   1.6753941210e+00
1.2482863491e+00   1.7420105571e+00   1.6756924651e+00
1.2676466542e+00   1.7419312647e+00   1.6787783804e+00
1.3510127239e+00   1.7298698693e+00   1.6960846152e+00
1.3525242337e+00   1.7294219967e+00   1.6964696986e+00
1.3672081510e+00   1.7245039611e+00   1.7003710356e+00
1.4276642281e+00   1.6891497079e+00   1.7202907021e+00
1.4694323881e+00   1.6355999532e+00   1.7402869504e+00
1.4700931790e+00   1.6343211646e+00   1.7406844625e+00
1.4762748689e+00   1.6211424089e+00   1.7446173194e+00
1.4954231572e+00   1.5469194075e+00   1.7623268253e+00
1.4965906065e+00   1.4576398517e+00   1.7764443344e+00
1.4964311797e+00   1.4556688302e+00   1.7766863355e+00
1.4944397651e+00   1.4356623518e+00   1.7789915349e+00
1.4745607500e+00   1.3307551494e+00   1.7870052901e+00
1.4739821609e+00   1.3284935982e+00   1.7871091928e+00
1.4678279683e+00   1.3056496826e+00   1.7880082489e+00
1.4284472943e+00   1.1887158645e+00   1.7886005788e+00
1.4274853413e+00   1.1862408078e+00   1.7885448432e+00
1.4175353795e+00   1.1613353397e+00   1.7878345920e+00
1.3606726552e+00   1.0362664719e+00   1.7803339084e+00
1.3593724138e+00   1.0336585104e+00   1.7801103190e+00
1.3460851486e+00   1.0074977618e+00   1.7777206124e+00
1.2741644531e+00   8.7819330466e-01   1.7620879421e+00
1.2725784143e+00   8.7553079729e-01   1.7617007484e+00
1.2564843008e+00   8.4889348029e-01   1.7576846351e+00
1.1722192606e+00   7.1899104785e-01   1.7344360865e+00
1.1704046833e+00   7.1634493926e-01   1.7338999537e+00
1.1520791569e+00   6.8993148141e-01   1.7284122878e+00
1.0583303450e+00   5.6259011053e-01   1.6984949274e+00
1.0563462110e+00   5.6002010402e-01   1.6978321230e+00
1.0363790834e+00   5.3441584551e-01   1.6911009863e+00
9.3600390385e-01   4.1217630235e-01   1.6557455818e+00
9.3390788905e-01   4.0972871282e-01   1.6549828969e+00
9.1287327793e-01   3.8538401349e-01   1.6472788126e+00
8.0858727872e-01   2.7011181170e-01   1.6078528656e+00
8.0643309861e-01   2.6781906829e-01   1.6070187196e+00
7.8486336740e-01   2.4504572616e-01   1.5986260594e+00
6.7912730426e-01   1.3794710270e-01   1.5565056434e+00
6.7696267477e-01   1.3582860062e-01   1.5556276932e+00
6.5532868323e-01   1.1480939523e-01   1.5468213320e+00
5.5026936768e-01   1.6501052591e-02   1.5032928213e+00
5.4813469075e-01   1.4564917352e-02   1.5023962331e+00
5.2683332732e-01   -4.6281456196e-03   1.4934249099e+00
4.2420006143e-01   -9.4017685297e-02   1.4496201759e+00
4.2212782498e-01   -9.5772369337e-02   1.4487265783e+00
4.0147662298e-01   -1.1315555379e-01   1.4398030155e+00
3.0263008324e-01   -1.9387305440e-01   1.3966657901e+00
3.0064487895e-01   -1.9545392570e-01   1.3957928220e+00
2.8088269275e-01   -2.1110865168e-01   1.3870896888e+00
1.8681003284e-01   -2.8366689610e-01   1.3453672463e+00
1.8492904830e-01   -2.8508616988e-01   1.3445285636e+00
1.6622132975e-01   -2.9913780338e-01   1.3361788857e+00
7.7569997906e-02   -3.6421945742e-01   1.2964318491e+00
7.5803827027e-02   -3.6549210031e-01   1.2956374407e+00
5.8250945696e-02   -3.7809203482e-01   1.2877379734e+00
-2.4626138067e-02   -4.3647112355e-01   1.2503613177e+00
-2.6272509835e-02   -4.3761340458e-01   1.2496179976e+00
-4.2625319002e-02   -4.4892491980e-01   1.2422342474e+00
-1.1961953128e-01   -5.0140667575e-01   1.2074837603e+00
-1.2114568430e-01   -5.0243508532e-01   1.2067957301e+00
-1.3629789051e-01   -5.1262285565e-01   1.1999676066e+00
-2.0749446250e-01   -5.6000037233e-01   1.1679875793e+00
-2.0890352885e-01   -5.6093086416e-01   1.1673569892e+00
-2.2288922395e-01   -5.7015364455e-01   1.1611043791e+00
-2.8851992224e-01   -6.1317861184e-01   1.1319537676e+00
-2.8981765635e-01   -6.1402610721e-01   1.1313812281e+00
-3.0269635766e-01   -6.2243198468e-01   1.1257090616e+00
-3.6309728368e-01   -6.6179645456e-01   1.0993845596e+00
-4.1952716892e-01   -6.9863779539e-01   1.0753339087e+00
-4.2064284085e-01   -6.9936828879e-01   1.0748650336e+00
-4.3171531715e-01   -7.0662444548e-01   1.0702275291e+00
-4.8367922899e-01   -7.4088072274e-01   1.0488980303e+00
-5.3233556672e-01   -7.7339149627e-01   1.0297254252e+00
-5.3329916170e-01   -7.7404082958e-01   1.0293550508e+00
-5.4286647169e-01   -7.8050106033e-01   1.0256994431e+00
-5.8788413943e-01   -8.1125697552e-01   1.0090832228e+00
-6.3026029871e-01   -8.4084730149e-01   9.9448151598e-01
-6.3110215283e-01   -8.4144230855e-01   9.9420320723e-01
-6.3946683630e-01   -8.4737052577e-01   9.9146495174e-01
-6.7898773494e-01   -8.7580132178e-01   9.7924454396e-01
-7.1646754364e-01   -9.0346244489e-01   9.6889980146e-01
-7.1721514608e-01   -9.0402154739e-01   9.6870722324e-01
-7.2465007142e-01   -9.0959791555e-01   9.6682322604e-01
-7.5995042576e-01   -9.3647967292e-01   9.5869818407e-01
-7.9370589252e-01   -9.6282036253e-01   9.5232501780e-01
-8.2609989220e-01   -9.8867232821e-01   9.4765328195e-01
-8.2674993036e-01   -9.8919662372e-01   9.4757508158e-01
-8.3322288394e-01   -9.9442890906e-01   9.4683109385e-01
-8.6416074684e-01   -1.0197103031e+00   9.4417880074e-01
-8.9405129457e-01   -1.0445152077e+00   9.4312359020e-01
-9.2299268343e-01   -1.0688048065e+00   9.4361995082e-01
-9.2357574858e-01   -1.0692962206e+00   9.4364599359e-01
-9.2938633006e-01   -1.0741968937e+00   9.4394102628e-01
-9.5725952295e-01   -1.0977643998e+00   9.4627496572e-01
-9.8430654331e-01   -1.1206391440e+00   9.5005421324e-01
-1.0105406195e+00   -1.1427035068e+00   9.5522550749e-01
-1.0110690986e+00   -1.1431457585e+00   9.5534550053e-01
-1.0163348769e+00   -1.1475461542e+00   9.5657605242e-01
-1.0415541427e+00   -1.1684264820e+00   9.6337195449e-01
-1.0659008358e+00   -1.1881618099e+00   9.7141914244e-01
-1.0893105145e+00   -1.2065742539e+00   9.8064089650e-01
-1.0897793553e+00   -1.2069360161e+00   9.8084134029e-01
-1.0944440460e+00   -1.2105183978e+00   9.8287068721e-01
-1.1165867052e+00   -1.2270488827e+00   9.9341164458e-01
-1.1375749411e+00   -1.2418193596e+00   1.0049175768e+00
-1.1572823969e+00   -1.2546236346e+00   1.0172744169e+00
-1.1755685055e+00   -1.2652558871e+00   1.0303548297e+00
-1.1759269253e+00   -1.2654494195e+00   1.0306291759e+00
-1.1794745896e+00   -1.2673296818e+00   1.0333858151e+00
-1.1958116340e+00   -1.2750288569e+00   1.0471594937e+00
-1.2103796335e+00   -1.2801260366e+00   1.0613257088e+00
-1.2230150519e+00   -1.2824534409e+00   1.0757157034e+00
-1.2335557087e+00   -1.2818672318e+00   1.0901502433e+00
-1.2418453063e+00   -1.2782531110e+00   1.1044417348e+00
-1.2419904349e+00   -1.2781468803e+00   1.1047314347e+00
-1.2433861935e+00   -1.2770127703e+00   1.1076203180e+00
-1.2487206786e+00   -1.2695843688e+00   1.1214727702e+00
-1.2515011054e+00   -1.2590047064e+00   1.1347490532e+00
-1.2516219344e+00   -1.2452860563e+00   1.1472552607e+00
-1.2490026835e+00   -1.2284861617e+00   1.1588033725e+00
-1.2435916411e+00   -1.2087089912e+00   1.1692152930e+00
-1.2353689220e+00   -1.1861040368e+00   1.1783268189e+00
-1.2351712758e+00   -1.1856130636e+00   1.1784986847e+00
-1.2331303378e+00   -1.1806429373e+00   1.1801836990e+00
-1.2214857942e+00   -1.1548404649e+00   1.1875042723e+00
-1.2071094818e+00   -1.1266929455e+00   1.1932270104e+00
-1.1900947373e+00   -1.0964747725e+00   1.1972553976e+00
-1.1897197312e+00   -1.0958366619e+00   1.1973196193e+00
-1.1859120295e+00   -1.0894153438e+00   1.1979210038e+00
-1.1658427457e+00   -1.0570737755e+00   1.1997800006e+00
-1.1434644491e+00   -1.0233599483e+00   1.1998241692e+00
-1.1189741815e+00   -9.8861081235e-01   1.1980427908e+00
-1.1184523321e+00   -9.8789108232e-01   1.1979873235e+00
-1.1131906928e+00   -9.8067842468e-01   1.1973909401e+00
-1.0864181907e+00   -9.4512514340e-01   1.1933963942e+00
-1.0580563239e+00   -9.0928951210e-01   1.1876434967e+00
-1.0574609788e+00   -9.0855531475e-01   1.1875078037e+00
-1.0514774234e+00   -9.0121493757e-01   1.1861119947e+00
-1.0215264345e+00   -8.6547380364e-01   1.1782975356e+00
-9.9058145789e-01   -8.3014829410e-01   1.1688980977e+00
-9.8993957528e-01   -8.2943153617e-01   1.1686898462e+00
-9.8350473324e-01   -8.2228054794e-01   1.1665733882e+00
-9.5171844384e-01   -7.8784373081e-01   1.1553750871e+00
-9.1955021639e-01   -7.5441081990e-01   1.1428386384e+00
-9.1888963520e-01   -7.5373853114e-01   1.1425689123e+00
-9.1228167907e-01   -7.4704429072e-01   1.1398439338e+00
-8.8000783519e-01   -7.1513822622e-01   1.1258392856e+00
-8.4792997065e-01   -6.8468571094e-01   1.1107810143e+00
-8.4727708513e-01   -6.8407866945e-01   1.1104626920e+00
-8.4075869315e-01   -6.7804564289e-01   1.1072584657e+00
-8.0924342466e-01   -6.4958240717e-01   1.0910883474e+00
-7.7842963074e-01   -6.2287959489e-01   1.0741549681e+00
-7.4851433756e-01   -5.9803207058e-01   1.0565840665e+00
-7.4791263435e-01   -5.9754335791e-01   1.0562185893e+00
-7.4192073268e-01   -5.9270077886e-01   1.0525521354e+00
-7.1334497002e-01   -5.7022101263e-01   1.0343637419e+00
-6.8603261499e-01   -5.4972615540e-01   1.0157970858e+00
-6.6011451374e-01   -5.3124388384e-01   9.9695736394e-01
-6.5959934709e-01   -5.3088668419e-01   9.9656956209e-01
-6.5448259884e-01   -5.2736139489e-01   9.9268768823e-01
-6.3042222485e-01   -5.1136082619e-01   9.7364551410e-01
-6.0797808452e-01   -4.9738458973e-01   9.5453658025e-01
-5.8722172537e-01   -4.8542172629e-01   9.3544117274e-01
-5.8681489107e-01   -4.8519776105e-01   9.3505095649e-01
-5.8278685893e-01   -4.8300407621e-01   9.3115093091e-01
-5.6417360320e-01   -4.7348364777e-01   9.1217085627e-01
-5.4735511358e-01   -4.6593216478e-01   8.9335742035e-01
-5.3236011042e-01   -4.6032552842e-01   8.7476916461e-01
-5.1920791859e-01   -4.5663969132e-01   8.5645915987e-01
-5.1895803435e-01   -4.5658414199e-01   8.5608760749e-01
-5.1650195887e-01   -4.5607235326e-01   8.5237970378e-01
-5.0562291593e-01   -4.5470952436e-01   8.3447601301e-01
-4.9660508315e-01   -4.5522174244e-01   8.1695260767e-01
-4.8944953511e-01   -4.5759471175e-01   7.9984978663e-01
-4.8415508709e-01   -4.6181938590e-01   7.8320544285e-01
-4.8071969765e-01   -4.6789270212e-01   7.6705579923e-01
-4.7914173736e-01   -4.7581815097e-01   7.5143614033e-01
-4.7912883210e-01   -4.7599979077e-01   7.5112218767e-01
-4.7904258129e-01   -4.7785912759e-01   7.4799574897e-01
-4.7974040997e-01   -4.8806874661e-01   7.3307326148e-01
-4.8229901486e-01   -5.0016364658e-01   7.1875959145e-01
-4.8672508401e-01   -5.1417053240e-01   7.0509197445e-01
-4.9302952947e-01   -5.3012340860e-01   6.9210981641e-01
-5.0122801554e-01   -5.4806336022e-01   6.7985546027e-01
-5.0141575804e-01   -5.4845167014e-01   6.7961253195e-01
-5.0333734710e-01   -5.5238174983e-01   6.7720116607e-01
-5.1388524874e-01   -5.7282196700e-01   6.6590173868e-01
-5.2638078065e-01   -5.9536380910e-01   6.5543891337e-01
-5.4085672914e-01   -6.2006750824e-01   6.4587004582e-01
-5.5735113308e-01   -6.4699724624e-01   6.3725898470e-01
-5.5771014940e-01   -6.4757221438e-01   6.3709320766e-01
-5.6134789723e-01   -6.5337486019e-01   6.3545928029e-01
-5.8037422914e-01   -6.8312287867e-01   6.2811968193e-01
-6.0152033868e-01   -7.1524600753e-01   6.2190799716e-01
-6.2483755906e-01   -7.4980927270e-01   6.1691545903e-01
-6.2533791203e-01   -7.5054270249e-01   6.1682669185e-01
-6.3039280783e-01   -7.5793473912e-01   6.1596964341e-01
-6.5644280015e-01   -7.9556844251e-01   6.1261062568e-01
-6.8478298778e-01   -8.3576332984e-01   6.1071285774e-01
-6.8538739992e-01   -8.3661314256e-01   6.1069015292e-01
-6.9148559126e-01   -8.4517117784e-01   6.1049996852e-01
-7.2270146178e-01   -8.8854927370e-01   6.1056870684e-01
-7.5631545329e-01   -9.3453845953e-01   6.1240203041e-01
-7.5702885569e-01   -9.3550706205e-01   6.1245907548e-01
-7.6421907427e-01   -9.4525286301e-01   6.1307411546e-01
-8.0081994229e-01   -9.9441394220e-01   6.1728579620e-01
-8.3988275766e-01   -1.0460987632e+00   6.2363121796e-01
-8.4070813828e-01   -1.0471824440e+00   6.2378468558e-01
-8.4901875354e-01   -1.0580747886e+00   6.2537317409e-01
-8.9109805094e-01   -1.1126995424e+00   6.3458794623e-01
-9.3560951655e-01   -1.1695309576e+00   6.4636546269e-01
-9.3654569955e-01   -1.1707157311e+00   6.4663475840e-01
-9.4596208333e-01   -1.1826082066e+00   6.4939192252e-01
-9.9336534304e-01   -1.2417963928e+00   6.6459099544e-01
-1.0430074369e+00   -1.3025243269e+00   6.8281558374e-01
-1.0440459400e+00   -1.3037805248e+00   6.8322169721e-01
-1.0544785406e+00   -1.3163668607e+00   6.8735767889e-01
-1.1066342613e+00   -1.3783560584e+00   7.0956703643e-01
-1.1077215244e+00   -1.3796312061e+00   7.1005722399e-01
-1.1186350305e+00   -1.3923905370e+00   7.1503928182e-01
-1.1729437395e+00   -1.4547563575e+00   7.4151441975e-01
-1.1740712833e+00   -1.4560304297e+00   7.4209408637e-01
-1.1853783351e+00   -1.4687581222e+00   7.4797533717e-01
-1.2413424391e+00   -1.5303829776e+00   7.7894652018e-01
-1.2424987849e+00   -1.5316310003e+00   7.7961978393e-01
-1.2540816034e+00   -1.5440725905e+00   7.8643988694e-01
-1.3110439891e+00   -1.6035883609e+00   8.2205518480e-01
-1.3122142102e+00   -1.6047801450e+00   8.2282417806e-01
-1.3239201486e+00   -1.6166289189e+00   8.3060222843e-01
-1.3810440268e+00   -1.6724125185e+00   8.7088989537e-01
-1.3822093710e+00   -1.6735127157e+00   8.7175394840e-01
-1.3938472451e+00   -1.6844106330e+00   8.8048022282e-01
-1.4501013937e+00   -1.7345992124e+00   9.2530642732e-01
-1.4512390475e+00   -1.7355678314e+00   9.2626117781e-01
-1.4625769426e+00   -1.7451111843e+00   9.3588819650e-01
-1.5167301411e+00   -1.7876438060e+00   9.8491320720e-01
-1.5178132174e+00   -1.7884373266e+00   9.8594971477e-01
-1.5285786190e+00   -1.7961884917e+00   9.9638344609e-01
-1.5792076448e+00   -1.8288802729e+00   1.0490212710e+00
-1.6257884516e+00   -1.8519062893e+00   1.1039818960e+00
-1.6266918376e+00   -1.8522666113e+00   1.1051263265e+00
-1.6356043132e+00   -1.8556118851e+00   1.1166060632e+00
-1.6756841022e+00   -1.8648928241e+00   1.1733999265e+00
-1.7091592398e+00   -1.8615762650e+00   1.2306827171e+00
-1.7097672788e+00   -1.8613693415e+00   1.2318532287e+00
-1.7156664968e+00   -1.8589847705e+00   1.2435435572e+00
-1.7394753848e+00   -1.8389144611e+00   1.2999860462e+00
-1.7541852102e+00   -1.8044783738e+00   1.3544548445e+00
-1.7543842712e+00   -1.8036212884e+00   1.3555407369e+00
-1.7561410867e+00   -1.7947140034e+00   1.3663240564e+00
-1.7584122686e+00   -1.7424515058e+00   1.4167306282e+00
-1.7496936190e+00   -1.6759866113e+00   1.4625057932e+00
-1.7493963777e+00   -1.6744826293e+00   1.4633865653e+00
-1.7461578930e+00   -1.6591352326e+00   1.4720602809e+00
-1.7233164433e+00   -1.5764147677e+00   1.5106940117e+00
-1.7227263728e+00   -1.5745928233e+00   1.5114161555e+00
-1.7165546600e+00   -1.5561032921e+00   1.5184782051e+00
-1.6793448578e+00   -1.4591293767e+00   1.5486382198e+00
-1.6784615765e+00   -1.4570365775e+00   1.5491776638e+00
-1.6693632966e+00   -1.4358884971e+00   1.5543950710e+00
-1.6180938525e+00   -1.3273186900e+00   1.5751599251e+00
-1.6169284727e+00   -1.3250139565e+00   1.5755017804e+00
-1.6050252384e+00   -1.3018050834e+00   1.5787348046e+00
-1.5405584957e+00   -1.1847427199e+00   1.5896668738e+00
-1.5391331811e+00   -1.1822920330e+00   1.5898064928e+00
-1.5246561916e+00   -1.1576859678e+00   1.5910182012e+00
-1.4483577847e+00   -1.0354291686e+00   1.5921831839e+00
-1.4467043185e+00   -1.0329002818e+00   1.5921260828e+00
-1.4299791948e+00   -1.0075735043e+00   1.5913805349e+00
-1.3436238849e+00   -8.8336030762e-01   1.5833124487e+00
-1.3417814293e+00   -8.8081770064e-01   1.5830731632e+00
-1.3232052134e+00   -8.5540969476e-01   1.5805230970e+00
-1.2288514387e+00   -7.3219472670e-01   1.5641437858e+00
-1.2268637876e+00   -7.2969546184e-01   1.5637439175e+00
-1.2068771802e+00   -7.0476836780e-01   1.5596106482e+00
-1.1067267712e+00   -5.8505683079e-01   1.5361199649e+00
-1.1046394468e+00   -5.8264772965e-01   1.5355857866e+00
-1.0836978098e+00   -5.5865943180e-01   1.5301350561e+00
-9.7995782232e-01   -4.4441047515e-01   1.5008905809e+00
-9.7781534944e-01   -4.4212674080e-01   1.5002505844e+00
-9.5636175656e-01   -4.1941838259e-01   1.4937681657e+00
-8.5112279201e-01   -3.1201632487e-01   1.4601716284e+00
-8.4896640837e-01   -3.0988147753e-01   1.4594543329e+00
-8.2740924938e-01   -2.8867788841e-01   1.4522244768e+00
-7.2255003919e-01   -1.8895956145e-01   1.4156273041e+00
-7.2041599831e-01   -1.8698638687e-01   1.4148595297e+00
-6.9911259051e-01   -1.6740630977e-01   1.4071481871e+00
-5.9623536320e-01   -7.5727471677e-02   1.3687826741e+00
-5.9415387834e-01   -7.3919614359e-02   1.3679883636e+00
-5.7340048661e-01   -5.5992043831e-02   1.3600319119e+00
-4.7379689457e-01   2.7684893377e-02   1.3209690679e+00
-4.7179168514e-01   2.9331041125e-02   1.3201686396e+00
-4.5181949603e-01   4.5647852688e-02   1.3121678618e+00
-3.5646338706e-01   1.2165996929e-01   1.2732990207e+00
-3.5455172991e-01   1.2315336057e-01   1.2725091685e+00
-3.3552776566e-01   1.3795292874e-01   1.2646276076e+00
-2.4508908921e-01   2.0684783453e-01   1.2266647081e+00
-2.4328224867e-01   2.0820103059e-01   1.2258985346e+00
-2.2531394850e-01   2.2161148561e-01   1.2182640734e+00
-1.4018744716e-01   2.8406988442e-01   1.1817528817e+00
-1.3849135458e-01   2.8529758821e-01   1.1810202493e+00
-1.2163353677e-01   2.9746728536e-01   1.1737287639e+00
-4.1976240551e-02   3.5423998872e-01   1.1390697528e+00
-4.0392307765e-02   3.5535788296e-01   1.1383777514e+00
-2.4655376041e-02   3.6644406201e-01   1.1314978520e+00
4.9572115630e-02   4.1830369283e-01   1.0989704673e+00
5.1046141523e-02   4.1932757050e-01   1.0983239213e+00
6.5687650368e-02   4.2948791232e-01   1.0919020279e+00
1.3467989831e-01   4.7719389360e-01   1.0616892566e+00
1.3604910601e-01   4.7813904300e-01   1.0610912181e+00
1.4964828214e-01   4.8752573003e-01   1.0551564613e+00
2.1371633831e-01   5.3180034986e-01   1.0273677211e+00
2.1498789264e-01   5.3268114582e-01   1.0268199171e+00
2.2761793491e-01   5.4143693754e-01   1.0213885579e+00
2.8715481066e-01   5.8295006735e-01   9.9607982072e-01
3.4332177685e-01   6.2266324436e-01   9.7281090473e-01
3.4443850263e-01   6.2346003735e-01   9.7235590993e-01
3.5553590182e-01   6.3139573735e-01   9.6785297026e-01
4.0800178386e-01   6.6940398002e-01   9.4708193145e-01
4.5780277392e-01   7.0638515505e-01   9.2833969989e-01
4.5879661228e-01   7.0713352196e-01   9.2797714950e-01
4.6868151081e-01   7.1460073478e-01   9.2439808525e-01
5.1564977609e-01   7.5071246048e-01   9.0812416006e-01
5.6064771515e-01   7.8638817535e-01   8.9385073124e-01
5.6155032606e-01   7.8711542130e-01   8.9357936972e-01
5.7053832101e-01   7.9438302385e-01   8.9091159542e-01
6.1351827370e-01   8.2980297052e-01   8.7907531745e-01
6.5515192426e-01   8.6519831047e-01   8.6922155586e-01
6.5599188020e-01   8.6592355014e-01   8.6904053977e-01
6.6436658750e-01   8.7317857246e-01   8.6727603709e-01
7.0468466627e-01   9.0871286486e-01   8.5985022872e-01
7.4417172922e-01   9.4445505617e-01   8.5441119988e-01
7.4497272880e-01   9.4518925210e-01   8.5432067340e-01
7.5296831365e-01   9.5253716001e-01   8.5346142996e-01
7.9169205951e-01   9.8859163135e-01   8.5046990419e-01
8.2996580102e-01   1.0249023107e+00   8.4949146249e-01
8.3074547910e-01   1.0256480457e+00   8.4949257317e-01
8.3853496428e-01   1.0331103083e+00   8.4955048627e-01
8.7642058515e-01   1.0696745103e+00   8.5106108116e-01
9.1408326303e-01   1.1063472070e+00   8.5462246481e-01
9.1485228265e-01   1.1070981607e+00   8.5471690041e-01
9.2253854915e-01   1.1146068885e+00   8.5570891065e-01
9.5998870052e-01   1.1512249863e+00   8.6180359867e-01
9.9727133367e-01   1.1875926859e+00   8.6997735183e-01
9.9803257717e-01   1.1883329533e+00   8.7016641284e-01
1.0056403028e+00   1.1957240747e+00   8.7210499187e-01
1.0426653938e+00   1.2314620668e+00   8.8282717955e-01
1.0793904016e+00   1.2663681902e+00   8.9561608467e-01
1.0801382244e+00   1.2670717577e+00   8.9589928558e-01
1.0876064722e+00   1.2740799752e+00   8.9877821323e-01
1.1237901509e+00   1.3075075551e+00   9.1405721154e-01
1.1593410306e+00   1.3393028043e+00   9.3130924795e-01
1.1600607002e+00   1.3399336840e+00   9.3168248443e-01
1.1672374693e+00   1.3461943236e+00   9.3545833108e-01
1.2017148896e+00   1.3754086597e+00   9.5501439440e-01
1.2350251671e+00   1.4020043431e+00   9.7632204867e-01
1.2356927762e+00   1.4025180226e+00   9.7677549714e-01
1.2423344708e+00   1.4075823782e+00   9.8134656536e-01
1.2737998166e+00   1.4303070268e+00   1.0045876252e+00
1.3033807642e+00   1.4493182627e+00   1.0291874830e+00
1.3307071750e+00   1.4641214965e+00   1.0549056759e+00
1.3312402778e+00   1.4643771726e+00   1.0554418983e+00
1.3365096109e+00   1.4668250573e+00   1.0608229140e+00
1.3605397995e+00   1.4758277205e+00   1.0875236119e+00
1.3814305792e+00   1.4796145075e+00   1.1146628195e+00
1.3987783127e+00   1.4778135502e+00   1.1418757003e+00
1.3990936284e+00   1.4777160898e+00   1.1424307876e+00
1.4021553461e+00   1.4766052290e+00   1.1479735466e+00
1.4146310931e+00   1.4675632575e+00   1.1747370980e+00
1.4227284454e+00   1.4524006828e+00   1.2006695851e+00
1.4261298140e+00   1.4310449889e+00   1.2253441270e+00
1.4245719208e+00   1.4035428990e+00   1.2483378211e+00
1.4244867229e+00   1.4029167239e+00   1.2487880488e+00
1.4235154713e+00   1.3965174865e+00   1.2532414405e+00
1.4156209648e+00   1.3617314410e+00   1.2736256588e+00
1.4024347335e+00   1.3213498367e+00   1.2914693484e+00
1.3839415678e+00   1.2758132274e+00   1.3064523067e+00
1.3835079570e+00   1.2748309222e+00   1.3067271700e+00
1.3790513462e+00   1.2649025896e+00   1.3094032518e+00
1.3541685850e+00   1.2138025143e+00   1.3205292409e+00
1.3242715545e+00   1.1588769651e+00   1.3282990341e+00
1.3236089823e+00   1.1577175966e+00   1.3284221278e+00
1.3168744988e+00   1.1460534251e+00   1.3295729103e+00
1.2812178937e+00   1.0874127546e+00   1.3330883974e+00
1.2412688943e+00   1.0265734423e+00   1.3331028392e+00
1.2404093053e+00   1.0253104422e+00   1.3330668057e+00
1.2317254506e+00   1.0126486912e+00   1.3326269875e+00
1.1871248078e+00   9.5014731575e-01   1.3284275117e+00
1.1392869012e+00   8.8710816633e-01   1.3209269040e+00
1.1382776223e+00   8.8581709562e-01   1.3207400967e+00
1.1281237621e+00   8.7291130159e-01   1.3188004950e+00
1.0770627254e+00   8.1015047449e-01   1.3075108315e+00
1.0240006492e+00   7.4830947687e-01   1.2933889936e+00
1.0228975856e+00   7.4705716159e-01   1.2930721848e+00
1.0118350490e+00   7.3456884576e-01   1.2898455054e+00
9.5709665266e-01   6.7458819299e-01   1.2726219137e+00
9.5596646265e-01   6.7338011368e-01   1.2722452658e+00
9.4464831964e-01   6.6134678058e-01   1.2684284380e+00
8.8906312688e-01   6.0389332236e-01   1.2485402442e+00
8.8792242569e-01   6.0274181320e-01   1.2481128743e+00
8.7651385926e-01   5.9128388482e-01   1.2437972992e+00
8.2085965029e-01   5.3686989099e-01   1.2216936522e+00
7.6567512374e-01   4.8521147342e-01   1.1981098297e+00
7.6455345741e-01   4.8418408794e-01   1.1976136221e+00
7.5335818535e-01   4.7397789611e-01   1.1926244922e+00
6.9931891722e-01   4.2591243620e-01   1.1676104049e+00
6.4661673296e-01   3.8087462950e-01   1.1417203997e+00
6.4555410948e-01   3.7998456916e-01   1.1411830027e+00
6.3496628715e-01   3.7115430570e-01   1.1357948220e+00
5.8430940457e-01   3.2984918485e-01   1.1091548052e+00
5.3558886654e-01   2.9155029096e-01   1.0821378192e+00
5.3461315738e-01   2.9079720908e-01   1.0815821876e+00
5.2490529837e-01   2.8333370284e-01   1.0760218165e+00
4.7880154826e-01   2.4860555553e-01   1.0487925918e+00
4.3497418553e-01   2.1666307654e-01   1.0215649370e+00
4.3410143511e-01   2.1603735135e-01   1.0210085723e+00
4.2542836533e-01   2.0984080122e-01   1.0154482800e+00
3.8449177600e-01   1.8111766273e-01   9.8840075376e-01
3.4595013898e-01   1.5484551813e-01   9.6162043471e-01
3.4518622161e-01   1.5433214693e-01   9.6107567847e-01
3.3760212946e-01   1.4925070074e-01   9.5563646943e-01
3.0198414057e-01   1.2575001459e-01   9.2930101737e-01
2.6870907044e-01   1.0431709328e-01   9.0340460704e-01
2.6805198003e-01   1.0389872160e-01   9.0287948614e-01
2.6153346692e-01   9.9758280113e-02   8.9763971792e-01
2.3103828266e-01   8.0619691730e-02   8.7235166321e-01
2.0271542330e-01   6.3161604381e-02   8.4760305448e-01
1.7646213338e-01   4.7216242326e-02   8.2342138853e-01
1.7594555955e-01   4.6904491645e-02   8.2293245772e-01
1.7082468598e-01   4.3817810202e-02   8.1805669351e-01
1.4695105194e-01   2.9506152255e-02   7.9459471353e-01
1.2488343174e-01   1.6357214168e-02   7.7173234106e-01
1.0449421866e-01   4.2258013958e-03   7.4947452556e-01
1.0409346922e-01   3.9871194556e-03   7.4902523261e-01
1.0012141380e-01   1.6203196773e-03   7.4454625129e-01
8.1611230876e-02   -9.4508213129e-03   7.2302944459e-01
6.4489535512e-02   -1.9799360864e-02   7.0211363523e-01
4.8626999700e-02   -2.9545610524e-02   6.8179258433e-01
3.3896546749e-02   -3.8802859883e-02   6.6205812335e-01
3.3605960082e-02   -3.8988010300e-02   6.6166022020e-01
3.0723087782e-02   -4.0830912936e-02   6.5769446942e-01
1.7210926613e-02   -4.9634042767e-02   6.3866553343e-01
4.5598129570e-03   -5.8177950084e-02   6.2020063137e-01
-7.3458274541e-03   -6.6557365431e-02   6.0228855859e-01
-1.8617465346e-02   -7.4862732076e-02   5.8491788723e-01
-1.8842336304e-02   -7.5032586129e-02   5.8456788377e-01
-2.1079115772e-02   -7.6731588899e-02   5.8108004175e-01
-3.1719989619e-02   -8.5064387866e-02   5.6435715427e-01
-4.1960551693e-02   -9.3512786988e-02   5.4815063058e-01
-5.1899889146e-02   -1.0215852675e-01   5.3244983587e-01
-6.1633899097e-02   -1.1108225972e-01   5.1724475319e-01
-7.1255731698e-02   -1.2036431350e-01   5.0252613526e-01
-7.1452161727e-02   -1.2055862620e-01   5.0222986571e-01
-7.3416144475e-02   -1.2251202343e-01   4.9927817270e-01
-8.3024265625e-02   -1.3234327857e-01   4.8514431021e-01
-9.2720224023e-02   -1.4271427799e-01   4.7147985528e-01
-1.0259193673e-01   -1.5370948669e-01   4.5827908331e-01
-1.1272696183e-01   -1.6541626238e-01   4.4553772174e-01
-1.2321314587e-01   -1.7792562276e-01   4.3325315476e-01
-1.2343208805e-01   -1.7819073495e-01   4.3300645204e-01
-1.2563181517e-01   -1.8086272832e-01   4.3054993220e-01
-1.3666943259e-01   -1.9448601795e-01   4.1882424424e-01
-1.4825812840e-01   -2.0913146962e-01   4.0755671968e-01
-1.6049133103e-01   -2.2490720092e-01   3.9675188694e-01
-1.7346570277e-01   -2.4192829371e-01   3.8641722076e-01
-1.8728187433e-01   -2.6031758417e-01   3.7656359629e-01
-1.8757421567e-01   -2.6070921170e-01   3.7636701362e-01
-1.9051965069e-01   -2.6466028586e-01   3.7441263810e-01
-2.0551130781e-01   -2.8490586378e-01   3.6516901216e-01
-2.2158669268e-01   -3.0682472303e-01   3.5644567641e-01
-2.3886432247e-01   -3.3056992750e-01   3.4826861561e-01
-2.5746983161e-01   -3.5630539151e-01   3.4067020004e-01
-2.5786548007e-01   -3.5685419689e-01   3.4052097014e-01
-2.6185588718e-01   -3.6239247957e-01   3.3904299112e-01
-2.8227106288e-01   -3.9080654746e-01   3.3220863877e-01
-3.0432277170e-01   -4.2161718135e-01   3.2605347486e-01
-3.2816424931e-01   -4.5502634631e-01   3.2063857914e-01
-3.2867210688e-01   -4.5573885695e-01   3.2053596033e-01
-3.3379598471e-01   -4.6292917381e-01   3.1952864587e-01
-3.6005343045e-01   -4.9981478788e-01   3.1512196849e-01
-3.8847711225e-01   -5.3979050143e-01   3.1163810190e-01
-3.8908285865e-01   -5.4064273693e-01   3.1157715256e-01
-3.9519486630e-01   -5.4924223313e-01   3.1099159852e-01
-4.2652665956e-01   -5.9332906232e-01   3.0878737328e-01
-4.6045146609e-01   -6.4104628079e-01   3.0777316319e-01
-4.6117443218e-01   -6.4206273901e-01   3.0776588345e-01
-4.6846901159e-01   -6.5231727279e-01   3.0772437009e-01
-5.0585397839e-01   -7.0482593148e-01   3.0838312455e-01
-5.4630374810e-01   -7.6152503059e-01   3.1061536937e-01
-5.4716532218e-01   -7.6273116116e-01   3.1067899009e-01
-5.5585723614e-01   -7.7489512347e-01   3.1135692311e-01
-6.0036520003e-01   -8.3705826570e-01   3.1582092749e-01
-6.4843530958e-01   -9.0392911025e-01   3.2239737943e-01
-6.4945807793e-01   -9.0534853037e-01   3.2255613079e-01
-6.5977338425e-01   -9.1965600629e-01   3.2419987763e-01
-7.1250854697e-01   -9.9254880911e-01   3.3378379102e-01
-7.1362955520e-01   -9.9409347971e-01   3.3400843728e-01
-7.2493317254e-01   -1.0096571990e+00   3.3632121653e-01
-7.8264561408e-01   -1.0887646723e+00   3.4945124349e-01
-7.8387098515e-01   -1.0904375189e+00   3.4975354550e-01
-7.9622341400e-01   -1.1072841691e+00   3.5285462434e-01
-8.5918551032e-01   -1.1926601896e+00   3.7015746847e-01
-8.6052034054e-01   -1.1944608151e+00   3.7055102782e-01
-8.7397130108e-01   -1.2125827043e+00   3.7457813766e-01
-9.4238793055e-01   -1.3040804907e+00   3.9677126713e-01
-9.4383565190e-01   -1.3060037776e+00   3.9727153469e-01
-9.5841753750e-01   -1.3253445534e+00   4.0238083393e-01
-1.0323894038e+00   -1.4225387606e+00   4.3026848933e-01
-1.0339509469e+00   -1.4245731324e+00   4.3089260638e-01
-1.0496702549e+00   -1.4450100753e+00   4.3725689449e-01
-1.1291465613e+00   -1.5471020044e+00   4.7171542887e-01
-1.1308192885e+00   -1.5492273448e+00   4.7248180958e-01
-1.1476457246e+00   -1.5705502659e+00   4.8028605850e-01
-1.2323649826e+00   -1.6762576686e+00   5.2223346806e-01
-1.2341413714e+00   -1.6784429572e+00   5.2316100844e-01
-1.2519944582e+00   -1.7003303533e+00   5.3259404281e-01
-1.3414131891e+00   -1.8077672600e+00   5.8293754286e-01
-1.3432792754e+00   -1.8099680795e+00   5.8404432458e-01
-1.3620125757e+00   -1.8319622183e+00   5.9528532687e-01
-1.4552235045e+00   -1.9385202900e+00   6.5484049583e-01
-1.4571571375e+00   -1.9406765061e+00   6.5614185616e-01
-1.4765406909e+00   -1.9621605980e+00   6.6934042841e-01
-1.5721850260e+00   -2.0644118725e+00   7.3871658542e-01
-1.5741540645e+00   -2.0664459736e+00   7.4022246620e-01
-1.5938563876e+00   -2.0866285109e+00   7.5547144378e-01
-1.6900391246e+00   -2.1802794283e+00   8.3492163730e-01
-1.6919997994e+00   -2.1820962266e+00   8.3663323028e-01
-1.7115718273e+00   -2.2000096704e+00   8.5393455917e-01
-1.8057945775e+00   -2.2799458795e+00   9.4317599661e-01
-1.8076903698e+00   -2.2814344458e+00   9.4508189218e-01
-1.8265549386e+00   -2.2959571021e+00   9.6430786121e-01
-1.9156867950e+00   -2.3564236191e+00   1.0623304809e+00
-1.9174482986e+00   -2.3574623575e+00   1.0644028066e+00
-1.9348999399e+00   -2.3673724201e+00   1.0852577919e+00
-2.0152116417e+00   -2.4023280236e+00   1.1901541489e+00
-2.0167579478e+00   -2.4027935468e+00   1.1923455163e+00
-2.0319784144e+00   -2.4068614794e+00   1.2143367305e+00
-2.0992657552e+00   -2.4105228877e+00   1.3232018921e+00
-2.1005078613e+00   -2.4103026946e+00   1.3254442566e+00
-2.1126022731e+00   -2.4074211287e+00   1.3478727199e+00
-2.1624178882e+00   -2.3749676095e+00   1.4568314763e+00
-2.1632644118e+00   -2.3739754706e+00   1.4590380805e+00
-2.1713205074e+00   -2.3633145106e+00   1.4810214060e+00
-2.1993162007e+00   -2.2916617267e+00   1.5854325770e+00
-2.1996812376e+00   -2.2898533532e+00   1.5875038093e+00
-2.2028496355e+00   -2.2710158301e+00   1.6080385505e+00
-2.2052045125e+00   -2.1595066168e+00   1.7028951838e+00
-2.2050168683e+00   -2.1568920911e+00   1.7047283401e+00
-2.2026040042e+00   -2.1300329086e+00   1.7227907519e+00
-2.1781571743e+00   -1.9880980081e+00   1.7999996007e+00
-2.1773918169e+00   -1.9847720654e+00   1.8015147530e+00
-2.1691740503e+00   -1.9508887076e+00   1.8163232128e+00
-2.1228221541e+00   -1.7951842969e+00   1.8718803737e+00
-2.1215064669e+00   -1.7913009063e+00   1.8730402326e+00
-2.1077855395e+00   -1.7519649065e+00   1.8842484022e+00
-2.0444544445e+00   -1.5903095216e+00   1.9210723407e+00
-2.0426329309e+00   -1.5860215578e+00   1.9218667519e+00
-2.0238776028e+00   -1.5427770048e+00   1.9293993533e+00
-1.9472939598e+00   -1.3800447459e+00   1.9505226643e+00
-1.9450204046e+00   -1.3754927853e+00   1.9509610331e+00
-1.9217873888e+00   -1.3297477958e+00   1.9549354663e+00
-1.8347417867e+00   -1.1690608650e+00   1.9630206333e+00
-1.8320750107e+00   -1.1643689880e+00   1.9631262291e+00
-1.8049665787e+00   -1.1173572209e+00   1.9637944513e+00
-1.7095697217e+00   -9.6070968285e-01   1.9611037266e+00
-1.7065708258e+00   -9.5598410665e-01   1.9609092777e+00
-1.6762075870e+00   -9.0875417103e-01   1.9586133708e+00
-1.5740446532e+00   -7.5734272969e-01   1.9470530157e+00
-1.5707750405e+00   -7.5267192330e-01   1.9465972298e+00
-1.5377766590e+00   -7.0609110953e-01   1.9417347005e+00
-1.4300356818e+00   -5.6057092812e-01   1.9229055103e+00
-1.4265556915e+00   -5.5602661342e-01   1.9222304194e+00
-1.3915277626e+00   -5.1079294093e-01   1.9152280260e+00
-1.2791089032e+00   -3.7146898150e-01   1.8904813682e+00
-1.2754768821e+00   -3.6710758617e-01   1.8896303486e+00
-1.2390021892e+00   -3.2376587067e-01   1.8809248121e+00
-1.1226087947e+00   -1.9072914247e-01   1.8514192888e+00
-1.1188804589e+00   -1.8659343057e-01   1.8504355973e+00
-1.0815130934e+00   -1.4555270886e-01   1.8404595270e+00
-9.6171934694e-01   -1.8766486471e-02   1.8072121485e+00
-9.5794731882e-01   -1.4887228321e-02   1.8061378344e+00
-9.2020852884e-01   2.3561758574e-02   1.7953094105e+00
-7.9750694106e-01   1.4420995137e-01   1.7592385964e+00
-7.9374039989e-01   1.4781232388e-01   1.7581136892e+00
-7.5611553549e-01   1.8348005718e-01   1.7468290739e+00
-6.3095016853e-01   2.9814618269e-01   1.7087901073e+00
-6.2723458513e-01   3.0145994982e-01   1.7076520128e+00
-5.9017086052e-01   3.3424156012e-01   1.6962798051e+00
-4.6296160791e-01   4.4310228047e-01   1.6570947058e+00
-4.5933855604e-01   4.4612283583e-01   1.6559777647e+00
-4.2324355327e-01   4.7598197222e-01   1.6448550180e+00
-2.9440577623e-01   5.7921420230e-01   1.6053389967e+00
-2.9091282469e-01   5.8194247221e-01   1.6042741663e+00
-2.5615378107e-01   6.0889548547e-01   1.5937035829e+00
-1.2611695098e-01   7.0665257540e-01   1.5546899478e+00
-1.2278764906e-01   7.0909344069e-01   1.5537045722e+00
-8.9691656115e-02   7.3319369404e-01   1.5439525088e+00
4.1079332291e-02   8.2557238338e-01   1.5063173794e+00
4.4215354281e-02   8.2773308005e-01   1.5054350070e+00
7.5360022514e-02   8.4905512710e-01   1.4967298867e+00
2.0633629128e-01   9.3604565271e-01   1.4614172944e+00
2.0925307231e-01   9.3793411775e-01   1.4606574935e+00
2.3819416132e-01   9.5655739598e-01   1.4531881193e+00
3.6874021553e-01   1.0379653521e+00   1.4212347397e+00
3.7141501277e-01   1.0395884711e+00   1.4206128429e+00
3.9793149802e-01   1.0555800704e+00   1.4145259286e+00
5.2141252052e-01   1.1276074367e+00   1.3882311404e+00
5.2383519765e-01   1.1289788729e+00   1.3877521497e+00
5.4783082586e-01   1.1424715654e+00   1.3830915985e+00
6.5903841559e-01   1.2027177269e+00   1.3636485721e+00
6.6121106132e-01   1.2038546739e+00   1.3633070774e+00
6.8270993070e-01   1.2150156304e+00   1.3600138779e+00
7.8183013919e-01   1.2641757587e+00   1.3470166317e+00
7.8375749613e-01   1.2650904148e+00   1.3468024548e+00
8.0280859090e-01   1.2740373495e+00   1.3447710608e+00
8.9011031915e-01   1.3125821983e+00   1.3376139682e+00
8.9179823137e-01   1.3132825309e+00   1.3375132882e+00
9.0846040638e-01   1.3200917732e+00   1.3366026345e+00
9.8423509501e-01   1.3483166256e+00   1.3345286400e+00
9.8568949398e-01   1.3488075109e+00   1.3345248942e+00
1.0000218047e+00   1.3535256515e+00   1.3345672357e+00
1.0645479879e+00   1.3716123948e+00   1.3367073177e+00
1.1200807587e+00   1.3815250720e+00   1.3415878808e+00
1.1211246843e+00   1.3816432539e+00   1.3417118156e+00
1.1313605215e+00   1.3826390853e+00   1.3429979367e+00
1.1760839269e+00   1.3826735737e+00   1.3503386621e+00
1.2121480322e+00   1.3748031096e+00   1.3589429895e+00
1.2397048772e+00   1.3592377256e+00   1.3681479194e+00
1.2401812615e+00   1.3588406339e+00   1.3683380528e+00
1.2447532432e+00   1.3546995850e+00   1.3702371978e+00
1.2621213892e+00   1.3301148529e+00   1.3793071976e+00
1.2714023863e+00   1.2986149907e+00   1.3876022273e+00
1.2728493324e+00   1.2607075968e+00   1.3945821787e+00
1.2727991879e+00   1.2598687933e+00   1.3947078672e+00
1.2721247994e+00   1.2513480481e+00   1.3959225738e+00
1.2643984012e+00   1.2064208302e+00   1.4006540001e+00
1.2496040388e+00   1.1565411610e+00   1.4031234315e+00
1.2492303993e+00   1.1554737174e+00   1.4031481516e+00
1.2453421619e+00   1.1447042920e+00   1.4033358728e+00
1.2225015601e+00   1.0898101527e+00   1.4026455705e+00
1.1936673235e+00   1.0317315495e+00   1.3991657760e+00
1.1930184452e+00   1.0305152843e+00   1.3990645973e+00
1.1864058331e+00   1.0183000477e+00   1.3979860972e+00
1.1510170086e+00   9.5745577385e-01   1.3909685389e+00
1.1109747135e+00   8.9526693694e-01   1.3810639109e+00
1.1101110464e+00   8.9398547566e-01   1.3808314549e+00
1.1013835708e+00   8.8115943982e-01   1.3784422996e+00
1.0565412674e+00   8.1838433935e-01   1.3651160208e+00
1.0085350716e+00   7.5592788384e-01   1.3491647689e+00
1.0075241232e+00   7.5465735459e-01   1.3488121902e+00
9.9735864244e-01   7.4197538820e-01   1.3452309507e+00
9.4639880468e-01   6.8077043086e-01   1.3263445857e+00
9.4533594129e-01   6.7953285037e-01   1.3259349018e+00
9.3466993278e-01   6.6719554363e-01   1.3217895255e+00
8.8174338813e-01   6.0804386657e-01   1.3003350308e+00
8.8064840036e-01   6.0685425207e-01   1.2998761364e+00
8.6967869138e-01   5.9500865253e-01   1.2952462471e+00
8.1571471845e-01   5.3854656085e-01   1.2716261167e+00
8.1460600278e-01   5.3741651545e-01   1.2711264157e+00
8.0351504098e-01   5.2617553586e-01   1.2660962687e+00
7.4936217877e-01   4.7287428326e-01   1.2407242697e+00
6.9561642114e-01   4.2239331090e-01   1.2142234799e+00
6.9452370817e-01   4.2139047836e-01   1.2136710582e+00
6.8361702469e-01   4.1143050784e-01   1.2081272660e+00
6.3096568469e-01   3.6457815174e-01   1.1805928690e+00
5.7962031902e-01   3.2074766512e-01   1.1524784481e+00
5.7858516728e-01   3.1988204643e-01   1.1518984322e+00
5.6827139302e-01   3.1129532628e-01   1.1460902610e+00
5.1893502810e-01   2.7115034896e-01   1.1175545068e+00
4.7150065013e-01   2.3394323288e-01   1.0888831349e+00
4.7055085671e-01   2.3321161267e-01   1.0882959937e+00
4.6110115872e-01   2.2596054920e-01   1.0824255098e+00
4.1622992713e-01   1.9220813749e-01   1.0538061055e+00
3.7357900070e-01   1.6112371032e-01   1.0253797139e+00
3.7272965916e-01   1.6051419116e-01   1.0248006659e+00
3.6428907186e-01   1.5447654526e-01   1.0190174481e+00
3.2444295610e-01   1.2644337469e-01   9.9097838412e-01
2.8690681190e-01   1.0070742282e-01   9.6335524819e-01
2.8616249482e-01   1.0020332929e-01   9.6279467359e-01
2.7877211265e-01   9.5210799802e-02   9.5720029476e-01
2.4403726537e-01   7.2040881428e-02   9.3018187021e-01
2.1153098398e-01   5.0759209055e-02   9.0371671062e-01
2.1088834779e-01   5.0341991713e-02   9.0318104737e-01
2.0451143096e-01   4.6208725840e-02   8.9783816668e-01
1.7462805899e-01   2.6988980680e-02   8.7210396939e-01
1.4677590868e-01   9.2509622015e-03   8.4699700638e-01
1.2084128912e-01   -7.1806699595e-03   8.2253530904e-01
1.2032957698e-01   -7.5045814100e-03   8.2204140479e-01
1.1525355888e-01   -1.0717808701e-02   8.1711750824e-01
9.1498321620e-02   -2.5778543961e-02   7.9346054366e-01
6.9374817105e-02   -3.9899347232e-02   7.7046519599e-01
4.8746117553e-02   -5.3233254262e-02   7.4813099771e-01
4.8338483905e-02   -5.3499018289e-02   7.4768069991e-01
4.4293127944e-02   -5.6142164197e-02   7.4319286490e-01
2.5306101910e-02   -6.8709974753e-02   7.2166317770e-01
7.5037251077e-03   -8.0805801109e-02   7.0078273082e-01
-9.2525868810e-03   -9.2560544047e-02   6.8054304577e-01
-2.5099516272e-02   -1.0409933858e-01   6.6093458397e-01
-2.5415353384e-02   -1.0433413485e-01   6.6053972105e-01
-2.8556114443e-02   -1.0668011819e-01   6.5660538724e-01
-4.3471475995e-02   -1.1811757692e-01   6.3775649768e-01
-5.7772006360e-02   -1.2960057294e-01   6.1951622889e-01
-7.1585202811e-02   -1.4124084747e-01   6.0187470167e-01
-8.5035536319e-02   -1.5314777904e-01   5.8482267998e-01
-8.5307934968e-02   -1.5339505968e-01   5.8447972191e-01
-8.8026593859e-02   -1.5587670205e-01   5.8106351896e-01
-1.0119790822e-01   -1.6825734692e-01   5.6472254924e-01
-1.1427366702e-01   -1.8114407765e-01   5.4895430666e-01
-1.2737053295e-01   -1.9464476851e-01   5.3375357621e-01
-1.4060372765e-01   -2.0886873656e-01   5.1911698183e-01
-1.4087684038e-01   -2.0916823593e-01   5.1882325016e-01
-1.4361396111e-01   -2.1218267912e-01   5.1589890162e-01
-1.5717005285e-01   -2.2744529753e-01   5.0195203434e-01
-1.7111677420e-01   -2.4368413675e-01   4.8856996883e-01
-1.8556899722e-01   -2.6101922132e-01   4.7575749122e-01
-2.0064296732e-01   -2.7957571638e-01   4.6352276165e-01
-2.0095885350e-01   -2.7996923613e-01   4.6327842844e-01
-2.0413499247e-01   -2.8393584562e-01   4.6084870717e-01
-2.2013232827e-01   -3.0416818545e-01   4.4933866614e-01
-2.3701877935e-01   -3.2592296307e-01   4.3843929436e-01
-2.5492012237e-01   -3.4934726294e-01   4.2817346887e-01
-2.7396666187e-01   -3.7459639955e-01   4.1857016788e-01
-2.7436944924e-01   -3.7513344741e-01   4.1838074820e-01
-2.7842708930e-01   -3.8055006381e-01   4.1650271048e-01
-2.9906203252e-01   -4.0825948367e-01   4.0776101593e-01
-3.2115185951e-01   -4.3817120463e-01   3.9977318498e-01
-3.4484600612e-01   -4.7046969728e-01   3.9259503559e-01
-3.4534886989e-01   -4.7115712223e-01   3.9245700588e-01
-3.5041837623e-01   -4.7809119561e-01   3.9109702704e-01
-3.7629214814e-01   -5.1357856442e-01   3.8500346759e-01
-4.0412850601e-01   -5.5189477931e-01   3.7988638720e-01
-4.0472001865e-01   -5.5271013088e-01   3.7979250223e-01
-4.1068468219e-01   -5.6093409429e-01   3.7887859100e-01
-4.4116209680e-01   -6.0300412893e-01   3.7509358135e-01
-4.7399683887e-01   -6.4837903052e-01   3.7252786427e-01
-4.7469490114e-01   -6.4934391090e-01   3.7248903005e-01
-4.8173454005e-01   -6.5907433278e-01   3.7213227305e-01
-5.1771454094e-01   -7.0879603859e-01   3.7125444854e-01
-5.5647765149e-01   -7.6230508224e-01   3.7194102805e-01
-5.5730158591e-01   -7.6344143738e-01   3.7197275562e-01
-5.6560998977e-01   -7.7489741027e-01   3.7233096151e-01
-6.0805183615e-01   -8.3332485822e-01   3.7520534766e-01
-6.5371530451e-01   -8.9597181682e-01   3.8012324324e-01
-6.5468504612e-01   -8.9729940866e-01   3.8024707964e-01
-6.6446149842e-01   -9.1067641737e-01   3.8153918715e-01
-7.1433226226e-01   -9.7869669965e-01   3.8932973209e-01
-7.1539048168e-01   -9.8013581792e-01   3.8951616642e-01
-7.2605675178e-01   -9.9463089676e-01   3.9144306250e-01
-7.8040081050e-01   -1.0681683717e+00   4.0257665976e-01
-7.8155268224e-01   -1.0697210379e+00   4.0283592855e-01
-7.9315979929e-01   -1.0853520949e+00   4.0550134332e-01
-8.5220417430e-01   -1.1644260946e+00   4.2052080842e-01
-8.5345389305e-01   -1.1660913778e+00   4.2086465268e-01
-8.6604264701e-01   -1.1828458352e+00   4.2438738599e-01
-9.2995167101e-01   -1.2672996004e+00   4.4390901375e-01
-9.3130190796e-01   -1.2690724585e+00   4.4435066060e-01
-9.4489727568e-01   -1.2868954281e+00   4.4886429466e-01
-1.0137415867e+00   -1.3763320524e+00   4.7357327587e-01
-1.0151927860e+00   -1.3782019105e+00   4.7412728104e-01
-1.0297967362e+00   -1.3969817330e+00   4.7977844377e-01
-1.1035138060e+00   -1.4906872538e+00   5.1041556943e-01
-1.1050632991e+00   -1.4926363246e+00   5.1109745063e-01
-1.1206457629e+00   -1.5121875558e+00   5.1804191551e-01
-1.1989911432e+00   -1.6090426316e+00   5.5537767865e-01
-1.2006320704e+00   -1.6110440292e+00   5.5620325372e-01
-1.2171199757e+00   -1.6310884352e+00   5.6459900104e-01
-1.2996092335e+00   -1.7294730352e+00   6.0939053771e-01
-1.3013292806e+00   -1.7314888053e+00   6.1037487065e-01
-1.3185937690e+00   -1.7516356899e+00   6.2037113752e-01
-1.4044364965e+00   -1.8493356922e+00   6.7329729216e-01
-1.4062164925e+00   -1.8513149885e+00   6.7445315409e-01
-1.4240588073e+00   -1.8710432555e+00   6.8617455869e-01
-1.5120883333e+00   -1.9651738853e+00   7.4774526297e-01
-1.5139008070e+00   -1.9670516564e+00   7.4908104632e-01
-1.5320378965e+00   -1.9856973859e+00   7.6260621876e-01
-1.6206435122e+00   -2.0726655550e+00   8.3304506904e-01
-1.6224513792e+00   -2.0743622547e+00   8.3456216823e-01
-1.6405030084e+00   -2.0911170641e+00   8.4989711692e-01
-1.7275755476e+00   -2.1666515091e+00   9.2900129421e-01
-1.7293311874e+00   -2.1680744694e+00   9.3069109888e-01
-1.7468112323e+00   -2.1820011214e+00   9.4773892775e-01
-1.8297171996e+00   -2.2412830580e+00   1.0347288776e+00
-1.8313622688e+00   -2.2423301946e+00   1.0365697188e+00
-1.8476777231e+00   -2.2524021031e+00   1.0551003048e+00
-1.9232807013e+00   -2.2903258482e+00   1.1484824019e+00
-1.9247470836e+00   -2.2908922157e+00   1.1504370256e+00
-1.9392088190e+00   -2.2960617504e+00   1.1700626159e+00
-2.0039577571e+00   -2.3076398088e+00   1.2675392025e+00
-2.0051700371e+00   -2.3076270951e+00   1.2695535555e+00
-2.0170190946e+00   -2.3069230337e+00   1.2897182817e+00
-2.0671189751e+00   -2.2878205019e+00   1.3881866298e+00
-2.0679986803e+00   -2.2871488218e+00   1.3901908239e+00
-2.0764503485e+00   -2.2797957329e+00   1.4101827509e+00
-2.1081196838e+00   -2.2269365088e+00   1.5058616531e+00
-2.1085912503e+00   -2.2255569210e+00   1.5077737961e+00
-2.1128961444e+00   -2.2110998576e+00   1.5267660629e+00
-2.1226974797e+00   -2.1232421035e+00   1.6154705357e+00
-2.1226954740e+00   -2.1211474234e+00   1.6172036007e+00
-2.1222124820e+00   -2.0995570425e+00   1.6343257091e+00
-2.1074194548e+00   -1.9777057730e+00   1.7118758918e+00
-2.1068961095e+00   -1.9749368936e+00   1.7133469793e+00
-2.1011674190e+00   -1.9466672229e+00   1.7277789556e+00
-2.0611197564e+00   -1.7973829229e+00   1.7893950046e+00
-2.0600602357e+00   -1.7940367754e+00   1.7905411584e+00
-2.0489622754e+00   -1.7600959838e+00   1.8016721221e+00
-1.9896484833e+00   -1.6019689864e+00   1.8431155959e+00
-1.9880933292e+00   -1.5981961409e+00   1.8439189015e+00
-1.9720556612e+00   -1.5601092769e+00   1.8515947139e+00
-1.8979004362e+00   -1.3992416803e+00   1.8760638658e+00
-1.8959016800e+00   -1.3951829533e+00   1.8765283134e+00
-1.8754639595e+00   -1.3543637745e+00   1.8808116511e+00
-1.7897342571e+00   -1.1945596210e+00   1.8912105154e+00
-1.7873498863e+00   -1.1903400038e+00   1.8913553944e+00
-1.7631064658e+00   -1.1480338919e+00   1.8924581865e+00
-1.6682615514e+00   -9.9173540312e-01   1.8912536463e+00
-1.6655523167e+00   -9.8746211101e-01   1.8911086796e+00
-1.6381206251e+00   -9.4472975717e-01   1.8893429082e+00
-1.5360191513e+00   -7.9344681162e-01   1.8786107661e+00
-1.5330463300e+00   -7.8920911287e-01   1.8782123108e+00
-1.5030449978e+00   -7.4692750458e-01   1.8739520316e+00
-1.3950835256e+00   -6.0151546802e-01   1.8554316563e+00
-1.3919073436e+00   -5.9738555710e-01   1.8548197802e+00
-1.3599409811e+00   -5.5625885574e-01   1.8484722235e+00
-1.2471721394e+00   -4.1713571200e-01   1.8236226395e+00
-1.2438507033e+00   -4.1317015611e-01   1.8228389480e+00
-1.2104997881e+00   -3.7374578013e-01   1.8148232969e+00
-1.0937365321e+00   -2.4105656694e-01   1.7848822160e+00
-1.0903251158e+00   -2.3729798816e-01   1.7839682745e+00
-1.0561394007e+00   -1.9998459819e-01   1.7747004552e+00
-9.3603686558e-01   -7.3710662203e-02   1.7407404683e+00
-9.3258741538e-01   -7.0189464180e-02   1.7397366598e+00
-8.9808146536e-01   -3.5275033445e-02   1.7296184838e+00
-7.7519553450e-01   8.4699892339e-02   1.6925956257e+00
-7.7175630175e-01   8.7963832418e-02   1.6915403198e+00
-7.3740627939e-01   1.2029457538e-01   1.6809517169e+00
-6.1223435710e-01   2.3414511862e-01   1.6417458235e+00
-6.0884961594e-01   2.3714081508e-01   1.6406747757e+00
-5.7509087767e-01   2.6678972969e-01   1.6299682714e+00
-4.4810082128e-01   3.7472396645e-01   1.5894168361e+00
-4.4481065385e-01   3.7744774506e-01   1.5883627593e+00
-4.1203599337e-01   4.0438733953e-01   1.5778596294e+00
-2.8368813089e-01   5.0662759622e-01   1.5367875037e+00
-2.8052827900e-01   5.0908155675e-01   1.5357797720e+00
-2.4908680990e-01   5.3333960491e-01   1.5257674559e+00
-1.1985299126e-01   6.3010255194e-01   1.4850146013e+00
-1.1685478398e-01   6.3229305397e-01   1.4840790508e+00
-8.7051559064e-02   6.5393754356e-01   1.4748094615e+00
4.2565164482e-02   7.4540755214e-01   1.4352585088e+00
4.5374787358e-02   7.4734369657e-01   1.4344172974e+00
7.3278220094e-02   7.6646780723e-01   1.4261056602e+00
2.0271910858e-01   8.5275608874e-01   1.3887103361e+00
2.0531744406e-01   8.5444815618e-01   1.3879818192e+00
2.3110121322e-01   8.7115486025e-01   1.3808055985e+00
3.5182527898e-01   9.4736660064e-01   1.3486318406e+00
3.5420562254e-01   9.4883609712e-01   1.3480236611e+00
3.7780876706e-01   9.6333783200e-01   1.3420535486e+00
4.8790228885e-01   1.0292885554e+00   1.3158008082e+00
4.9006604178e-01   1.0305562986e+00   1.3153136439e+00
5.1150673537e-01   1.0430575049e+00   1.3105518592e+00
6.1115148198e-01   1.0996453326e+00   1.2901218639e+00
6.1310371794e-01   1.1007279325e+00   1.2897519750e+00
6.3243514562e-01   1.1113907777e+00   1.2861576477e+00
7.2194239154e-01   1.1593064546e+00   1.2712678511e+00
7.2369017179e-01   1.1602163281e+00   1.2710081454e+00
7.4098405689e-01   1.1691612963e+00   1.2685077285e+00
8.2072396274e-01   1.2089012106e+00   1.2587363188e+00
8.2227506094e-01   1.2096470012e+00   1.2585771760e+00
8.3760928488e-01   1.2169573770e+00   1.2570724914e+00
9.0795991442e-01   1.2488519991e+00   1.2518928549e+00
9.7091035497e-01   1.2744977077e+00   1.2500155184e+00
9.7212319928e-01   1.2749580733e+00   1.2500085633e+00
9.8408642481e-01   1.2794198653e+00   1.2500042762e+00
1.0382577860e+00   1.2975228904e+00   1.2515765788e+00
1.0854676899e+00   1.3095303094e+00   1.2554502578e+00
1.0863625155e+00   1.3097127649e+00   1.2555502407e+00
1.0951542916e+00   1.3113980258e+00   1.2565911811e+00
1.1340486544e+00   1.3160043674e+00   1.2626313727e+00
1.1663088008e+00   1.3146432430e+00   1.2698993392e+00
1.1920617438e+00   1.3074157970e+00   1.2779113311e+00
1.1925218232e+00   1.3072075296e+00   1.2780797523e+00
1.1969757946e+00   1.3049932987e+00   1.2797692930e+00
1.2149295402e+00   1.2907862254e+00   1.2880496568e+00
1.2266708301e+00   1.2711211114e+00   1.2960479884e+00
1.2323586032e+00   1.2462817664e+00   1.3033449546e+00
1.2321800443e+00   1.2166183118e+00   1.3095585900e+00
1.2321166145e+00   1.2159635236e+00   1.3096720116e+00
1.2313526194e+00   1.2093147433e+00   1.3107728019e+00
1.2242934486e+00   1.1743116120e+00   1.3152043853e+00
1.2119162204e+00   1.1354842818e+00   1.3178714554e+00
1.1945341159e+00   1.0933633073e+00   1.3185552602e+00
1.1941284584e+00   1.0924706176e+00   1.3185473125e+00
1.1899653600e+00   1.0834818810e+00   1.3184180735e+00
1.1669395431e+00   1.0380976113e+00   1.3164590923e+00
1.1397520277e+00   9.9070202780e-01   1.3122388773e+00
1.1391550472e+00   9.8971499114e-01   1.3121285451e+00
1.1331001778e+00   9.7981298725e-01   1.3109722378e+00
1.1014107589e+00   9.3075581408e-01   1.3039417131e+00
1.0665645186e+00   8.8098130617e-01   1.2946463873e+00
1.0658216262e+00   8.7995882349e-01   1.2944329142e+00
1.0583320015e+00   8.6973109200e-01   1.2922478301e+00
1.0202780633e+00   8.1981681773e-01   1.2802841695e+00
9.8015237783e-01   7.7034407669e-01   1.2662745315e+00
9.7931281369e-01   7.6933921781e-01   1.2659674023e+00
9.7088160503e-01   7.5931200393e-01   1.2628527006e+00
9.2888159939e-01   7.1098423766e-01   1.2465442144e+00
8.8587801598e-01   6.6401823896e-01   1.2285541775e+00
8.8499046206e-01   6.6307343193e-01   1.2281696761e+00
8.7610304661e-01   6.5366481698e-01   1.2242906300e+00
8.3248080752e-01   6.0879972246e-01   1.2044994483e+00
7.8881779036e-01   5.6593272535e-01   1.1834563654e+00
7.8792632246e-01   5.6507756578e-01   1.1830139214e+00
7.7902022530e-01   5.5657690108e-01   1.1785655173e+00
7.3582206811e-01   5.1641694173e-01   1.1562550187e+00
6.9337775806e-01   4.7861538127e-01   1.1331205459e+00
6.9251892900e-01   4.7786687438e-01   1.1326396556e+00
6.8395535484e-01   4.7043825798e-01   1.1278162370e+00
6.4282989349e-01   4.3563474524e-01   1.1039149480e+00
6.0305424317e-01   4.0331780427e-01   1.0795709198e+00
6.0225562348e-01   4.0268228631e-01   1.0790690497e+00
5.9430560555e-01   3.9638438205e-01   1.0740438842e+00
5.5645509121e-01   3.6710793890e-01   1.0493595336e+00
5.2035107407e-01   3.4027442064e-01   1.0245443761e+00
5.1963115891e-01   3.3975027095e-01   1.0240358840e+00
5.1247523925e-01   3.3456361338e-01   1.0189508489e+00
4.7866903909e-01   3.1064070428e-01   9.9413176613e-01
4.4682812361e-01   2.8900632946e-01   9.6941953074e-01
4.4619725898e-01   2.8858675157e-01   9.6891540103e-01
4.3993515165e-01   2.8444144898e-01   9.6387867188e-01
4.1056637854e-01   2.6548594479e-01   9.3941053446e-01
3.8323771325e-01   2.4860632376e-01   9.1521886235e-01
3.5794606032e-01   2.3369919220e-01   8.9136074912e-01
3.5744949543e-01   2.3341391143e-01   8.9087620362e-01
3.5253027952e-01   2.3060396472e-01   8.8603961255e-01
3.2970413142e-01   2.1797173947e-01   8.6265315424e-01
3.0884865513e-01   2.0708289571e-01   8.3969247927e-01
2.8991447217e-01   1.9783961054e-01   8.1718604674e-01
2.8954656322e-01   1.9766692673e-01   8.1673024894e-01
2.8591032208e-01   1.9597570138e-01   8.1218329102e-01
2.6925104571e-01   1.8862314000e-01   7.9026271356e-01
2.5437767985e-01   1.8271938336e-01   7.6883777322e-01
2.4122322973e-01   1.7818758196e-01   7.4791933212e-01
2.2971968507e-01   1.7495897118e-01   7.2751459534e-01
2.2950097385e-01   1.7490605377e-01   7.2710231006e-01
2.2735022643e-01   1.7440540260e-01   7.2299140368e-01
2.1777767301e-01   1.7269215205e-01   7.0322157521e-01
2.0970904660e-01   1.7215992361e-01   6.8397175114e-01
2.0308317999e-01   1.7276814146e-01   6.6524168281e-01
1.9784338691e-01   1.7448525015e-01   6.4702989130e-01
1.9393827088e-01   1.7728874340e-01   6.2933407817e-01
1.9387194271e-01   1.7735736744e-01   6.2897721509e-01
1.9323828127e-01   1.7806830146e-01   6.2542040698e-01
1.9090708971e-01   1.8218538677e-01   6.0835298765e-01
1.8981838274e-01   1.8737124929e-01   5.9179529761e-01
1.8994180493e-01   1.9363256283e-01   5.7574474323e-01
1.9125440374e-01   2.0098506522e-01   5.6019927989e-01
1.9374092801e-01   2.0945360239e-01   5.4515769759e-01
1.9739408404e-01   2.1907220385e-01   5.3061990959e-01
1.9748104099e-01   2.1928139709e-01   5.3032758959e-01
1.9837751165e-01   2.2140090587e-01   5.2741603169e-01
2.0346205931e-01   2.3248854939e-01   5.1349747145e-01
2.0972668506e-01   2.4483554957e-01   5.0008809294e-01
2.1719123531e-01   2.5850649684e-01   4.8719359478e-01
2.2588440227e-01   2.7357588174e-01   4.7482225211e-01
2.3584393397e-01   2.9012834911e-01   4.6298536682e-01
2.3606134671e-01   2.9048331869e-01   4.6274874565e-01
2.3826582299e-01   2.9406955493e-01   4.6039521725e-01
2.4984193294e-01   3.1256973433e-01   4.4923377360e-01
2.6280202514e-01   3.3277917252e-01   4.3864550748e-01
2.7721460077e-01   3.5481713348e-01   4.2865538100e-01
2.9315820041e-01   3.7881414138e-01   4.1929413648e-01
2.9350116350e-01   3.7932680010e-01   4.1910933101e-01
2.9696828374e-01   3.8450206480e-01   4.1727669622e-01
3.1490977707e-01   4.1109388933e-01   4.0873776837e-01
3.3459422065e-01   4.3997620812e-01   4.0092180841e-01
3.5613396572e-01   4.7131626492e-01   3.9388531229e-01
3.5659510941e-01   4.7198470053e-01   3.9374986944e-01
3.6125236379e-01   4.7873013015e-01   3.9241507075e-01
3.8523406225e-01   5.1332515890e-01   3.8642652065e-01
4.1135954808e-01   5.5078788183e-01   3.8138436949e-01
4.3977542467e-01   5.9131715121e-01   3.7738628229e-01
4.4038210430e-01   5.9218025012e-01   3.7731612118e-01
4.4650558013e-01   6.0088703080e-01   3.7664141336e-01
4.7794186857e-01   6.4545378576e-01   3.7408076337e-01
5.1202906149e-01   6.9354891080e-01   3.7284620354e-01
5.1275573308e-01   6.9457174324e-01   3.7283587765e-01
5.2008789920e-01   7.0488658745e-01   3.7276718783e-01
5.5766191614e-01   7.5758809941e-01   3.7338029495e-01
5.9828316542e-01   8.1427198988e-01   3.7571465992e-01
5.9914779780e-01   8.1547523114e-01   3.7578193740e-01
6.0786891788e-01   8.2760402658e-01   3.7649991327e-01
6.5247302702e-01   8.8941485638e-01   3.8125048830e-01
7.0052844550e-01   9.5558034241e-01   3.8826341616e-01
7.0154941252e-01   9.5698108623e-01   3.8843264133e-01
7.1184290450e-01   9.7109165763e-01   3.9018446198e-01
7.6435845799e-01   1.0427353086e+00   4.0038113739e-01
7.6547276413e-01   1.0442490294e+00   4.0061974719e-01
7.7670392329e-01   1.0594904616e+00   4.0307516097e-01
8.3390441127e-01   1.1366637101e+00   4.1697572400e-01
8.3511627778e-01   1.1382902672e+00   4.1729498457e-01
8.4732632976e-01   1.1546582014e+00   4.2056802672e-01
9.0938298180e-01   1.2372533622e+00   4.3876532000e-01
9.1069530969e-01   1.2389888842e+00   4.3917798024e-01
9.2391173903e-01   1.2564405315e+00   4.4339746679e-01
9.9091331854e-01   1.3441307538e+00   4.6655422094e-01
9.9232703199e-01   1.3459663016e+00   4.6707439874e-01
1.0065568657e+00   1.3644068334e+00   4.7238264689e-01
1.0784727379e+00   1.4565733655e+00   5.0122094908e-01
1.0799859540e+00   1.4584933370e+00   5.0186383137e-01
1.0952072900e+00   1.4777597049e+00   5.0841344916e-01
1.1718415228e+00   1.5734073232e+00   5.4369287890e-01
1.1734485329e+00   1.5753876355e+00   5.4447415454e-01
1.1896001754e+00   1.5952302265e+00   5.5242207780e-01
1.2705363864e+00   1.6928942709e+00   5.9490217131e-01
1.2722264505e+00   1.6949004192e+00   5.9583710348e-01
1.2891956992e+00   1.7149636173e+00   6.0533493908e-01
1.3737335681e+00   1.8126160571e+00   6.5571731273e-01
1.3754895570e+00   1.8146012456e+00   6.5681935648e-01
1.3930985155e+00   1.8344049485e+00   6.6799909603e-01
1.4801848545e+00   1.9293724314e+00   7.2684510523e-01
1.4819818190e+00   1.9312760957e+00   7.2812399758e-01
1.4999730859e+00   1.9502015150e+00   7.4107841559e-01
1.5881332354e+00   2.0391151493e+00   8.0870032128e-01
1.5899370508e+00   2.0408623364e+00   8.1015963217e-01
1.6079603408e+00   2.0581468749e+00   8.2491732938e-01
1.6952394226e+00   2.1369504844e+00   9.0124535777e-01
1.6970057399e+00   2.1384526892e+00   9.0287960345e-01
1.7146078253e+00   2.1531999919e+00   9.1937585027e-01
1.7985356577e+00   2.2172484883e+00   1.0038108376e+00
1.8002094792e+00   2.2184066131e+00   1.0056024335e+00
1.8168307134e+00   2.2296184289e+00   1.0236487720e+00
1.8944280378e+00   2.2738971052e+00   1.1149201366e+00
1.8959443032e+00   2.2746071131e+00   1.1168366896e+00
1.9109256194e+00   2.2812425076e+00   1.1360945082e+00
1.9787710830e+00   2.3007269667e+00   1.2321544827e+00
1.9800566602e+00   2.3008884673e+00   1.2341471442e+00
1.9926609409e+00   2.3019522827e+00   1.2541126160e+00
2.0470358347e+00   2.2921037265e+00   1.3521063403e+00
2.0480132080e+00   2.2916310909e+00   1.3541100699e+00
2.0574638101e+00   2.2862869090e+00   1.3741189688e+00
2.0945827395e+00   2.2436388218e+00   1.4704706220e+00
2.0951754494e+00   2.2424735458e+00   1.4724071195e+00
2.1007121024e+00   2.2301674692e+00   1.4916668587e+00
2.1170316842e+00   2.1529147616e+00   1.5823087430e+00
2.1171711830e+00   2.1510368976e+00   1.5840923953e+00
2.1181195087e+00   2.1316096464e+00   1.6017442051e+00
2.1106956653e+00   2.0200758748e+00   1.6824861058e+00
2.1103287925e+00   2.0175118183e+00   1.6840325655e+00
2.1061750622e+00   1.9912718641e+00   1.6992391756e+00
2.0730179364e+00   1.8481244170e+00   1.7662341516e+00
2.0721138190e+00   1.8449485697e+00   1.7674702830e+00
2.0625727294e+00   1.8126822229e+00   1.7795157044e+00
2.0082659081e+00   1.6564850867e+00   1.8264131727e+00
2.0068543193e+00   1.6528410128e+00   1.8273101585e+00
1.9922486356e+00   1.6160086355e+00   1.8359305167e+00
1.9219264533e+00   1.4555786623e+00   1.8649190613e+00
1.9200568642e+00   1.4516106888e+00   1.8654753501e+00
1.9009020063e+00   1.4116647008e+00   1.8706786792e+00
1.8181388625e+00   1.2513566014e+00   1.8847883724e+00
1.8158679492e+00   1.2471943623e+00   1.8850193936e+00
1.7927464808e+00   1.2054291366e+00   1.8869801034e+00
1.7002162597e+00   1.0480284870e+00   1.8888063522e+00
1.6976042420e+00   1.0437841601e+00   1.8887392297e+00
1.6711295014e+00   1.0013117307e+00   1.8877444882e+00
1.5708561952e+00   8.4857255907e-01   1.8794740540e+00
1.5679643776e+00   8.4434029087e-01   1.8791435317e+00
1.5387563319e+00   8.0208743799e-01   1.8755524001e+00
1.4322625349e+00   6.5503256504e-01   1.8590191246e+00
1.4291515478e+00   6.5088909991e-01   1.8584643974e+00
1.3978197585e+00   6.0960594997e-01   1.8526764065e+00
1.2862504768e+00   4.6876222630e-01   1.8294164587e+00
1.2829790764e+00   4.6476823382e-01   1.8286787985e+00
1.2501112684e+00   4.2504329038e-01   1.8211106811e+00
1.1343425415e+00   2.9062126547e-01   1.7924211824e+00
1.1309668091e+00   2.8682298503e-01   1.7915422071e+00
1.0971214150e+00   2.4910085742e-01   1.7826111425e+00
9.7784976274e-01   1.2112012926e-01   1.7496080141e+00
9.7442255862e-01   1.1755109942e-01   1.7486284361e+00
9.4012375871e-01   8.2150689652e-02   1.7387401119e+00
8.1793133430e-01   -3.9482994271e-02   1.7024092252e+00
8.1450189970e-01   -4.2800228030e-02   1.7013679441e+00
7.8023611269e-01   -7.5668054108e-02   1.6909080300e+00
6.5563620046e-01   -1.9111713115e-01   1.6521479796e+00
6.5224985394e-01   -1.9416936432e-01   1.6510814245e+00
6.1846312674e-01   -2.2438489566e-01   1.6404095022e+00
4.9193207307e-01   -3.3385195913e-01   1.6000672526e+00
4.8862997646e-01   -3.3663373446e-01   1.5990089122e+00
4.5572604313e-01   -3.6415229783e-01   1.5884542250e+00
3.2772689590e-01   -4.6786006680e-01   1.5473559101e+00
3.2454588511e-01   -4.7037212873e-01   1.5463360054e+00
2.9288484807e-01   -4.9520859251e-01   1.5361945777e+00
1.6388689213e-01   -5.9338098553e-01   1.4951737605e+00
1.6085937951e-01   -5.9562876515e-01   1.4942190241e+00
1.3075708198e-01   -6.1784245490e-01   1.4847517781e+00
1.2548799353e-03   -7.1068079228e-01   1.4446770944e+00
-1.5911552264e-03   -7.1267289751e-01   1.4438106203e+00
-2.9862896827e-02   -7.3235264283e-01   1.4352421337e+00
-1.5932707599e-01   -8.2000009680e-01   1.3970456314e+00
-1.6196797976e-01   -8.2174677204e-01   1.3962867550e+00
-1.8817999028e-01   -8.3899570639e-01   1.3888042466e+00
-3.1105065882e-01   -9.1776217772e-01   1.3550768793e+00
-3.1347569538e-01   -9.1928245960e-01   1.3544361183e+00
-3.3752704943e-01   -9.3428901398e-01   1.3481389198e+00
-4.4983554208e-01   -1.0026351052e+00   1.3202657849e+00
-4.5204495281e-01   -1.0039508074e+00   1.3197452372e+00
-4.7394269546e-01   -1.0169295815e+00   1.3146495152e+00
-5.7582809852e-01   -1.0758067934e+00   1.2925942536e+00
-5.7782627452e-01   -1.0769356606e+00   1.2921913465e+00
-5.9761715998e-01   -1.0880602126e+00   1.2882676955e+00
-6.8936890494e-01   -1.1382150511e+00   1.2717988484e+00
-6.9116261308e-01   -1.1391706263e+00   1.2715074573e+00
-7.0891572802e-01   -1.1485726341e+00   1.2686918504e+00
-7.9089834176e-01   -1.1905535975e+00   1.2574303780e+00
-7.9249535245e-01   -1.1913455336e+00   1.2572416995e+00
-8.0828876365e-01   -1.1991182254e+00   1.2554440074e+00
-8.8088614407e-01   -1.2332998353e+00   1.2488997921e+00
-9.4609592513e-01   -1.2612949511e+00   1.2457839160e+00
-9.4735522094e-01   -1.2618041777e+00   1.2457530601e+00
-9.5978350930e-01   -1.2667563921e+00   1.2455131384e+00
-1.0162437204e+00   -1.2873045702e+00   1.2460266363e+00
-1.0657779448e+00   -1.3018416210e+00   1.2490061789e+00
-1.0667207839e+00   -1.3020767329e+00   1.2490896784e+00
-1.0759937284e+00   -1.3042904366e+00   1.2499699195e+00
-1.1172672439e+00   -1.3115249297e+00   1.2553358850e+00
-1.1519571087e+00   -1.3128587571e+00   1.2621205602e+00
-1.1801914666e+00   -1.3083728232e+00   1.2698469560e+00
-1.1807028654e+00   -1.3082209827e+00   1.2700116240e+00
-1.1856711451e+00   -1.3065714304e+00   1.2716682681e+00
-1.2061647006e+00   -1.2951258657e+00   1.2799089543e+00
-1.2204838327e+00   -1.2782022035e+00   1.2880664094e+00
-1.2287738657e+00   -1.2560477921e+00   1.2957148744e+00
-1.2312041368e+00   -1.2289746457e+00   1.3024615541e+00
-1.2279752326e+00   -1.1973590520e+00   1.3079540411e+00
-1.2278516316e+00   -1.1966674103e+00   1.3080511369e+00
-1.2264910813e+00   -1.1896571465e+00   1.3089855247e+00
-1.2166563694e+00   -1.1530767458e+00   1.3125301337e+00
-1.2017457664e+00   -1.1129957012e+00   1.3142118457e+00
-1.1820877870e+00   -1.0699530801e+00   1.3138452775e+00
-1.1816383307e+00   -1.0690450133e+00   1.3138153803e+00
-1.1770435174e+00   -1.0599101931e+00   1.3134659575e+00
-1.1520753603e+00   -1.0140118446e+00   1.3104209293e+00
-1.1232289157e+00   -9.6642650190e-01   1.3051189766e+00
-1.1226009864e+00   -9.6543887366e-01   1.3049867411e+00
-1.1162433121e+00   -9.5553805801e-01   1.3036121732e+00
-1.0832499078e+00   -9.0666731066e-01   1.2955414360e+00
-1.0473904957e+00   -8.5736179278e-01   1.2852649265e+00
-1.0466298816e+00   -8.5635167723e-01   1.2850321201e+00
-1.0389696479e+00   -8.4625345379e-01   1.2826555188e+00
-1.0002530644e+00   -7.9711693955e-01   1.2698072656e+00
-9.5974082336e-01   -7.4863954311e-01   1.2550065062e+00
-9.5889614239e-01   -7.4765710168e-01   1.2546842265e+00
-9.5041979727e-01   -7.3785825631e-01   1.2514203914e+00
-9.0835287682e-01   -6.9074750260e-01   1.2344465988e+00
-8.6552395293e-01   -6.4514243867e-01   1.2158984900e+00
-8.6464235842e-01   -6.4422676339e-01   1.2155036928e+00
-8.5581959931e-01   -6.3511197568e-01   1.2115241721e+00
-8.1264008412e-01   -5.9174032005e-01   1.1913064943e+00
-7.6961356668e-01   -5.5044151880e-01   1.1699410768e+00
-7.6873698646e-01   -5.4961904506e-01   1.1694930883e+00
-7.5998364208e-01   -5.4144628275e-01   1.1649915093e+00
-7.1762710274e-01   -5.0290947899e-01   1.1424788772e+00
-6.7616517476e-01   -4.6674988205e-01   1.1192324439e+00
-6.7532775855e-01   -4.6603503792e-01   1.1187501470e+00
-6.6698096982e-01   -4.5894298813e-01   1.1139145343e+00
-6.2697840303e-01   -4.2577797676e-01   1.0900004752e+00
-5.8841551137e-01   -3.9507924786e-01   1.0657148374e+00
-5.8764250681e-01   -3.9447655226e-01   1.0652148430e+00
-5.7995019318e-01   -3.8850610035e-01   1.0602098512e+00
-5.4339449210e-01   -3.6080687974e-01   1.0356589508e+00
-5.0863158562e-01   -3.3550768892e-01   1.0110289123e+00
-5.0793948770e-01   -3.3501445603e-01   1.0105246912e+00
-5.0106239728e-01   -3.3013583995e-01   1.0054833537e+00
-4.6863193622e-01   -3.0768753272e-01   9.8090169818e-01
-4.3817959278e-01   -2.8747608862e-01   9.5646138004e-01
-4.3757720153e-01   -2.8708509264e-01   9.5596312905e-01
-4.3159983495e-01   -2.8322440802e-01   9.5098581691e-01
-4.0361988691e-01   -2.6562822663e-01   9.2682294947e-01
-3.7767018329e-01   -2.5005785023e-01   9.0295742382e-01
-3.5374076473e-01   -2.3641308548e-01   8.7944145381e-01
-3.5327187202e-01   -2.3615318469e-01   8.7896404870e-01
-3.4862886706e-01   -2.3359606559e-01   8.7419912633e-01
-3.2713787058e-01   -2.2217482522e-01   8.5116883688e-01
-3.0759212931e-01   -2.1246106438e-01   8.2857205400e-01
-2.8994096237e-01   -2.0436315879e-01   8.0643456935e-01
-2.8959903605e-01   -2.0421365736e-01   8.0598636106e-01
-2.8622200651e-01   -2.0275373930e-01   8.0151536206e-01
-2.7081325108e-01   -1.9651941909e-01   7.7996712516e-01
-2.5716552477e-01   -1.9171980953e-01   7.5891561792e-01
-2.4521443890e-01   -1.8828565116e-01   7.3837068402e-01
-2.3489549806e-01   -1.8615602341e-01   7.1833891451e-01
-2.3470086877e-01   -1.8612567250e-01   7.1793425588e-01
-2.3279061497e-01   -1.8585091788e-01   7.1389959707e-01
-2.2438561789e-01   -1.8524928923e-01   6.9450176804e-01
-2.1747628361e-01   -1.8584819238e-01   6.7562329540e-01
-2.1200714656e-01   -1.8761550064e-01   6.5726438246e-01
-2.0792772583e-01   -1.9052828523e-01   6.3942428658e-01
-2.0519327755e-01   -1.9457285960e-01   6.2210172170e-01
-2.0515106945e-01   -1.9466742596e-01   6.2175252381e-01
-2.0475902169e-01   -1.9563905474e-01   6.1827243523e-01
-2.0362076917e-01   -2.0106519225e-01   6.0158195083e-01
-2.0375150587e-01   -2.0762595892e-01   5.8540600199e-01
-2.0512873868e-01   -2.1533766059e-01   5.6974393564e-01
-2.0773772087e-01   -2.2422599373e-01   5.5459597737e-01
-2.1157175104e-01   -2.3432612748e-01   5.3996355202e-01
-2.1663243629e-01   -2.4568281562e-01   5.2584961687e-01
-2.1674889680e-01   -2.4592877744e-01   5.2556615044e-01
-2.1794201703e-01   -2.4841870403e-01   5.2274355391e-01
-2.2452029858e-01   -2.6139015900e-01   5.0927168618e-01
-2.3235981205e-01   -2.7575291850e-01   4.9633223295e-01
-2.4149053107e-01   -2.9158377655e-01   4.8393569010e-01
-2.5195168757e-01   -3.0896990598e-01   4.7209585528e-01
-2.6379199218e-01   -3.2800909281e-01   4.6083039040e-01
-2.6404916168e-01   -3.2841683555e-01   4.6060593279e-01
-2.6665408843e-01   -3.3253505831e-01   4.5837514159e-01
-2.8026471617e-01   -3.5374871756e-01   4.4784411737e-01
-2.9539801545e-01   -3.7687221415e-01   4.3794402850e-01
-3.1213476570e-01   -4.0203893451e-01   4.2870988674e-01
-3.3056611468e-01   -4.2939350523e-01   4.2018401459e-01
-3.3096180054e-01   -4.2997738100e-01   4.2001722888e-01
-3.3496023869e-01   -4.3587043434e-01   4.1836695198e-01
-3.5560741993e-01   -4.6611891261e-01   4.1077903770e-01
-3.7818986238e-01   -4.9891647672e-01   4.0402591534e-01
-4.0283277460e-01   -5.3444203553e-01   3.9818225850e-01
-4.0335967176e-01   -5.3519904355e-01   3.9807273248e-01
-4.0867950115e-01   -5.4283667069e-01   3.9700061473e-01
-4.3603267431e-01   -5.8196127480e-01   3.9239286444e-01
-4.6576151812e-01   -6.2424145629e-01   3.8891193549e-01
-4.6639596854e-01   -6.2514129765e-01   3.8885329913e-01
-4.7279912557e-01   -6.3421743987e-01   3.8829601520e-01
-5.0565312413e-01   -6.8063746747e-01   3.8636881346e-01
-5.4124231235e-01   -7.3066029373e-01   3.8587624812e-01
-5.4200059356e-01   -7.3172328405e-01   3.8588233803e-01
-5.4965073015e-01   -7.4244111752e-01   3.8598064558e-01
-5.8882595102e-01   -7.9714409262e-01   3.8748738138e-01
-6.3112342198e-01   -8.5586927115e-01   3.9085577716e-01
-6.3202309646e-01   -8.5711454848e-01   3.9094579910e-01
-6.4109615910e-01   -8.6966399974e-01   3.9189485517e-01
-6.8745651190e-01   -9.3352966455e-01   3.9787344014e-01
-7.3731924365e-01   -1.0017224486e+00   4.0629142934e-01
-7.3837762292e-01   -1.0031641032e+00   4.0649138521e-01
-7.4904597229e-01   -1.0176820246e+00   4.0855501695e-01
-8.0340634610e-01   -1.0912560586e+00   4.2039673683e-01
-8.0455854437e-01   -1.0928080062e+00   4.2067120120e-01
-8.1616865012e-01   -1.1084282563e+00   4.2349011852e-01
-8.7521321827e-01   -1.1873440159e+00   4.3929957293e-01
-8.7646256278e-01   -1.1890040366e+00   4.3966027368e-01
-8.8904644597e-01   -1.2057009549e+00   4.4335305102e-01
-9.5289404456e-01   -1.2897326491e+00   4.6374262427e-01
-9.5424222573e-01   -1.2914941977e+00   4.6420265341e-01
-9.6781493958e-01   -1.3091976653e+00   4.6890138502e-01
-1.0364845308e+00   -1.3978688205e+00   4.9454499293e-01
-1.0379308770e+00   -1.3997196058e+00   4.9511859798e-01
-1.0524830994e+00   -1.4183006149e+00   5.0096664052e-01
-1.1258534364e+00   -1.5108079818e+00   5.3258362761e-01
-1.1273940143e+00   -1.5127283174e+00   5.3328578320e-01
-1.1428828892e+00   -1.5319822942e+00   5.4043322846e-01
-1.2206434492e+00   -1.6271102070e+00   5.7875920399e-01
-1.2222699855e+00   -1.6290712000e+00   5.7960488031e-01
-1.2386081754e+00   -1.6486998036e+00   5.8820091554e-01
-1.3202017038e+00   -1.7447302676e+00   6.3394122914e-01
-1.3219003447e+00   -1.7466919881e+00   6.3494426782e-01
-1.3389435026e+00   -1.7662848934e+00   6.4512552903e-01
-1.4235020383e+00   -1.8609132247e+00   6.9888720033e-01
-1.4252520036e+00   -1.8628231027e+00   7.0005871825e-01
-1.4427852601e+00   -1.8818423549e+00   7.1193286574e-01
-1.5290638379e+00   -1.9721140767e+00   7.7413204926e-01
-1.5308360789e+00   -1.9739059046e+00   7.7547833057e-01
-1.5485607108e+00   -1.9916767400e+00   7.8910250392e-01
-1.6348761102e+00   -2.0739680257e+00   8.5984767484e-01
-1.6366321550e+00   -2.0755620759e+00   8.6136759424e-01
-1.6541543282e+00   -2.0912754310e+00   8.7672228150e-01
-1.7383400880e+00   -2.1613450917e+00   9.5567891255e-01
-1.7400313366e+00   -2.1626499577e+00   9.5736107058e-01
-1.7568556390e+00   -2.1753827763e+00   9.7432135544e-01
-1.8362484462e+00   -2.2285258169e+00   1.0605721402e+00
-1.8378162552e+00   -2.2294425719e+00   1.0623920817e+00
-1.8533474585e+00   -2.2382017821e+00   1.0807001735e+00
-1.9248227565e+00   -2.2695289922e+00   1.1726250373e+00
-1.9261996875e+00   -2.2699580628e+00   1.1745431382e+00
-1.9397564891e+00   -2.2737518606e+00   1.1937882234e+00
-1.9998308992e+00   -2.2786028325e+00   1.2889979815e+00
-2.0009434650e+00   -2.2784535176e+00   1.2909587592e+00
-2.0117874476e+00   -2.2763887084e+00   1.3105718280e+00
-2.0568002888e+00   -2.2508552645e+00   1.4059340151e+00
-2.0575733678e+00   -2.2500571054e+00   1.4078676416e+00
-2.0649546685e+00   -2.2414537805e+00   1.4271389832e+00
-2.0913289861e+00   -2.1829504905e+00   1.5189286178e+00
-2.0916917766e+00   -2.1814648350e+00   1.5207551805e+00
-2.0949098284e+00   -2.1659710602e+00   1.5388796195e+00
-2.0994752691e+00   -2.0737502730e+00   1.6230673628e+00
-2.0993682430e+00   -2.0715796745e+00   1.6247038720e+00
-2.0978418030e+00   -2.0492621537e+00   1.6408530983e+00
-2.0781807903e+00   -1.9247501305e+00   1.7135092432e+00
-2.0775626901e+00   -1.9219430529e+00   1.7148786090e+00
-2.0708992368e+00   -1.8933287372e+00   1.7282920575e+00
-2.0264205193e+00   -1.7424050788e+00   1.7853482502e+00
-2.0252800470e+00   -1.7390594565e+00   1.7863926072e+00
-2.0133907931e+00   -1.7051633119e+00   1.7965104836e+00
-1.9504416065e+00   -1.5467013235e+00   1.8339220834e+00
-1.9488224111e+00   -1.5429654364e+00   1.8346286333e+00
-1.9321667719e+00   -1.5052862879e+00   1.8413472495e+00
-1.8549934886e+00   -1.3449217136e+00   1.8623220135e+00
-1.8529493097e+00   -1.3409322752e+00   1.8626983573e+00
-1.8320827271e+00   -1.3008403946e+00   1.8661153760e+00
-1.7438187259e+00   -1.1421009843e+00   1.8734972931e+00
-1.7414084282e+00   -1.1379782100e+00   1.8735651641e+00
-1.7169327781e+00   -1.0966695704e+00   1.8739156877e+00
-1.6199428798e+00   -9.4181620180e-01   1.8701086186e+00
-1.6172274941e+00   -9.3766234916e-01   1.8698992456e+00
-1.5897618575e+00   -8.9614711897e-01   1.8675090517e+00
-1.4858323708e+00   -7.4655832034e-01   1.8545319962e+00
-1.4828729902e+00   -7.4245780308e-01   1.8540824797e+00
-1.4530331352e+00   -7.0156405244e-01   1.8493318916e+00
-1.3435077305e+00   -5.5800373968e-01   1.8288748226e+00
-1.3403640406e+00   -5.5402417764e-01   1.8282253739e+00
-1.3087483009e+00   -5.1441039648e-01   1.8215220381e+00
-1.1946428384e+00   -3.7723364564e-01   1.7950030295e+00
-1.1913721284e+00   -3.7342740757e-01   1.7941949337e+00
-1.1585520813e+00   -3.3559943242e-01   1.7859539863e+00
-1.0406572619e+00   -2.0490913816e-01   1.7545787783e+00
-1.0373137663e+00   -2.0131506572e-01   1.7536529274e+00
-1.0038281812e+00   -1.6564438106e-01   1.7442828985e+00
-8.8278821817e-01   -4.1392534015e-02   1.7091005651e+00
-8.7942265511e-01   -3.8037679318e-02   1.7080964022e+00
-8.4577336744e-01   -4.7795126527e-03   1.6979892207e+00
-7.2214184587e-01   1.1317223783e-01   1.6599398352e+00
-7.1880107223e-01   1.1627092585e-01   1.6588945930e+00
-6.8544997849e-01   1.4696028520e-01   1.6484184985e+00
-5.5972868031e-01   2.5880484774e-01   1.6083727610e+00
-5.5645542340e-01   2.6163890306e-01   1.6073209165e+00
-5.2382221263e-01   2.8968564812e-01   1.5968154838e+00
-3.9648877753e-01   3.9564763712e-01   1.5556082574e+00
-3.9332142989e-01   3.9821551625e-01   1.5545811508e+00
-3.6178191570e-01   4.2361262331e-01   1.5443538933e+00
-2.3331108703e-01   5.2393024865e-01   1.5028140719e+00
-2.3028356496e-01   5.2623581510e-01   1.5018396485e+00
-2.0016863014e-01   5.4902791165e-01   1.4921637972e+00
-7.1050894885e-02   6.4393332233e-01   1.4511427192e+00
-6.8192572202e-02   6.4598435330e-01   1.4502453613e+00
-3.9787843390e-02   6.6625289820e-01   1.4413584681e+00
8.9450958303e-02   7.5594472510e-01   1.4017586075e+00
9.2115218406e-02   7.5775140875e-01   1.4009590181e+00
1.1856873588e-01   7.7559984269e-01   1.3930620129e+00
2.4281027969e-01   8.5728532973e-01   1.3571365271e+00
2.4526642761e-01   8.5886531977e-01   1.3564480942e+00
2.6963510236e-01   8.7446919004e-01   1.3496689714e+00
3.8364477149e-01   9.4575005842e-01   1.3193230089e+00
3.8589145173e-01   9.4712632656e-01   1.3187500830e+00
4.0816696498e-01   9.6071231860e-01   1.3131273312e+00
5.1202428040e-01   1.0226100961e+00   1.2884284347e+00
5.1406492597e-01   1.0238019734e+00   1.2879704857e+00
5.3428500671e-01   1.0355597706e+00   1.2834949510e+00
6.2824914642e-01   1.0889046089e+00   1.2643064228e+00
6.3009013170e-01   1.0899274038e+00   1.2639592000e+00
6.4832041057e-01   1.1000063856e+00   1.2605854638e+00
7.3275035973e-01   1.1454329802e+00   1.2466161060e+00
7.3439952190e-01   1.1462980785e+00   1.2463725568e+00
7.5071909294e-01   1.1548086787e+00   1.2440279062e+00
8.2601214267e-01   1.1927709942e+00   1.2348705237e+00
8.2747767740e-01   1.1934862824e+00   1.2347214943e+00
8.4196838989e-01   1.2005044477e+00   1.2333127549e+00
9.0851631596e-01   1.2313026517e+00   1.2284732309e+00
9.6819406202e-01   1.2563915786e+00   1.2267459957e+00
9.6934545819e-01   1.2568460969e+00   1.2267403748e+00
9.8070643321e-01   1.2612615530e+00   1.2267459474e+00
1.0322550224e+00   1.2794526187e+00   1.2282851791e+00
1.0773705141e+00   1.2920608993e+00   1.2320212426e+00
1.0782279607e+00   1.2922609131e+00   1.2321176153e+00
1.0866580237e+00   1.2941332126e+00   1.2331211108e+00
1.1240995460e+00   1.2999481100e+00   1.2389539993e+00
1.1554229913e+00   1.3002690197e+00   1.2460060610e+00
1.1807454170e+00   1.2951699287e+00   1.2538358552e+00
1.1812018815e+00   1.2950096601e+00   1.2540011846e+00
1.1856310322e+00   1.2932848449e+00   1.2556615800e+00
1.2037553222e+00   1.2817048686e+00   1.2638549127e+00
1.2161367504e+00   1.2650252019e+00   1.2718830366e+00
1.2229098522e+00   1.2434776666e+00   1.2793560731e+00
1.2242318878e+00   1.2173537806e+00   1.2859151013e+00
1.2202893884e+00   1.1870040404e+00   1.2912386500e+00
1.2201551900e+00   1.1863414081e+00   1.2913326815e+00
1.2186973487e+00   1.1796277668e+00   1.2922375389e+00
1.2086095945e+00   1.1446584302e+00   1.2956727334e+00
1.1937995344e+00   1.1064300236e+00   1.2973181129e+00
1.1745721926e+00   1.0654417896e+00   1.2970049817e+00
1.1741348171e+00   1.0645775905e+00   1.2969772059e+00
1.1696677583e+00   1.0558850510e+00   1.2966513575e+00
1.1454981020e+00   1.0122310090e+00   1.2937849187e+00
1.1177172805e+00   9.6699762779e-01   1.2887699921e+00
1.1171137314e+00   9.6605897343e-01   1.2886447759e+00
1.1110052155e+00   9.5664934047e-01   1.2873429170e+00
1.0793607380e+00   9.1020611799e-01   1.2796923221e+00
1.0450439651e+00   8.6334688212e-01   1.2699398434e+00
1.0443167107e+00   8.6238678729e-01   1.2697187978e+00
1.0369936841e+00   8.5278833746e-01   1.2674620025e+00
1.0000103582e+00   8.0607444871e-01   1.2552538922e+00
9.6134938414e-01   7.5996794043e-01   1.2411758871e+00
9.6054360038e-01   7.5903331604e-01   1.2408691773e+00
9.5245813793e-01   7.4971085802e-01   1.2377626269e+00
9.1234315042e-01   7.0487614093e-01   1.2215952927e+00
8.7151504895e-01   6.6145057911e-01   1.2039066840e+00
8.7067472712e-01   6.6057842095e-01   1.2035299368e+00
8.6226514704e-01   6.5189629199e-01   1.1997317923e+00
8.2110996398e-01   6.1057089615e-01   1.1804197506e+00
7.8010117924e-01   5.7120341053e-01   1.1599828767e+00
7.7926569061e-01   5.7041925829e-01   1.1595540469e+00
7.7092262415e-01   5.6262704169e-01   1.1552442767e+00
7.3054972337e-01   5.2588020953e-01   1.1336717483e+00
6.9102678544e-01   4.9139941690e-01   1.1113629595e+00
6.9022850916e-01   4.9071782281e-01   1.1108997638e+00
6.8227180876e-01   4.8395588964e-01   1.1062548798e+00
6.4413864368e-01   4.5234360556e-01   1.0832632322e+00
6.0738037652e-01   4.2310593969e-01   1.0598794757e+00
6.0664360488e-01   4.2253227735e-01   1.0593976863e+00
5.9931203319e-01   4.1685034711e-01   1.0545741301e+00
5.6447687834e-01   3.9051656809e-01   1.0308924573e+00
5.3136551424e-01   3.6651993538e-01   1.0071006075e+00
5.3070651561e-01   3.6605281028e-01   1.0066132000e+00
5.2415888608e-01   3.6143418501e-01   1.0017392201e+00
4.9329894135e-01   3.4023125863e-01   9.7795441032e-01
4.6435643531e-01   3.2123526756e-01   9.5427586712e-01
4.3737588278e-01   3.0437001761e-01   9.3078089405e-01
4.3684427543e-01   3.0404646996e-01   9.3030235255e-01
4.3157399338e-01   3.0085805338e-01   9.2552282489e-01
4.0702584720e-01   2.8649109097e-01   9.0234180899e-01
3.8446432317e-01   2.7406858898e-01   8.7947768823e-01
3.6387412961e-01   2.6350556372e-01   8.5697533538e-01
3.6347306272e-01   2.6330817257e-01   8.5651876361e-01
3.5950714727e-01   2.6137504966e-01   8.5196231201e-01
3.4129369672e-01   2.5297791492e-01   8.2995294382e-01
3.2497782314e-01   2.4626200479e-01   8.0837854330e-01
3.1051445448e-01   2.4115555906e-01   7.8726227887e-01
2.9785439000e-01   2.3759360906e-01   7.6662256885e-01
2.9761371386e-01   2.3753641021e-01   7.6620515924e-01
2.9524723184e-01   2.3699857919e-01   7.6204240952e-01
2.8472651290e-01   2.3525156918e-01   7.4200596770e-01
2.7589464820e-01   2.3493277937e-01   7.2247404855e-01
2.6870173225e-01   2.3600391744e-01   7.0345497611e-01
2.6310075885e-01   2.3843588216e-01   6.8495531996e-01
2.5904876230e-01   2.4220901775e-01   6.6698044747e-01
2.5898171975e-01   2.4230017446e-01   6.6661801650e-01
2.5834604052e-01   2.4324239199e-01   6.6300591761e-01
2.5614066113e-01   2.4864602934e-01   6.4568033373e-01
2.5540786970e-01   2.5538188596e-01   6.2888968168e-01
2.5612369404e-01   2.6346186559e-01   6.1263876114e-01
2.5827144718e-01   2.7290789663e-01   5.9693313850e-01
2.6184222256e-01   2.8375202986e-01   5.8177958138e-01
2.6683531881e-01   2.9603653811e-01   5.6718650307e-01
2.6695242319e-01   2.9630339810e-01   5.6689370657e-01
2.6815643437e-01   2.9900649544e-01   5.6397891838e-01
2.7490374896e-01   3.1312847087e-01   5.5008712386e-01
2.8310305194e-01   3.2882209390e-01   5.3678283545e-01
2.9278238648e-01   3.4616331839e-01   5.2408312337e-01
3.0397927443e-01   3.6523874466e-01   5.1200894728e-01
3.1674092950e-01   3.8614567665e-01   5.0058583979e-01
3.1701888820e-01   3.8659351211e-01   5.0035901599e-01
3.1983595160e-01   3.9111675980e-01   4.9810654657e-01
3.3459354975e-01   4.1441592038e-01   4.8752381175e-01
3.5105660514e-01   4.3980140710e-01   4.7766941457e-01
3.6930461162e-01   4.6740460581e-01   4.6858941085e-01
3.6969740430e-01   4.6799378390e-01   4.6841199961e-01
3.7366869328e-01   4.7394019089e-01   4.6665708723e-01
3.9422676773e-01   5.0445410182e-01   4.5860131351e-01
4.1678289775e-01   5.3751283273e-01   4.5145514033e-01
4.4144874897e-01   5.7327705119e-01   4.4529721277e-01
4.4197652956e-01   5.7403856901e-01   4.4518210410e-01
4.4730596584e-01   5.8172026403e-01   4.4405607292e-01
4.7472240437e-01   6.2102756208e-01   4.3923586316e-01
5.0452946606e-01   6.6341810969e-01   4.3562961605e-01
5.0516555068e-01   6.6431926680e-01   4.3556934782e-01
5.1158494817e-01   6.7340621370e-01   4.3499783287e-01
5.4451078130e-01   7.1980988540e-01   4.3305630848e-01
5.8014388865e-01   7.6967691218e-01   4.3264254697e-01
5.8090261935e-01   7.7073500231e-01   4.3265123230e-01
5.8855603302e-01   7.8139969181e-01   4.3277766723e-01
6.2770911329e-01   8.3572446329e-01   4.3447851640e-01
6.6990085434e-01   8.9384138705e-01   4.3813401184e-01
6.7079728368e-01   8.9507146977e-01   4.3823086119e-01
6.7983521211e-01   9.0746243269e-01   4.3925024581e-01
7.2594546421e-01   9.7036922056e-01   4.4562451418e-01
7.7540112284e-01   1.0372532058e+00   4.5451829879e-01
7.7644925637e-01   1.0386639734e+00   4.5472875160e-01
7.8701053673e-01   1.0528633641e+00   4.5689889068e-01
8.4071644188e-01   1.1246116257e+00   4.6929680220e-01
8.4185276911e-01   1.1261212179e+00   4.6958319027e-01
8.5329825705e-01   1.1413062281e+00   4.7252232397e-01
9.1137182595e-01   1.2177715005e+00   4.8893810895e-01
9.1259817975e-01   1.2193754051e+00   4.8931142653e-01
9.2494477736e-01   1.2354972768e+00   4.9313051805e-01
9.8742643165e-01   1.3163369757e+00   5.1413156879e-01
9.8874281955e-01   1.3180262006e+00   5.1460384033e-01
1.0019885840e+00   1.3349902556e+00   5.1942395974e-01
1.0688100997e+00   1.4196066629e+00   5.4562055312e-01
1.0702139978e+00   1.4213664349e+00   5.4620454214e-01
1.0843309494e+00   1.4390189006e+00   5.5215378063e-01
1.1552768513e+00   1.5264910063e+00   5.8417892645e-01
1.1567623538e+00   1.5282993185e+00   5.8488762585e-01
1.1716878378e+00   1.5464126996e+00   5.9209576299e-01
1.2463498509e+00   1.6354228826e+00   6.3057244343e-01
1.2479066819e+00   1.6372489783e+00   6.3141827886e-01
1.2635333754e+00   1.6555069078e+00   6.4000851814e-01
1.3412589378e+00   1.7442686838e+00   6.8550099621e-01
1.3428713584e+00   1.7460716366e+00   6.8649467699e-01
1.3590362689e+00   1.7640548767e+00   6.9657180209e-01
1.4388736578e+00   1.8502520099e+00   7.4951825632e-01
1.4405193358e+00   1.8519796497e+00   7.5066722803e-01
1.4569925215e+00   1.8691558364e+00   7.6230175398e-01
1.5376373179e+00   1.9499079381e+00   8.2292721436e-01
1.5392862804e+00   1.9514964757e+00   8.2423371508e-01
1.5557605295e+00   1.9672172206e+00   8.3744211517e-01
1.6355109009e+00   2.0390917189e+00   9.0565401900e-01
1.6371247472e+00   2.0404665099e+00   9.0711282577e-01
1.6532080634e+00   2.0539763364e+00   9.2183479760e-01
1.7299393759e+00   2.1130697962e+00   9.9710877919e-01
1.7314709915e+00   2.1141477235e+00   9.9870485615e-01
1.7466843379e+00   2.1246096084e+00   1.0147798767e+00
1.8178562502e+00   2.1667203663e+00   1.0960504745e+00
1.8192503078e+00   2.1674142474e+00   1.0977568898e+00
1.8330334891e+00   2.1739556894e+00   1.1149038777e+00
1.8957438164e+00   2.1948617224e+00   1.2004825643e+00
1.8969383508e+00   2.1950869077e+00   1.2022591951e+00
1.9086668829e+00   2.1968678719e+00   1.2200645927e+00
1.9597646910e+00   2.1927064333e+00   1.3076134936e+00
1.9606939667e+00   2.1923893242e+00   1.3094071268e+00
1.9697089934e+00   2.1886888314e+00   1.3273274995e+00
2.0059731889e+00   2.1564077971e+00   1.4139177799e+00
2.0065719065e+00   2.1554954046e+00   1.4156641628e+00
2.0122234329e+00   2.1458073848e+00   1.4330486977e+00
2.0306019363e+00   2.0836270421e+00   1.5153241327e+00
2.0308105587e+00   2.0820960764e+00   1.5169522594e+00
2.0325115094e+00   2.0662188821e+00   1.5330876777e+00
2.0304010192e+00   1.9740169154e+00   1.6075345505e+00
2.0301716694e+00   1.9718804820e+00   1.6089729903e+00
2.0274569956e+00   1.9499806296e+00   1.6231483852e+00
2.0029877381e+00   1.8295053208e+00   1.6864450580e+00
2.0022898245e+00   1.8268153594e+00   1.6876295239e+00
1.9948720026e+00   1.7994472569e+00   1.6992125673e+00
1.9471509832e+00   1.6542848600e+00   1.7486037460e+00
1.9459755578e+00   1.6511291612e+00   1.7494845800e+00
1.9337865029e+00   1.6192001086e+00   1.7579955077e+00
1.8664451290e+00   1.4617713424e+00   1.7904572160e+00
1.8648226857e+00   1.4582752684e+00   1.7910170961e+00
1.8481881315e+00   1.4230540478e+00   1.7963037214e+00
1.7670360714e+00   1.2644305925e+00   1.8127428432e+00
1.7650222627e+00   1.2607240469e+00   1.8129929722e+00
1.7445148531e+00   1.2235102582e+00   1.8151869490e+00
1.6526516589e+00   1.0670415971e+00   1.8184303705e+00
1.6503062992e+00   1.0632372977e+00   1.8183947568e+00
1.6265355505e+00   1.0251504190e+00   1.8177518430e+00
1.5263059133e+00   8.7297534865e-01   1.8101734023e+00
1.5236902057e+00   8.6916788373e-01   1.8098844149e+00
1.4972752141e+00   8.3114078730e-01   1.8067398023e+00
1.3904566650e+00   6.8454938898e-01   1.7903273254e+00
1.3876312174e+00   6.8081565660e-01   1.7898222464e+00
1.3591813758e+00   6.4360139786e-01   1.7845562934e+00
1.2471145552e+00   5.0328676370e-01   1.7609700882e+00
1.2441379962e+00   4.9968723560e-01   1.7602885101e+00
1.2142397552e+00   4.6387354301e-01   1.7533011685e+00
1.0979439292e+00   3.3013337942e-01   1.7239324787e+00
1.0948719899e+00   3.2671377809e-01   1.7231144166e+00
1.0640802575e+00   2.9274116101e-01   1.7148069215e+00
9.4435710774e-01   1.6563048024e-01   1.6808389083e+00
9.4124201598e-01   1.6242357446e-01   1.6799234666e+00
9.1007463369e-01   1.3060419587e-01   1.6706855829e+00
7.8758715601e-01   1.0032321430e-02   1.6331499033e+00
7.8447720989e-01   7.0596902462e-03   1.6321743367e+00
7.5341117104e-01   -2.2404397494e-02   1.6223755260e+00
6.2873932358e-01   -1.3661714595e-01   1.5822007094e+00
6.2567856549e-01   -1.3934343307e-01   1.5811997640e+00
5.9514719585e-01   -1.6634313459e-01   1.5711831020e+00
4.6882617099e-01   -2.7443331365e-01   1.5292350397e+00
4.6585412467e-01   -2.7690910692e-01   1.5282404980e+00
4.3624485781e-01   -3.0141221562e-01   1.5183185765e+00
3.0879178985e-01   -4.0365409716e-01   1.4754353626e+00
3.0594324764e-01   -4.0588165433e-01   1.4744757421e+00
2.7759587193e-01   -4.2791770067e-01   1.4649280453e+00
1.4952950228e-01   -5.2460910305e-01   1.4219518418e+00
1.4683436468e-01   -5.2659563389e-01   1.4210522100e+00
1.2003976842e-01   -5.4624140163e-01   1.4121235894e+00
-6.6458617276e-03   -6.3667045722e-01   1.3704060326e+00
-9.1644397928e-03   -6.3842878218e-01   1.3695870590e+00
-3.4182545269e-02   -6.5581482406e-01   1.3614784091e+00
-1.5197047435e-01   -7.3578713878e-01   1.3240649501e+00
-1.5430418219e-01   -7.3734142110e-01   1.3233384068e+00
-1.7746972701e-01   -7.5270874898e-01   1.3161618472e+00
-2.8615638909e-01   -8.2337165186e-01   1.2834640718e+00
-2.8830370142e-01   -8.2474464386e-01   1.2828361986e+00
-3.0960667206e-01   -8.3831876094e-01   1.2766496845e+00
-4.0926531194e-01   -9.0071303089e-01   1.2488439109e+00
-4.1122959776e-01   -9.0192486402e-01   1.2483166214e+00
-4.3070728215e-01   -9.1390428544e-01   1.2431358737e+00
-5.2160126068e-01   -9.6892284320e-01   1.2202175603e+00
-5.2338910626e-01   -9.6999041399e-01   1.2197894805e+00
-5.4110956085e-01   -9.8054098492e-01   1.2155981995e+00
-6.2361815110e-01   -1.0289118456e+00   1.1974270753e+00
-6.2523795962e-01   -1.0298486314e+00   1.1970943836e+00
-6.4128627370e-01   -1.0391020054e+00   1.1938524649e+00
-7.1584462069e-01   -1.0813882142e+00   1.1801879518e+00
-7.1730550543e-01   -1.0822043838e+00   1.1799450252e+00
-7.3177300039e-01   -1.0902593396e+00   1.1775948507e+00
-7.9882619169e-01   -1.1268702583e+00   1.1681226476e+00
-8.6006827939e-01   -1.1590576262e+00   1.1618009339e+00
-8.6126307424e-01   -1.1596712400e+00   1.1617025782e+00
-8.7308356346e-01   -1.1657084646e+00   1.1607849451e+00
-9.2755499378e-01   -1.1926344310e+00   1.1579550579e+00
-9.7674936103e-01   -1.2153357125e+00   1.1576536607e+00
-9.7770264131e-01   -1.2157564934e+00   1.1576717813e+00
-9.8711857648e-01   -1.2198675230e+00   1.1579036843e+00
-1.0301024198e+00   -1.2374211574e+00   1.1602843632e+00
-1.0681871273e+00   -1.2507687781e+00   1.1645020706e+00
-1.1014943932e+00   -1.2598951826e+00   1.1702319019e+00
-1.1021270163e+00   -1.2600378022e+00   1.1703626705e+00
-1.1083455873e+00   -1.2613663627e+00   1.1716969832e+00
-1.1359303866e+00   -1.2653037304e+00   1.1788296679e+00
-1.1589296100e+00   -1.2650078309e+00   1.1867386451e+00
-1.1774078757e+00   -1.2605060017e+00   1.1950950585e+00
-1.1914260351e+00   -1.2518578627e+00   1.2035766446e+00
-1.2010481867e+00   -1.2391617411e+00   1.2118720773e+00
-1.2011997353e+00   -1.2388604903e+00   1.2120378280e+00
-1.2026157401e+00   -1.2357581809e+00   1.2136836503e+00
-1.2069545593e+00   -1.2183002122e+00   1.2213497395e+00
-1.2070847908e+00   -1.1971716259e+00   1.2281992847e+00
-1.2031235681e+00   -1.1726158602e+00   1.2339872295e+00
-1.1952144763e+00   -1.1449198165e+00   1.2384979655e+00
-1.1835302067e+00   -1.1144095785e+00   1.2415486178e+00
-1.1832529756e+00   -1.1137581184e+00   1.2415947134e+00
-1.1803986977e+00   -1.1071875993e+00   1.2420183050e+00
-1.1643690971e+00   -1.0737220158e+00   1.2430825173e+00
-1.1450572093e+00   -1.0382760198e+00   1.2424080183e+00
-1.1227310957e+00   -1.0012549114e+00   1.2399291064e+00
-1.1222446210e+00   -1.0004835336e+00   1.2398592481e+00
-1.1173177002e+00   -9.9274373288e-01   1.2391183132e+00
-1.0917005014e+00   -9.5435432141e-01   1.2343918776e+00
-1.0637495690e+00   -9.1530261679e-01   1.2278414763e+00
-1.0631553624e+00   -9.1449912436e-01   1.2276885894e+00
-1.0571678145e+00   -9.0645882558e-01   1.2261187256e+00
-1.0268129133e+00   -8.6713333345e-01   1.2173945424e+00
-9.9487793442e-01   -8.2799887866e-01   1.2069775648e+00
-9.9421016027e-01   -8.2720226255e-01   1.2067472985e+00
-9.8750464455e-01   -8.1924910886e-01   1.2044080301e+00
-9.5410565881e-01   -7.8081437355e-01   1.1920513007e+00
-9.1989224778e-01   -7.4329275174e-01   1.1782412460e+00
-9.1918574942e-01   -7.4253618161e-01   1.1779442737e+00
-9.1211028643e-01   -7.3499828425e-01   1.1749442952e+00
-8.7735009596e-01   -6.9895946809e-01   1.1595319053e+00
-8.4249402927e-01   -6.6438436514e-01   1.1429661225e+00
-8.4178163305e-01   -6.6369328811e-01   1.1426159751e+00
-8.3466282799e-01   -6.5682097886e-01   1.1390914770e+00
-8.0008869359e-01   -6.2429233178e-01   1.1213069901e+00
-7.6604387639e-01   -5.9359843614e-01   1.1026860132e+00
-7.6535425711e-01   -5.9299013828e-01   1.1022970891e+00
-7.5847633151e-01   -5.8695226517e-01   1.0983920355e+00
-7.2540788005e-01   -5.5865597960e-01   1.0789347780e+00
-6.9337283644e-01   -5.3240309509e-01   1.0589419662e+00
-6.9272921326e-01   -5.3188742867e-01   1.0585280075e+00
-6.8632141149e-01   -5.2677910172e-01   1.0543791820e+00
-6.5580079412e-01   -5.0309437049e-01   1.0338986521e+00
-6.2668784192e-01   -4.8153167911e-01   1.0131472131e+00
-5.9910988965e-01   -4.6209413098e-01   9.9222926581e-01
-5.9856217049e-01   -4.6171837860e-01   9.9180002066e-01
-5.9312296199e-01   -4.5800954088e-01   9.8750610796e-01
-5.6756494609e-01   -4.4115803850e-01   9.6651267119e-01
-5.4374365312e-01   -4.2638923438e-01   9.4555141358e-01
-5.2171746959e-01   -4.1366905665e-01   9.2469707642e-01
-5.2128566102e-01   -4.1342980100e-01   9.2427178574e-01
-5.1700999083e-01   -4.1108347707e-01   9.2002300530e-01
-4.9723807930e-01   -4.0081920893e-01   8.9938939601e-01
-4.7933379159e-01   -3.9251232649e-01   8.7900011713e-01
-4.6330913430e-01   -3.8612011259e-01   8.5890553599e-01
-4.4916652692e-01   -3.8160150504e-01   8.3915005087e-01
-4.4889666017e-01   -3.8152830492e-01   8.3874948180e-01
-4.4624124521e-01   -3.8083853546e-01   8.3475258757e-01
-4.3439702848e-01   -3.7856429922e-01   8.1546556448e-01
-4.2441648968e-01   -3.7808586069e-01   7.9659905350e-01
-4.1628509080e-01   -3.7937708929e-01   7.7818362481e-01
-4.0998684834e-01   -3.8241866394e-01   7.6024719255e-01
-4.0550586672e-01   -3.8719879058e-01   7.4281574942e-01
-4.0543301606e-01   -3.8731475764e-01   7.4246437784e-01
-4.0474602757e-01   -3.8851439540e-01   7.3896291813e-01
-4.0247207792e-01   -3.9542037074e-01   7.2218389027e-01
-4.0198704209e-01   -4.0406834446e-01   7.0596437298e-01
-4.0328390056e-01   -4.1447404797e-01   6.9032894373e-01
-4.0636050537e-01   -4.2666232871e-01   6.7530318761e-01
-4.1122034381e-01   -4.4066724699e-01   6.6091438618e-01
-4.1787317472e-01   -4.5653207318e-01   6.4719222301e-01
-4.1802818934e-01   -4.5687660491e-01   6.4691851770e-01
-4.1962006310e-01   -4.6036608415e-01   6.4419764260e-01
-4.2849289346e-01   -4.7858191669e-01   6.3133734245e-01
-4.3920534226e-01   -4.9878625828e-01   6.1922210910e-01
-4.5179027945e-01   -5.2105071957e-01   6.0789456353e-01
-4.6628817984e-01   -5.4545475156e-01   5.9740312222e-01
-4.6660525692e-01   -5.4597724623e-01   5.9719747049e-01
-4.6982130598e-01   -5.5125365413e-01   5.9516159030e-01
-4.8672917610e-01   -5.7839759121e-01   5.8577048557e-01
-5.0566698551e-01   -6.0788168704e-01   5.7734893346e-01
-5.2669873103e-01   -6.3980397665e-01   5.6997088845e-01
-5.2715160545e-01   -6.4048359662e-01   5.6983133249e-01
-5.3173035521e-01   -6.4733849413e-01   5.6846191205e-01
-5.5542392358e-01   -6.8238504598e-01   5.6247835994e-01
-5.8137510765e-01   -7.2009329486e-01   5.5774170889e-01
-6.0966456939e-01   -7.6055989416e-01   5.5436371676e-01
-6.1026865806e-01   -7.6141769983e-01   5.5430962140e-01
-6.1636550043e-01   -7.7006156197e-01   5.5380311240e-01
-6.4763277781e-01   -8.1402800385e-01   5.5226334521e-01
-6.8142258000e-01   -8.6093389225e-01   5.5238466300e-01
-6.8214117058e-01   -8.6192517587e-01   5.5240561013e-01
-6.8938719494e-01   -8.7190712166e-01   5.5265740559e-01
-7.2637494678e-01   -9.2248497402e-01   5.5503755233e-01
-7.6605179138e-01   -9.7608412430e-01   5.5946560373e-01
-7.6689249661e-01   -9.7721280018e-01   5.5957903464e-01
-7.7536298396e-01   -9.8856877154e-01   5.6076559741e-01
-8.1841163975e-01   -1.0458393769e+00   5.6798192991e-01
-8.6425318197e-01   -1.1060219437e+00   5.7772383835e-01
-8.6522084462e-01   -1.1072834028e+00   5.7795131393e-01
-8.7496209269e-01   -1.1199615704e+00   5.8029031440e-01
-9.2423424037e-01   -1.1835067342e+00   5.9345884337e-01
-9.7627145621e-01   -1.2495322401e+00   6.0971214813e-01
-9.7736506266e-01   -1.2509074625e+00   6.1007895338e-01
-9.8836290147e-01   -1.2647083991e+00   6.1382479994e-01
-1.0436725891e+00   -1.3332931236e+00   6.3422421590e-01
-1.0448315975e+00   -1.3347151887e+00   6.3467936686e-01
-1.0564792407e+00   -1.3489708776e+00   6.3931632570e-01
-1.1148323473e+00   -1.4193789944e+00   6.6426711974e-01
-1.1160510003e+00   -1.4208307440e+00   6.6481882053e-01
-1.1282883336e+00   -1.4353647196e+00   6.7042857785e-01
-1.1893197992e+00   -1.5065999477e+00   7.0031588284e-01
-1.1905892983e+00   -1.5080585497e+00   7.0097168868e-01
-1.2033252143e+00   -1.5226368759e+00   7.0762886230e-01
-1.2665031344e+00   -1.5934040912e+00   7.4278658392e-01
-1.2678109953e+00   -1.5948403050e+00   7.4355268426e-01
-1.2809169305e+00   -1.6091643827e+00   7.5131747281e-01
-1.3455109219e+00   -1.6778396358e+00   7.9198753951e-01
-1.3468403337e+00   -1.6792173104e+00   7.9286783962e-01
-1.3601438936e+00   -1.6929191510e+00   8.0177665419e-01
-1.4251954482e+00   -1.7575358761e+00   8.4805860130e-01
-1.4265247040e+00   -1.7588118558e+00   8.4905361393e-01
-1.4398040776e+00   -1.7714536265e+00   8.5910783865e-01
-1.5041029702e+00   -1.8297147190e+00   9.1090036311e-01
-1.5054050631e+00   -1.8308393701e+00   9.1200596170e-01
-1.5183851983e+00   -1.8419193375e+00   9.2315940486e-01
-1.5804573478e+00   -1.8912458164e+00   9.8009792805e-01
-1.5816998547e+00   -1.8921643925e+00   9.8130406870e-01
-1.5940516269e+00   -1.9011314558e+00   9.9345023176e-01
-1.6521649007e+00   -1.9387576846e+00   1.0548475434e+00
-1.6533102921e+00   -1.9394127158e+00   1.0561371281e+00
-1.6646540673e+00   -1.9456913003e+00   1.0690980808e+00
-1.7168489247e+00   -1.9688131832e+00   1.1338983578e+00
-1.7178554394e+00   -1.9691479702e+00   1.1352464750e+00
-1.7277704031e+00   -1.9721739693e+00   1.1487657462e+00
-1.7719214456e+00   -1.9781493554e+00   1.2155247706e+00
-1.8078790962e+00   -1.9684432881e+00   1.2825538095e+00
-1.8085193310e+00   -1.9680720151e+00   1.2839192697e+00
-1.8146968247e+00   -1.9639687648e+00   1.2975458343e+00
-1.8386605927e+00   -1.9335272365e+00   1.3630151106e+00
-1.8513581821e+00   -1.8854758919e+00   1.4255367066e+00
-1.8514920486e+00   -1.8843072048e+00   1.4267748555e+00
-1.8525424835e+00   -1.8722135252e+00   1.4390498788e+00
-1.8499128404e+00   -1.8026266138e+00   1.4958623050e+00
-1.8497208726e+00   -1.8010229975e+00   1.4969642856e+00
-1.8474895728e+00   -1.7846002364e+00   1.5078361293e+00
-1.8283126937e+00   -1.6945800501e+00   1.5567532096e+00
-1.8277748264e+00   -1.6925737609e+00   1.5576764412e+00
-1.8220727822e+00   -1.6721655608e+00   1.5667253699e+00
-1.7857473454e+00   -1.5639234175e+00   1.6058871288e+00
-1.7848571202e+00   -1.5615685375e+00   1.6065973686e+00
-1.7756331359e+00   -1.5377340081e+00   1.6134904905e+00
-1.7222665775e+00   -1.4144396673e+00   1.6415442214e+00
-1.7210324740e+00   -1.4118079168e+00   1.6420188955e+00
-1.7083852510e+00   -1.3852774706e+00   1.6465424537e+00
-1.6388188829e+00   -1.2507895176e+00   1.6627693242e+00
-1.6372642227e+00   -1.2479639226e+00   1.6629995127e+00
-1.6214400230e+00   -1.2195744592e+00   1.6650772739e+00
-1.5372019676e+00   -1.0780938948e+00   1.6694420925e+00
-1.5353633464e+00   -1.0751613465e+00   1.6694328330e+00
-1.5167390349e+00   -1.0457814590e+00   1.6691275346e+00
-1.4199302297e+00   -9.0148610442e-01   1.6622453095e+00
-1.4178546909e+00   -8.9853004070e-01   1.6620142407e+00
-1.3969085089e+00   -8.6898755119e-01   1.6595126378e+00
-1.2900384803e+00   -7.2570508442e-01   1.6425428292e+00
-1.2877798513e+00   -7.2279939483e-01   1.6421175285e+00
-1.2650542699e+00   -6.9382196723e-01   1.6377028439e+00
-1.1516352074e+00   -5.5570559266e-01   1.6123875080e+00
-1.1492506649e+00   -5.5290972335e-01   1.6118028706e+00
-1.1253177491e+00   -5.2507767478e-01   1.6058280390e+00
-1.0076663591e+00   -3.9393968638e-01   1.5739033324e+00
-1.0052110772e+00   -3.9129740014e-01   1.5731962905e+00
-9.8061988851e-01   -3.6503380191e-01   1.5660316320e+00
-8.5988521122e-01   -2.4109038542e-01   1.5288611024e+00
-8.5741006390e-01   -2.3863175844e-01   1.5280675976e+00
-8.3266464347e-01   -2.1422385413e-01   1.5200713290e+00
-7.1228170379e-01   -9.9736155798e-02   1.4796760482e+00
-7.0983190012e-01   -9.7476050830e-02   1.4788305650e+00
-6.8537758950e-01   -7.5060565766e-02   1.4703442527e+00
-5.6733649658e-01   2.9593842780e-02   1.4282961979e+00
-5.6494943165e-01   3.1652358721e-02   1.4274290783e+00
-5.4115260278e-01   5.2054194336e-02   1.4187518024e+00
-4.2704259678e-01   1.4699586404e-01   1.3763938310e+00
-4.2474730724e-01   1.4885875949e-01   1.3755304529e+00
-4.0189063651e-01   1.6731351126e-01   1.3669112611e+00
-2.9289438816e-01   2.5302624667e-01   1.3253362174e+00
-2.9071171152e-01   2.5470581906e-01   1.3244968204e+00
-2.6899632210e-01   2.7134098963e-01   1.3161334754e+00
-1.6591317719e-01   3.4854781897e-01   1.2761896200e+00
-1.6385642159e-01   3.5006030564e-01   1.2753895895e+00
-1.4340894918e-01   3.6504081900e-01   1.2674317478e+00
-4.6697553864e-02   4.3459961698e-01   1.2297454404e+00
-4.4773486022e-02   4.3596324921e-01   1.2289958735e+00
-2.5656160327e-02   4.4947242265e-01   1.2215509128e+00
6.4512263332e-02   5.1229420422e-01   1.1865585457e+00
6.6302278043e-02   5.1352772716e-01   1.1858669471e+00
8.4080164761e-02   5.2575288415e-01   1.1790069846e+00
1.6776494269e-01   5.8274189577e-01   1.1469900107e+00
1.6942377593e-01   5.8386351330e-01   1.1463610106e+00
1.8589425420e-01   5.9498578776e-01   1.1401300604e+00
2.6332988226e-01   6.4699838439e-01   1.1112489292e+00
2.6486354210e-01   6.4802505679e-01   1.1106849527e+00
2.8008904949e-01   6.5821265374e-01   1.1051055554e+00
3.5163457575e-01   7.0603113340e-01   1.0794300786e+00
3.5305122249e-01   7.0697814807e-01   1.0789319293e+00
3.6711488499e-01   7.1638226090e-01   1.0740108936e+00
4.3320979735e-01   7.6069985926e-01   1.0515458651e+00
4.3451890063e-01   7.6158059960e-01   1.0511132065e+00
4.4751623859e-01   7.7033324782e-01   1.0468463287e+00
5.0864347099e-01   8.1174697796e-01   1.0275521047e+00
5.6608411012e-01   8.5116469754e-01   1.0107962128e+00
5.6722372918e-01   8.5195278630e-01   1.0104793538e+00
5.7854311297e-01   8.5979468442e-01   1.0073678833e+00
6.3191084954e-01   8.9714250579e-01   9.9364563021e-01
6.8229984119e-01   9.3304585436e-01   9.8233044975e-01
6.8330226242e-01   9.3376696604e-01   9.8212351224e-01
6.9326504030e-01   9.4094899344e-01   9.8010798172e-01
7.4039502679e-01   9.7530510308e-01   9.7165258310e-01
7.8515208467e-01   1.0085231694e+00   9.6545668889e-01
7.8604512000e-01   1.0091917789e+00   9.6535298034e-01
7.9492644258e-01   1.0158532644e+00   9.6436626846e-01
8.3708054024e-01   1.0477590174e+00   9.6084557812e-01
8.7731895781e-01   1.0786091140e+00   9.5943094123e-01
8.7812374942e-01   1.0792294468e+00   9.5942347933e-01
8.8613130018e-01   1.0854077318e+00   9.5939560707e-01
9.2422419451e-01   1.1149196756e+00   9.6046288682e-01
9.6068774486e-01   1.1432572189e+00   9.6347136065e-01
9.6141769696e-01   1.1438242924e+00   9.6355265534e-01
9.6868146861e-01   1.1494651971e+00   9.6440830938e-01
1.0032419181e+00   1.1762078455e+00   9.6968301075e-01
1.0362826772e+00   1.2014829957e+00   9.7670709301e-01
1.0677969476e+00   1.2251111244e+00   9.8538018329e-01
1.0684258767e+00   1.2255761940e+00   9.8557417924e-01
1.0746790225e+00   1.2301838683e+00   9.8754936458e-01
1.1042657055e+00   1.2515143691e+00   9.9808891378e-01
1.1321955261e+00   1.2707186463e+00   1.0100101246e+00
1.1583633731e+00   1.2875572734e+00   1.0231692642e+00
1.1588797525e+00   1.2878755273e+00   1.0234504640e+00
1.1639997245e+00   1.2909974177e+00   1.0262870141e+00
1.1878299620e+00   1.3046027331e+00   1.0407428026e+00
1.2095820963e+00   1.3152975205e+00   1.0560569231e+00
1.2290867677e+00   1.3228483471e+00   1.0720313199e+00
1.2461648110e+00   1.3270402206e+00   1.0884518074e+00
1.2464877655e+00   1.3270895669e+00   1.0887910082e+00
1.2496568142e+00   1.3275008913e+00   1.0921876060e+00
1.2635122079e+00   1.3273243221e+00   1.1088416990e+00
1.2745369836e+00   1.3234183852e+00   1.1254172302e+00
1.2825617314e+00   1.3156829519e+00   1.1416637617e+00
1.2874339007e+00   1.3040686262e+00   1.1573275427e+00
1.2890243090e+00   1.2885819124e+00   1.1721564815e+00
1.2890218302e+00   1.2882248131e+00   1.1724495689e+00
1.2889188919e+00   1.2845661646e+00   1.1753550799e+00
1.2863561702e+00   1.2644311424e+00   1.1888284098e+00
1.2803379958e+00   1.2406532836e+00   1.2009396216e+00
1.2708485926e+00   1.2134328246e+00   1.2114795900e+00
1.2579157643e+00   1.1830264378e+00   1.2202638447e+00
1.2576155002e+00   1.1823728269e+00   1.2204241738e+00
1.2545352869e+00   1.1757709319e+00   1.2219830985e+00
1.2374881431e+00   1.1418852507e+00   1.2284078138e+00
1.2172227080e+00   1.1055568956e+00   1.2327758767e+00
1.1939122302e+00   1.0671785606e+00   1.2350077489e+00
1.1934047022e+00   1.0663744385e+00   1.2350307575e+00
1.1882645615e+00   1.0582963224e+00   1.2352105052e+00
1.1615195531e+00   1.0179739853e+00   1.2347700528e+00
1.1322564401e+00   9.7654124206e-01   1.2321463473e+00
1.1316331124e+00   9.7568453861e-01   1.2320700260e+00
1.1253489945e+00   9.6710259942e-01   1.2312573391e+00
1.0933975262e+00   9.2489198956e-01   1.2260094817e+00
1.0596032066e+00   8.8250833173e-01   1.2186979500e+00
1.0588945111e+00   8.8164174036e-01   1.2185273846e+00
1.0517733787e+00   8.7298166931e-01   1.2167766245e+00
1.0161758612e+00   8.3091921005e-01   1.2070741925e+00
9.7948653819e-01   7.8951999029e-01   1.1955584209e+00
9.7872651546e-01   7.8868181692e-01   1.1953047302e+00
9.7110965556e-01   7.8032347783e-01   1.1927295701e+00
9.3354795493e-01   7.4017448580e-01   1.1791872431e+00
8.9564528289e-01   7.0135766987e-01   1.1641635097e+00
8.9486812867e-01   7.0057874277e-01   1.1638416360e+00
8.8709670846e-01   6.9282612740e-01   1.1605928032e+00
8.4920979333e-01   6.5596095953e-01   1.1439755178e+00
8.1166724840e-01   6.2090184621e-01   1.1262404019e+00
8.1090431712e-01   6.2020416942e-01   1.1258668372e+00
8.0328978954e-01   6.1327279666e-01   1.1221094801e+00
7.6653976816e-01   5.8062723975e-01   1.1032255635e+00
7.3070859409e-01   5.5007271830e-01   1.0835778405e+00
7.2998628898e-01   5.4946967831e-01   1.0831687309e+00
7.2278980577e-01   5.4348933191e-01   1.0790637332e+00
6.8837498088e-01   5.1559424328e-01   1.0586811579e+00
6.5532013207e-01   4.8991549961e-01   1.0378515171e+00
6.5465883134e-01   4.8941314669e-01   1.0374213702e+00
6.4808102107e-01   4.8444108318e-01   1.0331127497e+00
6.1689914133e-01   4.6149591749e-01   1.0119060324e+00
5.8738320522e-01   4.4077312203e-01   9.9051764345e-01
5.5962990226e-01   4.2224782230e-01   9.6904901031e-01
5.5908075917e-01   4.2189131900e-01   9.6860936488e-01
5.5363181115e-01   4.1837601678e-01   9.6421332949e-01
5.2813670702e-01   4.0249182828e-01   9.4276884293e-01
5.0454109459e-01   3.8871159555e-01   9.2143178312e-01
4.8287654463e-01   3.7698319899e-01   9.0027077972e-01
4.8245337951e-01   3.7676416704e-01   8.9983988872e-01
4.7826665197e-01   3.7461977299e-01   8.9553653806e-01
4.5898906948e-01   3.6533078617e-01   8.7467217889e-01
4.4166216519e-01   3.5797219272e-01   8.5410682786e-01
4.2627750128e-01   3.5249170049e-01   8.3388437562e-01
4.1281918321e-01   3.4884082910e-01   8.1404292795e-01
4.1256366896e-01   3.4878489043e-01   8.1364099400e-01
4.1005239417e-01   3.4826658340e-01   8.0963126600e-01
3.9892486672e-01   3.4679888783e-01   7.9030143108e-01
3.8967206610e-01   3.4707309270e-01   7.7142100854e-01
3.8226772580e-01   3.4906109983e-01   7.5301524344e-01
3.7668598620e-01   3.5274290060e-01   7.3510705952e-01
3.7290281159e-01   3.5810713604e-01   7.1771778508e-01
3.7284400121e-01   3.5823448213e-01   7.1736739093e-01
3.7229682074e-01   3.5954665165e-01   7.1387591758e-01
3.7068903258e-01   3.6697001548e-01   6.9715020637e-01
3.7083896499e-01   3.7608361888e-01   6.8098862363e-01
3.7273623650e-01   3.8690646128e-01   6.6541199644e-01
3.7637658093e-01   3.9946738165e-01   6.5044239107e-01
3.8176251558e-01   4.1380512359e-01   6.3610377840e-01
3.8890389526e-01   4.2996832377e-01   6.2242271944e-01
3.8906852434e-01   4.3031864483e-01   6.2214973961e-01
3.9075570398e-01   4.3386537389e-01   6.1943583629e-01
4.0007267147e-01   4.5234571217e-01   6.0660150602e-01
4.1119543523e-01   4.7279460480e-01   5.9449681658e-01
4.2416002655e-01   4.9529143519e-01   5.8316180197e-01
4.3901098006e-01   5.1992431485e-01   5.7264246527e-01
4.3933503966e-01   5.2045152331e-01   5.7243601320e-01
4.4262042376e-01   5.2577522757e-01   5.7039160347e-01
4.5985561933e-01   5.5315696384e-01   5.6094457837e-01
4.7910647626e-01   5.8289834015e-01   5.5244206959e-01
5.0044409189e-01   6.1510970423e-01   5.4495641108e-01
5.0090320798e-01   6.1579566771e-01   5.4481436440e-01
5.0554441128e-01   6.2271507433e-01   5.4341939111e-01
5.2954628691e-01   6.5810855654e-01   5.3729393013e-01
5.5581830717e-01   6.9622832444e-01   5.3238664956e-01
5.8445195394e-01   7.3718856912e-01   5.2880936180e-01
5.8506341521e-01   7.3805747111e-01   5.2875089215e-01
5.9123482426e-01   7.4681467335e-01   5.2820000117e-01
6.2289165866e-01   7.9140216783e-01   5.2642716034e-01
6.5712352988e-01   8.3905748005e-01   5.2629026055e-01
6.5785182529e-01   8.4006561203e-01   5.2630568258e-01
6.6519649692e-01   8.5021960286e-01   5.2650173809e-01
7.0271216984e-01   9.0173745422e-01   5.2859808011e-01
7.4300664981e-01   9.5646193820e-01   5.3272787953e-01
7.4386106977e-01   9.5761578587e-01   5.3283510768e-01
7.5247125895e-01   9.6922846710e-01   5.3395951210e-01
7.9627436739e-01   1.0278911314e+00   5.4087135769e-01
8.4300616833e-01   1.0897178102e+00   5.5031641371e-01
8.4399363589e-01   1.0910157808e+00   5.5053799196e-01
8.5393664903e-01   1.1040656716e+00   5.5281856696e-01
9.0429771188e-01   1.1696073832e+00   5.6572052171e-01
9.0535957048e-01   1.1709791877e+00   5.6601634959e-01
9.1604629233e-01   1.1847615400e+00   5.6904731258e-01
9.7002251010e-01   1.2536988553e+00   5.8582583152e-01
9.7115782016e-01   1.2551364675e+00   5.8620473765e-01
9.8257726848e-01   1.2695674749e+00   5.9007483484e-01
1.0400692754e+00   1.3413910874e+00   6.1117332056e-01
1.0412751333e+00   1.3428822216e+00   6.1164450985e-01
1.0533961761e+00   1.3578346307e+00   6.1644596683e-01
1.1141921477e+00   1.4318002885e+00   6.4231617179e-01
1.1154630929e+00   1.4333274488e+00   6.4288884743e-01
1.1282284400e+00   1.4486210154e+00   6.4871343791e-01
1.1919727969e+00   1.5237023044e+00   6.7979201516e-01
1.1933001396e+00   1.5252418197e+00   6.8047481983e-01
1.2066195577e+00   1.5406336821e+00   6.8740809307e-01
1.2727783980e+00   1.6154766911e+00   7.2408330588e-01
1.2741494916e+00   1.6169978335e+00   7.2488354795e-01
1.2878924984e+00   1.6321738462e+00   7.3299687940e-01
1.3557175054e+00   1.7050599705e+00   7.7556411352e-01
1.3571150095e+00   1.7065243079e+00   7.7648675704e-01
1.3711035220e+00   1.7210928768e+00   7.8582702885e-01
1.4395973336e+00   1.7899185599e+00   8.3443277216e-01
1.4409985391e+00   1.7912797441e+00   8.3547919669e-01
1.4550002404e+00   1.8047702297e+00   8.4605620217e-01
1.5228877773e+00   1.8670548671e+00   9.0063199153e-01
1.5242641023e+00   1.8682591044e+00   9.0179857319e-01
1.5379876154e+00   1.8801272937e+00   9.1357071174e-01
1.6036994974e+00   1.9330620651e+00   9.7376132574e-01
1.6050162900e+00   1.9340495355e+00   9.7503795587e-01
1.6181095744e+00   1.9436928307e+00   9.8789745024e-01
1.6797851594e+00   1.9842427635e+00   1.0529912542e+00
1.6810019721e+00   1.9849502186e+00   1.0543599915e+00
1.6930555877e+00   1.9917347898e+00   1.0681196618e+00
1.7485738342e+00   2.0168025558e+00   1.1369929927e+00
1.7496453365e+00   2.0171672154e+00   1.1384271241e+00
1.7602022305e+00   2.0204681478e+00   1.1528115379e+00
1.8072478216e+00   2.0271198547e+00   1.2239023117e+00
1.8081254849e+00   2.0270845094e+00   1.2253661515e+00
1.8166985984e+00   2.0263377924e+00   1.2400104648e+00
1.8528678886e+00   2.0120781670e+00   1.3113372394e+00
1.8784121361e+00   1.9794029452e+00   1.3811462754e+00
1.8788135640e+00   1.9785361956e+00   1.3825477990e+00
1.8825466009e+00   1.9694277153e+00   1.3964864409e+00
1.8931152900e+00   1.9133802425e+00   1.4621560326e+00
1.8931934999e+00   1.9120331349e+00   1.4634509811e+00
1.8936603087e+00   1.8981245221e+00   1.4762757479e+00
1.8874680867e+00   1.8189267827e+00   1.5352650071e+00
1.8871908522e+00   1.8171146460e+00   1.5364022305e+00
1.8840798197e+00   1.7985834042e+00   1.5476050043e+00
1.8599096279e+00   1.6977348325e+00   1.5975593017e+00
1.8592577612e+00   1.6954991963e+00   1.5984934877e+00
1.8523905082e+00   1.6727839505e+00   1.6076289690e+00
1.8097416979e+00   1.5530097515e+00   1.6466127846e+00
1.8087116423e+00   1.5504159128e+00   1.6473090491e+00
1.7980678072e+00   1.5241890512e+00   1.6540400111e+00
1.7372440302e+00   1.3892304315e+00   1.6807344307e+00
1.7358490281e+00   1.3863619176e+00   1.6811718431e+00
1.7215764668e+00   1.3574717118e+00   1.6853030230e+00
1.6436949848e+00   1.2117458896e+00   1.6991310462e+00
1.6419645498e+00   1.2086966706e+00   1.6993044287e+00
1.6243724552e+00   1.1780879715e+00   1.7007987148e+00
1.5312897967e+00   1.0262751673e+00   1.7019558199e+00
1.5292675131e+00   1.0231409649e+00   1.7018755242e+00
1.5088030019e+00   9.9176823907e-01   1.7008498801e+00
1.4061418511e+00   8.4280312420e-01   1.6906685354e+00
1.4038867433e+00   8.3967225193e-01   1.6903633967e+00
1.3811462615e+00   8.0840754148e-01   1.6871161532e+00
1.2717574229e+00   6.6515185862e-01   1.6676822596e+00
1.2693297422e+00   6.6209567286e-01   1.6671876966e+00
1.2449180141e+00   6.3163816456e-01   1.6620792286e+00
1.1304045643e+00   4.9495646203e-01   1.6351760624e+00
1.1278620022e+00   4.9202973439e-01   1.6345294826e+00
1.1023550980e+00   4.6291192051e-01   1.6279368133e+00
9.8394123758e-01   3.3318046008e-01   1.5950473428e+00
9.8133788530e-01   3.3042316402e-01   1.5942861678e+00
9.5527345007e-01   3.0302999533e-01   1.5865838119e+00
8.3392206719e-01   1.8031552734e-01   1.5489534902e+00
8.3130774701e-01   1.7775475515e-01   1.5481138105e+00
8.0517888444e-01   1.5234365345e-01   1.5396609219e+00
6.8168753245e-01   3.6522412365e-02   1.4983604684e+00
6.7910733507e-01   3.4174222170e-02   1.4974761481e+00
6.5335849074e-01   1.0894058706e-02   1.4886081279e+00
5.2925147248e-01   -9.7580812779e-02   1.4448844321e+00
5.2674489568e-01   -9.9710874553e-02   1.4439865201e+00
5.0176354783e-01   -1.2081424184e-01   1.4350094968e+00
3.8214946428e-01   -2.1883918628e-01   1.3914095649e+00
3.7974647438e-01   -2.2075958041e-01   1.3905247456e+00
3.5582385315e-01   -2.3977767702e-01   1.3817001447e+00
2.4190927497e-01   -3.2795685336e-01   1.3393605353e+00
2.3963091604e-01   -3.2968227345e-01   1.3385096725e+00
2.1696964851e-01   -3.4676633720e-01   1.3300409532e+00
1.0954823569e-01   -4.2593118467e-01   1.2898246090e+00
1.0740750185e-01   -4.2747993222e-01   1.2890231820e+00
8.6130709260e-02   -4.4281514235e-01   1.2810605266e+00
-1.4364297560e-02   -5.1391155436e-01   1.2435867671e+00
-1.6361276454e-02   -5.1530346134e-01   1.2428455811e+00
-3.6197935681e-02   -5.2908867945e-01   1.2354931608e+00
-1.2963138666e-01   -5.9309127125e-01   1.2011761406e+00
-1.3148403062e-01   -5.9434616838e-01   1.2005021461e+00
-1.4987917659e-01   -6.0677909541e-01   1.1938263485e+00
-2.3634952655e-01   -6.6463043724e-01   1.1629153046e+00
-2.3806149942e-01   -6.6576710173e-01   1.1623124098e+00
-2.5505503076e-01   -6.7703414922e-01   1.1563499144e+00
-3.3483303104e-01   -7.2960481164e-01   1.1289668869e+00
-3.3641103293e-01   -7.3064030084e-01   1.1284366932e+00
-3.5207217281e-01   -7.4091023246e-01   1.1232017317e+00
-4.2554597419e-01   -7.8897493010e-01   1.0993743872e+00
-4.2699868292e-01   -7.8992420549e-01   1.0989168124e+00
-4.4141554446e-01   -7.9934459756e-01   1.0944072914e+00
-5.0904377616e-01   -8.4357003223e-01   1.0740958929e+00
-5.1038095810e-01   -8.4444578906e-01   1.0737096722e+00
-5.2365181116e-01   -8.5314147841e-01   1.0699120712e+00
-5.8592500791e-01   -8.9408221482e-01   1.0530305518e+00
-6.4419263813e-01   -9.3267559966e-01   1.0388630271e+00
-6.4534579795e-01   -9.3344285465e-01   1.0386007529e+00
-6.5679300516e-01   -9.4106726444e-01   1.0360383426e+00
-7.1058326313e-01   -9.7710209213e-01   1.0250736970e+00
-7.6104610392e-01   -1.0112413733e+00   1.0166146765e+00
-7.6204624443e-01   -1.0119213172e+00   1.0164669717e+00
-7.7197761752e-01   -1.0186800359e+00   1.0150450983e+00
-8.1872282256e-01   -1.0506517743e+00   1.0095147541e+00
-8.6268938130e-01   -1.0809231687e+00   1.0062547785e+00
-8.6356177567e-01   -1.0815252372e+00   1.0062109783e+00
-8.7222653421e-01   -1.0875071255e+00   1.0058225091e+00
-9.1304868987e-01   -1.1157105680e+00   1.0051909209e+00
-9.5147389966e-01   -1.1421909925e+00   1.0065743452e+00
-9.5223629043e-01   -1.1427146167e+00   1.0066228559e+00
-9.5980782387e-01   -1.1479094366e+00   1.0071513442e+00
-9.9544774012e-01   -1.1721806302e+00   1.0108353880e+00
-1.0288955637e+00   -1.1945322075e+00   1.0162520386e+00
-1.0601879183e+00   -1.2148324371e+00   1.0232622208e+00
-1.0608060463e+00   -1.2152255205e+00   1.0234213366e+00
-1.0669377962e+00   -1.2191053137e+00   1.0250455308e+00
-1.0955929165e+00   -1.2366843568e+00   1.0338048433e+00
-1.1220640187e+00   -1.2518566878e+00   1.0438135378e+00
-1.1462956617e+00   -1.2644481477e+00   1.0548994120e+00
-1.1467677866e+00   -1.2646777076e+00   1.0551363184e+00
-1.1514355271e+00   -1.2669094794e+00   1.0575256376e+00
-1.1728172313e+00   -1.2761023191e+00   1.0696797608e+00
-1.1917666856e+00   -1.2823373682e+00   1.0824872148e+00
-1.2081766835e+00   -1.2854657848e+00   1.0957405438e+00
-1.2219345923e+00   -1.2853612575e+00   1.1092236838e+00
-1.2329279267e+00   -1.2819266046e+00   1.1227141588e+00
-1.2331233196e+00   -1.2818210131e+00   1.1229887980e+00
-1.2350108636e+00   -1.2806867673e+00   1.1257297211e+00
-1.2424728445e+00   -1.2730916186e+00   1.1389209220e+00
-1.2469492782e+00   -1.2620836889e+00   1.1516164722e+00
-1.2483666698e+00   -1.2476960182e+00   1.1635950263e+00
-1.2466747594e+00   -1.2300091005e+00   1.1746439150e+00
-1.2418509187e+00   -1.2091516851e+00   1.1845634161e+00
-1.2339037574e+00   -1.1852999174e+00   1.1931709217e+00
-1.2337086961e+00   -1.1847818783e+00   1.1933322374e+00
-1.2316871302e+00   -1.1795379562e+00   1.1949111049e+00
-1.2199749278e+00   -1.1523231284e+00   1.2016932954e+00
-1.2052824395e+00   -1.1226607366e+00   1.2068372632e+00
-1.1877316325e+00   -1.0908547936e+00   1.2102390532e+00
-1.1873435588e+00   -1.0901836267e+00   1.2102899141e+00
-1.1834008322e+00   -1.0834307945e+00   1.2107564814e+00
-1.1625653148e+00   -1.0494518099e+00   1.2119248929e+00
-1.1392648712e+00   -1.0140909422e+00   1.2112254177e+00
-1.1137248966e+00   -9.7771082299e-01   1.2086494245e+00
-1.1131804235e+00   -9.7695804201e-01   1.2085771859e+00
-1.1076902981e+00   -9.6941582433e-01   1.2078120214e+00
-1.0797493975e+00   -9.3228244692e-01   1.2029664666e+00
-1.0501515992e+00   -8.9493006723e-01   1.1963235259e+00
-1.0495304263e+00   -8.9416560204e-01   1.1961692579e+00
-1.0432876555e+00   -8.8652440761e-01   1.1945869888e+00
-1.0120515410e+00   -8.4936553754e-01   1.1858451131e+00
-9.7980637234e-01   -8.1271632718e-01   1.1754971114e+00
-9.7913786335e-01   -8.1197351805e-01   1.1752692830e+00
-9.7243691503e-01   -8.0456438948e-01   1.1729567849e+00
-9.3935920388e-01   -7.6892974694e-01   1.1607958279e+00
-9.0592597825e-01   -7.3440644555e-01   1.1472946465e+00
-9.0523988515e-01   -7.3371296996e-01   1.1470052077e+00
-8.9837778297e-01   -7.2680936223e-01   1.1440832518e+00
-8.6489081489e-01   -6.9394549552e-01   1.1291220687e+00
-8.3165489534e-01   -6.6264099354e-01   1.1131218068e+00
-8.3097894465e-01   -6.6201758827e-01   1.1127843982e+00
-8.2423138709e-01   -6.5582324972e-01   1.1093897964e+00
-7.9163701943e-01   -6.2663123405e-01   1.0923036674e+00
-7.5981495957e-01   -5.9929284247e-01   1.0744809180e+00
-7.5917307553e-01   -5.9875324088e-01   1.0741093136e+00
-7.5277704724e-01   -5.9340212864e-01   1.0703795276e+00
-7.2217190283e-01   -5.6845049926e-01   1.0518301873e+00
-6.9275409697e-01   -5.4551232931e-01   1.0328236731e+00
-6.6467384358e-01   -5.2462349154e-01   1.0134740340e+00
-6.6411394980e-01   -5.2421745458e-01   1.0130751222e+00
-6.5854905218e-01   -5.2020477026e-01   1.0090807442e+00
-6.3228012978e-01   -5.0184941920e-01   9.8945415100e-01
-6.0760555795e-01   -4.8556295105e-01   9.6970842200e-01
-5.8460866257e-01   -4.7133390220e-01   9.4993055064e-01
-5.8415592913e-01   -4.7106399345e-01   9.4952592985e-01
-5.7966890918e-01   -4.6841182638e-01   9.4548095223e-01
-5.5881532263e-01   -4.5667551761e-01   9.2577029132e-01
-5.3976422410e-01   -4.4694419132e-01   9.0619225927e-01
-5.2254882720e-01   -4.3918773620e-01   8.8680910932e-01
-5.0719098004e-01   -4.3337498546e-01   8.6767667840e-01
-5.0689610799e-01   -4.3327608256e-01   8.6728801791e-01
-5.0399051367e-01   -4.3233108747e-01   8.6340844520e-01
-4.9092469851e-01   -4.2885846268e-01   8.4465101101e-01
-4.7973428402e-01   -4.2726519251e-01   8.2624919574e-01
-4.7041775964e-01   -4.2752786645e-01   8.0824316667e-01
-4.6297017504e-01   -4.2962811728e-01   7.9066984071e-01
-4.5738473118e-01   -4.3355352290e-01   7.7356364024e-01
-4.5728979496e-01   -4.3365288623e-01   7.7321858729e-01
-4.5638316704e-01   -4.3468843237e-01   7.6977963840e-01
-4.5306942377e-01   -4.4084285885e-01   7.5329016446e-01
-4.5160317777e-01   -4.4881956882e-01   7.3733921024e-01
-4.5198083877e-01   -4.5862949586e-01   7.2195818135e-01
-4.5420212488e-01   -4.7029157457e-01   7.0717908230e-01
-4.5827090902e-01   -4.8383286667e-01   6.9303524438e-01
-4.6419592549e-01   -4.9928855534e-01   6.7956206482e-01
-4.6433668780e-01   -4.9962521834e-01   6.7929353672e-01
-4.6578743773e-01   -5.0303703740e-01   6.7662466129e-01
-4.7400655297e-01   -5.2089781504e-01   6.6402560522e-01
-4.8412143201e-01   -5.4077946293e-01   6.5218725895e-01
-4.9615964410e-01   -5.6274159482e-01   6.4115699470e-01
-5.1015504394e-01   -5.8685021313e-01   6.3098767154e-01
-5.1046224303e-01   -5.8736662991e-01   6.3078890245e-01
-5.1358033361e-01   -5.9258204431e-01   6.2882252362e-01
-5.3002886744e-01   -6.1941832196e-01   6.1978951279e-01
-5.4853186726e-01   -6.4856565582e-01   6.1175945156e-01
-5.6914206535e-01   -6.8010268005e-01   6.0480937064e-01
-5.6958636133e-01   -6.8077375847e-01   6.0467897441e-01
-5.7407931187e-01   -6.8754158324e-01   6.0340205331e-01
-5.9734979136e-01   -7.2211356642e-01   5.9789438348e-01
-6.2285993741e-01   -7.5924684350e-01   5.9367435667e-01
-6.5067327089e-01   -7.9901024034e-01   5.9085402981e-01
-6.5126711475e-01   -7.9985209999e-01   5.9081177357e-01
-6.5726022073e-01   -8.0833277772e-01   5.9042457605e-01
-6.8798180216e-01   -8.5139637385e-01   5.8949109449e-01
-7.2114457701e-01   -8.9719774759e-01   5.9025487082e-01
-7.2184931279e-01   -8.9816405055e-01   5.9028931196e-01
-7.2895429795e-01   -9.0789058477e-01   5.9067674426e-01
-7.6518124305e-01   -9.5706399653e-01   5.9373575012e-01
-8.0395693075e-01   -1.0089666919e+00   5.9886242667e-01
-8.0477750979e-01   -1.0100572740e+00   5.9899028186e-01
-8.1304272828e-01   -1.0210244379e+00   6.0032122818e-01
-8.5497561989e-01   -1.0761780866e+00   6.0824253469e-01
-8.9948800310e-01   -1.1338462811e+00   6.1867470756e-01
-9.0042597128e-01   -1.1350517673e+00   6.1891600355e-01
-9.0986442958e-01   -1.1471597927e+00   6.2139228761e-01
-9.5749493124e-01   -1.2076350748e+00   6.3520033602e-01
-1.0075910624e+00   -1.2700816272e+00   6.5201755824e-01
-1.0086415164e+00   -1.2713779317e+00   6.5239486059e-01
-1.0191998934e+00   -1.2843767727e+00   6.5624298700e-01
-1.0721448509e+00   -1.3486949878e+00   6.7706065063e-01
-1.0732514953e+00   -1.3500235088e+00   6.7752274879e-01
-1.0843663707e+00   -1.3633297054e+00   6.8222514284e-01
-1.1398680717e+00   -1.4287244356e+00   7.0737654962e-01
-1.1410238708e+00   -1.4300669441e+00   7.0793004687e-01
-1.1526223964e+00   -1.4434937007e+00   7.1355210156e-01
-1.2102556274e+00   -1.5089298614e+00   7.4333537477e-01
-1.2114506009e+00   -1.5102629659e+00   7.4398591824e-01
-1.2234299953e+00   -1.5235713476e+00   7.5058289705e-01
-1.2826105715e+00   -1.5877471181e+00   7.8523056758e-01
-1.2838312660e+00   -1.5890417875e+00   7.8598216055e-01
-1.2960535418e+00   -1.6019361425e+00   7.9359217634e-01
-1.3560133224e+00   -1.6632667378e+00   8.3323317479e-01
-1.3572423212e+00   -1.6644880950e+00   8.3408733634e-01
-1.3695294496e+00   -1.6766143146e+00   8.4272281646e-01
-1.4292950148e+00   -1.7332332014e+00   8.8733764749e-01
-1.4305105522e+00   -1.7343407394e+00   8.8829244690e-01
-1.4426407410e+00   -1.7452888915e+00   8.9793038906e-01
-1.5010195310e+00   -1.7950743637e+00   9.4730182456e-01
-1.5021952963e+00   -1.7960227505e+00   9.4835085461e-01
-1.5139012609e+00   -1.8053357523e+00   9.5892255252e-01
-1.5694798770e+00   -1.8459708093e+00   1.0125862388e+00
-1.5705851123e+00   -1.8467114358e+00   1.0137176376e+00
-1.5815553738e+00   -1.8539012815e+00   1.0250990167e+00
-1.6327152870e+00   -1.8829730809e+00   1.0823007352e+00
-1.6337152858e+00   -1.8834564541e+00   1.0834964137e+00
-1.6435995803e+00   -1.8880289436e+00   1.0955005971e+00
-1.6885553099e+00   -1.9031700631e+00   1.1551690693e+00
-1.7270496088e+00   -1.9053355077e+00   1.2158344401e+00
-1.7277611299e+00   -1.9052353183e+00   1.2170792870e+00
-1.7346956789e+00   -1.9039038925e+00   1.2295237736e+00
-1.7635437287e+00   -1.8885525452e+00   1.2899174391e+00
-1.7831596008e+00   -1.8579687184e+00   1.3487221169e+00
-1.7834566664e+00   -1.8571799768e+00   1.3499001076e+00
-1.7861867474e+00   -1.8489311174e+00   1.3616107359e+00
-1.7929970090e+00   -1.7991889530e+00   1.4166818621e+00
-1.7883452621e+00   -1.7339809469e+00   1.4672442319e+00
-1.7881252606e+00   -1.7324886763e+00   1.4682232515e+00
-1.7856445185e+00   -1.7172266768e+00   1.4778785647e+00
-1.7660873908e+00   -1.6340828615e+00   1.5212464518e+00
-1.7655567434e+00   -1.6322375672e+00   1.5220637818e+00
-1.7599608550e+00   -1.6134821293e+00   1.5300724475e+00
-1.7250557839e+00   -1.5143716004e+00   1.5646832981e+00
-1.7242104360e+00   -1.5122207965e+00   1.5653102292e+00
-1.7154702500e+00   -1.4904619756e+00   1.5713932290e+00
-1.6653778956e+00   -1.3781358567e+00   1.5961137505e+00
-1.6642264410e+00   -1.3757414228e+00   1.5965313558e+00
-1.6524396057e+00   -1.3516087721e+00   1.6005093776e+00
-1.5879388406e+00   -1.2293794018e+00   1.6147331717e+00
-1.5865023411e+00   -1.2268124489e+00   1.6149338275e+00
-1.5718904112e+00   -1.2010225489e+00   1.6167413352e+00
-1.4943359868e+00   -1.0724847382e+00   1.6204265002e+00
-1.4926466293e+00   -1.0698196392e+00   1.6204141023e+00
-1.4755406247e+00   -1.0431161141e+00   1.6201002695e+00
-1.3867680909e+00   -9.1185388277e-01   1.6137426795e+00
-1.3848668525e+00   -9.0916239249e-01   1.6135315763e+00
-1.3656831503e+00   -8.8225764341e-01   1.6112485471e+00
-1.2678740715e+00   -7.5157984502e-01   1.5957990363e+00
-1.2658077187e+00   -7.4892613750e-01   1.5954119439e+00
-1.2450176379e+00   -7.2245290042e-01   1.5913932426e+00
-1.1405436527e+00   -5.9519113411e-01   1.5681365441e+00
-1.1383614802e+00   -5.9262831672e-01   1.5676018619e+00
-1.1164586372e+00   -5.6710631735e-01   1.5621352434e+00
-1.0077243577e+00   -4.4549247510e-01   1.5325529065e+00
-1.0054750643e+00   -4.4306078534e-01   1.5319018953e+00
-9.8294444342e-01   -4.1888023677e-01   1.5253012177e+00
-8.7224673166e-01   -3.0450422517e-01   1.4909395349e+00
-8.6997575579e-01   -3.0223079374e-01   1.4902037521e+00
-8.4726760687e-01   -2.7965131549e-01   1.4827837182e+00
-7.3668359838e-01   -1.7348634553e-01   1.4451423840e+00
-7.3443111324e-01   -1.7138618657e-01   1.4443516380e+00
-7.1194156713e-01   -1.5054761654e-01   1.4364079032e+00
-6.0325158379e-01   -5.3023214216e-02   1.3968580186e+00
-6.0105122600e-01   -5.1101008335e-02   1.3960389592e+00
-5.7911024982e-01   -3.2041736925e-02   1.3878346288e+00
-4.7375596126e-01   5.6856773367e-02   1.3475679211e+00
-4.7163425778e-01   5.8604523963e-02   1.3467432545e+00
-4.5050051843e-01   7.5925850208e-02   1.3385015652e+00
-3.4957437018e-01   1.5654979348e-01   1.2985076917e+00
-3.4755075489e-01   1.5813257572e-01   1.2976959248e+00
-3.2741225500e-01   1.7381526370e-01   1.2895981107e+00
-2.3167164345e-01   2.4675040338e-01   1.2506640990e+00
-2.2975891796e-01   2.4818169782e-01   1.2498796795e+00
-2.1073793310e-01   2.6236330833e-01   1.2420666623e+00
-1.2063673819e-01   3.2834104341e-01   1.2047916801e+00
-1.1884182564e-01   3.2963664539e-01   1.2040453934e+00
-1.0100263877e-01   3.4247652677e-01   1.1966219235e+00
-1.6733104852e-02   4.0230201687e-01   1.1614410646e+00
-1.5057961306e-02   4.0347871446e-01   1.1607405678e+00
1.5839386431e-03   4.1514510786e-01   1.1537806372e+00
8.0044854917e-02   4.6964257760e-01   1.1209926312e+00
8.1602280023e-02   4.7071717080e-01   1.1203430316e+00
9.7070593456e-02   4.8137769530e-01   1.1138956652e+00
1.6991484996e-01   5.3135118735e-01   1.0836908535e+00
1.7135968271e-01   5.3233980244e-01   1.0830952695e+00
1.8570804478e-01   5.4215484052e-01   1.0771900911e+00
2.5325312354e-01   5.8836174617e-01   1.0496763449e+00
2.5459271392e-01   5.8927938690e-01   1.0491364102e+00
2.6789626872e-01   5.9839778318e-01   1.0437886284e+00
3.3054653281e-01   6.4153225878e-01   1.0190139520e+00
3.8953963866e-01   6.8262313330e-01   9.9648144314e-01
3.9071127409e-01   6.8344561117e-01   9.9604356725e-01
4.0235135259e-01   6.9163261282e-01   9.9171622795e-01
4.5730229232e-01   7.3072286470e-01   9.7191552405e-01
5.0931685187e-01   7.6853986670e-01   9.5432151153e-01
5.1035319670e-01   7.6930270735e-01   9.5398423374e-01
5.2065699605e-01   7.7690872630e-01   9.5066167255e-01
5.6951083419e-01   8.1353976144e-01   9.3573611463e-01
6.1612674160e-01   8.4945778655e-01   9.2295858452e-01
6.1705965808e-01   8.5018695138e-01   9.2271927810e-01
6.2634445425e-01   8.5746680825e-01   9.2037506962e-01
6.7060918193e-01   8.9275888022e-01   9.1019417208e-01
7.1324680112e-01   9.2769345607e-01   9.0210691431e-01
7.1410429682e-01   9.2840556752e-01   9.0196308916e-01
7.2264763096e-01   9.3552083690e-01   9.0057258609e-01
7.6360870353e-01   9.7014229836e-01   8.9502338169e-01
8.0342564993e-01   1.0045622989e+00   8.9152702996e-01
8.0422999289e-01   1.0052648812e+00   8.9147679541e-01
8.1225128359e-01   1.0122862377e+00   8.9102139554e-01
8.5089277703e-01   1.0464631020e+00   8.9002033149e-01
8.8872043668e-01   1.0803966535e+00   8.9104065917e-01
8.8948699150e-01   1.0810882140e+00   8.9108255756e-01
8.9713616415e-01   1.0879961653e+00   8.9154776197e-01
9.3409157466e-01   1.1215137085e+00   8.9502422868e-01
9.7039468227e-01   1.1545474219e+00   9.0048480974e-01
9.7113116027e-01   1.1552174229e+00   9.0061714947e-01
9.7848130552e-01   1.1619020133e+00   9.0198566325e-01
1.0140014746e+00   1.1941036922e+00   9.0984247376e-01
1.0488517417e+00   1.2253842713e+00   9.1961604307e-01
1.0495577178e+00   1.2260132130e+00   9.1983581297e-01
1.0566003849e+00   1.2322750025e+00   9.2207649847e-01
1.0905338609e+00   1.2620719650e+00   9.3413116228e-01
1.1235964446e+00   1.2903265913e+00   9.4797377437e-01
1.1242631519e+00   1.2908865735e+00   9.4827523051e-01
1.1309064657e+00   1.2964426149e+00   9.5132884477e-01
1.1626952191e+00   1.3223534965e+00   9.6724091305e-01
1.1932341241e+00   1.3459507078e+00   9.8471585563e-01
1.2222997679e+00   1.3668546239e+00   1.0036124119e+00
1.2228776259e+00   1.3672516664e+00   1.0040129307e+00
1.2286159853e+00   1.3711503146e+00   1.0080466820e+00
1.2555303345e+00   1.3882238814e+00   1.0284509030e+00
1.2803775639e+00   1.4017397316e+00   1.0498590171e+00
1.3028585847e+00   1.4113245683e+00   1.0720348247e+00
1.3032918876e+00   1.4114772138e+00   1.0724949629e+00
1.3075626532e+00   1.4129043859e+00   1.0771074414e+00
1.3267215870e+00   1.4172041169e+00   1.0998591657e+00
1.3428211176e+00   1.4168564317e+00   1.1227516579e+00
1.3555563828e+00   1.4116204846e+00   1.1454650982e+00
1.3646399413e+00   1.4013234288e+00   1.1676634984e+00
1.3647858547e+00   1.4010589804e+00   1.1681101008e+00
1.3661543106e+00   1.3982954339e+00   1.1725556504e+00
1.3704131041e+00   1.3816783562e+00   1.1936525700e+00
1.3704935377e+00   1.3599109065e+00   1.2134669654e+00
1.3662315693e+00   1.3331011188e+00   1.2316652197e+00
1.3575201915e+00   1.3014523146e+00   1.2479342214e+00
1.3572949775e+00   1.3007558506e+00   1.2482450450e+00
1.3549391531e+00   1.2936869988e+00   1.2513017210e+00
1.3407243100e+00   1.2565220992e+00   1.2648248696e+00
1.3220569129e+00   1.2152934211e+00   1.2758420518e+00
1.2990483807e+00   1.1704745159e+00   1.2841657344e+00
1.2985332129e+00   1.1695232365e+00   1.2843069430e+00
1.2932859533e+00   1.1599409543e+00   1.2856535342e+00
1.2652128951e+00   1.1114543009e+00   1.2904985659e+00
1.2332924012e+00   1.0606195224e+00   1.2924246461e+00
1.2326009706e+00   1.0595586416e+00   1.2924334088e+00
1.2256059665e+00   1.0489107891e+00   1.2924534254e+00
1.1894150845e+00   9.9602348172e-01   1.2907927415e+00
1.1501600062e+00   9.4213565002e-01   1.2862592100e+00
1.1493273551e+00   9.4102630682e-01   1.2861370372e+00
1.1409406963e+00   9.2992454536e-01   1.2848515874e+00
1.0985078991e+00   8.7561128819e-01   1.2769404720e+00
1.0539829450e+00   8.2156468934e-01   1.2664375709e+00
1.0530529318e+00   8.2046476807e-01   1.2661967529e+00
1.0437161951e+00   8.0948429391e-01   1.2637334125e+00
9.9726296745e-01   7.5644459064e-01   1.2503086885e+00
9.4975477014e-01   7.0471572036e-01   1.2347346993e+00
9.4877448926e-01   7.0367326098e-01   1.2343950405e+00
9.3895873735e-01   6.9328825873e-01   1.2309546126e+00
8.9077651848e-01   6.4366875424e-01   1.2130596890e+00
8.4252374790e-01   5.9610598375e-01   1.1935334374e+00
8.4153814701e-01   5.9515560478e-01   1.1931183655e+00
8.3169051661e-01   5.8570509186e-01   1.1889359501e+00
7.8389294570e-01   5.4097448539e-01   1.1677325750e+00
7.3686648830e-01   4.9873935974e-01   1.1454148670e+00
7.3591420883e-01   4.9790170773e-01   1.1449479331e+00
7.2641711646e-01   4.8958539288e-01   1.1402583339e+00
6.8076269869e-01   4.5054764986e-01   1.1168694801e+00
6.3652672099e-01   4.1417637873e-01   1.0928287139e+00
6.3563766447e-01   4.1345981761e-01   1.0923310993e+00
6.2678537652e-01   4.0635584343e-01   1.0873444762e+00
5.8458645522e-01   3.7325640032e-01   1.0627508636e+00
5.4424480022e-01   3.4279075778e-01   1.0378850661e+00
5.4343940172e-01   3.4219423543e-01   1.0373742454e+00
5.3543155285e-01   3.3628816742e-01   1.0322633032e+00
4.9754211293e-01   3.0896184515e-01   1.0072547626e+00
4.6175505712e-01   2.8410170565e-01   9.8226411533e-01
4.6104489634e-01   2.8361787488e-01   9.8175349377e-01
4.5399314404e-01   2.7883384975e-01   9.7665026395e-01
4.2085426607e-01   2.5685411441e-01   9.5181989489e-01
3.8990171747e-01   2.3709863104e-01   9.2721479885e-01
3.8929096265e-01   2.3671662967e-01   9.2671399921e-01
3.8323371236e-01   2.3294488709e-01   9.2171294619e-01
3.5495186225e-01   2.1575079007e-01   8.9747775519e-01
3.2881905159e-01   2.0051167644e-01   8.7360641923e-01
3.0478973588e-01   1.8710681357e-01   8.5014301782e-01
3.0431943269e-01   1.8685074063e-01   8.4966724189e-01
2.9966342426e-01   1.8432935228e-01   8.4491975705e-01
2.7813027721e-01   1.7301226804e-01   8.2200269017e-01
2.5855688500e-01   1.6327529145e-01   7.9956011480e-01
2.4086618551e-01   1.5501399161e-01   7.7761057027e-01
2.4052315408e-01   1.5485959979e-01   7.7716651262e-01
2.3713420355e-01   1.5334726506e-01   7.7273762670e-01
2.2163912397e-01   1.4676254809e-01   7.5140938449e-01
2.0784333362e-01   1.4144877719e-01   7.3059696599e-01
1.9566348295e-01   1.3732749411e-01   7.1030428213e-01
1.8501789164e-01   1.3432900410e-01   6.9053233767e-01
1.8481544086e-01   1.3427890875e-01   6.9013303908e-01
1.8282432453e-01   1.3380230655e-01   6.8615202310e-01
1.7395151693e-01   1.3209739206e-01   6.6701610471e-01
1.6644327871e-01   1.3139191596e-01   6.4839563091e-01
1.6023088738e-01   1.3164459797e-01   6.3028590786e-01
1.5525128424e-01   1.3282278776e-01   6.1268135033e-01
1.5144758879e-01   1.3490233277e-01   5.9557579935e-01
1.5138164341e-01   1.3495418994e-01   5.9523081543e-01
1.5074802936e-01   1.3549313367e-01   5.9179231545e-01
1.4831715200e-01   1.3865631834e-01   5.7528932284e-01
1.4695965856e-01   1.4269695887e-01   5.5927092503e-01
1.4664087488e-01   1.4761748808e-01   5.4373085243e-01
1.4733345387e-01   1.5342841339e-01   5.2866325581e-01
1.4901750586e-01   1.6014829884e-01   5.1406290140e-01
1.5168070673e-01   1.6780379119e-01   4.9992536504e-01
1.5174540310e-01   1.6797050172e-01   4.9964077760e-01
1.5241480937e-01   1.6966002972e-01   4.9680548311e-01
1.5627207298e-01   1.7851008362e-01   4.8323044329e-01
1.6110870466e-01   1.8838448917e-01   4.7011231065e-01
1.6693746154e-01   1.9933671436e-01   4.5745070441e-01
1.7377912360e-01   2.1142896258e-01   4.4524701393e-01
1.8166264558e-01   2.2473245772e-01   4.3350469706e-01
1.9062533678e-01   2.3932777532e-01   4.2222962212e-01
1.9082038216e-01   2.3964065195e-01   4.2200375718e-01
1.9279684268e-01   2.4280143226e-01   4.1975608908e-01
2.0314512722e-01   2.5910356792e-01   4.0906561220e-01
2.1468669256e-01   2.7691231065e-01   3.9886618049e-01
2.2748738814e-01   2.9634109043e-01   3.8917446861e-01
2.4162251979e-01   3.1751443813e-01   3.8001172785e-01
2.4192638482e-01   3.1796701452e-01   3.7982986832e-01
2.4499790143e-01   3.2253636576e-01   3.7802412079e-01
2.6088496564e-01   3.4603378159e-01   3.6954631020e-01
2.7830966219e-01   3.7159479915e-01   3.6166518928e-01
2.9738010448e-01   3.9938241249e-01   3.5442257737e-01
2.9778848342e-01   3.9997569326e-01   3.5428132912e-01
3.0191315806e-01   4.0596417892e-01   3.5288481256e-01
3.2316325763e-01   4.3672017054e-01   3.4649439021e-01
3.4633911964e-01   4.7011004397e-01   3.4086896184e-01
3.7158483043e-01   5.0633641134e-01   3.3608395816e-01
3.7212430303e-01   5.0710907679e-01   3.3599539065e-01
3.7757059879e-01   5.1490642465e-01   3.3513130304e-01
4.0556537206e-01   5.5490048034e-01   3.3149974298e-01
4.3599138179e-01   5.9822008297e-01   3.2893063847e-01
4.3664084377e-01   5.9914319787e-01   3.2889002093e-01
4.4319597401e-01   6.0845679341e-01   3.2851154210e-01
4.7684704877e-01   6.5616875009e-01   3.2742305606e-01
5.1334314378e-01   7.0772962865e-01   3.2771641022e-01
5.1412132784e-01   7.0882694652e-01   3.2773809308e-01
5.2197371432e-01   7.1989471342e-01   3.2799132810e-01
5.6222850803e-01   7.7649170194e-01   3.3023148630e-01
6.0578051598e-01   8.3744998654e-01   3.3430412186e-01
6.0670792861e-01   8.3874484359e-01   3.3440836313e-01
6.1606323550e-01   8.5179907998e-01   3.3549934664e-01
6.6393829986e-01   9.1837783760e-01   3.4216939068e-01
7.1556871449e-01   9.8973130197e-01   3.5129313413e-01
7.1666619253e-01   9.9124269401e-01   3.5150787683e-01
7.2773233736e-01   1.0064695991e+00   3.5372041741e-01
7.8422411365e-01   1.0838233650e+00   3.6632538616e-01
7.8542338205e-01   1.0854583868e+00   3.6661625481e-01
7.9751218098e-01   1.1019224424e+00   3.6960131817e-01
8.5911480001e-01   1.1853138257e+00   3.8628857942e-01
8.6042050058e-01   1.1870717935e+00   3.8666860239e-01
8.7357716683e-01   1.2047625767e+00   3.9055807721e-01
9.4047471848e-01   1.2940356767e+00   4.1201358341e-01
9.4188988336e-01   1.2959113716e+00   4.1249751379e-01
9.5614287998e-01   1.3147717354e+00   4.1744046287e-01
1.0284189813e+00   1.4095038940e+00   4.4443071214e-01
1.0299442346e+00   1.4114859246e+00   4.4503486576e-01
1.0452971041e+00   1.4313953262e+00   4.5119571984e-01
1.1228899115e+00   1.5308081016e+00   4.8455334248e-01
1.1245224570e+00   1.5328769537e+00   4.8529519256e-01
1.1409434930e+00   1.5536316839e+00   4.9284942237e-01
1.2235897382e+00   1.6564878567e+00   5.3344396854e-01
1.2253221179e+00   1.6586136872e+00   5.3434139181e-01
1.2427317350e+00   1.6799046365e+00   5.4346758863e-01
1.3298996386e+00   1.7843964049e+00   5.9215591385e-01
1.3317182696e+00   1.7865367277e+00   5.9322596847e-01
1.3499741917e+00   1.8079262579e+00   6.0409313096e-01
1.4407868146e+00   1.9115653278e+00   6.6164352246e-01
1.4426703573e+00   1.9136628672e+00   6.6290064183e-01
1.4615511929e+00   1.9345637095e+00   6.7564952797e-01
1.5547045370e+00   2.0340915565e+00   7.4263480381e-01
1.5566222130e+00   2.0360727188e+00   7.4408832906e-01
1.5758106746e+00   2.0557335510e+00   7.5880616238e-01
1.6694948025e+00   2.1470791453e+00   8.3546437202e-01
1.6714048701e+00   2.1488537442e+00   8.3711544094e-01
1.6904728273e+00   2.1663579878e+00   8.5380427332e-01
1.7823093048e+00   2.2446788776e+00   9.3987235880e-01
1.7841580133e+00   2.2461419063e+00   9.4171033983e-01
1.8025566737e+00   2.2604277655e+00   9.6025115453e-01
1.8895710686e+00   2.3202749610e+00   1.0547875800e+00
1.8912925156e+00   2.3213112355e+00   1.0567864897e+00
1.9083520842e+00   2.3312211333e+00   1.0769036941e+00
1.9870045518e+00   2.3668632656e+00   1.1781298988e+00
1.9885219384e+00   2.3673555437e+00   1.1802455396e+00
2.0034656988e+00   2.3717206444e+00   1.2014794854e+00
2.0697633804e+00   2.3776423190e+00   1.3066839804e+00
2.0709921219e+00   2.3774829226e+00   1.3088527929e+00
2.0829694336e+00   2.3752422612e+00   1.3305504343e+00
2.1326784673e+00   2.3467918499e+00   1.4361073944e+00
2.1335314268e+00   2.3458968470e+00   1.4382480891e+00
2.1416720218e+00   2.3362405830e+00   1.4595823332e+00
2.1706319840e+00   2.2703476148e+00   1.5611305549e+00
2.1710267063e+00   2.2686714231e+00   1.5631493039e+00
2.1745146120e+00   2.2511857637e+00   1.5831743683e+00
2.1790342723e+00   2.1470125774e+00   1.6759758689e+00
2.1789015466e+00   2.1445598434e+00   1.6777751053e+00
2.1770613742e+00   2.1193415292e+00   1.6955174765e+00
2.1546551772e+00   1.9800973162e+00   1.7743092966e+00
2.1539520251e+00   1.9769335794e+00   1.7758016591e+00
2.1463782342e+00   1.9446885814e+00   1.7904014295e+00
2.1013075306e+00   1.7905427388e+00   1.8472290141e+00
2.1000595209e+00   1.7868195876e+00   1.8483748065e+00
2.0870355977e+00   1.7490965337e+00   1.8594608315e+00
2.0244384028e+00   1.5883528226e+00   1.8971943607e+00
2.0226892967e+00   1.5842223226e+00   1.8979817818e+00
2.0046765771e+00   1.5425580252e+00   1.9054618874e+00
1.9284508657e+00   1.3803684559e+00   1.9271895067e+00
1.9262541328e+00   1.3759708321e+00   1.9276267942e+00
1.9038061782e+00   1.3317705796e+00   1.9316064223e+00
1.8168593330e+00   1.1714148399e+00   1.9400530039e+00
1.8142736426e+00   1.1668739290e+00   1.9401625358e+00
1.7879911971e+00   1.1213695346e+00   1.9408845299e+00
1.6925213997e+00   9.6494786165e-01   1.9383636851e+00
1.6896077741e+00   9.6036963956e-01   1.9381774743e+00
1.6601106337e+00   9.1460781988e-01   1.9359766170e+00
1.5577716266e+00   7.6338981663e-01   1.9244368718e+00
1.5545914026e+00   7.5886246394e-01   1.9239930136e+00
1.5224985267e+00   7.1370809027e-01   1.9192605803e+00
1.4145302256e+00   5.6839379467e-01   1.9003367850e+00
1.4111436403e+00   5.6398868284e-01   1.8996767429e+00
1.3770595552e+00   5.2013670004e-01   1.8928337327e+00
1.2643999391e+00   3.8105482760e-01   1.8679032730e+00
1.2608651720e+00   3.7682798250e-01   1.8670698597e+00
1.2253709422e+00   3.3481959132e-01   1.8585473203e+00
1.1087508857e+00   2.0207110167e-01   1.8287876618e+00
1.1051234067e+00   1.9806485377e-01   1.8278235563e+00
1.0687706273e+00   1.5830513345e-01   1.8180483209e+00
9.4878519305e-01   3.1854956388e-02   1.7844896206e+00
9.4511729514e-01   2.8099627600e-02   1.7834362754e+00
9.0842389873e-01   -9.1248158048e-03   1.7728205933e+00
7.8558257580e-01   -1.2939255781e-01   1.7363901844e+00
7.8192302368e-01   -1.3287698974e-01   1.7352870152e+00
7.4537021050e-01   -1.6738086518e-01   1.7242209894e+00
6.2013199788e-01   -2.8162905626e-01   1.6857801219e+00
6.1652576006e-01   -2.8483133121e-01   1.6846639115e+00
5.8055573435e-01   -3.1651409400e-01   1.6735100202e+00
4.5335458799e-01   -4.2492943654e-01   1.6338847957e+00
4.4984264260e-01   -4.2784542118e-01   1.6327892604e+00
4.1485705971e-01   -4.5667522729e-01   1.6218784611e+00
2.8612217178e-01   -5.5944816325e-01   1.5818871866e+00
2.8274138885e-01   -5.6207928535e-01   1.5808426687e+00
2.4910054375e-01   -5.8807732796e-01   1.5704716915e+00
1.1927518579e-01   -6.8537917469e-01   1.5309506105e+00
1.1605829812e-01   -6.8773086556e-01   1.5299838599e+00
8.4081176779e-02   -7.1095589347e-01   1.5204133258e+00
-4.6356229525e-02   -8.0290725666e-01   1.4822421756e+00
-4.9380545619e-02   -8.0498737656e-01   1.4813761808e+00
-7.9415136656e-02   -8.2552011839e-01   1.4728291503e+00
-2.0992320561e-01   -9.1214291584e-01   1.4369572231e+00
-2.1273010524e-01   -9.1396012671e-01   1.4362110445e+00
-2.4058098769e-01   -9.3188724928e-01   1.4288715059e+00
-3.7051405339e-01   -1.0130288356e+00   1.3963435705e+00
-3.7308210052e-01   -1.0145908749e+00   1.3957321079e+00
-3.9854121925e-01   -1.0299880049e+00   1.3897427441e+00
-5.1713364559e-01   -1.0995332107e+00   1.3637462057e+00
-5.1946124431e-01   -1.1008610813e+00   1.3632702390e+00
-5.4251748400e-01   -1.1139339727e+00   1.3586332087e+00
-6.4944249352e-01   -1.1725414632e+00   1.3391338000e+00
-6.5153292944e-01   -1.1736519845e+00   1.3387882749e+00
-6.7222202017e-01   -1.1845643514e+00   1.3354486790e+00
-7.6771489036e-01   -1.2329194304e+00   1.3220738816e+00
-7.6957380110e-01   -1.2338247096e+00   1.3218495198e+00
-7.8795346653e-01   -1.2426935697e+00   1.3197112471e+00
-8.7232106490e-01   -1.2812681744e+00   1.3119120725e+00
-8.7395500149e-01   -1.2819762632e+00   1.3117963803e+00
-8.9009103207e-01   -1.2888788763e+00   1.3107319751e+00
-9.6365554717e-01   -1.3179737612e+00   1.3078258571e+00
-1.0286289185e+00   -1.3394705189e+00   1.3083376555e+00
-1.0298705242e+00   -1.3398318378e+00   1.3083799421e+00
-1.0420932045e+00   -1.3432720646e+00   1.3088676183e+00
-1.0967904788e+00   -1.3555760618e+00   1.3127997826e+00
-1.1432821404e+00   -1.3604652441e+00   1.3188665929e+00
-1.1441491852e+00   -1.3604885369e+00   1.3190088300e+00
-1.1526342460e+00   -1.3605530783e+00   1.3204653081e+00
-1.1892753708e+00   -1.3565011724e+00   1.3283225568e+00
-1.2180377097e+00   -1.3453242784e+00   1.3369689777e+00
-1.2390746558e+00   -1.3272480724e+00   1.3458155444e+00
-1.2394257669e+00   -1.3268079892e+00   1.3459947135e+00
-1.2427631263e+00   -1.3222556674e+00   1.3477769760e+00
-1.2545743454e+00   -1.2961503002e+00   1.3561071525e+00
-1.2590891759e+00   -1.2639399529e+00   1.3634435127e+00
-1.2565632790e+00   -1.2261203417e+00   1.3693289102e+00
-1.2564400957e+00   -1.2252915104e+00   1.3694313434e+00
-1.2550535747e+00   -1.2168882250e+00   1.3704123588e+00
-1.2443238589e+00   -1.1729884218e+00   1.3739908649e+00
-1.2273081096e+00   -1.1248527801e+00   1.3753404592e+00
-1.2268970607e+00   -1.1238281130e+00   1.3753430630e+00
-1.2226523337e+00   -1.1135014458e+00   1.3753119660e+00
-1.1985242256e+00   -1.0611441131e+00   1.3736272554e+00
-1.1691340543e+00   -1.0061646988e+00   1.3693116318e+00
-1.1684811872e+00   -1.0050171534e+00   1.3691952852e+00
-1.1618446110e+00   -9.9349992947e-01   1.3679697069e+00
-1.1267436438e+00   -9.3632570927e-01   1.3603604310e+00
-1.0876242418e+00   -8.7817044205e-01   1.3500890775e+00
-1.0867857117e+00   -8.7697468759e-01   1.3498515562e+00
-1.0783228322e+00   -8.6501177429e-01   1.3474171972e+00
-1.0351034379e+00   -8.0658907768e-01   1.3340126522e+00
-9.8922066664e-01   -7.4864607884e-01   1.3182162090e+00
-9.8825793922e-01   -7.4746903135e-01   1.3178691638e+00
-9.7858451106e-01   -7.3572354279e-01   1.3143483396e+00
-9.3026856958e-01   -6.7911861679e-01   1.2958854136e+00
-8.8062303239e-01   -6.2412854479e-01   1.2754940898e+00
-8.7959689446e-01   -6.2302261083e-01   1.2750582132e+00
-8.6931885096e-01   -6.1201016072e-01   1.2706610013e+00
-8.1880272207e-01   -5.5951557204e-01   1.2482358335e+00
-7.6814843720e-01   -5.0938598422e-01   1.2244257829e+00
-7.6711345739e-01   -5.0838616348e-01   1.2239256595e+00
-7.5677211608e-01   -4.9844785865e-01   1.2188986189e+00
-7.0657727805e-01   -4.5150052327e-01   1.1937244546e+00
-6.5720920966e-01   -4.0730071848e-01   1.1676967082e+00
-6.5620982326e-01   -4.0642522685e-01   1.1671565667e+00
-6.4624373989e-01   -3.9773539072e-01   1.1617409287e+00
-5.9835750400e-01   -3.5699006818e-01   1.1349625909e+00
-5.5199831134e-01   -3.1907377934e-01   1.1077908752e+00
-5.5106698212e-01   -3.1832697518e-01   1.1072318326e+00
-5.4179461365e-01   -3.1092319474e-01   1.1016367384e+00
-4.9761203840e-01   -2.7641643426e-01   1.0742204080e+00
-4.5539533486e-01   -2.4460490158e-01   1.0467735083e+00
-4.5455261100e-01   -2.4398114993e-01   1.0462123007e+00
-4.4617370309e-01   -2.3780307321e-01   1.0406027825e+00
-4.0652456933e-01   -2.0914446320e-01   1.0132938652e+00
-3.6905086667e-01   -1.8291436694e-01   9.8621780794e-01
-3.6830678369e-01   -1.8240180129e-01   9.8566664791e-01
-3.6091690847e-01   -1.7732851143e-01   9.8016264590e-01
-3.2614847615e-01   -1.5387567984e-01   9.5349149739e-01
-2.9358295270e-01   -1.3251875155e-01   9.2722948788e-01
-2.9293915075e-01   -1.3210236037e-01   9.2669659098e-01
-2.8655108416e-01   -1.2798282304e-01   9.2137844660e-01
-2.5663662514e-01   -1.0897897696e-01   8.9569217207e-01
-2.2882106988e-01   -9.1720543387e-02   8.7052218928e-01
-2.0302744442e-01   -7.6052852026e-02   8.4589908466e-01
-2.0251995077e-01   -7.5747683417e-02   8.4540092901e-01
-1.9748936589e-01   -7.2728908388e-02   8.4043252729e-01
-1.7404866617e-01   -5.8806048059e-02   8.1650849489e-01
-1.5241534594e-01   -4.6147835188e-02   7.9317018528e-01
-1.3248049603e-01   -3.4618209847e-02   7.7042486689e-01
-1.3208937892e-01   -3.4393067374e-02   7.6996548854e-01
-1.2821453280e-01   -3.2164435254e-02   7.6538543656e-01
-1.1020622839e-01   -2.1842774299e-02   7.4336963478e-01
-9.3642125179e-02   -1.2373403411e-02   7.2194722901e-01
-7.8406773426e-02   -3.6441830131e-03   7.0111321262e-01
-6.4385975851e-02   4.4498187936e-03   6.8086031283e-01
-6.4110863474e-02   4.6095697371e-03   6.8045174461e-01
-6.1384937007e-02   6.1948905811e-03   6.7637923137e-01
-4.8699917754e-02   1.3643666543e-02   6.5682588774e-01
-3.6984634115e-02   2.0666780666e-02   6.3783191847e-01
-2.6134685498e-02   2.7348758439e-02   6.1938596167e-01
-1.6049684462e-02   3.3768924035e-02   6.0147610552e-01
-6.6334132096e-03   4.0001997464e-02   5.8409012645e-01
-6.4469921918e-03   4.0128138149e-02   5.8373962032e-01
-4.5958956135e-03   4.1386999384e-02   5.8024632456e-01
4.1260881706e-03   4.7486907233e-02   5.6348536496e-01
1.2378548835e-02   5.3552577110e-02   5.4722089825e-01
2.0244655879e-02   5.9648087036e-02   5.3144086245e-01
2.7803998647e-02   6.5835525823e-02   5.1613350848e-01
3.5132925048e-02   7.2175606873e-02   5.0128749436e-01
4.2304928601e-02   7.8728276487e-02   4.8689196967e-01
4.2450604139e-02   7.8865050201e-02   4.8660192505e-01
4.3905516427e-02   8.0239176603e-02   4.8371160397e-01
5.0981920803e-02   8.7133826122e-02   4.6985405801e-01
5.8056895533e-02   9.4374746569e-02   4.5642501967e-01
6.5197778203e-02   1.0202350737e-01   4.4341576171e-01
7.2471035874e-02   1.1014344836e-01   4.3081839109e-01
7.9942789252e-02   1.1880028537e-01   4.1862594604e-01
8.7679352018e-02   1.2806272413e-01   4.0683250672e-01
8.7840955110e-02   1.2825915330e-01   4.0659522686e-01
8.9464759485e-02   1.3023920100e-01   4.0423150418e-01
9.7617291953e-02   1.4034260832e-01   3.9292057197e-01
1.0618570474e-01   1.5121841085e-01   3.8199989309e-01
1.1524077714e-01   1.6294929635e-01   3.7146789874e-01
1.2485591849e-01   1.7562369859e-01   3.6132477757e-01
1.3510778553e-01   1.8933650194e-01   3.5157273273e-01
1.4607691730e-01   2.0418976884e-01   3.4221628687e-01
1.4630953684e-01   2.0450648604e-01   3.4202893789e-01
1.4865437876e-01   2.0770267587e-01   3.4016474188e-01
1.6061876682e-01   2.2410400664e-01   3.3130310048e-01
1.7349689450e-01   2.4190248089e-01   3.2285737804e-01
1.8738636827e-01   2.6122850661e-01   3.1484240198e-01
2.0239156238e-01   2.8222293562e-01   3.0727737078e-01
2.0271114509e-01   2.8267116684e-01   3.0712737538e-01
2.0593546690e-01   2.8719571013e-01   3.0563839134e-01
2.2246091993e-01   3.1044271668e-01   2.9865834756e-01
2.4036229659e-01   3.3571289208e-01   2.9219059762e-01
2.5977074985e-01   3.6318585311e-01   2.8627418413e-01
2.6018475557e-01   3.6377256552e-01   2.8615915203e-01
2.6436305053e-01   3.6969525439e-01   2.8502271379e-01
2.8581114744e-01   4.0013142959e-01   2.7984760581e-01
3.0909435745e-01   4.3321850506e-01   2.7534346119e-01
3.3437777841e-01   4.6918017433e-01   2.7158244348e-01
3.3491744414e-01   4.6994797976e-01   2.7151379770e-01
3.4036459509e-01   4.7769818795e-01   2.7084660381e-01
3.6834076436e-01   5.1750650606e-01   2.6811540557e-01
3.9872672665e-01   5.6073476225e-01   2.6634237761e-01
3.9937530636e-01   5.6165720300e-01   2.6631694730e-01
4.0592169966e-01   5.7096699693e-01   2.6608787204e-01
4.3953841717e-01   6.1874569956e-01   2.6566423280e-01
4.7603301075e-01   6.7054226593e-01   2.6651342685e-01
4.7681169861e-01   6.7164645421e-01   2.6654534382e-01
4.8467057218e-01   6.8278784472e-01   2.6689839614e-01
5.2500238843e-01   7.3988447098e-01   2.6956048597e-01
5.6873031875e-01   8.0161139779e-01   2.7394772737e-01
5.6966260588e-01   8.0292517499e-01   2.7405731480e-01
5.7906980952e-01   8.1617618259e-01   2.7519939908e-01
6.2729029989e-01   8.8392914152e-01   2.8205926840e-01
6.2831768081e-01   8.8536938742e-01   2.8222321544e-01
6.3868272011e-01   8.9989161780e-01   2.8391766465e-01
6.9176139508e-01   9.7401407709e-01   2.9371912609e-01
6.9289129218e-01   9.7558724131e-01   2.9394775412e-01
7.0428815886e-01   9.9144366662e-01   2.9629943839e-01
7.6257748568e-01   1.0721961673e+00   3.0959967128e-01
7.6381690236e-01   1.0739066309e+00   3.0990518969e-01
7.7631502813e-01   1.0911386352e+00   3.1303803006e-01
8.4013433976e-01   1.1786502577e+00   3.3049130781e-01
8.4148939114e-01   1.1804992162e+00   3.3088797428e-01
8.5514881002e-01   1.1991151340e+00   3.3494648363e-01
9.2475658119e-01   1.2933194527e+00   3.5730967392e-01
9.2623185009e-01   1.2953034575e+00   3.5781386353e-01
9.4109657687e-01   1.3152636495e+00   3.6296372231e-01
1.0166530014e+00   1.4158165610e+00   3.9109543919e-01
1.0182506785e+00   1.4179256719e+00   3.9172555181e-01
1.0343398909e+00   1.4391236721e+00   3.9815248683e-01
1.1158577563e+00   1.5453014368e+00   4.3300166429e-01
1.1175765247e+00   1.5475169642e+00   4.3377777153e-01
1.1348731550e+00   1.5697565378e+00   4.4168372480e-01
1.2221552973e+00   1.6803345494e+00   4.8426193733e-01
1.2239889311e+00   1.6826264262e+00   4.8520504052e-01
1.2424253841e+00   1.7055949946e+00   4.9480031496e-01
1.3349878875e+00   1.8187118163e+00   5.4613079080e-01
1.3369235602e+00   1.8210357376e+00   5.4726153582e-01
1.3563645405e+00   1.8442756919e+00   5.5875136101e-01
1.4533466636e+00   1.9572934148e+00   6.1978683224e-01
1.4553630080e+00   1.9595880447e+00   6.2112352016e-01
1.4755859370e+00   1.9824690984e+00   6.3468743596e-01
1.5756508808e+00   2.0918504888e+00   7.0618963694e-01
1.5777159197e+00   2.0940352475e+00   7.0774540196e-01
1.5983902281e+00   2.1157331989e+00   7.2350823661e-01
1.6996256285e+00   2.2169680048e+00   8.0588530207e-01
1.7016948094e+00   2.2189422083e+00   8.0766443077e-01
1.7223625417e+00   2.2384320678e+00   8.2565875542e-01
1.8221959647e+00   2.3260572631e+00   9.1876451530e-01
1.8242106709e+00   2.3277016241e+00   9.2075808422e-01
1.8442722866e+00   2.3437753675e+00   9.4088015991e-01
1.9394243427e+00   2.4115425090e+00   1.0437925465e+00
1.9413114064e+00   2.4127241099e+00   1.0459738736e+00
1.9600221464e+00   2.4240441265e+00   1.0679383927e+00
2.0465262974e+00   2.4652840128e+00   1.1787524724e+00
2.0481991481e+00   2.4658656531e+00   1.1810732821e+00
2.0646823549e+00   2.4710624980e+00   1.2043762839e+00
2.1380028358e+00   2.4792739842e+00   1.3200672166e+00
2.1393649069e+00   2.4791281105e+00   1.3224557983e+00
2.1526484305e+00   2.4769437069e+00   1.3463588307e+00
2.2079216801e+00   2.4465834195e+00   1.4627833232e+00
2.2088724800e+00   2.4456095890e+00   1.4651461182e+00
2.2179518906e+00   2.4350739900e+00   1.4886959286e+00
2.2503586712e+00   2.3624499952e+00   1.6007958859e+00
2.2508024372e+00   2.3605931954e+00   1.6030236194e+00
2.2547296426e+00   2.3412066165e+00   1.6251179240e+00
2.2599740564e+00   2.2253014297e+00   1.7273565858e+00
2.2598301863e+00   2.2225671336e+00   1.7293351051e+00
2.2578186794e+00   2.1944451094e+00   1.7488348748e+00
2.2358771853e+00   2.0523748798e+00   1.8288415247e+00
2.2351376852e+00   2.0488896607e+00   1.8304942485e+00
2.2271374561e+00   2.0133508350e+00   1.8466553617e+00
2.1833350380e+00   1.8571243598e+00   1.9050117825e+00
2.1820246557e+00   1.8530442816e+00   1.9062978247e+00
2.1683121570e+00   1.8116840967e+00   1.9187389280e+00
2.1074663425e+00   1.6491455433e+00   1.9582538408e+00
2.1056276989e+00   1.6446271911e+00   1.9591601644e+00
2.0866541137e+00   1.5990291882e+00   1.9677785000e+00
2.0124493863e+00   1.4351145861e+00   1.9914379809e+00
2.0101350513e+00   1.4303031748e+00   1.9919719171e+00
1.9864462363e+00   1.3819234885e+00   1.9968656763e+00
1.9016530150e+00   1.2198088080e+00   2.0073177631e+00
1.8989211491e+00   1.2148335111e+00   2.0075012743e+00
1.8711140329e+00   1.1649576776e+00   2.0089109153e+00
1.7778284113e+00   1.0066776446e+00   2.0084165342e+00
1.7747399272e+00   1.0016499196e+00   2.0082817337e+00
1.7434344205e+00   9.5137928060e-01   2.0065446860e+00
1.6432301051e+00   7.9816427889e-01   1.9970142123e+00
1.6398466329e+00   7.9317777083e-01   1.9965998034e+00
1.6056657411e+00   7.4343119336e-01   1.9921148842e+00
1.4997200755e+00   5.9596441254e-01   1.9751554339e+00
1.4961025478e+00   5.9109580763e-01   1.9745039698e+00
1.4596587405e+00   5.4262036187e-01   1.9677043114e+00
1.3488623992e+00   4.0123301775e-01   1.9446743342e+00
1.3450700842e+00   3.9654339417e-01   1.9438301566e+00
1.3069561546e+00   3.4992950493e-01   1.9351630812e+00
1.1920021422e+00   2.1473648133e-01   1.9072279008e+00
1.1880919700e+00   2.1027287396e-01   1.9062355965e+00
1.1488747987e+00   1.6597118382e-01   1.8961477346e+00
1.0303250606e+00   3.6957849595e-02   1.8643298766e+00
1.0263511312e+00   3.2754882953e-02   1.8632331146e+00
9.8656724102e-01   -8.9065456730e-03   1.8521593415e+00
8.6489940922e-01   -1.3183173330e-01   1.8173808355e+00
8.6091261905e-01   -1.3575020334e-01   1.8162214858e+00
8.2106488478e-01   -1.7454887430e-01   1.8045766537e+00
6.9670491937e-01   -2.9152150502e-01   1.7676937899e+00
6.9275267773e-01   -2.9514075981e-01   1.7665112575e+00
6.5330791074e-01   -3.3094305470e-01   1.7546840420e+00
5.2665381718e-01   -4.4211948703e-01   1.7165164307e+00
5.2277984464e-01   -4.4543232648e-01   1.7153471582e+00
4.8416717595e-01   -4.7817712331e-01   1.7036955415e+00
3.5560798571e-01   -5.8371376757e-01   1.6650515496e+00
3.5185219877e-01   -5.8671889889e-01   1.6639286510e+00
3.1446229996e-01   -6.1640140944e-01   1.6527766577e+00
1.8439586143e-01   -7.1643106156e-01   1.6144770459e+00
1.8079435499e-01   -7.1913148410e-01   1.6134300364e+00
1.4497961706e-01   -7.4578716659e-01   1.6030653585e+00
1.3832711842e-02   -8.4038692583e-01   1.5659664776e+00
1.0417859630e-02   -8.4278829333e-01   1.5650210593e+00
-2.3506271713e-02   -8.6647662984e-01   1.5556931681e+00
-1.5525121513e-01   -9.5562053639e-01   1.5207103934e+00
-1.5845051206e-01   -9.5772946931e-01   1.5198882477e+00
-1.9020274248e-01   -9.7851731539e-01   1.5118064989e+00
-3.2196819483e-01   -1.0620037248e+00   1.4799374449e+00
-3.2492606601e-01   -1.0638260360e+00   1.4792559656e+00
-3.5425454614e-01   -1.0817701709e+00   1.4725870336e+00
-4.8530586833e-01   -1.1591083096e+00   1.4449319656e+00
-4.8799876992e-01   -1.1606471029e+00   1.4444038398e+00
-5.1467380150e-01   -1.1757755794e+00   1.4392675473e+00
-6.3834522090e-01   -1.2430420626e+00   1.4179139324e+00
-6.4076170342e-01   -1.2443061462e+00   1.4175405344e+00
-6.6467312258e-01   -1.2567024199e+00   1.4139441418e+00
-7.7488469750e-01   -1.3109656846e+00   1.3998728473e+00
-7.7702674351e-01   -1.3119688054e+00   1.3996435774e+00
-7.9819685911e-01   -1.3217653775e+00   1.3974759834e+00
-8.9510820289e-01   -1.3635512522e+00   1.3900218500e+00
-8.9697973388e-01   -1.3643022333e+00   1.3899211507e+00
-9.1544877046e-01   -1.3715834648e+00   1.3890228743e+00
-9.9927378496e-01   -1.4012151181e+00   1.3873137226e+00
-1.0008793473e+00   -1.4017192555e+00   1.3873222772e+00
-1.0166928980e+00   -1.4065357097e+00   1.3874972383e+00
-1.0876534566e+00   -1.4242116599e+00   1.3905069976e+00
-1.1482708849e+00   -1.4322471587e+00   1.3965322857e+00
-1.1494046516e+00   -1.4323117760e+00   1.3966815962e+00
-1.1605073286e+00   -1.4327388857e+00   1.3982244829e+00
-1.2086378970e+00   -1.4291421681e+00   1.4068643657e+00
-1.2467332102e+00   -1.4162698739e+00   1.4167416155e+00
-1.2474092877e+00   -1.4159113885e+00   1.4169510878e+00
-1.2539427479e+00   -1.4121200095e+00   1.4190544455e+00
-1.2799648574e+00   -1.3882966819e+00   1.4293656491e+00
-1.2963563881e+00   -1.3560097208e+00   1.4391887371e+00
-1.3033740870e+00   -1.3158211685e+00   1.4478267902e+00
-1.3034219782e+00   -1.3149206108e+00   1.4479867177e+00
-1.3036928311e+00   -1.3057499908e+00   1.4495431133e+00
-1.2996732839e+00   -1.2568307346e+00   1.4558921342e+00
-1.2871015584e+00   -1.2016974733e+00   1.4598016089e+00
-1.2867582541e+00   -1.2005103349e+00   1.4598531547e+00
-1.2831404663e+00   -1.1885186471e+00   1.4603023327e+00
-1.2607783680e+00   -1.1270341861e+00   1.4606901689e+00
-1.2310831611e+00   -1.0614704173e+00   1.4579045889e+00
-1.2304033143e+00   -1.0600929134e+00   1.4578132037e+00
-1.2234525340e+00   -1.0462494245e+00   1.4568224859e+00
-1.1856947222e+00   -9.7708440567e-01   1.4499613960e+00
-1.1421815223e+00   -9.0610981174e-01   1.4397503711e+00
-1.1412361959e+00   -9.0464499834e-01   1.4395068005e+00
-1.1316699816e+00   -8.8997945662e-01   1.4369959224e+00
-1.0821857073e+00   -8.1810550002e-01   1.4228041489e+00
-1.0811285573e+00   -8.1663404768e-01   1.4224810317e+00
-1.0704672745e+00   -8.0192717380e-01   1.4191798556e+00
-1.0162411895e+00   -7.3047889229e-01   1.4012828643e+00
-1.0150975223e+00   -7.2902653358e-01   1.4008869259e+00
-1.0035942826e+00   -7.1453232774e-01   1.3968648634e+00
-9.4585714846e-01   -6.4465823682e-01   1.3756518475e+00
-9.4465193980e-01   -6.4324679981e-01   1.3751918139e+00
-9.3255576305e-01   -6.2917968414e-01   1.3705375596e+00
-8.7249853971e-01   -5.6182385085e-01   1.3464731539e+00
-8.7125562025e-01   -5.6047083446e-01   1.3459589752e+00
-8.5880338340e-01   -5.4700172569e-01   1.3407727759e+00
-7.9754065988e-01   -4.8289265597e-01   1.3143606881e+00
-7.9628202164e-01   -4.8161113654e-01   1.3138028262e+00
-7.8369165517e-01   -4.6886679160e-01   1.3081894439e+00
-7.2223218129e-01   -4.0852105009e-01   1.2799406550e+00
-7.2097744348e-01   -4.0731986432e-01   1.2793494824e+00
-7.0844274840e-01   -3.9538492839e-01   1.2734122977e+00
-6.4766834628e-01   -3.3912224572e-01   1.2438194911e+00
-6.4643439771e-01   -3.3800637781e-01   1.2432048249e+00
-6.3412163391e-01   -3.2692740367e-01   1.2370413125e+00
-5.7477474502e-01   -2.7489358582e-01   1.2065601654e+00
-5.7357556069e-01   -2.7386468298e-01   1.2059309431e+00
-5.6162176493e-01   -2.6365536734e-01   1.1996295510e+00
-5.0430105688e-01   -2.1584946856e-01   1.1686666796e+00
-4.4897937276e-01   -1.7141053403e-01   1.1375736338e+00
-4.4786956619e-01   -1.7053519143e-01   1.1369372815e+00
-4.3682339916e-01   -1.6185613219e-01   1.1305758508e+00
-3.8425934105e-01   -1.2135995919e-01   1.0995971305e+00
-3.3411727328e-01   -8.3887380238e-02   1.0688992457e+00
-3.3311688068e-01   -8.3150494465e-02   1.0682748115e+00
-3.2317101915e-01   -7.5846228681e-02   1.0620404094e+00
-2.7611110882e-01   -4.1797044413e-02   1.0318723319e+00
-2.3159713754e-01   -1.0291343649e-02   1.0022579597e+00
-2.3071244376e-01   -9.6713337575e-03   1.0016581692e+00
-2.2192366144e-01   -3.5239521743e-03   9.9567515769e-01
-1.8049480149e-01   2.5188765700e-02   9.6685286560e-01
-1.4151092487e-01   5.1890588950e-02   9.3874712926e-01
-1.4073781056e-01   5.2417874126e-02   9.3817963512e-01
-1.3306056054e-01   5.7650403266e-02   9.3252235825e-01
-9.6934330037e-02   8.2217138361e-02   9.0535547097e-01
-6.2998913789e-02   1.0530485371e-01   8.7898918992e-01
-6.2326126821e-02   1.0576364547e-01   8.7845798798e-01
-5.5645077622e-02   1.1032323302e-01   8.7316491677e-01
-2.4191101671e-02   1.3191244514e-01   8.4780551031e-01
5.4192084874e-03   1.5252557359e-01   8.2327976286e-01
6.0072842110e-03   1.5293884434e-01   8.2278646658e-01
1.1849878092e-02   1.5705438252e-01   8.1787282718e-01
3.9438806453e-02   1.7676155537e-01   7.9437389612e-01
6.5578791125e-02   1.9595605276e-01   7.7171273060e-01
9.0454029436e-02   2.1483315239e-01   7.4988629161e-01
9.0951320079e-02   2.1521758525e-01   7.4944819332e-01
9.5899704379e-02   2.1905928924e-01   7.4508633925e-01
1.1947824318e-01   2.3780294374e-01   7.2427661939e-01
1.4220437592e-01   2.5663831865e-01   7.0429167869e-01
1.6426173315e-01   2.7573970530e-01   6.8512775944e-01
1.6470754326e-01   2.7613468955e-01   6.8474403039e-01
1.6915476019e-01   2.8009489590e-01   6.8092560469e-01
1.9063995943e-01   2.9975309709e-01   6.6276483331e-01
2.1185697587e-01   3.2005005997e-01   6.4542345271e-01
2.3298175849e-01   3.4114878707e-01   6.2890534106e-01
2.3341444391e-01   3.4159019007e-01   6.2857586075e-01
2.3774350036e-01   3.4602672615e-01   6.2530021821e-01
2.5899155773e-01   3.6832791256e-01   6.0980167065e-01
2.8053052355e-01   3.9178972303e-01   5.9514968019e-01
3.0252955555e-01   4.1657359236e-01   5.8136289532e-01
3.0298586351e-01   4.1709586706e-01   5.8108987946e-01
3.0756373204e-01   4.2235313220e-01   5.7838027229e-01
3.3035516203e-01   4.4897838836e-01   5.6568800987e-01
3.5397913507e-01   4.7728937477e-01   5.5392576405e-01
3.7860229535e-01   5.0745228003e-01   5.4313519426e-01
3.7911793979e-01   5.0809023548e-01   5.4292480083e-01
3.8430156815e-01   5.1451665478e-01   5.4084451913e-01
4.1037619499e-01   5.4717747563e-01   5.3131481876e-01
4.3782146453e-01   5.8206545742e-01   5.2288433398e-01
4.6680494857e-01   6.1935008442e-01   5.1562888375e-01
4.6741548679e-01   6.2013951937e-01   5.1549324059e-01
4.7356050337e-01   6.2809329761e-01   5.1416610132e-01
5.0465729541e-01   6.6854303800e-01   5.0847347373e-01
5.3766530248e-01   7.1175826852e-01   5.0417519997e-01
5.3836210983e-01   7.1267288176e-01   5.0410262567e-01
5.4537837299e-01   7.2188664653e-01   5.0341211635e-01
5.8095404513e-01   7.6870143957e-01   5.0099442682e-01
6.1880640999e-01   8.1861206382e-01   5.0027501680e-01
6.1960614283e-01   8.1966696730e-01   5.0027918034e-01
6.2765986150e-01   8.3029042114e-01   5.0036415166e-01
6.6851466751e-01   8.8415800315e-01   5.0195826220e-01
7.1198346883e-01   9.4135695862e-01   5.0565779854e-01
7.1290153876e-01   9.4256305565e-01   5.0575702949e-01
7.2214580814e-01   9.5470213988e-01   5.0680334596e-01
7.6899630947e-01   1.0160484002e+00   5.1338596614e-01
8.1873001599e-01   1.0807730751e+00   5.2259914375e-01
8.1977881018e-01   1.0821328686e+00   5.2281710995e-01
8.3033527810e-01   1.0958068384e+00   5.2506424829e-01
8.8370973300e-01   1.1645583467e+00   5.3787835870e-01
8.8483376026e-01   1.1659987826e+00   5.3817379682e-01
8.9614366400e-01   1.1804741845e+00   5.4120420552e-01
9.5321402295e-01   1.2529796204e+00   5.5807425451e-01
9.5441371383e-01   1.2544935361e+00   5.5845679403e-01
9.6647965938e-01   1.2696949725e+00   5.6236740317e-01
1.0272097148e+00   1.3454793288e+00   5.8378142348e-01
1.0284833973e+00   1.3470550063e+00   5.8426126438e-01
1.0412864204e+00   1.3628605682e+00   5.8915443035e-01
1.1055194747e+00   1.4411957631e+00   6.1561832860e-01
1.1068627336e+00   1.4428158439e+00   6.1620586183e-01
1.1203557942e+00   1.4590461816e+00   6.2218540528e-01
1.1877804020e+00   1.5388962404e+00   6.5419885802e-01
1.1891853365e+00   1.5405365902e+00   6.5490408323e-01
1.2032858091e+00   1.5569435588e+00   6.6206925547e-01
1.2733970826e+00   1.6369101202e+00   7.0009038168e-01
1.2748514836e+00   1.6385387487e+00   7.0092207683e-01
1.2894328806e+00   1.6547947378e+00   7.0935900833e-01
1.3614910726e+00   1.7330696913e+00   7.5375588801e-01
1.3629775670e+00   1.7346458939e+00   7.5472049773e-01
1.3778609805e+00   1.7503355486e+00   7.6449081476e-01
1.4508504867e+00   1.8246707508e+00   8.1547895334e-01
1.4523457259e+00   1.8261447014e+00   8.1657919132e-01
1.4672918089e+00   1.8407614159e+00   8.2770579101e-01
1.5398855383e+00   1.9084686319e+00   8.8527264188e-01
1.5413595497e+00   1.9097817226e+00   8.8650585362e-01
1.5560622598e+00   1.9227318850e+00   8.9895636089e-01
1.6265983555e+00   1.9807284728e+00   9.6277723667e-01
1.6280142177e+00   1.9818147273e+00   9.6413364550e-01
1.6420979604e+00   1.9924330067e+00   9.7780286371e-01
1.7085777416e+00   2.0373490175e+00   1.0471569644e+00
1.7098917775e+00   2.0381378812e+00   1.0486180219e+00
1.7229139178e+00   2.0457165183e+00   1.0633116842e+00
1.7830310292e+00   2.0740750897e+00   1.1370120314e+00
1.7841937227e+00   2.0744957795e+00   1.1385491967e+00
1.7956545207e+00   2.0783295301e+00   1.1539723535e+00
1.8468647493e+00   2.0868030932e+00   1.2303279192e+00
1.8478225631e+00   2.0867904442e+00   1.2319022697e+00
1.8571842408e+00   2.0862362638e+00   1.2476563748e+00
1.8968223745e+00   2.0719656279e+00   1.3244866572e+00
1.8975205551e+00   2.0714670106e+00   1.3260497381e+00
1.9042362498e+00   2.0660138436e+00   1.3416424632e+00
1.9296800853e+00   2.0269573137e+00   1.4163618602e+00
1.9300663876e+00   2.0259397736e+00   1.4178580688e+00
1.9336181284e+00   2.0152795676e+00   1.4327286259e+00
1.9424904795e+00   1.9505395889e+00   1.5025084316e+00
1.9425195315e+00   1.9489959941e+00   1.5038789769e+00
1.9424622561e+00   1.9330835699e+00   1.5174390577e+00
1.9328510360e+00   1.8431463001e+00   1.5794389373e+00
1.9324888475e+00   1.8410991471e+00   1.5806270479e+00
1.9284952983e+00   1.8201874558e+00   1.5923137325e+00
1.8991622607e+00   1.7070137891e+00   1.6439552948e+00
1.8983902144e+00   1.7045155387e+00   1.6449119550e+00
1.8902900018e+00   1.6791554534e+00   1.6542450744e+00
1.8408340381e+00   1.5460844308e+00   1.6934837159e+00
1.8396516629e+00   1.5432138663e+00   1.6941729376e+00
1.8274575617e+00   1.5142141548e+00   1.7008068225e+00
1.7584014549e+00   1.3656782733e+00   1.7263512793e+00
1.7568274193e+00   1.3625332479e+00   1.7267538917e+00
1.7407434744e+00   1.3308852487e+00   1.7305134634e+00
1.6552231175e+00   1.1749041328e+00   1.7418442411e+00
1.6532990674e+00   1.1715936116e+00   1.7419636153e+00
1.6337563701e+00   1.1383888755e+00   1.7428991374e+00
1.5378285899e+00   9.8505127680e-01   1.7413410728e+00
1.5356151621e+00   9.8167926958e-01   1.7412030053e+00
1.5132293689e+00   9.4794906871e-01   1.7395857365e+00
1.4092813065e+00   7.9932680302e-01   1.7275049832e+00
1.4068396747e+00   7.9597907430e-01   1.7271424754e+00
1.3822276775e+00   7.6256786126e-01   1.7233117268e+00
1.2720852165e+00   6.1990318560e-01   1.7026846474e+00
1.2694751964e+00   6.1664799738e-01   1.7021346173e+00
1.2432367720e+00   5.8422304652e-01   1.6964651825e+00
1.1282839508e+00   4.4815844603e-01   1.6689380415e+00
1.1255626689e+00   4.4504803133e-01   1.6682388611e+00
1.0982678015e+00   4.1411584165e-01   1.6611169072e+00
9.7956585603e-01   2.8489720680e-01   1.6280651290e+00
9.7678688273e-01   2.8196958542e-01   1.6272548819e+00
9.4896769139e-01   2.5289520108e-01   1.6190611134e+00
8.2736243665e-01   1.3052395488e-01   1.5816521830e+00
8.2457521763e-01   1.2780480323e-01   1.5807674688e+00
7.9672081274e-01   1.0083127282e-01   1.5718657635e+00
6.7292446040e-01   -1.4840543580e-02   1.5311179772e+00
6.7017390935e-01   -1.7336107692e-02   1.5301931016e+00
6.4272679920e-01   -4.2069424334e-02   1.5209229530e+00
5.1737473337e-01   -1.5128653397e-01   1.4777559682e+00
5.1470090366e-01   -1.5355229382e-01   1.4768224024e+00
4.8805414635e-01   -1.7599291170e-01   1.4674939950e+00
3.6174226580e-01   -2.7907090409e-01   1.4227717218e+00
3.5918006277e-01   -2.8110801128e-01   1.4218577564e+00
3.3367478489e-01   -3.0127491544e-01   1.4127489288e+00
2.1229293385e-01   -3.9460212092e-01   1.3692244502e+00
2.0986656002e-01   -3.9642513288e-01   1.3683530863e+00
1.8573631344e-01   -4.1446850323e-01   1.3596880533e+00
7.1440553490e-02   -4.9790011797e-01   1.3187481079e+00
6.9164484671e-02   -4.9952917467e-01   1.3179360664e+00
4.6546488447e-02   -5.1565247705e-01   1.3098767219e+00
-6.0178135657e-02   -5.9021910287e-01   1.2721806197e+00
-6.2296974977e-02   -5.9167565856e-01   1.2714392469e+00
-8.3339636341e-02   -6.0609367187e-01   1.2640946077e+00
-1.8233359746e-01   -6.7283853203e-01   1.2300665549e+00
-1.8429430592e-01   -6.7414364637e-01   1.2294027906e+00
-2.0375736939e-01   -6.8706594463e-01   1.2228387000e+00
-2.9511217673e-01   -7.4697825671e-01   1.1927148634e+00
-2.9691837490e-01   -7.4815145907e-01   1.1921321840e+00
-3.1484147250e-01   -7.5977152119e-01   1.1863806741e+00
-3.9882969534e-01   -8.1374451418e-01   1.1602525548e+00
-4.0048815470e-01   -8.1480312179e-01   1.1597518128e+00
-4.1694125815e-01   -8.2529186765e-01   1.1548193803e+00
-4.9395468756e-01   -8.7409955887e-01   1.1326709166e+00
-4.9547414544e-01   -8.7505833095e-01   1.1322510404e+00
-5.1054590067e-01   -8.8456091696e-01   1.1281255040e+00
-5.8104350666e-01   -9.2884833128e-01   1.1098630158e+00
-5.8243368742e-01   -9.2971935837e-01   1.1095215609e+00
-5.9622181741e-01   -9.3835424238e-01   1.1061774467e+00
-6.6068778184e-01   -9.7863676986e-01   1.0916525863e+00
-7.2058529884e-01   -1.0159456779e+00   1.0800416566e+00
-7.2176584735e-01   -1.0166798236e+00   1.0798334582e+00
-7.3347360274e-01   -1.0239577113e+00   1.0778151694e+00
-7.8818337475e-01   -1.0578859524e+00   1.0695834744e+00
-8.3896337458e-01   -1.0891999606e+00   1.0639410649e+00
-8.3996354901e-01   -1.0898142611e+00   1.0638514882e+00
-8.4988076853e-01   -1.0958989126e+00   1.0630113812e+00
-8.9617129568e-01   -1.1241067963e+00   1.0603207896e+00
-9.3902211916e-01   -1.1498044614e+00   1.0598506471e+00
-9.3986456302e-01   -1.1503042009e+00   1.0598629797e+00
-9.4821384373e-01   -1.1552432987e+00   1.0600330649e+00
-9.8707004202e-01   -1.1778364397e+00   1.0620409907e+00
-1.0228027978e+00   -1.1978350096e+00   1.0658653351e+00
-1.0554989557e+00   -1.2151590995e+00   1.0713129701e+00
-1.0561369722e+00   -1.2154851342e+00   1.0714400397e+00
-1.0624485665e+00   -1.2186814523e+00   1.0727431523e+00
-1.0914973087e+00   -1.2325967292e+00   1.0799054324e+00
-1.1175956855e+00   -1.2436120182e+00   1.0882345621e+00
-1.1407428427e+00   -1.2516209926e+00   1.0975138038e+00
-1.1609197519e+00   -1.2565244532e+00   1.1075201375e+00
-1.1613015417e+00   -1.2565917619e+00   1.1077309642e+00
-1.1650501923e+00   -1.2571911367e+00   1.1098503033e+00
-1.1815434516e+00   -1.2581759157e+00   1.1204362260e+00
-1.1949853489e+00   -1.2558950029e+00   1.1312375939e+00
-1.2053345906e+00   -1.2503179180e+00   1.1420222848e+00
-1.2125547798e+00   -1.2414474062e+00   1.1525606388e+00
-1.2166198282e+00   -1.2293234329e+00   1.1626286849e+00
-1.2175190039e+00   -1.2140259299e+00   1.1720116261e+00
-1.2152614450e+00   -1.1956761484e+00   1.1805074375e+00
-1.2151824489e+00   -1.1952697217e+00   1.1806707432e+00
-1.2143205314e+00   -1.1911391282e+00   1.1822787058e+00
-1.2082428631e+00   -1.1692753134e+00   1.1894364450e+00
-1.1991180836e+00   -1.1447743352e+00   1.1953209155e+00
-1.1870410235e+00   -1.1178823744e+00   1.1997940689e+00
-1.1721362956e+00   -1.0888766100e+00   1.2027432749e+00
-1.1718026965e+00   -1.0882628751e+00   1.2027870782e+00
-1.1684053567e+00   -1.0820843400e+00   1.2031878299e+00
-1.1502492363e+00   -1.0509032093e+00   1.2041560247e+00
-1.1296465376e+00   -1.0183064014e+00   1.2034475566e+00
-1.1068108480e+00   -9.8462894672e-01   1.2010384922e+00
-1.1063217020e+00   -9.8393066389e-01   1.2009713918e+00
-1.1013846388e+00   -9.7693137287e-01   1.2002612435e+00
-1.0761361636e+00   -9.4239090002e-01   1.1957750468e+00
-1.0492029549e+00   -9.0751718283e-01   1.1896283546e+00
-1.0208546159e+00   -8.7263219322e-01   1.1818765491e+00
-1.0202614882e+00   -8.7192016163e-01   1.1817016007e+00
-1.0143045153e+00   -8.6480722134e-01   1.1799169771e+00
-9.8460101113e-01   -8.3032266106e-01   1.1703022822e+00
-9.5410350335e-01   -7.9647740540e-01   1.1592706930e+00
-9.5347289138e-01   -7.9579310316e-01   1.1590308092e+00
-9.4715541434e-01   -7.8897117329e-01   1.1566019666e+00
-9.1606356464e-01   -7.5625271739e-01   1.1439806221e+00
-8.8478691546e-01   -7.2470158620e-01   1.1301913618e+00
-8.8414659009e-01   -7.2406932623e-01   1.1298977520e+00
-8.7774552460e-01   -7.1777843911e-01   1.1269377871e+00
-8.4659275226e-01   -6.8791616746e-01   1.1118846952e+00
-8.1580947996e-01   -6.5960943281e-01   1.0959389482e+00
-8.1518480450e-01   -6.5904719769e-01   1.0956040935e+00
-8.0895213751e-01   -6.5346394628e-01   1.0922380779e+00
-7.7892333236e-01   -6.2723683689e-01   1.0753679651e+00
-7.4973379360e-01   -6.0281822963e-01   1.0578781886e+00
-7.2156272065e-01   -5.8028266245e-01   1.0398850915e+00
-7.2099784761e-01   -5.7984143706e-01   1.0395123046e+00
-7.1537656249e-01   -5.7547393030e-01   1.0357755996e+00
-6.8866746331e-01   -5.5531649846e-01   1.0173159236e+00
-6.6330216384e-01   -5.3713660009e-01   9.9858995383e-01
-6.3939486548e-01   -5.2095073261e-01   9.7969294836e-01
-6.3892141489e-01   -5.2064028261e-01   9.7930497136e-01
-6.3422291052e-01   -5.1758184967e-01   9.7542345798e-01
-6.1223056661e-01   -5.0384371311e-01   9.5643599588e-01
-5.9188592149e-01   -4.9209605665e-01   9.3746322362e-01
-5.7324862126e-01   -4.8232492016e-01   9.1857720629e-01
-5.5636480936e-01   -4.7451191489e-01   8.9984347439e-01
-5.5603777258e-01   -4.7437229036e-01   8.9946201390e-01
-5.5280868246e-01   -4.7302065400e-01   8.9565240711e-01
-5.3811909198e-01   -4.6757827303e-01   8.7718582451e-01
-5.2524634515e-01   -4.6404716765e-01   8.5899668671e-01
-5.1420534989e-01   -4.6240744251e-01   8.4113340354e-01
-5.0500506582e-01   -4.6264190450e-01   8.2364049225e-01
-4.9765014719e-01   -4.6473720365e-01   8.0655928978e-01
-4.9751888246e-01   -4.6479946065e-01   8.0621421462e-01
-4.9624881123e-01   -4.6546469726e-01   8.0277392175e-01
-4.9115718367e-01   -4.6982873168e-01   7.8624993229e-01
-4.8791340561e-01   -4.7604221654e-01   7.7022185903e-01
-4.8651808975e-01   -4.8410978886e-01   7.5472568771e-01
-4.8697317183e-01   -4.9404278176e-01   7.3979726635e-01
-4.8928289033e-01   -5.0585948454e-01   7.2547302791e-01
-4.9345462485e-01   -5.1958525311e-01   7.1179071964e-01
-4.9355953976e-01   -5.1988637468e-01   7.1151762310e-01
-4.9465187681e-01   -5.2294238848e-01   7.0880244128e-01
-5.0112062571e-01   -5.3905192955e-01   6.9596113425e-01
-5.0948237080e-01   -5.5715185348e-01   6.8385423920e-01
-5.1975861834e-01   -5.7728918892e-01   6.7252888553e-01
-5.3197593943e-01   -5.9951668053e-01   6.6203679000e-01
-5.3224651567e-01   -5.9999390588e-01   6.6183111152e-01
-5.3499779788e-01   -6.0481576311e-01   6.5979494914e-01
-5.4963695697e-01   -6.2968299201e-01   6.5040226472e-01
-5.6629441530e-01   -6.5677354542e-01   6.4197869813e-01
-5.8501241119e-01   -6.8615139116e-01   6.3459667687e-01
-5.8541740850e-01   -6.8677709782e-01   6.3445699822e-01
-5.8951601699e-01   -6.9308847702e-01   6.3308622092e-01
-6.1082173194e-01   -7.2535572609e-01   6.2709132015e-01
-6.3429461123e-01   -7.6004929918e-01   6.2233049137e-01
-6.5998580006e-01   -7.9722409957e-01   6.1890646076e-01
-6.6053522881e-01   -7.9801132257e-01   6.1885111475e-01
-6.6608191413e-01   -8.0594187949e-01   6.1833129450e-01
-6.9456023917e-01   -8.4621705108e-01   6.1670169162e-01
-7.2536707018e-01   -8.8905471687e-01   6.1667903866e-01
-7.2602231772e-01   -8.8995845852e-01   6.1669633215e-01
-7.3262952548e-01   -8.9905513034e-01   6.1690981888e-01
-7.6634631432e-01   -9.4503914528e-01   6.1905021587e-01
-8.0247400066e-01   -9.9356362739e-01   6.2313016182e-01
-8.0323886833e-01   -9.9458308319e-01   6.2323511114e-01
-8.1094356888e-01   -1.0048346532e+00   6.2433353413e-01
-8.5004749158e-01   -1.0563808694e+00   6.3102282288e-01
-8.9157626740e-01   -1.1102641151e+00   6.4004605644e-01
-8.9245152084e-01   -1.1113903766e+00   6.4025648969e-01
-9.0125919899e-01   -1.1227024934e+00   6.4241944352e-01
-9.4571354741e-01   -1.1792003701e+00   6.5456739068e-01
-9.9247940466e-01   -1.2375456325e+00   6.6948983569e-01
-9.9346013090e-01   -1.2387569727e+00   6.6982570914e-01
-1.0033178990e+00   -1.2509043930e+00   6.7325345857e-01
-1.0527569945e+00   -1.3110307370e+00   6.9185177473e-01
-1.1041872315e+00   -1.3721005464e+00   7.1366946756e-01
-1.1052592531e+00   -1.3733566417e+00   7.1415101260e-01
-1.1160195114e+00   -1.3859250541e+00   7.1904520724e-01
-1.1695588766e+00   -1.4473515328e+00   7.4505205825e-01
-1.1706703342e+00   -1.4486063296e+00   7.4562143709e-01
-1.1818158325e+00   -1.4611413282e+00   7.5139820947e-01
-1.2369743948e+00   -1.5218313403e+00   7.8181594125e-01
-1.2381140019e+00   -1.5230604307e+00   7.8247710994e-01
-1.2495289659e+00   -1.5353133637e+00   7.8917453437e-01
-1.3056617181e+00   -1.5939312073e+00   8.2414461318e-01
-1.3068148381e+00   -1.5951051370e+00   8.2489959254e-01
-1.3183496223e+00   -1.6067767964e+00   8.3253570999e-01
-1.3746371328e+00   -1.6617401933e+00   8.7208309661e-01
-1.3757854176e+00   -1.6628245202e+00   8.7293118627e-01
-1.3872529885e+00   -1.6735660822e+00   8.8149605887e-01
-1.4426872909e+00   -1.7230610344e+00   9.2548855361e-01
-1.4438084557e+00   -1.7240168297e+00   9.2642547611e-01
-1.4549823029e+00   -1.7334353375e+00   9.3587259681e-01
-1.5083616487e+00   -1.7754563461e+00   9.8397874956e-01
-1.5094294624e+00   -1.7762412672e+00   9.8499579987e-01
-1.5200437461e+00   -1.7839109456e+00   9.9523364560e-01
-1.5699803891e+00   -1.8163322804e+00   1.0468839888e+00
-1.6159651722e+00   -1.8393282012e+00   1.1008198655e+00
-1.6168575653e+00   -1.8396906777e+00   1.1019430796e+00
-1.6256630527e+00   -1.8430639327e+00   1.1132103496e+00
-1.6653043717e+00   -1.8526573773e+00   1.1689649839e+00
-1.6985024911e+00   -1.8499642431e+00   1.2252279241e+00
-1.6991067489e+00   -1.8497734712e+00   1.2263779825e+00
-1.7049725843e+00   -1.8475580259e+00   1.2378650245e+00
-1.7287405458e+00   -1.8285143951e+00   1.2933553626e+00
-1.7436294119e+00   -1.7954363775e+00   1.3469652723e+00
-1.7438345783e+00   -1.7946104783e+00   1.3480347970e+00
-1.7456579897e+00   -1.7860223434e+00   1.3586574277e+00
-1.7484024479e+00   -1.7355023651e+00   1.4083647478e+00
-1.7404083619e+00   -1.6710568346e+00   1.4536036050e+00
-1.7401285955e+00   -1.6695967565e+00   1.4544752724e+00
-1.7370706641e+00   -1.6546935558e+00   1.4630622638e+00
-1.7152609259e+00   -1.5742629803e+00   1.5013890339e+00
-1.7146945204e+00   -1.5724897169e+00   1.5021069690e+00
-1.7087649314e+00   -1.5544903527e+00   1.5091315899e+00
-1.6728759232e+00   -1.4599813513e+00   1.5392310838e+00
-1.6720219697e+00   -1.4579399216e+00   1.5397714060e+00
-1.6632217680e+00   -1.4373068629e+00   1.5450022209e+00
-1.6135261516e+00   -1.3312697462e+00   1.5659508176e+00
-1.6123948822e+00   -1.3290168380e+00   1.5662984245e+00
-1.6008365866e+00   -1.3063255072e+00   1.5695931908e+00
-1.5381452756e+00   -1.1917562639e+00   1.5809317408e+00
-1.5367576930e+00   -1.1893557240e+00   1.5810813905e+00
-1.5226606813e+00   -1.1652485919e+00   1.5823969150e+00
-1.4482770343e+00   -1.0453492384e+00   1.5841529728e+00
-1.4466635847e+00   -1.0428670028e+00   1.5841092837e+00
-1.4303400113e+00   -1.0180027547e+00   1.5835004244e+00
-1.3459714204e+00   -8.9593544087e-01   1.5761581847e+00
-1.3441698770e+00   -8.9343464274e-01   1.5759346058e+00
-1.3260029094e+00   -8.6843977976e-01   1.5735431247e+00
-1.2336413919e+00   -7.4710869398e-01   1.5579690151e+00
-1.2316942282e+00   -7.4464559172e-01   1.5575859999e+00
-1.2121114820e+00   -7.2007471989e-01   1.5536217386e+00
-1.1138988051e+00   -6.0196117652e-01   1.5309606340e+00
-1.1118503927e+00   -5.9958231966e-01   1.5304433631e+00
-1.0912959196e+00   -5.7589105996e-01   1.5251612422e+00
-9.8938951050e-01   -4.6295437023e-01   1.4967211625e+00
-9.8728346264e-01   -4.6069514543e-01   1.4960971800e+00
-9.6619146483e-01   -4.3822684090e-01   1.4897736632e+00
-8.6264511324e-01   -3.3187058554e-01   1.4569155299e+00
-8.6052202936e-01   -3.2975503754e-01   1.4562126052e+00
-8.3929476908e-01   -3.0874001069e-01   1.4491246406e+00
-7.3596388693e-01   -2.0983332422e-01   1.4131693815e+00
-7.3385965574e-01   -2.0787497751e-01   1.4124138003e+00
-7.1285104337e-01   -1.8843949276e-01   1.4048221895e+00
-6.1132726231e-01   -9.7377481402e-02   1.3669819207e+00
-6.0927197987e-01   -9.5580816305e-02   1.3661972957e+00
-5.8877731545e-01   -7.7762263064e-02   1.3583352919e+00
-4.9035261735e-01   5.4513924979e-03   1.3196700648e+00
-4.8837009045e-01   7.0891455494e-03   1.3188766598e+00
-4.6862159680e-01   2.3324170373e-02   1.3109436419e+00
-3.7427871685e-01   9.8987221266e-02   1.2723413297e+00
-3.7238646329e-01   1.0047424251e-01   1.2715558211e+00
-3.5355368646e-01   1.1521161066e-01   1.2637152627e+00
-2.6397748070e-01   1.8383681778e-01   1.2258899114e+00
-2.6218710774e-01   1.8518500230e-01   1.2251254820e+00
-2.4438098467e-01   1.9854629360e-01   1.2175061394e+00
-1.5998471435e-01   2.6078537988e-01   1.1810093575e+00
-1.5830255123e-01   2.6200889118e-01   1.1802760122e+00
-1.4158190829e-01   2.7413718702e-01   1.1729752271e+00
-6.2542646785e-02   3.3071835614e-01   1.1382155064e+00
-6.0970518849e-02   3.3183246862e-01   1.1375205107e+00
-4.5349891982e-02   3.4288104418e-01   1.1306086669e+00
2.8351872685e-02   3.9456059263e-01   1.0978744355e+00
2.9815820006e-02   3.9558081652e-01   1.0972228006e+00
4.4357937252e-02   4.0570463569e-01   1.0907481888e+00
1.1289829222e-01   4.5323150347e-01   1.0602315137e+00
1.1425878683e-01   4.5417295916e-01   1.0596264750e+00
1.2777191986e-01   4.6352262430e-01   1.0536200497e+00
1.9144573700e-01   5.0761386776e-01   1.0254389684e+00
1.9270963553e-01   5.0849086434e-01   1.0248824234e+00
2.0526395506e-01   5.1720856503e-01   1.0193621362e+00
2.6445092047e-01   5.5853346102e-01   9.9358047282e-01
3.2029648227e-01   5.9805685419e-01   9.6977806271e-01
3.2140688855e-01   5.9884977326e-01   9.6931154481e-01
3.3244162438e-01   6.0674680458e-01   9.6469208264e-01
3.8461444199e-01   6.4456944330e-01   9.4331898826e-01
4.3414229848e-01   6.8137555555e-01   9.2392285810e-01
4.3513074429e-01   6.8212050406e-01   9.2354640499e-01
4.4496215177e-01   6.8955397952e-01   9.1982720256e-01
4.9168060670e-01   7.2551493166e-01   9.0284041628e-01
5.3644899498e-01   7.6107089111e-01   8.8780949027e-01
5.3734713648e-01   7.6179608945e-01   8.8752217817e-01
5.4629097655e-01   7.6904422164e-01   8.8469394614e-01
5.8907041000e-01   8.0439854344e-01   8.7204969145e-01
6.3053269359e-01   8.3978740214e-01   8.6135033151e-01
6.3136949032e-01   8.4051323009e-01   8.6115163726e-01
6.3971344240e-01   8.4777587174e-01   8.5920957360e-01
6.7990514110e-01   8.8339677750e-01   8.5089694257e-01
7.1931203475e-01   9.1932010949e-01   8.4454202728e-01
7.2011194512e-01   9.2005912587e-01   8.4443248199e-01
7.2809795643e-01   9.2745786743e-01   8.4338250172e-01
7.6681223228e-01   9.6383411145e-01   8.3944624257e-01
8.0514750956e-01   1.0006030507e+00   8.3750619541e-01
8.0592928146e-01   1.0013597352e+00   8.3748749474e-01
8.1374167673e-01   1.0089351508e+00   8.3734708582e-01
8.5179436343e-01   1.0461529752e+00   8.3788547891e-01
8.8972694324e-01   1.0836625281e+00   8.4047598268e-01
8.9050267438e-01   1.0844326784e+00   8.4055063086e-01
8.9825883062e-01   1.0921381349e+00   8.4134506439e-01
9.3612713257e-01   1.1298470617e+00   8.4648537835e-01
9.7396817043e-01   1.1675364921e+00   8.5373267935e-01
9.7474243497e-01   1.1683063706e+00   8.5390317094e-01
9.8248405082e-01   1.1759994257e+00   8.5565707705e-01
1.0202638746e+00   1.2133691341e+00   8.6550800930e-01
1.0579240225e+00   1.2501795397e+00   8.7749046773e-01
1.0586929978e+00   1.2509250406e+00   8.7775797538e-01
1.0663773706e+00   1.2583592298e+00   8.8048196375e-01
1.1037412624e+00   1.2940437920e+00   8.9506154995e-01
1.1406906747e+00   1.3283936456e+00   9.1172652514e-01
1.1414413579e+00   1.3290799544e+00   9.1208908642e-01
1.1489336560e+00   1.3359018068e+00   9.1576137566e-01
1.1850964223e+00   1.3680377021e+00   9.3490129535e-01
1.2203384244e+00   1.3978471681e+00   9.5596082036e-01
1.2210482049e+00   1.3984295881e+00   9.5641112785e-01
1.2281174657e+00   1.4041876855e+00   9.6095530803e-01
1.2618251468e+00   1.4304608380e+00   9.8418950846e-01
1.2939029360e+00   1.4532622402e+00   1.0090074401e+00
1.2945399529e+00   1.4536889583e+00   1.0095305505e+00
1.3008632066e+00   1.4578627720e+00   1.0147927710e+00
1.3304286337e+00   1.4756816131e+00   1.0412501088e+00
1.3574903933e+00   1.4888493251e+00   1.0687467889e+00
1.3816213124e+00   1.4968700398e+00   1.0969666072e+00
1.3820816014e+00   1.4969772083e+00   1.0975493683e+00
1.3866060841e+00   1.4979190214e+00   1.1033847445e+00
1.4065529345e+00   1.4990286990e+00   1.1319983237e+00
1.4226063185e+00   1.4940862806e+00   1.1604877946e+00
1.4343565403e+00   1.4828182515e+00   1.1884219236e+00
1.4345494055e+00   1.4825201593e+00   1.1889847935e+00
1.4363694651e+00   1.4793892092e+00   1.1945894904e+00
1.4423398629e+00   1.4601574759e+00   1.2212299314e+00
1.4432379473e+00   1.4343983983e+00   1.2463087518e+00
1.4388142627e+00   1.4022300361e+00   1.2693827406e+00
1.4386667731e+00   1.4015061620e+00   1.2698311314e+00
1.4370648673e+00   1.3941259330e+00   1.2742583945e+00
1.4258958118e+00   1.3544651618e+00   1.2943114988e+00
1.4091433446e+00   1.3091405286e+00   1.3114886247e+00
1.4087421688e+00   1.3081571539e+00   1.3118079228e+00
1.4046024744e+00   1.2982061507e+00   1.3149268695e+00
1.3810646727e+00   1.2466834224e+00   1.3281667490e+00
1.3521520284e+00   1.1908272123e+00   1.3379372040e+00
1.3515056545e+00   1.1896436412e+00   1.3380997898e+00
1.3449242352e+00   1.1777263588e+00   1.3396419239e+00
1.3097784777e+00   1.1175686960e+00   1.3449677516e+00
1.2699399797e+00   1.0547791660e+00   1.3466025180e+00
1.2690784450e+00   1.0534720723e+00   1.3465974914e+00
1.2603658680e+00   1.0403606974e+00   1.3464627788e+00
1.2153846742e+00   9.7545030701e-01   1.3436201190e+00
1.1667770711e+00   9.0969488415e-01   1.3372459492e+00
1.1657481010e+00   9.0834545213e-01   1.3370797453e+00
1.1553888633e+00   8.9485056936e-01   1.3353407377e+00
1.1031100092e+00   8.2908482384e-01   1.3248892823e+00
1.1020134201e+00   8.2774429217e-01   1.3246424497e+00
1.0909948622e+00   8.1435775678e-01   1.3221039554e+00
1.0359397158e+00   7.4960458398e-01   1.3079368553e+00
1.0347940426e+00   7.4829275282e-01   1.3076174510e+00
1.0233017494e+00   7.3520987389e-01   1.3043613095e+00
9.6637714449e-01   6.7234931522e-01   1.2869070088e+00
9.6520085244e-01   6.7108285972e-01   1.2865242210e+00
9.5341904762e-01   6.5846733679e-01   1.2826430655e+00
8.9550843262e-01   5.9821773991e-01   1.2623693861e+00
8.9431923226e-01   5.9700993513e-01   1.2619329831e+00
8.8242401434e-01   5.8499134427e-01   1.2575247638e+00
8.2435709470e-01   5.2790301057e-01   1.2349134125e+00
8.2317137085e-01   5.2676369894e-01   1.2344332475e+00
8.1132512566e-01   5.1543736908e-01   1.2295963498e+00
7.5385383411e-01   4.6189683080e-01   1.2051210576e+00
7.5268621256e-01   4.6083258711e-01   1.2046066585e+00
7.4103341166e-01   4.5026140467e-01   1.1994358886e+00
6.8481485256e-01   4.0050383390e-01   1.1735451602e+00
6.3003297541e-01   3.5391473937e-01   1.1468057114e+00
6.2892886957e-01   3.5299428616e-01   1.1462512900e+00
6.1792866913e-01   3.4386294045e-01   1.1406937612e+00
5.6532170993e-01   3.0115695293e-01   1.1132519311e+00
5.1475824657e-01   2.6155958653e-01   1.0854806946e+00
5.1374591902e-01   2.6078085809e-01   1.0849101617e+00
5.0367428252e-01   2.5306275876e-01   1.0792020099e+00
4.5585498570e-01   2.1713488471e-01   1.0512839490e+00
4.1040927339e-01   1.8405096711e-01   1.0234243972e+00
4.0950435273e-01   1.8340234432e-01   1.0228557052e+00
4.0051160411e-01   1.7697766248e-01   1.0171734894e+00
3.5806362133e-01   1.4715728057e-01   9.8956572145e-01
3.1808570251e-01   1.1980225418e-01   9.6228372829e-01
3.1729308294e-01   1.1926673262e-01   9.6172930930e-01
3.0942338843e-01   1.1396364344e-01   9.5619479989e-01
2.7244396112e-01   8.9372059766e-02   9.2942809833e-01
2.3785329832e-01   6.6821666565e-02   9.0315607471e-01
2.3716965585e-01   6.6380020384e-02   9.0262383183e-01
2.3038631895e-01   6.2005791791e-02   8.9731407380e-01
1.9861197651e-01   4.1693786650e-02   8.7171568455e-01
1.6902310636e-01   2.2998343150e-02   8.4670742716e-01
1.4150181406e-01   5.7358795281e-03   8.2231441266e-01
1.4095915642e-01   5.3962262045e-03   8.2182164352e-01
1.3557701956e-01   2.0282973200e-03   8.1690855128e-01
1.1041220339e-01   -1.3719068399e-02   7.9329126139e-01
8.7017564336e-02   -2.8417246657e-02   7.7031696567e-01
6.5250338119e-02   -4.2226340031e-02   7.4798876671e-01
6.4820741762e-02   -4.2500810598e-02   7.4753845548e-01
6.0558665076e-02   -4.5228829600e-02   7.4305020998e-01
4.0587389148e-02   -5.8155434496e-02   7.2151185325e-01
2.1919975857e-02   -7.0521511178e-02   7.0061310300e-01
4.4119184867e-03   -8.2463077016e-02   6.8034703137e-01
-1.2079184887e-02   -9.4109732659e-02   6.6070522424e-01
-1.2407123517e-02   -9.4345940071e-02   6.6030961200e-01
-1.5666556546e-02   -9.6704310759e-02   6.5636764392e-01
-3.1101676065e-02   -1.0815802153e-01   6.3747789351e-01
-4.5826012882e-02   -1.1958591614e-01   6.1919109303e-01
-5.9971659106e-02   -1.3110213058e-01   6.0149750025e-01
-7.3667233482e-02   -1.4281782374e-01   5.8438778642e-01
-7.3943768033e-02   -1.4306049742e-01   5.8404358684e-01
-7.6701868124e-02   -1.4549455198e-01   5.8061483174e-01
-9.0016533398e-02   -1.5760320741e-01   5.6420884268e-01
-1.0315593010e-01   -1.7015261816e-01   5.4836900866e-01
-1.1623927490e-01   -1.8325058245e-01   5.3308937267e-01
-1.2938382732e-01   -1.9700580710e-01   5.1836561657e-01
-1.2965435252e-01   -1.9729501474e-01   5.1807000674e-01
-1.3236390509e-01   -2.0020499155e-01   5.1512665773e-01
-1.4574133819e-01   -2.1491640214e-01   5.0108091862e-01
-1.5943696198e-01   -2.3053484837e-01   4.8758884534e-01
-1.7356603252e-01   -2.4717817023e-01   4.7465352953e-01
-1.8824468309e-01   -2.6496891491e-01   4.6228114661e-01
-1.8855171996e-01   -2.6534596642e-01   4.6203382524e-01
-1.9163768828e-01   -2.6914611331e-01   4.5957382356e-01
-2.0715043006e-01   -2.8851790499e-01   4.4790478689e-01
-2.2347816865e-01   -3.0933095091e-01   4.3682593886e-01
-2.4074508781e-01   -3.3172859664e-01   4.2635693267e-01
-2.5907949704e-01   -3.5586219875e-01   4.1652301464e-01
-2.5946687950e-01   -3.5637545468e-01   4.1632855841e-01
-2.6336862105e-01   -3.6155200155e-01   4.1439941593e-01
-2.8319298527e-01   -3.8803142253e-01   4.0538754301e-01
-3.0438886794e-01   -4.1661518193e-01   3.9709157974e-01
-3.2710275374e-01   -4.4748386662e-01   3.8956141822e-01
-3.2758462847e-01   -4.4814093421e-01   3.8941567823e-01
-3.3244217814e-01   -4.5476899926e-01   3.8797741638e-01
-3.5722572945e-01   -4.8869709431e-01   3.8146869597e-01
-3.8387868421e-01   -5.2534538390e-01   3.7587603405e-01
-4.1257113059e-01   -5.6492321293e-01   3.7128850929e-01
-4.1318100358e-01   -5.6576547918e-01   3.7120581128e-01
-4.1933116036e-01   -5.7426104145e-01   3.7040460421e-01
-4.5076531334e-01   -6.1772315500e-01   3.6719394867e-01
-4.8464422628e-01   -6.6460163893e-01   3.6524839133e-01
-4.8536460872e-01   -6.6559848826e-01   3.6522279585e-01
-4.9262957951e-01   -6.7565125473e-01   3.6499972158e-01
-5.2976710973e-01   -7.2701758008e-01   3.6481149478e-01
-5.6978490091e-01   -7.8228795453e-01   3.6625693110e-01
-5.7063555891e-01   -7.8346157999e-01   3.6630500443e-01
-5.7921352366e-01   -7.9529292015e-01   3.6682858652e-01
-6.2303361841e-01   -8.5562277954e-01   3.7056456554e-01
-6.7017851614e-01   -9.2028160019e-01   3.7644450871e-01
-6.7117966576e-01   -9.2165145625e-01   3.7658920238e-01
-6.8127258493e-01   -9.3545338284e-01   3.7809261412e-01
-7.3275132322e-01   -1.0056052162e+00   3.8699129178e-01
-7.3384352156e-01   -1.0070888599e+00   3.8720180486e-01
-7.4485189372e-01   -1.0220309731e+00   3.8937274799e-01
-8.0092627131e-01   -1.0977927742e+00   4.0178866999e-01
-8.0211455822e-01   -1.0993915566e+00   4.0207583706e-01
-8.1408794570e-01   -1.1154847729e+00   4.0502406802e-01
-8.7497430506e-01   -1.1968334350e+00   4.2153051799e-01
-8.7626258889e-01   -1.1985453998e+00   4.2190671820e-01
-8.8923875260e-01   -1.2157665100e+00   4.2575744113e-01
-9.5508184111e-01   -1.3024826627e+00   4.4700229881e-01
-9.5647230073e-01   -1.3043012861e+00   4.4748140502e-01
-9.7047107312e-01   -1.3225801101e+00   4.5237464250e-01
-1.0413100663e+00   -1.4141788219e+00   4.7907362330e-01
-1.0428023821e+00   -1.4160914805e+00   4.7967079027e-01
-1.0578178081e+00   -1.4352952951e+00   4.8575907969e-01
-1.1335433513e+00   -1.5309437172e+00   5.1867898981e-01
-1.1351337445e+00   -1.5329298986e+00   5.1941020413e-01
-1.1511242926e+00   -1.5528453355e+00   5.2685383303e-01
-1.2314258865e+00   -1.6512694840e+00   5.6678159821e-01
-1.2331059597e+00   -1.6532988110e+00   5.6766289709e-01
-1.2499827472e+00   -1.6736119912e+00   5.7662173427e-01
-1.3342867766e+00   -1.7729983661e+00   6.2431436803e-01
-1.3360421732e+00   -1.7750285898e+00   6.2536062565e-01
-1.3536554173e+00   -1.7953051410e+00   6.3598153749e-01
-1.4410558056e+00   -1.8932079852e+00   6.9209229342e-01
-1.4428647476e+00   -1.8951832190e+00   6.9331548435e-01
-1.4609890874e+00   -1.9148510381e+00   7.0571445436e-01
-1.5501751514e+00   -2.0081227055e+00   7.7069179043e-01
-1.5520069781e+00   -2.0099723234e+00   7.7209868320e-01
-1.5703269454e+00   -2.0283114363e+00   7.8633722907e-01
-1.6595166012e+00   -2.1130808554e+00   8.6029669979e-01
-1.6613305092e+00   -2.1147196268e+00   8.6188602756e-01
-1.6794282535e+00   -2.1308650136e+00   8.7794250267e-01
-1.7663190718e+00   -2.2025957721e+00   9.6051804779e-01
-1.7680633518e+00   -2.2039259166e+00   9.6227736005e-01
-1.7854116526e+00   -2.2168901895e+00   9.8001535829e-01
-1.8671666790e+00   -2.2705520459e+00   1.0702059404e+00
-1.8687788296e+00   -2.2714678796e+00   1.0721085582e+00
-1.8847432492e+00   -2.2801904057e+00   1.0912468658e+00
-1.9580315794e+00   -2.3105714904e+00   1.1872860781e+00
-1.9594397158e+00   -2.3109670972e+00   1.1892888189e+00
-1.9732940897e+00   -2.3143935408e+00   1.2093797954e+00
-2.0344057932e+00   -2.3165605305e+00   1.3086669738e+00
-2.0355317218e+00   -2.3163403505e+00   1.3107095051e+00
-2.0464905615e+00   -2.3135309039e+00   1.3311345806e+00
-2.0915392742e+00   -2.2834090691e+00   1.4302709007e+00
-2.0923034096e+00   -2.2825004560e+00   1.4322775952e+00
-2.0995727486e+00   -2.2727563676e+00   1.4522684894e+00
-2.1247854031e+00   -2.2077550065e+00   1.5472340825e+00
-2.1251133587e+00   -2.2061208182e+00   1.5491189574e+00
-2.1279579399e+00   -2.1891090216e+00   1.5678100065e+00
-2.1300302759e+00   -2.0886737741e+00   1.6542936728e+00
-2.1298604874e+00   -2.0863222911e+00   1.6559683502e+00
-2.1276804456e+00   -2.0621706298e+00   1.6724785265e+00
-2.1041533277e+00   -1.9281232038e+00   1.7463317137e+00
-2.1034446037e+00   -1.9251125548e+00   1.7477154314e+00
-2.0958502014e+00   -1.8944477748e+00   1.7612495060e+00
-2.0489888513e+00   -1.7411054646e+00   1.8160234494e+00
-2.0477527068e+00   -1.7375640142e+00   1.8170712040e+00
-2.0348848961e+00   -1.7017021062e+00   1.8272018280e+00
-1.9704297463e+00   -1.5419149344e+00   1.8628918545e+00
-1.9687112765e+00   -1.5379916548e+00   1.8635937381e+00
-1.9510437496e+00   -1.4984368735e+00   1.8702465471e+00
-1.8729684590e+00   -1.3373704775e+00   1.8899898865e+00
-1.8708220213e+00   -1.3332018725e+00   1.8903554934e+00
-1.8489162037e+00   -1.2913212024e+00   1.8936482640e+00
-1.7601716942e+00   -1.1322462069e+00   1.9001942050e+00
-1.7576564326e+00   -1.1279520648e+00   1.9002467218e+00
-1.7321168254e+00   -1.0849362599e+00   1.9004291479e+00
-1.6349343539e+00   -9.2994383251e-01   1.8961028468e+00
-1.6321113998e+00   -9.2562597374e-01   1.8958745888e+00
-1.6035579639e+00   -8.8248007597e-01   1.8932833116e+00
-1.4996182402e+00   -7.3282938137e-01   1.8800387898e+00
-1.4965487066e+00   -7.2857187615e-01   1.8795676986e+00
-1.4655973208e+00   -6.8611991551e-01   1.8745914165e+00
-1.3561630038e+00   -5.4249846009e-01   1.8540656072e+00
-1.3529065966e+00   -5.3836872443e-01   1.8533925917e+00
-1.3201557435e+00   -4.9726665412e-01   1.8464458773e+00
-1.2061833345e+00   -3.5998679179e-01   1.8200158111e+00
-1.2027974186e+00   -3.5603713040e-01   1.8191827849e+00
-1.1688193945e+00   -3.1678972400e-01   1.8106869899e+00
-1.0510567285e+00   -1.8593438943e-01   1.7795284480e+00
-1.0475956977e+00   -1.8220369841e-01   1.7785769058e+00
-1.0129308394e+00   -1.4518262132e-01   1.7689464958e+00
-8.9199020606e-01   -2.0697787422e-02   1.7340876962e+00
-8.8850503583e-01   -1.7213269493e-02   1.7330576779e+00
-8.5365772283e-01   1.7325057340e-02   1.7226904406e+00
-7.3006742145e-01   1.3557511527e-01   1.6850575154e+00
-7.2660533157e-01   1.3879627849e-01   1.6839868520e+00
-6.9204105796e-01   1.7069350078e-01   1.6732568731e+00
-5.6628135241e-01   2.8289289423e-01   1.6337115727e+00
-5.6288554768e-01   2.8584192467e-01   1.6326353396e+00
-5.2902873847e-01   3.1502132590e-01   1.6218880156e+00
-4.0155785774e-01   4.2138019867e-01   1.5812596755e+00
-3.9826733565e-01   4.2405515338e-01   1.5802098050e+00
-3.6549980725e-01   4.5050587302e-01   1.5697583881e+00
-2.3677453146e-01   5.5124135710e-01   1.5288724906e+00
-2.3362395986e-01   5.5364559483e-01   1.5278775055e+00
-2.0228405558e-01   5.7740731701e-01   1.5180007880e+00
-7.2778634986e-02   6.7272173798e-01   1.4777061749e+00
-6.9798312359e-02   6.7486239967e-01   1.4767910061e+00
-4.0180842093e-02   6.9601027216e-01   1.4677317876e+00
8.9592072011e-02   7.8606035431e-01   1.4289280497e+00
9.2376150168e-02   7.8794682738e-01   1.4281139005e+00
1.2001892999e-01   8.0657628580e-01   1.4200778486e+00
2.4948068868e-01   8.9142502972e-01   1.3837436103e+00
2.5204661889e-01   8.9306735425e-01   1.3830478192e+00
2.7750259886e-01   9.0927841649e-01   1.3762022413e+00
3.9653822074e-01   9.8310842665e-01   1.3457189403e+00
3.9888265522e-01   9.8452971940e-01   1.3451464463e+00
4.2212405416e-01   9.9855030462e-01   1.3395351052e+00
5.3038748692e-01   1.0621643894e+00   1.3150736111e+00
5.3251278377e-01   1.0633843752e+00   1.3146235894e+00
5.5356689596e-01   1.0754077918e+00   1.3102338720e+00
6.5127332848e-01   1.1296458449e+00   1.2916281300e+00
6.5318506301e-01   1.1306798993e+00   1.2912955286e+00
6.7210971260e-01   1.1408559275e+00   1.2880735914e+00
7.5958394436e-01   1.1863482173e+00   1.2749813018e+00
7.6128930919e-01   1.1872075393e+00   1.2747578621e+00
7.7815724145e-01   1.1956445666e+00   1.2726186103e+00
8.5576759504e-01   1.2328315074e+00   1.2645642463e+00
8.5727422158e-01   1.2335236640e+00   1.2644392911e+00
8.7216169550e-01   1.2402943949e+00   1.2632740617e+00
9.4027387649e-01   1.2694603233e+00   1.2596818659e+00
1.0008837076e+00   1.2922093522e+00   1.2592524315e+00
1.0020474809e+00   1.2926085649e+00   1.2592734560e+00
1.0135173174e+00   1.2964546403e+00   1.2595450461e+00
1.0652053187e+00   1.3114394519e+00   1.2623562073e+00
1.1098024667e+00   1.3201472293e+00   1.2672699311e+00
1.1106423920e+00   1.3202603047e+00   1.2673889658e+00
1.1188819684e+00   1.3212478489e+00   1.2686152861e+00
1.1549940366e+00   1.3223483322e+00   1.2754221607e+00
1.1843299670e+00   1.3173388717e+00   1.2832139590e+00
1.2070196451e+00   1.3063545494e+00   1.2914941997e+00
1.2074156206e+00   1.3060685318e+00   1.2916653811e+00
1.2112255722e+00   1.3030753545e+00   1.2933764466e+00
1.2259589186e+00   1.2850373113e+00   1.3016025927e+00
1.2343702447e+00   1.2615369033e+00   1.3092831777e+00
1.2366421873e+00   1.2329131952e+00   1.3160055272e+00
1.2329914354e+00   1.1995733784e+00   1.3214008507e+00
1.2328565756e+00   1.1988448629e+00   1.3214951024e+00
1.2313778366e+00   1.1914627055e+00   1.3223990565e+00
1.2208246542e+00   1.1529919061e+00   1.3257407789e+00
1.2049782849e+00   1.1109251776e+00   1.3271249545e+00
1.1841922883e+00   1.0658385458e+00   1.3263633253e+00
1.1837179213e+00   1.0648882863e+00   1.3263243246e+00
1.1788702451e+00   1.0553311007e+00   1.3258816476e+00
1.1525756495e+00   1.0073664785e+00   1.3223241715e+00
1.1222727513e+00   9.5773429588e-01   1.3164200789e+00
1.1216138567e+00   9.5670519136e-01   1.3162746383e+00
1.1149442665e+00   9.4639081917e-01   1.3147661709e+00
1.0803751269e+00   8.9553785545e-01   1.3059956977e+00
1.0428749093e+00   8.4433102683e-01   1.2949525776e+00
1.0420802267e+00   8.4328298625e-01   1.2947034707e+00
1.0340785046e+00   8.3280788116e-01   1.2921626512e+00
9.9367914090e-01   7.8189595460e-01   1.2784838453e+00
9.5147836351e-01   7.3176153441e-01   1.2628158417e+00
9.5059922401e-01   7.3074647863e-01   1.2624755248e+00
9.4177873453e-01   7.2062443406e-01   1.2590308204e+00
8.9804712460e-01   6.7201277581e-01   1.2411637410e+00
8.5359455499e-01   6.2503749955e-01   1.2217157276e+00
8.5268027030e-01   6.2409513580e-01   1.2213025266e+00
8.4353195277e-01   6.1471643559e-01   1.2171391152e+00
7.9880028169e-01   5.7013196388e-01   1.1960295777e+00
7.5429312766e-01   5.2774225852e-01   1.1737903049e+00
7.5338704891e-01   5.2689866796e-01   1.1733246796e+00
7.4434057358e-01   5.1851732308e-01   1.1686473608e+00
7.0060179673e-01   4.7902640698e-01   1.1452943828e+00
6.5784286326e-01   4.4201149654e-01   1.1212422828e+00
6.5697980091e-01   4.4128008527e-01   1.1207438927e+00
6.4837854758e-01   4.3402431276e-01   1.1157482694e+00
6.0718478071e-01   4.0010695304e-01   1.0910774475e+00
5.6751505210e-01   3.6872409496e-01   1.0660783936e+00
5.6672024560e-01   3.6810800485e-01   1.0655642619e+00
5.5881175321e-01   3.6200481421e-01   1.0604189382e+00
5.2124664231e-01   3.3368504217e-01   1.0352098381e+00
4.8554682317e-01   3.0780086547e-01   1.0099670298e+00
4.8483625055e-01   3.0729592753e-01   1.0094507364e+00
4.7777588829e-01   3.0230072158e-01   1.0042897059e+00
4.4448647627e-01   2.7929144708e-01   9.7914992095e-01
4.1322866043e-01   2.5852325430e-01   9.5419435930e-01
4.1261027069e-01   2.5812081184e-01   9.5368599490e-01
4.0647390357e-01   2.5414543001e-01   9.4860848377e-01
3.7774036695e-01   2.3597974728e-01   9.2397994280e-01
3.5106770474e-01   2.1981559574e-01   8.9968629464e-01
3.2643512307e-01   2.0554099705e-01   8.7577683691e-01
3.2595196641e-01   2.0526774722e-01   8.7529171729e-01
3.2116650512e-01   2.0257602694e-01   8.7045037080e-01
2.9898167252e-01   1.9046556110e-01   8.4706479141e-01
2.7873754184e-01   1.8000228583e-01   8.2414031486e-01
2.6037260132e-01   1.7108440126e-01   8.0169945998e-01
2.6001582793e-01   1.7091730904e-01   8.0124527261e-01
2.5648970662e-01   1.6927961288e-01   7.9671496151e-01
2.4033378109e-01   1.6212554825e-01   7.7488867288e-01
2.2589994740e-01   1.5631401645e-01   7.5357612540e-01
2.1311348752e-01   1.5176616444e-01   7.3278388669e-01
2.0189970357e-01   1.4841141914e-01   7.1251527139e-01
2.0168606444e-01   1.4835475761e-01   7.1210585064e-01
1.9958408948e-01   1.4781408420e-01   7.0802372969e-01
1.9019760030e-01   1.4583740484e-01   6.8839737501e-01
1.8222481943e-01   1.4492757019e-01   6.6929344407e-01
1.7560013340e-01   1.4504184360e-01   6.5070870481e-01
1.7026278476e-01   1.4614615968e-01   6.3263885323e-01
1.6615754407e-01   1.4821506456e-01   6.1507886709e-01
1.6608602181e-01   1.4826735608e-01   6.1472470168e-01
1.6539796299e-01   1.4881207222e-01   6.1119466261e-01
1.6273591041e-01   1.5204057074e-01   5.9425192886e-01
1.6120547159e-01   1.5620754662e-01   5.7780682765e-01
1.6077240919e-01   1.6131483634e-01   5.6185398069e-01
1.6140965544e-01   1.6737263727e-01   5.4638841587e-01
1.6309752312e-01   1.7439950853e-01   5.3140578974e-01
1.6582388276e-01   1.8242241001e-01   5.1690260854e-01
1.6589049339e-01   1.8259727643e-01   5.1661071689e-01
1.6658041584e-01   1.8436977146e-01   5.1370278819e-01
1.7057388752e-01   1.9366216815e-01   4.9978384335e-01
1.7560675718e-01   2.0404121055e-01   4.8634078509e-01
1.8169230455e-01   2.1556173624e-01   4.7337448196e-01
1.8885201204e-01   2.2828763862e-01   4.6088773558e-01
1.9711574062e-01   2.4229214021e-01   4.4888561364e-01
2.0652192669e-01   2.5765810592e-01   4.3737582996e-01
2.0672672057e-01   2.5798750264e-01   4.3714543706e-01
2.0880215835e-01   2.6131515231e-01   4.3485312040e-01
2.1967335198e-01   2.7847676616e-01   4.2396160890e-01
2.3180445578e-01   2.9722062487e-01   4.1359141279e-01
2.4526319153e-01   3.1766316407e-01   4.0376212695e-01
2.6012694958e-01   3.3993202909e-01   3.9449837499e-01
2.6044648252e-01   3.4040790677e-01   3.9431485605e-01
2.6367636148e-01   3.4521223365e-01   3.9249345353e-01
2.8038164395e-01   3.6990960692e-01   3.8396479257e-01
2.9870039521e-01   3.9675919592e-01   3.7607886641e-01
3.1874325434e-01   4.2592674995e-01   3.6888282836e-01
3.1917237499e-01   4.2654924961e-01   3.6874311174e-01
3.2350633577e-01   4.3283208811e-01   3.6736324750e-01
3.4582829736e-01   4.6508303590e-01   3.6109078857e-01
3.7015985999e-01   5.0006337888e-01   3.5564956559e-01
3.9664723094e-01   5.3797605504e-01   3.5112326873e-01
3.9721303089e-01   5.3878423508e-01   3.5104083907e-01
4.0292462354e-01   5.4693891051e-01   3.5024007995e-01
4.3226858743e-01   5.8873491128e-01   3.4697142687e-01
4.6413251459e-01   6.3394691096e-01   3.4486231408e-01
4.6481233791e-01   6.3490966783e-01   3.4483221038e-01
4.7167312176e-01   6.4462160911e-01   3.4456141162e-01
5.0687035125e-01   6.9432756754e-01   3.4406870594e-01
5.4499879315e-01   7.4795340268e-01   3.4508409336e-01
5.4581126695e-01   7.4909362884e-01   3.4512198062e-01
5.5400843798e-01   7.6059172251e-01   3.4554055113e-01
5.9599535503e-01   8.1931828278e-01   3.4867850347e-01
6.4135291307e-01   8.8243314904e-01   3.5381114467e-01
6.4231798189e-01   8.8377222661e-01   3.5393890361e-01
6.5205127297e-01   8.9726851190e-01   3.5526925042e-01
7.0180640471e-01   9.6599289704e-01   3.6322263997e-01
7.0286394695e-01   9.6744863996e-01   3.6341202676e-01
7.1352726972e-01   9.8211509002e-01   3.6536769140e-01
7.6795981714e-01   1.0566304584e+00   3.7662466872e-01
7.6911533904e-01   1.0582057027e+00   3.7688621476e-01
7.8076314611e-01   1.0740684650e+00   3.7957397384e-01
8.4011959419e-01   1.1544366846e+00   3.9469503839e-01
8.4137773563e-01   1.1561314059e+00   3.9504089971e-01
8.5405536985e-01   1.1731870376e+00   3.9858383065e-01
9.1852485359e-01   1.2592974379e+00   4.1820978381e-01
9.1988883617e-01   1.2611075561e+00   4.1865375682e-01
9.3362686804e-01   1.2793108117e+00   4.2319129489e-01
1.0033095329e+00   1.3708136254e+00   4.4804041443e-01
1.0047804392e+00   1.3727295198e+00   4.4859781522e-01
1.0195872911e+00   1.3919782308e+00   4.5428438673e-01
1.0944536246e+00   1.4882036135e+00   4.8514092425e-01
1.0960294824e+00   1.4902083439e+00   4.8582825773e-01
1.1118820766e+00   1.5103253714e+00   4.9282973269e-01
1.1917221263e+00   1.6101889401e+00   5.3051956181e-01
1.1933967790e+00   1.6122562145e+00   5.3135388714e-01
1.2102290478e+00   1.6329689372e+00   5.3984090042e-01
1.2945911798e+00   1.7348677933e+00   5.8518928719e-01
1.2963529472e+00   1.7369597975e+00   5.8618717116e-01
1.3140422559e+00   1.7578783795e+00   5.9632422023e-01
1.3516642839e+00   1.8018275010e+00   6.1860433625e-01
