X    Y
0.0000000000e+00   3.6000000000e-01
1.0000000000e-04   3.6000000000e-01
1.1000000000e-03   3.6000000000e-01
8.9163165608e-03   3.6000000000e-01
1.6732633122e-02   3.6000000000e-01
2.4548949682e-02   3.6000000000e-01
3.2365266243e-02   3.6000000000e-01
4.0181582804e-02   3.6000000000e-01
4.7997899365e-02   3.6000000000e-01
5.5814215926e-02   3.6000000000e-01
6.3630532487e-02   3.6000000000e-01
7.1446849047e-02   3.6000000000e-01
7.9263165608e-02   3.6000000000e-01
8.7079482169e-02   3.6000000000e-01
9.4895798730e-02   3.6000000000e-01
1.0271211529e-01   3.6000000000e-01
1.1052843185e-01   3.6000000000e-01
1.1834474841e-01   3.6000000000e-01
1.2616106497e-01   3.6000000000e-01
1.3397738153e-01   3.6000000000e-01
1.4179369809e-01   3.6000000000e-01
1.4961001466e-01   3.6000000000e-01
1.5742633122e-01   3.6000000000e-01
1.6524264778e-01   3.6000000000e-01
1.7305896434e-01   3.6000000000e-01
1.8087528090e-01   3.6000000000e-01
1.8869159746e-01   3.6000000000e-01
1.9650791402e-01   3.6000000000e-01
2.0432423058e-01   3.6000000000e-01
2.1214054714e-01   3.6000000000e-01
2.1995686370e-01   3.6000000000e-01
2.2777318026e-01   3.6000000000e-01
2.3558949682e-01   3.6000000000e-01
2.4340581339e-01   3.6000000000e-01
2.5122212995e-01   3.6000000000e-01
2.5903844651e-01   3.6000000000e-01
2.6685476307e-01   3.6000000000e-01
2.7467107963e-01   3.6000000000e-01
2.8248739619e-01   3.6000000000e-01
2.9030371275e-01   3.6000000000e-01
2.9812002931e-01   3.6000000000e-01
3.0593634587e-01   3.6000000000e-01
3.1375266243e-01   3.6000000000e-01
3.2156897899e-01   3.6000000000e-01
3.2938529555e-01   3.6000000000e-01
3.3720161212e-01   3.6000000000e-01
3.4501792868e-01   3.6000000000e-01
3.5283424524e-01   3.6000000000e-01
3.6065056180e-01   3.6000000000e-01
3.6846687836e-01   3.6000000000e-01
3.7628319492e-01   3.6000000000e-01
3.8409951148e-01   3.6000000000e-01
3.9191582804e-01   3.6000000000e-01
3.9973214460e-01   3.6000000000e-01
4.0754846116e-01   3.6000000000e-01
4.1536477772e-01   3.6000000000e-01
4.2318109428e-01   3.6000000000e-01
4.3099741085e-01   3.6000000000e-01
4.3881372741e-01   3.6000000000e-01
4.4663004397e-01   3.6000000000e-01
4.5444636053e-01   3.6000000000e-01
4.6226267709e-01   3.6000000000e-01
4.7007899365e-01   3.6000000000e-01
4.7789531021e-01   3.6000000000e-01
4.8571162677e-01   3.6000000000e-01
4.9352794333e-01   3.6000000000e-01
5.0134425989e-01   3.6000000000e-01
5.0916057645e-01   3.6000000000e-01
5.1697689301e-01   3.6000000000e-01
5.2479320957e-01   3.6000000000e-01
5.3260952614e-01   3.6000000000e-01
5.4042584270e-01   3.6000000000e-01
5.4824215926e-01   3.6000000000e-01
5.5605847582e-01   3.6000000000e-01
5.6387479238e-01   3.6000000000e-01
5.7169110894e-01   3.6000000000e-01
5.7950742550e-01   3.6000000000e-01
5.8732374206e-01   3.6000000000e-01
5.9514005862e-01   3.6000000000e-01
6.0295637518e-01   3.6000000000e-01
6.1077269174e-01   3.6000000000e-01
6.1858900830e-01   3.6000000000e-01
6.2640532487e-01   3.6000000000e-01
6.3422164143e-01   3.6000000000e-01
6.4203795799e-01   3.6000000000e-01
6.4985427455e-01   3.6000000000e-01
6.5767059111e-01   3.6000000000e-01
6.6548690767e-01   3.6000000000e-01
6.7330322423e-01   3.6000000000e-01
6.8111954079e-01   3.6000000000e-01
6.8893585735e-01   3.6000000000e-01
6.9675217391e-01   3.6000000000e-01
7.0456849047e-01   3.6000000000e-01
7.1238480703e-01   3.6000000000e-01
7.2020112360e-01   3.6000000000e-01
7.2801744016e-01   3.6000000000e-01
7.3583375672e-01   3.6000000000e-01
7.4365007328e-01   3.6000000000e-01
7.5146638984e-01   3.6000000000e-01
7.5928270640e-01   3.6000000000e-01
7.6709902296e-01   3.6000000000e-01
7.7491533952e-01   3.6000000000e-01
7.8273165608e-01   3.6000000000e-01
7.9054797264e-01   3.6000000000e-01
7.9836428920e-01   3.6000000000e-01
8.0618060576e-01   3.6000000000e-01
8.1399692233e-01   3.6000000000e-01
8.2181323889e-01   3.6000000000e-01
8.2962955545e-01   3.6000000000e-01
8.3744587201e-01   3.6000000000e-01
8.4526218857e-01   3.6000000000e-01
8.5307850513e-01   3.6000000000e-01
8.6089482169e-01   3.6000000000e-01
8.6871113825e-01   3.6000000000e-01
8.7652745481e-01   3.6000000000e-01
8.8434377137e-01   3.6000000000e-01
8.9216008793e-01   3.6000000000e-01
8.9997640449e-01   3.6000000000e-01
9.0779272106e-01   3.6000000000e-01
9.1560903762e-01   3.6000000000e-01
9.2342535418e-01   3.6000000000e-01
9.3124167074e-01   3.6000000000e-01
9.3905798730e-01   3.6000000000e-01
9.4687430386e-01   3.6000000000e-01
9.5469062042e-01   3.6000000000e-01
9.6250693698e-01   3.6000000000e-01
9.7032325354e-01   3.6000000000e-01
9.7813957010e-01   3.6000000000e-01
9.8595588666e-01   3.6000000000e-01
9.9377220322e-01   3.6000000000e-01
1.0015885198e+00   3.6000000000e-01
1.0094048363e+00   3.6000000000e-01
1.0172211529e+00   3.6000000000e-01
1.0250374695e+00   3.6000000000e-01
1.0328537860e+00   3.6000000000e-01
1.0406701026e+00   3.6000000000e-01
1.0484864191e+00   3.6000000000e-01
1.0563027357e+00   3.6000000000e-01
1.0641190523e+00   3.6000000000e-01
1.0719353688e+00   3.6000000000e-01
1.0797516854e+00   3.6000000000e-01
1.0875680020e+00   3.6000000000e-01
1.0953843185e+00   3.6000000000e-01
1.1032006351e+00   3.6000000000e-01
1.1110169516e+00   3.6000000000e-01
1.1188332682e+00   3.6000000000e-01
1.1266495848e+00   3.6000000000e-01
1.1344659013e+00   3.6000000000e-01
1.1422822179e+00   3.6000000000e-01
1.1500985344e+00   3.6000000000e-01
1.1579148510e+00   3.6000000000e-01
1.1657311676e+00   3.6000000000e-01
1.1735474841e+00   3.6000000000e-01
1.1813638007e+00   3.6000000000e-01
1.1891801172e+00   3.6000000000e-01
1.1969964338e+00   3.6000000000e-01
1.2048127504e+00   3.6000000000e-01
1.2126290669e+00   3.6000000000e-01
1.2204453835e+00   3.6000000000e-01
1.2282617000e+00   3.6000000000e-01
1.2360780166e+00   3.6000000000e-01
1.2438943332e+00   3.6000000000e-01
1.2517106497e+00   3.6000000000e-01
1.2595269663e+00   3.6000000000e-01
1.2673432829e+00   3.6000000000e-01
1.2751595994e+00   3.6000000000e-01
1.2829759160e+00   3.6000000000e-01
1.2907922325e+00   3.6000000000e-01
1.2986085491e+00   3.6000000000e-01
1.3064248657e+00   3.6000000000e-01
1.3142411822e+00   3.6000000000e-01
1.3220574988e+00   3.6000000000e-01
1.3298738153e+00   3.6000000000e-01
1.3376901319e+00   3.6000000000e-01
1.3455064485e+00   3.6000000000e-01
1.3533227650e+00   3.6000000000e-01
1.3611390816e+00   3.6000000000e-01
1.3689553981e+00   3.6000000000e-01
1.3767717147e+00   3.6000000000e-01
1.3845880313e+00   3.6000000000e-01
1.3924043478e+00   3.6000000000e-01
1.4002206644e+00   3.6000000000e-01
1.4080369809e+00   3.6000000000e-01
1.4158532975e+00   3.6000000000e-01
1.4236696141e+00   3.6000000000e-01
1.4314859306e+00   3.6000000000e-01
1.4393022472e+00   3.6000000000e-01
1.4471185638e+00   3.6000000000e-01
1.4549348803e+00   3.6000000000e-01
1.4627511969e+00   3.6000000000e-01
1.4705675134e+00   3.6000000000e-01
1.4783838300e+00   3.6000000000e-01
1.4862001466e+00   3.6000000000e-01
1.4940164631e+00   3.6000000000e-01
1.5018327797e+00   3.6000000000e-01
1.5096490962e+00   3.6000000000e-01
1.5174654128e+00   3.6000000000e-01
1.5252817294e+00   3.6000000000e-01
1.5330980459e+00   3.6000000000e-01
1.5409143625e+00   3.6000000000e-01
1.5487306790e+00   3.6000000000e-01
1.5565469956e+00   3.6000000000e-01
1.5643633122e+00   3.6000000000e-01
1.5721796287e+00   3.6000000000e-01
1.5799959453e+00   3.6000000000e-01
1.5878122618e+00   3.6000000000e-01
1.5956285784e+00   3.6000000000e-01
1.6034448950e+00   3.6000000000e-01
1.6112612115e+00   3.6000000000e-01
1.6190775281e+00   3.6000000000e-01
1.6268938447e+00   3.6000000000e-01
1.6347101612e+00   3.6000000000e-01
1.6348101612e+00   3.6000000000e-01
1.6358101612e+00   3.6000000000e-01
1.6436264778e+00   3.6000000000e-01
1.6514427943e+00   3.6000000000e-01
1.6592591109e+00   3.6000000000e-01
1.6670754275e+00   3.6000000000e-01
1.6748917440e+00   3.6000000000e-01
1.6827080606e+00   3.6000000000e-01
1.6905243771e+00   3.6000000000e-01
1.6983406937e+00   3.6000000000e-01
1.7061570103e+00   3.6000000000e-01
1.7139733268e+00   3.6000000000e-01
1.7217896434e+00   3.6000000000e-01
1.7296059599e+00   3.6000000000e-01
1.7374222765e+00   3.6000000000e-01
1.7452385931e+00   3.6000000000e-01
1.7530549096e+00   3.6000000000e-01
1.7608712262e+00   3.6000000000e-01
1.7686875427e+00   3.6000000000e-01
1.7765038593e+00   3.6000000000e-01
1.7843201759e+00   3.6000000000e-01
1.7921364924e+00   3.6000000000e-01
1.7999528090e+00   3.6000000000e-01
1.8077691255e+00   3.6000000000e-01
1.8155854421e+00   3.6000000000e-01
1.8234017587e+00   3.6000000000e-01
1.8312180752e+00   3.6000000000e-01
1.8390343918e+00   3.6000000000e-01
1.8468507084e+00   3.6000000000e-01
1.8546670249e+00   3.6000000000e-01
1.8624833415e+00   3.6000000000e-01
1.8702996580e+00   3.6000000000e-01
1.8781159746e+00   3.6000000000e-01
1.8859322912e+00   3.6000000000e-01
1.8937486077e+00   3.6000000000e-01
1.9015649243e+00   3.6000000000e-01
1.9093812408e+00   3.6000000000e-01
1.9171975574e+00   3.6000000000e-01
1.9250138740e+00   3.6000000000e-01
1.9328301905e+00   3.6000000000e-01
1.9406465071e+00   3.6000000000e-01
1.9484628236e+00   3.6000000000e-01
1.9562791402e+00   3.6000000000e-01
1.9640954568e+00   3.6000000000e-01
1.9719117733e+00   3.6000000000e-01
1.9797280899e+00   3.6000000000e-01
1.9875444064e+00   3.6000000000e-01
1.9953607230e+00   3.6000000000e-01
2.0031770396e+00   3.6000000000e-01
2.0109933561e+00   3.6000000000e-01
2.0188096727e+00   3.6000000000e-01
2.0266259893e+00   3.6000000000e-01
2.0344423058e+00   3.6000000000e-01
2.0422586224e+00   3.6000000000e-01
2.0500749389e+00   3.6000000000e-01
2.0578912555e+00   3.6000000000e-01
2.0657075721e+00   3.6000000000e-01
2.0735238886e+00   3.6000000000e-01
2.0813402052e+00   3.6000000000e-01
2.0891565217e+00   3.6000000000e-01
2.0969728383e+00   3.6000000000e-01
2.1047891549e+00   3.6000000000e-01
2.1126054714e+00   3.6000000000e-01
2.1204217880e+00   3.6000000000e-01
2.1282381045e+00   3.6000000000e-01
2.1360544211e+00   3.6000000000e-01
2.1438707377e+00   3.6000000000e-01
2.1516870542e+00   3.6000000000e-01
2.1595033708e+00   3.6000000000e-01
2.1673196873e+00   3.6000000000e-01
2.1751360039e+00   3.6000000000e-01
2.1829523205e+00   3.6000000000e-01
2.1907686370e+00   3.6000000000e-01
2.1985849536e+00   3.6000000000e-01
2.2064012702e+00   3.6000000000e-01
2.2142175867e+00   3.6000000000e-01
2.2220339033e+00   3.6000000000e-01
2.2298502198e+00   3.6000000000e-01
2.2376665364e+00   3.6000000000e-01
2.2454828530e+00   3.6000000000e-01
2.2532991695e+00   3.6000000000e-01
2.2611154861e+00   3.6000000000e-01
2.2689318026e+00   3.6000000000e-01
2.2767481192e+00   3.6000000000e-01
2.2845644358e+00   3.6000000000e-01
2.2923807523e+00   3.6000000000e-01
2.3001970689e+00   3.6000000000e-01
2.3080133854e+00   3.6000000000e-01
2.3158297020e+00   3.6000000000e-01
2.3236460186e+00   3.6000000000e-01
2.3314623351e+00   3.6000000000e-01
2.3392786517e+00   3.6000000000e-01
2.3470949682e+00   3.6000000000e-01
2.3549112848e+00   3.6000000000e-01
2.3627276014e+00   3.6000000000e-01
2.3705439179e+00   3.6000000000e-01
2.3783602345e+00   3.6000000000e-01
2.3861765511e+00   3.6000000000e-01
2.3939928676e+00   3.6000000000e-01
2.4018091842e+00   3.6000000000e-01
2.4096255007e+00   3.6000000000e-01
2.4174418173e+00   3.6000000000e-01
2.4252581339e+00   3.6000000000e-01
2.4330744504e+00   3.6000000000e-01
2.4408907670e+00   3.6000000000e-01
2.4487070835e+00   3.6000000000e-01
2.4565234001e+00   3.6000000000e-01
2.4643397167e+00   3.6000000000e-01
2.4721560332e+00   3.6000000000e-01
2.4799723498e+00   3.6000000000e-01
2.4877886663e+00   3.6000000000e-01
2.4956049829e+00   3.6000000000e-01
2.5034212995e+00   3.6000000000e-01
2.5112376160e+00   3.6000000000e-01
2.5190539326e+00   3.6000000000e-01
2.5268702491e+00   3.6000000000e-01
2.5346865657e+00   3.6000000000e-01
2.5425028823e+00   3.6000000000e-01
2.5503191988e+00   3.6000000000e-01
2.5581355154e+00   3.6000000000e-01
2.5659518319e+00   3.6000000000e-01
2.5737681485e+00   3.6000000000e-01
2.5815844651e+00   3.6000000000e-01
2.5894007816e+00   3.6000000000e-01
2.5972170982e+00   3.6000000000e-01
2.6050334148e+00   3.6000000000e-01
2.6128497313e+00   3.6000000000e-01
2.6206660479e+00   3.6000000000e-01
2.6284823644e+00   3.6000000000e-01
2.6362986810e+00   3.6000000000e-01
2.6441149976e+00   3.6000000000e-01
2.6519313141e+00   3.6000000000e-01
2.6597476307e+00   3.6000000000e-01
2.6675639472e+00   3.6000000000e-01
2.6753802638e+00   3.6000000000e-01
2.6831965804e+00   3.6000000000e-01
2.6910128969e+00   3.6000000000e-01
2.6988292135e+00   3.6000000000e-01
2.7066455300e+00   3.6000000000e-01
2.7144618466e+00   3.6000000000e-01
2.7222781632e+00   3.6000000000e-01
2.7300944797e+00   3.6000000000e-01
2.7379107963e+00   3.6000000000e-01
2.7457271128e+00   3.6000000000e-01
2.7535434294e+00   3.6000000000e-01
2.7613597460e+00   3.6000000000e-01
2.7691760625e+00   3.6000000000e-01
2.7769923791e+00   3.6000000000e-01
2.7848086957e+00   3.6000000000e-01
2.7926250122e+00   3.6000000000e-01
2.8004413288e+00   3.6000000000e-01
2.8082576453e+00   3.6000000000e-01
2.8160739619e+00   3.6000000000e-01
2.8238902785e+00   3.6000000000e-01
2.8317065950e+00   3.6000000000e-01
2.8395229116e+00   3.6000000000e-01
2.8473392281e+00   3.6000000000e-01
2.8551555447e+00   3.6000000000e-01
2.8629718613e+00   3.6000000000e-01
2.8707881778e+00   3.6000000000e-01
2.8786044944e+00   3.6000000000e-01
2.8864208109e+00   3.6000000000e-01
2.8942371275e+00   3.6000000000e-01
2.9020534441e+00   3.6000000000e-01
2.9098697606e+00   3.6000000000e-01
2.9176860772e+00   3.6000000000e-01
2.9255023937e+00   3.6000000000e-01
2.9333187103e+00   3.6000000000e-01
2.9411350269e+00   3.6000000000e-01
2.9489513434e+00   3.6000000000e-01
2.9567676600e+00   3.6000000000e-01
2.9645839766e+00   3.6000000000e-01
2.9724002931e+00   3.6000000000e-01
2.9802166097e+00   3.6000000000e-01
2.9880329262e+00   3.6000000000e-01
2.9958492428e+00   3.6000000000e-01
3.0036655594e+00   3.6000000000e-01
3.0114818759e+00   3.6000000000e-01
3.0192981925e+00   3.6000000000e-01
3.0271145090e+00   3.6000000000e-01
3.0349308256e+00   3.6000000000e-01
3.0427471422e+00   3.6000000000e-01
3.0505634587e+00   3.6000000000e-01
3.0583797753e+00   3.6000000000e-01
3.0661960918e+00   3.6000000000e-01
3.0740124084e+00   3.6000000000e-01
3.0818287250e+00   3.6000000000e-01
3.0896450415e+00   3.6000000000e-01
3.0974613581e+00   3.6000000000e-01
3.1052776746e+00   3.6000000000e-01
3.1130939912e+00   3.6000000000e-01
3.1209103078e+00   3.6000000000e-01
3.1287266243e+00   3.6000000000e-01
3.1365429409e+00   3.6000000000e-01
3.1443592574e+00   3.6000000000e-01
3.1521755740e+00   3.6000000000e-01
3.1599918906e+00   3.6000000000e-01
3.1678082071e+00   3.6000000000e-01
3.1756245237e+00   3.6000000000e-01
3.1834408403e+00   3.6000000000e-01
3.1835408403e+00   3.4000000000e-01
3.1845408403e+00   3.4000000000e-01
3.1923571568e+00   3.4000000000e-01
3.2001734734e+00   3.4000000000e-01
3.2079897899e+00   3.4000000000e-01
3.2158061065e+00   3.4000000000e-01
3.2236224231e+00   3.4000000000e-01
3.2314387396e+00   3.4000000000e-01
3.2392550562e+00   3.4000000000e-01
3.2470713727e+00   3.4000000000e-01
3.2548876893e+00   3.4000000000e-01
3.2627040059e+00   3.4000000000e-01
3.2705203224e+00   3.4000000000e-01
3.2783366390e+00   3.4000000000e-01
3.2861529555e+00   3.4000000000e-01
3.2939692721e+00   3.4000000000e-01
3.3017855887e+00   3.4000000000e-01
3.3096019052e+00   3.4000000000e-01
3.3174182218e+00   3.4000000000e-01
3.3252345383e+00   3.4000000000e-01
3.3330508549e+00   3.4000000000e-01
3.3408671715e+00   3.4000000000e-01
3.3486834880e+00   3.4000000000e-01
3.3564998046e+00   3.4000000000e-01
3.3643161212e+00   3.4000000000e-01
3.3721324377e+00   3.4000000000e-01
3.3799487543e+00   3.4000000000e-01
3.3877650708e+00   3.4000000000e-01
3.3955813874e+00   3.4000000000e-01
3.4033977040e+00   3.4000000000e-01
3.4112140205e+00   3.4000000000e-01
3.4190303371e+00   3.4000000000e-01
3.4268466536e+00   3.4000000000e-01
3.4346629702e+00   3.4000000000e-01
3.4424792868e+00   3.4000000000e-01
3.4502956033e+00   3.4000000000e-01
3.4581119199e+00   3.4000000000e-01
3.4659282364e+00   3.4000000000e-01
3.4737445530e+00   3.4000000000e-01
3.4815608696e+00   3.4000000000e-01
3.4893771861e+00   3.4000000000e-01
3.4971935027e+00   3.4000000000e-01
3.5050098192e+00   3.4000000000e-01
3.5128261358e+00   3.4000000000e-01
3.5206424524e+00   3.4000000000e-01
3.5284587689e+00   3.4000000000e-01
3.5362750855e+00   3.4000000000e-01
3.5440914021e+00   3.4000000000e-01
3.5519077186e+00   3.4000000000e-01
3.5597240352e+00   3.4000000000e-01
3.5675403517e+00   3.4000000000e-01
3.5753566683e+00   3.4000000000e-01
3.5831729849e+00   3.4000000000e-01
3.5909893014e+00   3.4000000000e-01
3.5988056180e+00   3.4000000000e-01
3.6066219345e+00   3.4000000000e-01
3.6144382511e+00   3.4000000000e-01
3.6222545677e+00   3.4000000000e-01
3.6300708842e+00   3.4000000000e-01
3.6378872008e+00   3.4000000000e-01
3.6457035173e+00   3.4000000000e-01
3.6535198339e+00   3.4000000000e-01
3.6613361505e+00   3.4000000000e-01
3.6691524670e+00   3.4000000000e-01
3.6769687836e+00   3.4000000000e-01
3.6847851001e+00   3.4000000000e-01
3.6926014167e+00   3.4000000000e-01
3.7004177333e+00   3.4000000000e-01
3.7082340498e+00   3.4000000000e-01
3.7160503664e+00   3.4000000000e-01
3.7238666830e+00   3.4000000000e-01
3.7316829995e+00   3.4000000000e-01
3.7394993161e+00   3.4000000000e-01
3.7473156326e+00   3.4000000000e-01
3.7551319492e+00   3.4000000000e-01
3.7629482658e+00   3.4000000000e-01
3.7707645823e+00   3.4000000000e-01
3.7785808989e+00   3.4000000000e-01
3.7863972154e+00   3.4000000000e-01
3.7942135320e+00   3.4000000000e-01
3.8020298486e+00   3.4000000000e-01
3.8098461651e+00   3.4000000000e-01
3.8176624817e+00   3.4000000000e-01
3.8254787982e+00   3.4000000000e-01
3.8332951148e+00   3.4000000000e-01
3.8411114314e+00   3.4000000000e-01
3.8489277479e+00   3.4000000000e-01
3.8567440645e+00   3.4000000000e-01
3.8645603810e+00   3.4000000000e-01
3.8723766976e+00   3.4000000000e-01
3.8801930142e+00   3.4000000000e-01
3.8880093307e+00   3.4000000000e-01
3.8958256473e+00   3.4000000000e-01
3.9036419638e+00   3.4000000000e-01
3.9114582804e+00   3.4000000000e-01
3.9192745970e+00   3.4000000000e-01
3.9270909135e+00   3.4000000000e-01
3.9349072301e+00   3.4000000000e-01
3.9427235467e+00   3.4000000000e-01
3.9505398632e+00   3.4000000000e-01
3.9583561798e+00   3.4000000000e-01
3.9661724963e+00   3.4000000000e-01
3.9739888129e+00   3.4000000000e-01
3.9818051295e+00   3.4000000000e-01
3.9896214460e+00   3.4000000000e-01
3.9974377626e+00   3.4000000000e-01
4.0052540791e+00   3.4000000000e-01
4.0130703957e+00   3.4000000000e-01
4.0208867123e+00   3.4000000000e-01
4.0287030288e+00   3.4000000000e-01
4.0365193454e+00   3.4000000000e-01
4.0443356619e+00   3.4000000000e-01
4.0521519785e+00   3.4000000000e-01
4.0599682951e+00   3.4000000000e-01
4.0677846116e+00   3.4000000000e-01
4.0756009282e+00   3.4000000000e-01
4.0834172447e+00   3.4000000000e-01
4.0912335613e+00   3.4000000000e-01
4.0990498779e+00   3.4000000000e-01
4.1068661944e+00   3.4000000000e-01
4.1146825110e+00   3.4000000000e-01
4.1224988276e+00   3.4000000000e-01
4.1303151441e+00   3.4000000000e-01
4.1381314607e+00   3.4000000000e-01
4.1459477772e+00   3.4000000000e-01
4.1537640938e+00   3.4000000000e-01
4.1538640938e+00   3.2000000000e-01
4.1548640938e+00   3.2000000000e-01
4.1626804104e+00   3.2000000000e-01
4.1704967269e+00   3.2000000000e-01
4.1783130435e+00   3.2000000000e-01
4.1861293600e+00   3.2000000000e-01
4.1939456766e+00   3.2000000000e-01
4.2017619932e+00   3.2000000000e-01
4.2095783097e+00   3.2000000000e-01
4.2173946263e+00   3.2000000000e-01
4.2252109428e+00   3.2000000000e-01
4.2330272594e+00   3.2000000000e-01
4.2408435760e+00   3.2000000000e-01
4.2486598925e+00   3.2000000000e-01
4.2564762091e+00   3.2000000000e-01
4.2642925256e+00   3.2000000000e-01
4.2721088422e+00   3.2000000000e-01
4.2799251588e+00   3.2000000000e-01
4.2877414753e+00   3.2000000000e-01
4.2955577919e+00   3.2000000000e-01
4.3033741085e+00   3.2000000000e-01
4.3111904250e+00   3.2000000000e-01
4.3190067416e+00   3.2000000000e-01
4.3268230581e+00   3.2000000000e-01
4.3346393747e+00   3.2000000000e-01
4.3424556913e+00   3.2000000000e-01
4.3502720078e+00   3.2000000000e-01
4.3580883244e+00   3.2000000000e-01
4.3659046409e+00   3.2000000000e-01
4.3737209575e+00   3.2000000000e-01
4.3815372741e+00   3.2000000000e-01
4.3893535906e+00   3.2000000000e-01
4.3971699072e+00   3.2000000000e-01
4.4049862237e+00   3.2000000000e-01
4.4128025403e+00   3.2000000000e-01
4.4206188569e+00   3.2000000000e-01
4.4284351734e+00   3.2000000000e-01
4.4362514900e+00   3.2000000000e-01
4.4440678065e+00   3.2000000000e-01
4.4518841231e+00   3.2000000000e-01
4.4597004397e+00   3.2000000000e-01
4.4675167562e+00   3.2000000000e-01
4.4753330728e+00   3.2000000000e-01
4.4831493894e+00   3.2000000000e-01
4.4909657059e+00   3.2000000000e-01
4.4987820225e+00   3.2000000000e-01
4.5065983390e+00   3.2000000000e-01
4.5144146556e+00   3.2000000000e-01
4.5222309722e+00   3.2000000000e-01
4.5300472887e+00   3.2000000000e-01
4.5378636053e+00   3.2000000000e-01
4.5456799218e+00   3.2000000000e-01
4.5534962384e+00   3.2000000000e-01
4.5613125550e+00   3.2000000000e-01
4.5691288715e+00   3.2000000000e-01
4.5769451881e+00   3.2000000000e-01
4.5847615046e+00   3.2000000000e-01
4.5925778212e+00   3.2000000000e-01
4.6003941378e+00   3.2000000000e-01
4.6082104543e+00   3.2000000000e-01
4.6160267709e+00   3.2000000000e-01
4.6238430874e+00   3.2000000000e-01
4.6316594040e+00   3.2000000000e-01
4.6394757206e+00   3.2000000000e-01
4.6472920371e+00   3.2000000000e-01
4.6551083537e+00   3.2000000000e-01
4.6629246702e+00   3.2000000000e-01
4.6707409868e+00   3.2000000000e-01
4.6785573034e+00   3.2000000000e-01
4.6863736199e+00   3.2000000000e-01
4.6941899365e+00   3.2000000000e-01
4.7020062531e+00   3.2000000000e-01
4.7098225696e+00   3.2000000000e-01
4.7176388862e+00   3.2000000000e-01
4.7254552027e+00   3.2000000000e-01
4.7332715193e+00   3.2000000000e-01
4.7410878359e+00   3.2000000000e-01
4.7489041524e+00   3.2000000000e-01
4.7567204690e+00   3.2000000000e-01
4.7645367855e+00   3.2000000000e-01
4.7723531021e+00   3.2000000000e-01
4.7801694187e+00   3.2000000000e-01
4.7879857352e+00   3.2000000000e-01
4.7958020518e+00   3.2000000000e-01
4.8036183683e+00   3.2000000000e-01
4.8114346849e+00   3.2000000000e-01
4.8192510015e+00   3.2000000000e-01
4.8270673180e+00   3.2000000000e-01
4.8348836346e+00   3.2000000000e-01
4.8426999511e+00   3.2000000000e-01
4.8505162677e+00   3.2000000000e-01
4.8583325843e+00   3.2000000000e-01
4.8661489008e+00   3.2000000000e-01
4.8739652174e+00   3.2000000000e-01
4.8817815340e+00   3.2000000000e-01
4.8895978505e+00   3.2000000000e-01
4.8974141671e+00   3.2000000000e-01
4.9052304836e+00   3.2000000000e-01
4.9130468002e+00   3.2000000000e-01
4.9208631168e+00   3.2000000000e-01
4.9286794333e+00   3.2000000000e-01
4.9364957499e+00   3.2000000000e-01
4.9443120664e+00   3.2000000000e-01
4.9521283830e+00   3.2000000000e-01
4.9522283830e+00   3.2000000000e-01
4.9532283830e+00   3.2000000000e-01
4.9610446996e+00   3.2000000000e-01
4.9688610161e+00   3.2000000000e-01
4.9766773327e+00   3.2000000000e-01
4.9844936492e+00   3.2000000000e-01
4.9923099658e+00   3.2000000000e-01
5.0001262824e+00   3.2000000000e-01
5.0079425989e+00   3.2000000000e-01
5.0157589155e+00   3.2000000000e-01
5.0235752320e+00   3.2000000000e-01
5.0313915486e+00   3.2000000000e-01
5.0392078652e+00   3.2000000000e-01
5.0470241817e+00   3.2000000000e-01
5.0548404983e+00   3.2000000000e-01
5.0626568149e+00   3.2000000000e-01
5.0704731314e+00   3.2000000000e-01
5.0782894480e+00   3.2000000000e-01
5.0861057645e+00   3.2000000000e-01
5.0939220811e+00   3.2000000000e-01
5.1017383977e+00   3.2000000000e-01
5.1095547142e+00   3.2000000000e-01
5.1173710308e+00   3.2000000000e-01
5.1251873473e+00   3.2000000000e-01
5.1330036639e+00   3.2000000000e-01
5.1408199805e+00   3.2000000000e-01
5.1486362970e+00   3.2000000000e-01
5.1564526136e+00   3.2000000000e-01
5.1642689301e+00   3.2000000000e-01
5.1720852467e+00   3.2000000000e-01
5.1799015633e+00   3.2000000000e-01
5.1877178798e+00   3.2000000000e-01
5.1955341964e+00   3.2000000000e-01
5.2033505129e+00   3.2000000000e-01
5.2111668295e+00   3.2000000000e-01
5.2189831461e+00   3.2000000000e-01
5.2267994626e+00   3.2000000000e-01
5.2346157792e+00   3.2000000000e-01
5.2424320957e+00   3.2000000000e-01
5.2502484123e+00   3.2000000000e-01
5.2580647289e+00   3.2000000000e-01
5.2658810454e+00   3.2000000000e-01
5.2736973620e+00   3.2000000000e-01
5.2815136786e+00   3.2000000000e-01
5.2893299951e+00   3.2000000000e-01
5.2971463117e+00   3.2000000000e-01
5.3049626282e+00   3.2000000000e-01
5.3127789448e+00   3.2000000000e-01
5.3205952614e+00   3.2000000000e-01
5.3284115779e+00   3.2000000000e-01
5.3362278945e+00   3.2000000000e-01
5.3440442110e+00   3.2000000000e-01
5.3518605276e+00   3.2000000000e-01
5.3596768442e+00   3.2000000000e-01
5.3674931607e+00   3.2000000000e-01
5.3753094773e+00   3.2000000000e-01
5.3831257938e+00   3.2000000000e-01
5.3909421104e+00   3.2000000000e-01
5.3987584270e+00   3.2000000000e-01
5.4065747435e+00   3.2000000000e-01
5.4143910601e+00   3.2000000000e-01
5.4222073766e+00   3.2000000000e-01
5.4300236932e+00   3.2000000000e-01
5.4378400098e+00   3.2000000000e-01
5.4456563263e+00   3.2000000000e-01
5.4534726429e+00   3.2000000000e-01
5.4612889595e+00   3.2000000000e-01
5.4691052760e+00   3.2000000000e-01
5.4769215926e+00   3.2000000000e-01
5.4847379091e+00   3.2000000000e-01
5.4925542257e+00   3.2000000000e-01
5.5003705423e+00   3.2000000000e-01
5.5081868588e+00   3.2000000000e-01
5.5160031754e+00   3.2000000000e-01
5.5238194919e+00   3.2000000000e-01
5.5316358085e+00   3.2000000000e-01
5.5394521251e+00   3.2000000000e-01
5.5472684416e+00   3.2000000000e-01
5.5550847582e+00   3.2000000000e-01
5.5629010747e+00   3.2000000000e-01
5.5707173913e+00   3.2000000000e-01
5.5785337079e+00   3.2000000000e-01
5.5863500244e+00   3.2000000000e-01
5.5941663410e+00   3.2000000000e-01
5.6019826575e+00   3.2000000000e-01
5.6097989741e+00   3.2000000000e-01
5.6176152907e+00   3.2000000000e-01
5.6254316072e+00   3.2000000000e-01
5.6332479238e+00   3.2000000000e-01
5.6410642404e+00   3.2000000000e-01
5.6488805569e+00   3.2000000000e-01
5.6566968735e+00   3.2000000000e-01
5.6645131900e+00   3.2000000000e-01
5.6723295066e+00   3.2000000000e-01
5.6801458232e+00   3.2000000000e-01
5.6879621397e+00   3.2000000000e-01
5.6957784563e+00   3.2000000000e-01
5.7035947728e+00   3.2000000000e-01
5.7114110894e+00   3.2000000000e-01
5.7192274060e+00   3.2000000000e-01
5.7270437225e+00   3.2000000000e-01
5.7348600391e+00   3.2000000000e-01
5.7349600391e+00   3.2000000000e-01
5.7359600391e+00   3.2000000000e-01
5.7437763556e+00   3.2000000000e-01
5.7515926722e+00   3.2000000000e-01
5.7594089888e+00   3.2000000000e-01
5.7672253053e+00   3.2000000000e-01
5.7750416219e+00   3.2000000000e-01
5.7828579384e+00   3.2000000000e-01
5.7906742550e+00   3.2000000000e-01
5.7984905716e+00   3.2000000000e-01
5.8063068881e+00   3.2000000000e-01
5.8141232047e+00   3.2000000000e-01
5.8219395213e+00   3.2000000000e-01
5.8297558378e+00   3.2000000000e-01
5.8375721544e+00   3.2000000000e-01
5.8453884709e+00   3.2000000000e-01
5.8532047875e+00   3.2000000000e-01
5.8610211041e+00   3.2000000000e-01
5.8688374206e+00   3.2000000000e-01
5.8766537372e+00   3.2000000000e-01
5.8844700537e+00   3.2000000000e-01
5.8922863703e+00   3.2000000000e-01
5.9001026869e+00   3.2000000000e-01
5.9079190034e+00   3.2000000000e-01
5.9157353200e+00   3.2000000000e-01
5.9235516365e+00   3.2000000000e-01
5.9313679531e+00   3.2000000000e-01
5.9391842697e+00   3.2000000000e-01
5.9470005862e+00   3.2000000000e-01
5.9548169028e+00   3.2000000000e-01
5.9626332193e+00   3.2000000000e-01
5.9704495359e+00   3.2000000000e-01
5.9782658525e+00   3.2000000000e-01
5.9860821690e+00   3.2000000000e-01
5.9938984856e+00   3.2000000000e-01
6.0017148021e+00   3.2000000000e-01
6.0095311187e+00   3.2000000000e-01
6.0173474353e+00   3.2000000000e-01
6.0251637518e+00   3.2000000000e-01
6.0329800684e+00   3.2000000000e-01
6.0407963850e+00   3.2000000000e-01
6.0486127015e+00   3.2000000000e-01
6.0564290181e+00   3.2000000000e-01
6.0642453346e+00   3.2000000000e-01
6.0720616512e+00   3.2000000000e-01
6.0798779678e+00   3.2000000000e-01
6.0876942843e+00   3.2000000000e-01
6.0955106009e+00   3.2000000000e-01
6.1033269174e+00   3.2000000000e-01
6.1111432340e+00   3.2000000000e-01
6.1189595506e+00   3.2000000000e-01
6.1267758671e+00   3.2000000000e-01
6.1345921837e+00   3.2000000000e-01
6.1424085002e+00   3.2000000000e-01
6.1502248168e+00   3.2000000000e-01
6.1580411334e+00   3.2000000000e-01
6.1658574499e+00   3.2000000000e-01
6.1736737665e+00   3.2000000000e-01
6.1814900830e+00   3.2000000000e-01
6.1893063996e+00   3.2000000000e-01
6.1971227162e+00   3.2000000000e-01
6.2049390327e+00   3.2000000000e-01
6.2127553493e+00   3.2000000000e-01
6.2205716659e+00   3.2000000000e-01
6.2283879824e+00   3.2000000000e-01
6.2362042990e+00   3.2000000000e-01
6.2440206155e+00   3.2000000000e-01
6.2518369321e+00   3.2000000000e-01
6.2596532487e+00   3.2000000000e-01
6.2674695652e+00   3.2000000000e-01
6.2752858818e+00   3.2000000000e-01
6.2831021983e+00   3.2000000000e-01
6.2909185149e+00   3.2000000000e-01
6.2987348315e+00   3.2000000000e-01
6.3065511480e+00   3.2000000000e-01
6.3143674646e+00   3.2000000000e-01
6.3221837811e+00   3.2000000000e-01
6.3300000977e+00   3.2000000000e-01
6.3378164143e+00   3.2000000000e-01
6.3456327308e+00   3.2000000000e-01
6.3534490474e+00   3.2000000000e-01
6.3612653639e+00   3.2000000000e-01
6.3690816805e+00   3.2000000000e-01
6.3768979971e+00   3.2000000000e-01
6.3847143136e+00   3.2000000000e-01
6.3925306302e+00   3.2000000000e-01
6.4003469468e+00   3.2000000000e-01
6.4081632633e+00   3.2000000000e-01
6.4159795799e+00   3.2000000000e-01
6.4160795799e+00   4.6000000000e-01
6.4170795799e+00   4.6000000000e-01
6.4248958964e+00   4.6000000000e-01
6.4327122130e+00   4.6000000000e-01
6.4405285296e+00   4.6000000000e-01
6.4483448461e+00   4.6000000000e-01
6.4561611627e+00   4.6000000000e-01
6.4639774792e+00   4.6000000000e-01
6.4717937958e+00   4.6000000000e-01
6.4796101124e+00   4.6000000000e-01
6.4874264289e+00   4.6000000000e-01
6.4952427455e+00   4.6000000000e-01
6.5030590620e+00   4.6000000000e-01
6.5108753786e+00   4.6000000000e-01
6.5186916952e+00   4.6000000000e-01
6.5265080117e+00   4.6000000000e-01
6.5343243283e+00   4.6000000000e-01
6.5421406448e+00   4.6000000000e-01
6.5499569614e+00   4.6000000000e-01
6.5577732780e+00   4.6000000000e-01
6.5655895945e+00   4.6000000000e-01
6.5734059111e+00   4.6000000000e-01
6.5812222277e+00   4.6000000000e-01
6.5890385442e+00   4.6000000000e-01
6.5968548608e+00   4.6000000000e-01
6.6046711773e+00   4.6000000000e-01
6.6124874939e+00   4.6000000000e-01
6.6203038105e+00   4.6000000000e-01
6.6281201270e+00   4.6000000000e-01
6.6359364436e+00   4.6000000000e-01
6.6437527601e+00   4.6000000000e-01
6.6515690767e+00   4.6000000000e-01
6.6593853933e+00   4.6000000000e-01
6.6672017098e+00   4.6000000000e-01
6.6750180264e+00   4.6000000000e-01
6.6828343429e+00   4.6000000000e-01
6.6906506595e+00   4.6000000000e-01
6.6984669761e+00   4.6000000000e-01
6.7062832926e+00   4.6000000000e-01
6.7140996092e+00   4.6000000000e-01
6.7219159257e+00   4.6000000000e-01
6.7297322423e+00   4.6000000000e-01
6.7375485589e+00   4.6000000000e-01
6.7453648754e+00   4.6000000000e-01
6.7531811920e+00   4.6000000000e-01
6.7609975085e+00   4.6000000000e-01
6.7688138251e+00   4.6000000000e-01
6.7766301417e+00   4.6000000000e-01
6.7844464582e+00   4.6000000000e-01
6.7922627748e+00   4.6000000000e-01
6.8000790914e+00   4.6000000000e-01
6.8078954079e+00   4.6000000000e-01
6.8157117245e+00   4.6000000000e-01
6.8235280410e+00   4.6000000000e-01
6.8313443576e+00   4.6000000000e-01
6.8391606742e+00   4.6000000000e-01
6.8469769907e+00   4.6000000000e-01
6.8547933073e+00   4.6000000000e-01
6.8626096238e+00   4.6000000000e-01
6.8704259404e+00   4.6000000000e-01
6.8782422570e+00   4.6000000000e-01
6.8860585735e+00   4.6000000000e-01
6.8938748901e+00   4.6000000000e-01
6.9016912066e+00   4.6000000000e-01
6.9095075232e+00   4.6000000000e-01
6.9173238398e+00   4.6000000000e-01
6.9251401563e+00   4.6000000000e-01
6.9329564729e+00   4.6000000000e-01
6.9407727894e+00   4.6000000000e-01
6.9485891060e+00   4.6000000000e-01
6.9564054226e+00   4.6000000000e-01
6.9642217391e+00   4.6000000000e-01
6.9720380557e+00   4.6000000000e-01
6.9798543723e+00   4.6000000000e-01
6.9876706888e+00   4.6000000000e-01
6.9954870054e+00   4.6000000000e-01
7.0033033219e+00   4.6000000000e-01
7.0111196385e+00   4.6000000000e-01
7.0189359551e+00   4.6000000000e-01
7.0267522716e+00   4.6000000000e-01
7.0345685882e+00   4.6000000000e-01
7.0423849047e+00   4.6000000000e-01
7.0502012213e+00   4.6000000000e-01
7.0580175379e+00   4.6000000000e-01
7.0658338544e+00   4.6000000000e-01
7.0736501710e+00   4.6000000000e-01
7.0814664875e+00   4.6000000000e-01
7.0892828041e+00   4.6000000000e-01
7.0970991207e+00   4.6000000000e-01
7.1049154372e+00   4.6000000000e-01
7.1127317538e+00   4.6000000000e-01
7.1205480703e+00   4.6000000000e-01
7.1283643869e+00   4.6000000000e-01
7.1361807035e+00   4.6000000000e-01
7.1439970200e+00   4.6000000000e-01
7.1518133366e+00   4.6000000000e-01
7.1596296532e+00   4.6000000000e-01
7.1674459697e+00   4.6000000000e-01
7.1752622863e+00   4.6000000000e-01
7.1830786028e+00   4.6000000000e-01
7.1908949194e+00   4.6000000000e-01
7.1987112360e+00   4.6000000000e-01
7.2065275525e+00   4.6000000000e-01
7.2143438691e+00   4.6000000000e-01
7.2221601856e+00   4.6000000000e-01
7.2299765022e+00   4.6000000000e-01
7.2377928188e+00   4.6000000000e-01
7.2456091353e+00   4.6000000000e-01
7.2534254519e+00   4.6000000000e-01
7.2612417684e+00   4.6000000000e-01
7.2690580850e+00   4.6000000000e-01
7.2691580850e+00   6.0000000000e-02
7.2701580850e+00   6.0000000000e-02
7.2779744016e+00   6.0000000000e-02
7.2857907181e+00   6.0000000000e-02
7.2936070347e+00   6.0000000000e-02
7.3014233512e+00   6.0000000000e-02
7.3092396678e+00   6.0000000000e-02
7.3170559844e+00   6.0000000000e-02
7.3248723009e+00   6.0000000000e-02
7.3326886175e+00   6.0000000000e-02
7.3405049340e+00   6.0000000000e-02
7.3483212506e+00   6.0000000000e-02
7.3561375672e+00   6.0000000000e-02
7.3639538837e+00   6.0000000000e-02
7.3640538837e+00   7.5000000000e-03
7.3650538837e+00   7.5000000000e-03
7.3728702003e+00   7.5000000000e-03
7.3729702003e+00   7.5000000000e-03
7.3739702003e+00   7.5000000000e-03
7.3817865169e+00   7.5000000000e-03
7.3818865169e+00   7.5000000000e-03
7.3828865169e+00   7.5000000000e-03
7.3907028334e+00   7.5000000000e-03
7.3908028334e+00   7.5000000000e-03
7.3918028334e+00   7.5000000000e-03
7.3996191500e+00   7.5000000000e-03
7.3997191500e+00   7.5000000000e-03
7.4007191500e+00   7.5000000000e-03
7.4085354665e+00   7.5000000000e-03
7.4086354665e+00   7.5000000000e-03
7.4096354665e+00   7.5000000000e-03
7.4174517831e+00   7.5000000000e-03
7.4175517831e+00   7.5000000000e-03
7.4185517831e+00   7.5000000000e-03
7.4263680997e+00   7.5000000000e-03
7.4264680997e+00   7.5000000000e-03
7.4274680997e+00   7.5000000000e-03
7.4352844162e+00   7.5000000000e-03
7.4353844162e+00   7.5000000000e-03
7.4363844162e+00   7.5000000000e-03
7.4442007328e+00   7.5000000000e-03
7.4443007328e+00   7.5000000000e-03
7.4453007328e+00   7.5000000000e-03
7.4531170493e+00   7.5000000000e-03
7.4532170493e+00   7.5000000000e-03
7.4542170493e+00   7.5000000000e-03
7.4620333659e+00   7.5000000000e-03
7.4621333659e+00   7.5000000000e-03
7.4631333659e+00   7.5000000000e-03
7.4709496825e+00   7.5000000000e-03
7.4710496825e+00   7.5000000000e-03
7.4720496825e+00   7.5000000000e-03
7.4798659990e+00   7.5000000000e-03
7.4799659990e+00   7.5000000000e-03
7.4809659990e+00   7.5000000000e-03
7.4887823156e+00   7.5000000000e-03
7.4888823156e+00   7.5000000000e-03
7.4898823156e+00   7.5000000000e-03
7.4976986321e+00   7.5000000000e-03
7.4977986321e+00   7.5000000000e-03
7.4987986321e+00   7.5000000000e-03
7.5066149487e+00   7.5000000000e-03
7.5067149487e+00   7.5000000000e-03
7.5077149487e+00   7.5000000000e-03
7.5155312653e+00   7.5000000000e-03
7.5156312653e+00   7.5000000000e-03
7.5166312653e+00   7.5000000000e-03
7.5244475818e+00   7.5000000000e-03
7.5245475818e+00   7.5000000000e-03
7.5255475818e+00   7.5000000000e-03
7.5333638984e+00   7.5000000000e-03
7.5334638984e+00   3.7500000000e-03
7.5344638984e+00   3.7500000000e-03
7.5345638984e+00   7.5000000000e-03
7.5355638984e+00   7.5000000000e-03
7.5433802149e+00   7.5000000000e-03
7.5434802149e+00   7.5000000000e-03
7.5444802149e+00   7.5000000000e-03
7.5522965315e+00   7.5000000000e-03
7.5523965315e+00   7.5000000000e-03
7.5533965315e+00   7.5000000000e-03
7.5612128481e+00   7.5000000000e-03
7.5613128481e+00   7.5000000000e-03
7.5623128481e+00   7.5000000000e-03
7.5701291646e+00   7.5000000000e-03
7.5702291646e+00   7.5000000000e-03
7.5712291646e+00   7.5000000000e-03
7.5790454812e+00   7.5000000000e-03
7.5791454812e+00   7.5000000000e-03
7.5801454812e+00   7.5000000000e-03
7.5879617978e+00   7.5000000000e-03
7.5880617978e+00   7.5000000000e-03
7.5890617978e+00   7.5000000000e-03
7.5968781143e+00   7.5000000000e-03
7.5969781143e+00   7.5000000000e-03
7.5979781143e+00   7.5000000000e-03
7.6057944309e+00   7.5000000000e-03
7.6058944309e+00   7.5000000000e-03
7.6068944309e+00   7.5000000000e-03
7.6147107474e+00   7.5000000000e-03
7.6148107474e+00   7.5000000000e-03
7.6158107474e+00   7.5000000000e-03
7.6236270640e+00   7.5000000000e-03
7.6237270640e+00   7.5000000000e-03
7.6247270640e+00   7.5000000000e-03
7.6325433806e+00   7.5000000000e-03
7.6326433806e+00   7.5000000000e-03
7.6336433806e+00   7.5000000000e-03
7.6414596971e+00   7.5000000000e-03
7.6415596971e+00   7.5000000000e-03
7.6425596971e+00   7.5000000000e-03
7.6503760137e+00   7.5000000000e-03
7.6504760137e+00   7.5000000000e-03
7.6514760137e+00   7.5000000000e-03
7.6592923302e+00   7.5000000000e-03
7.6593923302e+00   7.5000000000e-03
7.6603923302e+00   7.5000000000e-03
7.6682086468e+00   7.5000000000e-03
7.6683086468e+00   7.5000000000e-03
7.6693086468e+00   7.5000000000e-03
7.6771249634e+00   7.5000000000e-03
7.6772249634e+00   7.5000000000e-03
7.6782249634e+00   7.5000000000e-03
7.6860412799e+00   7.5000000000e-03
7.6861412799e+00   7.5000000000e-03
7.6871412799e+00   7.5000000000e-03
7.6949575965e+00   7.5000000000e-03
7.6950575965e+00   7.5000000000e-03
7.6960575965e+00   7.5000000000e-03
7.7038739130e+00   7.5000000000e-03
7.7039739130e+00   7.5000000000e-03
7.7049739130e+00   7.5000000000e-03
7.7127902296e+00   7.5000000000e-03
7.7128902296e+00   7.5000000000e-03
7.7138902296e+00   7.5000000000e-03
7.7217065462e+00   7.5000000000e-03
7.7218065462e+00   7.5000000000e-03
7.7228065462e+00   7.5000000000e-03
7.7306228627e+00   7.5000000000e-03
7.7307228627e+00   7.5000000000e-03
7.7317228627e+00   7.5000000000e-03
7.7395391793e+00   7.5000000000e-03
7.7396391793e+00   7.5000000000e-03
7.7406391793e+00   7.5000000000e-03
7.7484554958e+00   7.5000000000e-03
7.7485554958e+00   7.5000000000e-03
7.7495554958e+00   7.5000000000e-03
7.7573718124e+00   7.5000000000e-03
7.7574718124e+00   7.5000000000e-03
7.7584718124e+00   7.5000000000e-03
7.7662881290e+00   7.5000000000e-03
7.7663881290e+00   7.5000000000e-03
7.7673881290e+00   7.5000000000e-03
7.7752044455e+00   7.5000000000e-03
7.7753044455e+00   7.5000000000e-03
7.7763044455e+00   7.5000000000e-03
7.7841207621e+00   7.5000000000e-03
7.7842207621e+00   7.5000000000e-03
7.7852207621e+00   7.5000000000e-03
7.7930370787e+00   7.5000000000e-03
7.7931370787e+00   7.5000000000e-03
7.7941370787e+00   7.5000000000e-03
7.8019533952e+00   7.5000000000e-03
7.8020533952e+00   7.5000000000e-03
7.8030533952e+00   7.5000000000e-03
7.8108697118e+00   7.5000000000e-03
7.8109697118e+00   7.5000000000e-03
7.8119697118e+00   7.5000000000e-03
7.8197860283e+00   7.5000000000e-03
7.8198860283e+00   7.5000000000e-03
7.8208860283e+00   7.5000000000e-03
7.8287023449e+00   7.5000000000e-03
7.8288023449e+00   7.5000000000e-03
7.8298023449e+00   7.5000000000e-03
7.8376186615e+00   7.5000000000e-03
7.8377186615e+00   7.5000000000e-03
7.8387186615e+00   7.5000000000e-03
7.8465349780e+00   7.5000000000e-03
7.8466349780e+00   7.5000000000e-03
7.8476349780e+00   7.5000000000e-03
7.8554512946e+00   7.5000000000e-03
7.8555512946e+00   7.5000000000e-03
7.8565512946e+00   7.5000000000e-03
7.8643676111e+00   7.5000000000e-03
7.8644676111e+00   7.5000000000e-03
7.8654676111e+00   7.5000000000e-03
7.8732839277e+00   7.5000000000e-03
7.8733839277e+00   7.5000000000e-03
7.8743839277e+00   7.5000000000e-03
7.8822002443e+00   7.5000000000e-03
7.8823002443e+00   7.5000000000e-03
7.8833002443e+00   7.5000000000e-03
7.8911165608e+00   7.5000000000e-03
7.8912165608e+00   7.5000000000e-03
7.8922165608e+00   7.5000000000e-03
7.9000328774e+00   7.5000000000e-03
7.9001328774e+00   7.5000000000e-03
7.9011328774e+00   7.5000000000e-03
7.9089491939e+00   7.5000000000e-03
7.9090491939e+00   7.5000000000e-03
7.9100491939e+00   7.5000000000e-03
7.9178655105e+00   7.5000000000e-03
7.9179655105e+00   7.5000000000e-03
7.9189655105e+00   7.5000000000e-03
7.9267818271e+00   7.5000000000e-03
7.9268818271e+00   7.5000000000e-03
7.9278818271e+00   7.5000000000e-03
7.9356981436e+00   7.5000000000e-03
7.9357981436e+00   7.5000000000e-03
7.9367981436e+00   7.5000000000e-03
7.9446144602e+00   7.5000000000e-03
7.9447144602e+00   7.5000000000e-03
7.9457144602e+00   7.5000000000e-03
7.9535307767e+00   7.5000000000e-03
7.9536307767e+00   7.5000000000e-03
7.9546307767e+00   7.5000000000e-03
7.9624470933e+00   7.5000000000e-03
7.9625470933e+00   7.5000000000e-03
7.9635470933e+00   7.5000000000e-03
7.9713634099e+00   7.5000000000e-03
7.9714634099e+00   1.5000000000e-02
7.9724634099e+00   1.5000000000e-02
7.9802797264e+00   1.5000000000e-02
7.9880960430e+00   1.5000000000e-02
7.9881960430e+00   7.5000000000e-03
7.9891960430e+00   7.5000000000e-03
7.9970123596e+00   7.5000000000e-03
7.9971123596e+00   7.5000000000e-03
7.9981123596e+00   7.5000000000e-03
8.0059286761e+00   7.5000000000e-03
8.0060286761e+00   6.0000000000e-02
8.0070286761e+00   6.0000000000e-02
8.0148449927e+00   6.0000000000e-02
8.0226613092e+00   6.0000000000e-02
8.0304776258e+00   6.0000000000e-02
8.0382939424e+00   6.0000000000e-02
8.0461102589e+00   6.0000000000e-02
8.0539265755e+00   6.0000000000e-02
8.0617428920e+00   6.0000000000e-02
8.0695592086e+00   6.0000000000e-02
8.0773755252e+00   6.0000000000e-02
8.0851918417e+00   6.0000000000e-02
8.0930081583e+00   6.0000000000e-02
8.1008244748e+00   6.0000000000e-02
8.1086407914e+00   6.0000000000e-02
8.1164571080e+00   6.0000000000e-02
8.1242734245e+00   6.0000000000e-02
8.1320897411e+00   6.0000000000e-02
8.1399060576e+00   6.0000000000e-02
8.1477223742e+00   6.0000000000e-02
8.1555386908e+00   6.0000000000e-02
8.1633550073e+00   6.0000000000e-02
8.1634550073e+00   7.5000000000e-03
8.1644550073e+00   7.5000000000e-03
8.1722713239e+00   7.5000000000e-03
8.1723713239e+00   3.7500000000e-03
8.1733713239e+00   3.7500000000e-03
8.1734713239e+00   7.5000000000e-03
8.1744713239e+00   7.5000000000e-03
8.1822876404e+00   7.5000000000e-03
8.1823876404e+00   7.5000000000e-03
8.1833876404e+00   7.5000000000e-03
8.1912039570e+00   7.5000000000e-03
8.1913039570e+00   7.5000000000e-03
8.1923039570e+00   7.5000000000e-03
8.2001202736e+00   7.5000000000e-03
8.2002202736e+00   7.5000000000e-03
8.2012202736e+00   7.5000000000e-03
8.2090365901e+00   7.5000000000e-03
8.2091365901e+00   7.5000000000e-03
8.2101365901e+00   7.5000000000e-03
8.2179529067e+00   7.5000000000e-03
8.2180529067e+00   7.5000000000e-03
8.2190529067e+00   7.5000000000e-03
8.2268692233e+00   7.5000000000e-03
8.2269692233e+00   7.5000000000e-03
8.2279692233e+00   7.5000000000e-03
8.2357855398e+00   7.5000000000e-03
8.2358855398e+00   7.5000000000e-03
8.2368855398e+00   7.5000000000e-03
8.2447018564e+00   7.5000000000e-03
8.2448018564e+00   7.5000000000e-03
8.2458018564e+00   7.5000000000e-03
8.2536181729e+00   7.5000000000e-03
8.2537181729e+00   7.5000000000e-03
8.2547181729e+00   7.5000000000e-03
8.2625344895e+00   7.5000000000e-03
8.2626344895e+00   7.5000000000e-03
8.2636344895e+00   7.5000000000e-03
8.2714508061e+00   7.5000000000e-03
8.2715508061e+00   3.7500000000e-03
8.2725508061e+00   3.7500000000e-03
8.2726508061e+00   7.5000000000e-03
8.2736508061e+00   7.5000000000e-03
8.2814671226e+00   7.5000000000e-03
8.2815671226e+00   7.5000000000e-03
8.2825671226e+00   7.5000000000e-03
8.2903834392e+00   7.5000000000e-03
8.2904834392e+00   7.5000000000e-03
8.2914834392e+00   7.5000000000e-03
8.2992997557e+00   7.5000000000e-03
8.2993997557e+00   7.5000000000e-03
8.3003997557e+00   7.5000000000e-03
8.3082160723e+00   7.5000000000e-03
8.3083160723e+00   7.5000000000e-03
8.3093160723e+00   7.5000000000e-03
8.3171323889e+00   7.5000000000e-03
8.3172323889e+00   7.5000000000e-03
8.3182323889e+00   7.5000000000e-03
8.3260487054e+00   7.5000000000e-03
8.3261487054e+00   7.5000000000e-03
8.3271487054e+00   7.5000000000e-03
8.3349650220e+00   7.5000000000e-03
8.3350650220e+00   7.5000000000e-03
8.3360650220e+00   7.5000000000e-03
8.3438813385e+00   7.5000000000e-03
8.3439813385e+00   7.5000000000e-03
8.3449813385e+00   7.5000000000e-03
8.3527976551e+00   7.5000000000e-03
8.3528976551e+00   3.7500000000e-03
8.3538976551e+00   3.7500000000e-03
8.3539976551e+00   3.7500000000e-03
8.3549976551e+00   3.7500000000e-03
8.3628139717e+00   3.7500000000e-03
8.3629139717e+00   7.5000000000e-03
8.3639139717e+00   7.5000000000e-03
8.3717302882e+00   7.5000000000e-03
8.3718302882e+00   7.5000000000e-03
8.3728302882e+00   7.5000000000e-03
8.3806466048e+00   7.5000000000e-03
8.3807466048e+00   7.5000000000e-03
8.3817466048e+00   7.5000000000e-03
8.3895629213e+00   7.5000000000e-03
8.3896629213e+00   7.5000000000e-03
8.3906629213e+00   7.5000000000e-03
8.3984792379e+00   7.5000000000e-03
8.3985792379e+00   7.5000000000e-03
8.3995792379e+00   7.5000000000e-03
8.4073955545e+00   7.5000000000e-03
8.4074955545e+00   7.5000000000e-03
8.4084955545e+00   7.5000000000e-03
8.4163118710e+00   7.5000000000e-03
8.4164118710e+00   7.5000000000e-03
8.4174118710e+00   7.5000000000e-03
8.4252281876e+00   7.5000000000e-03
8.4253281876e+00   3.7500000000e-03
8.4263281876e+00   3.7500000000e-03
8.4264281876e+00   7.5000000000e-03
8.4274281876e+00   7.5000000000e-03
8.4352445042e+00   7.5000000000e-03
8.4353445042e+00   7.5000000000e-03
8.4363445042e+00   7.5000000000e-03
8.4441608207e+00   7.5000000000e-03
8.4442608207e+00   7.5000000000e-03
8.4452608207e+00   7.5000000000e-03
8.4530771373e+00   7.5000000000e-03
8.4531771373e+00   7.5000000000e-03
8.4541771373e+00   7.5000000000e-03
8.4619934538e+00   7.5000000000e-03
8.4620934538e+00   7.5000000000e-03
8.4630934538e+00   7.5000000000e-03
8.4709097704e+00   7.5000000000e-03
8.4710097704e+00   7.5000000000e-03
8.4720097704e+00   7.5000000000e-03
8.4798260870e+00   7.5000000000e-03
8.4799260870e+00   7.5000000000e-03
8.4809260870e+00   7.5000000000e-03
8.4887424035e+00   7.5000000000e-03
8.4888424035e+00   3.7500000000e-03
8.4898424035e+00   3.7500000000e-03
8.4899424035e+00   7.5000000000e-03
8.4909424035e+00   7.5000000000e-03
8.4987587201e+00   7.5000000000e-03
8.4988587201e+00   3.7500000000e-03
8.4998587201e+00   3.7500000000e-03
8.4999587201e+00   7.5000000000e-03
8.5009587201e+00   7.5000000000e-03
8.5087750366e+00   7.5000000000e-03
8.5088750366e+00   7.5000000000e-03
8.5098750366e+00   7.5000000000e-03
8.5176913532e+00   7.5000000000e-03
8.5177913532e+00   7.5000000000e-03
8.5187913532e+00   7.5000000000e-03
8.5266076698e+00   7.5000000000e-03
8.5267076698e+00   7.5000000000e-03
8.5277076698e+00   7.5000000000e-03
8.5355239863e+00   7.5000000000e-03
8.5356239863e+00   3.7500000000e-03
8.5366239863e+00   3.7500000000e-03
8.5367239863e+00   3.7500000000e-03
8.5377239863e+00   3.7500000000e-03
8.5455403029e+00   3.7500000000e-03
8.5456403029e+00   7.5000000000e-03
8.5466403029e+00   7.5000000000e-03
8.5544566194e+00   7.5000000000e-03
8.5545566194e+00   7.5000000000e-03
8.5555566194e+00   7.5000000000e-03
8.5633729360e+00   7.5000000000e-03
8.5634729360e+00   7.5000000000e-03
8.5644729360e+00   7.5000000000e-03
8.5722892526e+00   7.5000000000e-03
8.5723892526e+00   7.5000000000e-03
8.5733892526e+00   7.5000000000e-03
8.5812055691e+00   7.5000000000e-03
8.5813055691e+00   7.5000000000e-03
8.5823055691e+00   7.5000000000e-03
8.5901218857e+00   7.5000000000e-03
8.5902218857e+00   7.5000000000e-03
8.5912218857e+00   7.5000000000e-03
8.5990382022e+00   7.5000000000e-03
8.5991382022e+00   7.5000000000e-03
8.6001382022e+00   7.5000000000e-03
8.6079545188e+00   7.5000000000e-03
8.6080545188e+00   7.5000000000e-03
8.6090545188e+00   7.5000000000e-03
8.6168708354e+00   7.5000000000e-03
8.6169708354e+00   7.5000000000e-03
8.6179708354e+00   7.5000000000e-03
8.6257871519e+00   7.5000000000e-03
8.6258871519e+00   7.5000000000e-03
8.6268871519e+00   7.5000000000e-03
8.6347034685e+00   7.5000000000e-03
8.6348034685e+00   7.5000000000e-03
8.6358034685e+00   7.5000000000e-03
8.6436197851e+00   7.5000000000e-03
8.6437197851e+00   7.5000000000e-03
8.6447197851e+00   7.5000000000e-03
8.6525361016e+00   7.5000000000e-03
8.6526361016e+00   7.5000000000e-03
8.6536361016e+00   7.5000000000e-03
8.6614524182e+00   7.5000000000e-03
8.6615524182e+00   7.5000000000e-03
8.6625524182e+00   7.5000000000e-03
8.6703687347e+00   7.5000000000e-03
8.6704687347e+00   7.5000000000e-03
8.6714687347e+00   7.5000000000e-03
8.6792850513e+00   7.5000000000e-03
8.6793850513e+00   7.5000000000e-03
8.6803850513e+00   7.5000000000e-03
8.6882013679e+00   7.5000000000e-03
8.6883013679e+00   7.5000000000e-03
8.6893013679e+00   7.5000000000e-03
8.6971176844e+00   7.5000000000e-03
8.6972176844e+00   7.5000000000e-03
8.6982176844e+00   7.5000000000e-03
8.7060340010e+00   7.5000000000e-03
8.7061340010e+00   7.5000000000e-03
8.7071340010e+00   7.5000000000e-03
8.7149503175e+00   7.5000000000e-03
8.7150503175e+00   7.5000000000e-03
8.7160503175e+00   7.5000000000e-03
8.7238666341e+00   7.5000000000e-03
8.7239666341e+00   7.5000000000e-03
8.7249666341e+00   7.5000000000e-03
8.7327829507e+00   7.5000000000e-03
8.7328829507e+00   7.5000000000e-03
8.7338829507e+00   7.5000000000e-03
8.7416992672e+00   7.5000000000e-03
8.7417992672e+00   7.5000000000e-03
8.7427992672e+00   7.5000000000e-03
8.7506155838e+00   7.5000000000e-03
8.7507155838e+00   7.5000000000e-03
8.7517155838e+00   7.5000000000e-03
8.7595319003e+00   7.5000000000e-03
8.7596319003e+00   7.5000000000e-03
8.7606319003e+00   7.5000000000e-03
8.7684482169e+00   7.5000000000e-03
8.7685482169e+00   7.5000000000e-03
8.7695482169e+00   7.5000000000e-03
8.7773645335e+00   7.5000000000e-03
8.7774645335e+00   7.5000000000e-03
8.7784645335e+00   7.5000000000e-03
8.7862808500e+00   7.5000000000e-03
8.7863808500e+00   7.5000000000e-03
8.7873808500e+00   7.5000000000e-03
8.7951971666e+00   7.5000000000e-03
8.7952971666e+00   7.5000000000e-03
8.7962971666e+00   7.5000000000e-03
8.8041134831e+00   7.5000000000e-03
8.8042134831e+00   7.5000000000e-03
8.8052134831e+00   7.5000000000e-03
8.8130297997e+00   7.5000000000e-03
8.8131297997e+00   7.5000000000e-03
8.8141297997e+00   7.5000000000e-03
8.8219461163e+00   7.5000000000e-03
8.8220461163e+00   7.5000000000e-03
8.8230461163e+00   7.5000000000e-03
8.8308624328e+00   7.5000000000e-03
8.8309624328e+00   7.5000000000e-03
8.8319624328e+00   7.5000000000e-03
8.8397787494e+00   7.5000000000e-03
8.8398787494e+00   7.5000000000e-03
8.8408787494e+00   7.5000000000e-03
8.8486950659e+00   7.5000000000e-03
8.8487950659e+00   7.5000000000e-03
8.8497950659e+00   7.5000000000e-03
8.8576113825e+00   7.5000000000e-03
8.8577113825e+00   7.5000000000e-03
8.8587113825e+00   7.5000000000e-03
8.8665276991e+00   7.5000000000e-03
8.8666276991e+00   7.5000000000e-03
8.8676276991e+00   7.5000000000e-03
8.8754440156e+00   7.5000000000e-03
8.8755440156e+00   7.5000000000e-03
8.8765440156e+00   7.5000000000e-03
8.8843603322e+00   7.5000000000e-03
8.8844603322e+00   7.5000000000e-03
8.8854603322e+00   7.5000000000e-03
8.8932766488e+00   7.5000000000e-03
8.8933766488e+00   7.5000000000e-03
8.8943766488e+00   7.5000000000e-03
8.9021929653e+00   7.5000000000e-03
8.9022929653e+00   7.5000000000e-03
8.9032929653e+00   7.5000000000e-03
8.9111092819e+00   7.5000000000e-03
8.9112092819e+00   7.5000000000e-03
8.9122092819e+00   7.5000000000e-03
8.9200255984e+00   7.5000000000e-03
8.9201255984e+00   7.5000000000e-03
8.9211255984e+00   7.5000000000e-03
8.9289419150e+00   7.5000000000e-03
8.9290419150e+00   7.5000000000e-03
8.9300419150e+00   7.5000000000e-03
8.9378582316e+00   7.5000000000e-03
8.9379582316e+00   7.5000000000e-03
8.9389582316e+00   7.5000000000e-03
8.9467745481e+00   7.5000000000e-03
8.9468745481e+00   7.5000000000e-03
8.9478745481e+00   7.5000000000e-03
8.9556908647e+00   7.5000000000e-03
8.9557908647e+00   7.5000000000e-03
8.9567908647e+00   7.5000000000e-03
8.9646071812e+00   7.5000000000e-03
8.9647071812e+00   7.5000000000e-03
8.9657071812e+00   7.5000000000e-03
8.9735234978e+00   7.5000000000e-03
8.9736234978e+00   7.5000000000e-03
8.9746234978e+00   7.5000000000e-03
8.9824398144e+00   7.5000000000e-03
8.9825398144e+00   7.5000000000e-03
8.9835398144e+00   7.5000000000e-03
8.9913561309e+00   7.5000000000e-03
8.9914561309e+00   7.5000000000e-03
8.9924561309e+00   7.5000000000e-03
9.0002724475e+00   7.5000000000e-03
9.0003724475e+00   7.5000000000e-03
9.0013724475e+00   7.5000000000e-03
9.0091887640e+00   7.5000000000e-03
9.0092887640e+00   7.5000000000e-03
9.0102887640e+00   7.5000000000e-03
9.0181050806e+00   7.5000000000e-03
9.0182050806e+00   7.5000000000e-03
9.0192050806e+00   7.5000000000e-03
9.0270213972e+00   7.5000000000e-03
9.0271213972e+00   7.5000000000e-03
9.0281213972e+00   7.5000000000e-03
9.0359377137e+00   7.5000000000e-03
9.0360377137e+00   7.5000000000e-03
9.0370377137e+00   7.5000000000e-03
9.0448540303e+00   7.5000000000e-03
9.0449540303e+00   7.5000000000e-03
9.0459540303e+00   7.5000000000e-03
9.0537703468e+00   7.5000000000e-03
9.0538703468e+00   7.5000000000e-03
9.0548703468e+00   7.5000000000e-03
9.0626866634e+00   7.5000000000e-03
9.0627866634e+00   7.5000000000e-03
9.0637866634e+00   7.5000000000e-03
9.0716029800e+00   7.5000000000e-03
9.0717029800e+00   7.5000000000e-03
9.0727029800e+00   7.5000000000e-03
9.0805192965e+00   7.5000000000e-03
9.0806192965e+00   7.5000000000e-03
9.0816192965e+00   7.5000000000e-03
9.0894356131e+00   7.5000000000e-03
9.0895356131e+00   7.5000000000e-03
9.0905356131e+00   7.5000000000e-03
9.0983519297e+00   7.5000000000e-03
9.0984519297e+00   7.5000000000e-03
9.0994519297e+00   7.5000000000e-03
9.1072682462e+00   7.5000000000e-03
9.1073682462e+00   7.5000000000e-03
9.1083682462e+00   7.5000000000e-03
9.1161845628e+00   7.5000000000e-03
9.1162845628e+00   7.5000000000e-03
9.1172845628e+00   7.5000000000e-03
9.1251008793e+00   7.5000000000e-03
9.1252008793e+00   7.5000000000e-03
9.1262008793e+00   7.5000000000e-03
9.1340171959e+00   7.5000000000e-03
9.1341171959e+00   7.5000000000e-03
9.1351171959e+00   7.5000000000e-03
9.1429335125e+00   7.5000000000e-03
9.1430335125e+00   7.5000000000e-03
9.1440335125e+00   7.5000000000e-03
9.1518498290e+00   7.5000000000e-03
9.1519498290e+00   7.5000000000e-03
9.1529498290e+00   7.5000000000e-03
9.1607661456e+00   7.5000000000e-03
9.1608661456e+00   7.5000000000e-03
9.1618661456e+00   7.5000000000e-03
9.1696824621e+00   7.5000000000e-03
9.1697824621e+00   7.5000000000e-03
9.1707824621e+00   7.5000000000e-03
9.1785987787e+00   7.5000000000e-03
9.1786987787e+00   7.5000000000e-03
9.1796987787e+00   7.5000000000e-03
9.1875150953e+00   7.5000000000e-03
9.1876150953e+00   7.5000000000e-03
9.1886150953e+00   7.5000000000e-03
9.1964314118e+00   7.5000000000e-03
9.1965314118e+00   7.5000000000e-03
9.1975314118e+00   7.5000000000e-03
9.2053477284e+00   7.5000000000e-03
9.2054477284e+00   7.5000000000e-03
9.2064477284e+00   7.5000000000e-03
9.2142640449e+00   7.5000000000e-03
9.2143640449e+00   7.5000000000e-03
9.2153640449e+00   7.5000000000e-03
9.2231803615e+00   7.5000000000e-03
9.2232803615e+00   7.5000000000e-03
9.2242803615e+00   7.5000000000e-03
9.2320966781e+00   7.5000000000e-03
9.2321966781e+00   7.5000000000e-03
9.2331966781e+00   7.5000000000e-03
9.2410129946e+00   7.5000000000e-03
9.2411129946e+00   7.5000000000e-03
9.2421129946e+00   7.5000000000e-03
9.2499293112e+00   7.5000000000e-03
9.2500293112e+00   7.5000000000e-03
9.2510293112e+00   7.5000000000e-03
9.2588456277e+00   7.5000000000e-03
9.2589456277e+00   7.5000000000e-03
9.2599456277e+00   7.5000000000e-03
9.2677619443e+00   7.5000000000e-03
9.2678619443e+00   7.5000000000e-03
9.2688619443e+00   7.5000000000e-03
9.2766782609e+00   7.5000000000e-03
9.2767782609e+00   7.5000000000e-03
9.2777782609e+00   7.5000000000e-03
9.2855945774e+00   7.5000000000e-03
9.2856945774e+00   7.5000000000e-03
9.2866945774e+00   7.5000000000e-03
9.2945108940e+00   7.5000000000e-03
9.2946108940e+00   7.5000000000e-03
9.2956108940e+00   7.5000000000e-03
9.3034272106e+00   7.5000000000e-03
9.3035272106e+00   7.5000000000e-03
9.3045272106e+00   7.5000000000e-03
9.3123435271e+00   7.5000000000e-03
9.3124435271e+00   7.5000000000e-03
9.3134435271e+00   7.5000000000e-03
9.3212598437e+00   7.5000000000e-03
9.3213598437e+00   7.5000000000e-03
9.3223598437e+00   7.5000000000e-03
9.3301761602e+00   7.5000000000e-03
9.3302761602e+00   7.5000000000e-03
9.3312761602e+00   7.5000000000e-03
9.3390924768e+00   7.5000000000e-03
9.3391924768e+00   7.5000000000e-03
9.3401924768e+00   7.5000000000e-03
9.3480087934e+00   7.5000000000e-03
9.3481087934e+00   7.5000000000e-03
9.3491087934e+00   7.5000000000e-03
9.3569251099e+00   7.5000000000e-03
9.3570251099e+00   7.5000000000e-03
9.3580251099e+00   7.5000000000e-03
9.3658414265e+00   7.5000000000e-03
9.3659414265e+00   7.5000000000e-03
9.3669414265e+00   7.5000000000e-03
9.3747577430e+00   7.5000000000e-03
9.3748577430e+00   7.5000000000e-03
9.3758577430e+00   7.5000000000e-03
9.3836740596e+00   7.5000000000e-03
9.3837740596e+00   7.5000000000e-03
9.3847740596e+00   7.5000000000e-03
9.3925903762e+00   7.5000000000e-03
9.3926903762e+00   7.5000000000e-03
9.3936903762e+00   7.5000000000e-03
9.4015066927e+00   7.5000000000e-03
9.4016066927e+00   7.5000000000e-03
9.4026066927e+00   7.5000000000e-03
9.4104230093e+00   7.5000000000e-03
9.4105230093e+00   7.5000000000e-03
9.4115230093e+00   7.5000000000e-03
9.4193393258e+00   7.5000000000e-03
9.4194393258e+00   7.5000000000e-03
9.4204393258e+00   7.5000000000e-03
9.4282556424e+00   7.5000000000e-03
9.4283556424e+00   7.5000000000e-03
9.4293556424e+00   7.5000000000e-03
9.4371719590e+00   7.5000000000e-03
9.4372719590e+00   7.5000000000e-03
9.4382719590e+00   7.5000000000e-03
9.4460882755e+00   7.5000000000e-03
9.4461882755e+00   7.5000000000e-03
9.4471882755e+00   7.5000000000e-03
9.4550045921e+00   7.5000000000e-03
9.4551045921e+00   7.5000000000e-03
9.4561045921e+00   7.5000000000e-03
9.4639209086e+00   7.5000000000e-03
9.4640209086e+00   7.5000000000e-03
9.4650209086e+00   7.5000000000e-03
9.4728372252e+00   7.5000000000e-03
9.4729372252e+00   7.5000000000e-03
9.4739372252e+00   7.5000000000e-03
9.4817535418e+00   7.5000000000e-03
9.4818535418e+00   7.5000000000e-03
9.4828535418e+00   7.5000000000e-03
9.4906698583e+00   7.5000000000e-03
9.4907698583e+00   7.5000000000e-03
9.4917698583e+00   7.5000000000e-03
9.4995861749e+00   7.5000000000e-03
9.4996861749e+00   7.5000000000e-03
9.5006861749e+00   7.5000000000e-03
9.5085024915e+00   7.5000000000e-03
9.5086024915e+00   7.5000000000e-03
9.5096024915e+00   7.5000000000e-03
9.5174188080e+00   7.5000000000e-03
9.5175188080e+00   7.5000000000e-03
9.5185188080e+00   7.5000000000e-03
9.5263351246e+00   7.5000000000e-03
9.5264351246e+00   7.5000000000e-03
9.5274351246e+00   7.5000000000e-03
9.5352514411e+00   7.5000000000e-03
9.5353514411e+00   7.5000000000e-03
9.5363514411e+00   7.5000000000e-03
9.5441677577e+00   7.5000000000e-03
9.5442677577e+00   7.5000000000e-03
9.5452677577e+00   7.5000000000e-03
9.5530840743e+00   7.5000000000e-03
9.5531840743e+00   7.5000000000e-03
9.5541840743e+00   7.5000000000e-03
9.5620003908e+00   7.5000000000e-03
9.5621003908e+00   7.5000000000e-03
9.5631003908e+00   7.5000000000e-03
9.5709167074e+00   7.5000000000e-03
9.5710167074e+00   7.5000000000e-03
9.5720167074e+00   7.5000000000e-03
9.5798330239e+00   7.5000000000e-03
9.5799330239e+00   7.5000000000e-03
9.5809330239e+00   7.5000000000e-03
9.5887493405e+00   7.5000000000e-03
9.5888493405e+00   7.5000000000e-03
9.5898493405e+00   7.5000000000e-03
9.5976656571e+00   7.5000000000e-03
9.5977656571e+00   7.5000000000e-03
9.5987656571e+00   7.5000000000e-03
9.6065819736e+00   7.5000000000e-03
9.6066819736e+00   7.5000000000e-03
9.6076819736e+00   7.5000000000e-03
9.6154982902e+00   7.5000000000e-03
9.6155982902e+00   7.5000000000e-03
9.6165982902e+00   7.5000000000e-03
9.6244146067e+00   7.5000000000e-03
9.6245146067e+00   7.5000000000e-03
9.6255146067e+00   7.5000000000e-03
9.6333309233e+00   7.5000000000e-03
9.6334309233e+00   7.5000000000e-03
9.6344309233e+00   7.5000000000e-03
9.6422472399e+00   7.5000000000e-03
9.6423472399e+00   7.5000000000e-03
9.6433472399e+00   7.5000000000e-03
9.6511635564e+00   7.5000000000e-03
9.6512635564e+00   7.5000000000e-03
9.6522635564e+00   7.5000000000e-03
9.6600798730e+00   7.5000000000e-03
9.6601798730e+00   7.5000000000e-03
9.6611798730e+00   7.5000000000e-03
9.6689961895e+00   7.5000000000e-03
9.6690961895e+00   7.5000000000e-03
9.6700961895e+00   7.5000000000e-03
9.6779125061e+00   7.5000000000e-03
9.6780125061e+00   7.5000000000e-03
9.6790125061e+00   7.5000000000e-03
9.6868288227e+00   7.5000000000e-03
9.6869288227e+00   7.5000000000e-03
9.6879288227e+00   7.5000000000e-03
9.6957451392e+00   7.5000000000e-03
9.6958451392e+00   7.5000000000e-03
9.6968451392e+00   7.5000000000e-03
9.7046614558e+00   7.5000000000e-03
9.7047614558e+00   7.5000000000e-03
9.7057614558e+00   7.5000000000e-03
9.7135777723e+00   7.5000000000e-03
9.7136777723e+00   7.5000000000e-03
9.7146777723e+00   7.5000000000e-03
9.7224940889e+00   7.5000000000e-03
9.7225940889e+00   7.5000000000e-03
9.7235940889e+00   7.5000000000e-03
9.7314104055e+00   7.5000000000e-03
9.7315104055e+00   7.5000000000e-03
9.7325104055e+00   7.5000000000e-03
9.7403267220e+00   7.5000000000e-03
9.7404267220e+00   7.5000000000e-03
9.7414267220e+00   7.5000000000e-03
9.7492430386e+00   7.5000000000e-03
9.7493430386e+00   7.5000000000e-03
9.7503430386e+00   7.5000000000e-03
9.7581593552e+00   7.5000000000e-03
9.7582593552e+00   7.5000000000e-03
9.7592593552e+00   7.5000000000e-03
9.7670756717e+00   7.5000000000e-03
9.7671756717e+00   7.5000000000e-03
9.7681756717e+00   7.5000000000e-03
9.7759919883e+00   7.5000000000e-03
9.7760919883e+00   7.5000000000e-03
9.7770919883e+00   7.5000000000e-03
9.7849083048e+00   7.5000000000e-03
9.7850083048e+00   7.5000000000e-03
9.7860083048e+00   7.5000000000e-03
9.7938246214e+00   7.5000000000e-03
9.7939246214e+00   7.5000000000e-03
9.7949246214e+00   7.5000000000e-03
9.8027409380e+00   7.5000000000e-03
9.8028409380e+00   7.5000000000e-03
9.8038409380e+00   7.5000000000e-03
9.8116572545e+00   7.5000000000e-03
9.8117572545e+00   7.5000000000e-03
9.8127572545e+00   7.5000000000e-03
9.8205735711e+00   7.5000000000e-03
9.8206735711e+00   7.5000000000e-03
9.8216735711e+00   7.5000000000e-03
9.8294898876e+00   7.5000000000e-03
9.8295898876e+00   7.5000000000e-03
9.8305898876e+00   7.5000000000e-03
9.8384062042e+00   7.5000000000e-03
9.8385062042e+00   7.5000000000e-03
9.8395062042e+00   7.5000000000e-03
9.8473225208e+00   7.5000000000e-03
9.8474225208e+00   7.5000000000e-03
9.8484225208e+00   7.5000000000e-03
9.8562388373e+00   7.5000000000e-03
9.8563388373e+00   7.5000000000e-03
9.8573388373e+00   7.5000000000e-03
9.8651551539e+00   7.5000000000e-03
9.8652551539e+00   7.5000000000e-03
9.8662551539e+00   7.5000000000e-03
9.8740714704e+00   7.5000000000e-03
9.8741714704e+00   7.5000000000e-03
9.8751714704e+00   7.5000000000e-03
9.8829877870e+00   7.5000000000e-03
9.8830877870e+00   7.5000000000e-03
9.8840877870e+00   7.5000000000e-03
9.8919041036e+00   7.5000000000e-03
9.8920041036e+00   7.5000000000e-03
9.8930041036e+00   7.5000000000e-03
9.9008204201e+00   7.5000000000e-03
9.9009204201e+00   7.5000000000e-03
9.9019204201e+00   7.5000000000e-03
9.9097367367e+00   7.5000000000e-03
9.9098367367e+00   7.5000000000e-03
9.9108367367e+00   7.5000000000e-03
9.9186530532e+00   7.5000000000e-03
9.9187530532e+00   7.5000000000e-03
9.9197530532e+00   7.5000000000e-03
9.9275693698e+00   7.5000000000e-03
9.9276693698e+00   7.5000000000e-03
9.9286693698e+00   7.5000000000e-03
9.9364856864e+00   7.5000000000e-03
9.9365856864e+00   7.5000000000e-03
9.9375856864e+00   7.5000000000e-03
9.9454020029e+00   7.5000000000e-03
9.9455020029e+00   7.5000000000e-03
9.9465020029e+00   7.5000000000e-03
9.9543183195e+00   7.5000000000e-03
9.9544183195e+00   7.5000000000e-03
9.9554183195e+00   7.5000000000e-03
9.9632346361e+00   7.5000000000e-03
9.9633346361e+00   7.5000000000e-03
9.9643346361e+00   7.5000000000e-03
9.9721509526e+00   7.5000000000e-03
9.9722509526e+00   7.5000000000e-03
9.9732509526e+00   7.5000000000e-03
9.9810672692e+00   7.5000000000e-03
9.9811672692e+00   7.5000000000e-03
9.9821672692e+00   7.5000000000e-03
9.9899835857e+00   7.5000000000e-03
9.9900835857e+00   7.5000000000e-03
9.9910835857e+00   7.5000000000e-03
9.9988999023e+00   7.5000000000e-03
9.9989999023e+00   7.5000000000e-03
9.9999999023e+00   7.5000000000e-03
1.0007816219e+01   7.5000000000e-03
1.0007916219e+01   7.5000000000e-03
1.0008916219e+01   7.5000000000e-03
1.0016732535e+01   7.5000000000e-03
1.0016832535e+01   7.5000000000e-03
1.0017832535e+01   7.5000000000e-03
1.0025648852e+01   7.5000000000e-03
1.0025748852e+01   7.5000000000e-03
1.0026748852e+01   7.5000000000e-03
1.0034565169e+01   7.5000000000e-03
1.0034665169e+01   7.5000000000e-03
1.0035665169e+01   7.5000000000e-03
1.0043481485e+01   7.5000000000e-03
1.0043581485e+01   7.5000000000e-03
1.0044581485e+01   7.5000000000e-03
1.0052397802e+01   7.5000000000e-03
1.0052497802e+01   1.5000000000e-02
1.0053497802e+01   1.5000000000e-02
1.0061314118e+01   1.5000000000e-02
1.0069130435e+01   1.5000000000e-02
1.0069230435e+01   1.5000000000e-02
1.0070230435e+01   1.5000000000e-02
1.0078046751e+01   1.5000000000e-02
1.0085863068e+01   1.5000000000e-02
1.0085963068e+01   1.5000000000e-02
1.0086963068e+01   1.5000000000e-02
1.0094779384e+01   1.5000000000e-02
1.0102595701e+01   1.5000000000e-02
1.0102695701e+01   1.8750000000e-03
1.0103695701e+01   1.8750000000e-03
1.0102695701e+01   1.8750000000e-03
1.0103695701e+01   1.8750000000e-03
1.0103795701e+01   3.0000000000e-02
1.0104795701e+01   3.0000000000e-02
1.0112612018e+01   3.0000000000e-02
1.0120428334e+01   3.0000000000e-02
1.0128244651e+01   3.0000000000e-02
1.0136060967e+01   3.0000000000e-02
1.0136160967e+01   1.5000000000e-02
1.0137160967e+01   1.5000000000e-02
1.0144977284e+01   1.5000000000e-02
1.0152793600e+01   1.5000000000e-02
1.0152893600e+01   1.5000000000e-02
1.0153893600e+01   1.5000000000e-02
1.0161709917e+01   1.5000000000e-02
1.0169526234e+01   1.5000000000e-02
1.0169626234e+01   1.5000000000e-02
1.0170626234e+01   1.5000000000e-02
1.0178442550e+01   1.5000000000e-02
1.0186258867e+01   1.5000000000e-02
1.0186358867e+01   1.5000000000e-02
1.0187358867e+01   1.5000000000e-02
1.0195175183e+01   1.5000000000e-02
1.0202991500e+01   1.5000000000e-02
1.0203091500e+01   1.5000000000e-02
1.0204091500e+01   1.5000000000e-02
1.0211907816e+01   1.5000000000e-02
1.0219724133e+01   1.5000000000e-02
1.0219824133e+01   1.5000000000e-02
1.0220824133e+01   1.5000000000e-02
1.0228640449e+01   1.5000000000e-02
1.0236456766e+01   1.5000000000e-02
1.0236556766e+01   1.5000000000e-02
1.0237556766e+01   1.5000000000e-02
1.0245373083e+01   1.5000000000e-02
1.0253189399e+01   1.5000000000e-02
1.0253289399e+01   1.5000000000e-02
1.0254289399e+01   1.5000000000e-02
1.0262105716e+01   1.5000000000e-02
1.0269922032e+01   1.5000000000e-02
1.0270022032e+01   1.5000000000e-02
1.0271022032e+01   1.5000000000e-02
1.0278838349e+01   1.5000000000e-02
1.0286654665e+01   1.5000000000e-02
1.0286754665e+01   1.5000000000e-02
1.0287754665e+01   1.5000000000e-02
1.0295570982e+01   1.5000000000e-02
1.0303387298e+01   1.5000000000e-02
1.0303487298e+01   1.5000000000e-02
1.0304487298e+01   1.5000000000e-02
1.0312303615e+01   1.5000000000e-02
1.0320119932e+01   1.5000000000e-02
1.0320219932e+01   1.5000000000e-02
1.0321219932e+01   1.5000000000e-02
1.0329036248e+01   1.5000000000e-02
1.0336852565e+01   1.5000000000e-02
1.0336952565e+01   1.5000000000e-02
1.0337952565e+01   1.5000000000e-02
1.0345768881e+01   1.5000000000e-02
1.0353585198e+01   1.5000000000e-02
1.0353685198e+01   1.5000000000e-02
1.0354685198e+01   1.5000000000e-02
1.0362501514e+01   1.5000000000e-02
1.0362601514e+01   1.5000000000e-02
1.0363601514e+01   1.5000000000e-02
1.0371417831e+01   1.5000000000e-02
1.0371517831e+01   1.5000000000e-02
1.0372517831e+01   1.5000000000e-02
1.0380334148e+01   1.5000000000e-02
1.0380434148e+01   1.5000000000e-02
1.0381434148e+01   1.5000000000e-02
1.0389250464e+01   1.5000000000e-02
1.0389350464e+01   1.5000000000e-02
1.0390350464e+01   1.5000000000e-02
1.0398166781e+01   1.5000000000e-02
1.0398266781e+01   1.5000000000e-02
1.0399266781e+01   1.5000000000e-02
1.0407083097e+01   1.5000000000e-02
1.0407183097e+01   1.5000000000e-02
1.0408183097e+01   1.5000000000e-02
1.0415999414e+01   1.5000000000e-02
1.0416099414e+01   7.5000000000e-03
1.0417099414e+01   7.5000000000e-03
1.0417199414e+01   1.5000000000e-02
1.0418199414e+01   1.5000000000e-02
1.0426015730e+01   1.5000000000e-02
1.0426115730e+01   1.5000000000e-02
1.0427115730e+01   1.5000000000e-02
1.0434932047e+01   1.5000000000e-02
1.0435032047e+01   1.5000000000e-02
1.0436032047e+01   1.5000000000e-02
1.0443848363e+01   1.5000000000e-02
1.0443948363e+01   1.5000000000e-02
1.0444948363e+01   1.5000000000e-02
1.0452764680e+01   1.5000000000e-02
1.0452864680e+01   1.5000000000e-02
1.0453864680e+01   1.5000000000e-02
1.0461680997e+01   1.5000000000e-02
1.0461780997e+01   7.5000000000e-03
1.0462780997e+01   7.5000000000e-03
1.0462880997e+01   1.5000000000e-02
1.0463880997e+01   1.5000000000e-02
1.0471697313e+01   1.5000000000e-02
1.0471797313e+01   1.5000000000e-02
1.0472797313e+01   1.5000000000e-02
1.0480613630e+01   1.5000000000e-02
1.0480713630e+01   1.5000000000e-02
1.0481713630e+01   1.5000000000e-02
1.0489529946e+01   1.5000000000e-02
1.0489629946e+01   1.5000000000e-02
1.0490629946e+01   1.5000000000e-02
1.0498446263e+01   1.5000000000e-02
1.0498546263e+01   1.5000000000e-02
1.0499546263e+01   1.5000000000e-02
1.0507362579e+01   1.5000000000e-02
1.0507462579e+01   1.5000000000e-02
1.0508462579e+01   1.5000000000e-02
1.0516278896e+01   1.5000000000e-02
1.0516378896e+01   1.5000000000e-02
1.0517378896e+01   1.5000000000e-02
1.0525195213e+01   1.5000000000e-02
1.0525295213e+01   1.5000000000e-02
1.0526295213e+01   1.5000000000e-02
1.0534111529e+01   1.5000000000e-02
1.0534211529e+01   1.5000000000e-02
1.0535211529e+01   1.5000000000e-02
1.0543027846e+01   1.5000000000e-02
1.0543127846e+01   1.5000000000e-02
1.0544127846e+01   1.5000000000e-02
1.0551944162e+01   1.5000000000e-02
1.0552044162e+01   1.5000000000e-02
1.0553044162e+01   1.5000000000e-02
1.0560860479e+01   1.5000000000e-02
1.0560960479e+01   1.5000000000e-02
1.0561960479e+01   1.5000000000e-02
1.0569776795e+01   1.5000000000e-02
1.0569876795e+01   1.5000000000e-02
1.0570876795e+01   1.5000000000e-02
1.0578693112e+01   1.5000000000e-02
1.0578793112e+01   1.5000000000e-02
1.0579793112e+01   1.5000000000e-02
1.0587609428e+01   1.5000000000e-02
1.0587709428e+01   1.5000000000e-02
1.0588709428e+01   1.5000000000e-02
1.0596525745e+01   1.5000000000e-02
1.0596625745e+01   1.5000000000e-02
1.0597625745e+01   1.5000000000e-02
1.0605442062e+01   1.5000000000e-02
1.0605542062e+01   1.5000000000e-02
1.0606542062e+01   1.5000000000e-02
1.0614358378e+01   1.5000000000e-02
1.0614458378e+01   1.5000000000e-02
1.0615458378e+01   1.5000000000e-02
1.0623274695e+01   1.5000000000e-02
1.0623374695e+01   1.5000000000e-02
1.0624374695e+01   1.5000000000e-02
1.0632191011e+01   1.5000000000e-02
1.0632291011e+01   7.5000000000e-03
1.0633291011e+01   7.5000000000e-03
1.0633391011e+01   1.5000000000e-02
1.0634391011e+01   1.5000000000e-02
1.0642207328e+01   1.5000000000e-02
1.0642307328e+01   1.5000000000e-02
1.0643307328e+01   1.5000000000e-02
1.0651123644e+01   1.5000000000e-02
1.0651223644e+01   1.5000000000e-02
1.0652223644e+01   1.5000000000e-02
1.0660039961e+01   1.5000000000e-02
1.0660139961e+01   7.5000000000e-03
1.0661139961e+01   7.5000000000e-03
1.0661239961e+01   1.5000000000e-02
1.0662239961e+01   1.5000000000e-02
1.0670056277e+01   1.5000000000e-02
1.0670156277e+01   1.5000000000e-02
1.0671156277e+01   1.5000000000e-02
1.0678972594e+01   1.5000000000e-02
1.0679072594e+01   1.5000000000e-02
1.0680072594e+01   1.5000000000e-02
1.0687888911e+01   1.5000000000e-02
1.0687988911e+01   1.5000000000e-02
1.0688988911e+01   1.5000000000e-02
1.0696805227e+01   1.5000000000e-02
1.0696905227e+01   1.5000000000e-02
1.0697905227e+01   1.5000000000e-02
1.0705721544e+01   1.5000000000e-02
1.0705821544e+01   1.5000000000e-02
1.0706821544e+01   1.5000000000e-02
1.0714637860e+01   1.5000000000e-02
1.0714737860e+01   1.5000000000e-02
1.0715737860e+01   1.5000000000e-02
1.0723554177e+01   1.5000000000e-02
1.0723654177e+01   1.5000000000e-02
1.0724654177e+01   1.5000000000e-02
1.0732470493e+01   1.5000000000e-02
1.0732570493e+01   1.5000000000e-02
1.0733570493e+01   1.5000000000e-02
1.0741386810e+01   1.5000000000e-02
1.0741486810e+01   1.5000000000e-02
1.0742486810e+01   1.5000000000e-02
1.0750303127e+01   1.5000000000e-02
1.0750403127e+01   7.5000000000e-03
1.0751403127e+01   7.5000000000e-03
1.0751503127e+01   1.5000000000e-02
1.0752503127e+01   1.5000000000e-02
1.0760319443e+01   1.5000000000e-02
1.0760419443e+01   1.5000000000e-02
1.0761419443e+01   1.5000000000e-02
1.0769235760e+01   1.5000000000e-02
1.0769335760e+01   1.5000000000e-02
1.0770335760e+01   1.5000000000e-02
1.0778152076e+01   1.5000000000e-02
1.0778252076e+01   1.5000000000e-02
1.0779252076e+01   1.5000000000e-02
1.0787068393e+01   1.5000000000e-02
1.0787168393e+01   1.5000000000e-02
1.0788168393e+01   1.5000000000e-02
1.0795984709e+01   1.5000000000e-02
1.0796084709e+01   7.5000000000e-03
1.0797084709e+01   7.5000000000e-03
1.0797184709e+01   1.5000000000e-02
1.0798184709e+01   1.5000000000e-02
1.0806001026e+01   1.5000000000e-02
1.0806101026e+01   1.5000000000e-02
1.0807101026e+01   1.5000000000e-02
1.0814917342e+01   1.5000000000e-02
1.0815017342e+01   1.5000000000e-02
1.0816017342e+01   1.5000000000e-02
1.0823833659e+01   1.5000000000e-02
1.0823933659e+01   1.5000000000e-02
1.0824933659e+01   1.5000000000e-02
1.0832749976e+01   1.5000000000e-02
1.0832849976e+01   1.5000000000e-02
1.0833849976e+01   1.5000000000e-02
1.0841666292e+01   1.5000000000e-02
1.0841766292e+01   1.5000000000e-02
1.0842766292e+01   1.5000000000e-02
1.0850582609e+01   1.5000000000e-02
1.0850682609e+01   1.5000000000e-02
1.0851682609e+01   1.5000000000e-02
1.0859498925e+01   1.5000000000e-02
1.0859598925e+01   1.5000000000e-02
1.0860598925e+01   1.5000000000e-02
1.0868415242e+01   1.5000000000e-02
1.0868515242e+01   1.5000000000e-02
1.0869515242e+01   1.5000000000e-02
1.0877331558e+01   1.5000000000e-02
1.0877431558e+01   1.5000000000e-02
1.0878431558e+01   1.5000000000e-02
1.0886247875e+01   1.5000000000e-02
1.0886347875e+01   1.5000000000e-02
1.0887347875e+01   1.5000000000e-02
1.0895164191e+01   1.5000000000e-02
1.0895264191e+01   1.5000000000e-02
1.0896264191e+01   1.5000000000e-02
1.0904080508e+01   1.5000000000e-02
1.0904180508e+01   1.5000000000e-02
1.0905180508e+01   1.5000000000e-02
1.0912996825e+01   1.5000000000e-02
1.0913096825e+01   1.5000000000e-02
1.0914096825e+01   1.5000000000e-02
1.0921913141e+01   1.5000000000e-02
1.0922013141e+01   1.5000000000e-02
1.0923013141e+01   1.5000000000e-02
1.0930829458e+01   1.5000000000e-02
1.0930929458e+01   1.5000000000e-02
1.0931929458e+01   1.5000000000e-02
1.0939745774e+01   1.5000000000e-02
1.0939845774e+01   1.5000000000e-02
1.0940845774e+01   1.5000000000e-02
1.0948662091e+01   1.5000000000e-02
1.0948762091e+01   1.5000000000e-02
1.0949762091e+01   1.5000000000e-02
1.0957578407e+01   1.5000000000e-02
1.0957678407e+01   1.5000000000e-02
1.0958678407e+01   1.5000000000e-02
1.0966494724e+01   1.5000000000e-02
1.0966594724e+01   1.5000000000e-02
1.0967594724e+01   1.5000000000e-02
1.0975411041e+01   1.5000000000e-02
1.0975511041e+01   1.5000000000e-02
1.0976511041e+01   1.5000000000e-02
1.0984327357e+01   1.5000000000e-02
1.0984427357e+01   1.5000000000e-02
1.0985427357e+01   1.5000000000e-02
1.0993243674e+01   1.5000000000e-02
1.0993343674e+01   1.5000000000e-02
1.0994343674e+01   1.5000000000e-02
1.1002159990e+01   1.5000000000e-02
1.1002259990e+01   1.5000000000e-02
1.1003259990e+01   1.5000000000e-02
1.1011076307e+01   1.5000000000e-02
1.1011176307e+01   1.5000000000e-02
1.1012176307e+01   1.5000000000e-02
1.1019992623e+01   1.5000000000e-02
1.1020092623e+01   1.5000000000e-02
1.1021092623e+01   1.5000000000e-02
1.1028908940e+01   1.5000000000e-02
1.1029008940e+01   1.5000000000e-02
1.1030008940e+01   1.5000000000e-02
1.1037825256e+01   1.5000000000e-02
1.1037925256e+01   1.5000000000e-02
1.1038925256e+01   1.5000000000e-02
1.1046741573e+01   1.5000000000e-02
1.1046841573e+01   1.5000000000e-02
1.1047841573e+01   1.5000000000e-02
1.1055657890e+01   1.5000000000e-02
1.1055757890e+01   1.5000000000e-02
1.1056757890e+01   1.5000000000e-02
1.1064574206e+01   1.5000000000e-02
1.1064674206e+01   1.5000000000e-02
1.1065674206e+01   1.5000000000e-02
1.1073490523e+01   1.5000000000e-02
1.1073590523e+01   1.5000000000e-02
1.1074590523e+01   1.5000000000e-02
1.1082406839e+01   1.5000000000e-02
1.1082506839e+01   1.5000000000e-02
1.1083506839e+01   1.5000000000e-02
1.1091323156e+01   1.5000000000e-02
1.1091423156e+01   1.5000000000e-02
1.1092423156e+01   1.5000000000e-02
1.1100239472e+01   1.5000000000e-02
1.1100339472e+01   1.5000000000e-02
1.1101339472e+01   1.5000000000e-02
1.1109155789e+01   1.5000000000e-02
1.1109255789e+01   1.5000000000e-02
1.1110255789e+01   1.5000000000e-02
1.1118072106e+01   1.5000000000e-02
1.1118172106e+01   1.5000000000e-02
1.1119172106e+01   1.5000000000e-02
1.1126988422e+01   1.5000000000e-02
1.1127088422e+01   1.5000000000e-02
1.1128088422e+01   1.5000000000e-02
1.1135904739e+01   1.5000000000e-02
1.1136004739e+01   1.5000000000e-02
1.1137004739e+01   1.5000000000e-02
1.1144821055e+01   1.5000000000e-02
1.1144921055e+01   1.5000000000e-02
1.1145921055e+01   1.5000000000e-02
1.1153737372e+01   1.5000000000e-02
1.1153837372e+01   1.5000000000e-02
1.1154837372e+01   1.5000000000e-02
1.1162653688e+01   1.5000000000e-02
1.1162753688e+01   1.5000000000e-02
1.1163753688e+01   1.5000000000e-02
1.1171570005e+01   1.5000000000e-02
1.1171670005e+01   1.5000000000e-02
1.1172670005e+01   1.5000000000e-02
1.1180486321e+01   1.5000000000e-02
1.1180586321e+01   1.5000000000e-02
1.1181586321e+01   1.5000000000e-02
1.1189402638e+01   1.5000000000e-02
1.1189502638e+01   1.5000000000e-02
1.1190502638e+01   1.5000000000e-02
1.1198318955e+01   1.5000000000e-02
1.1198418955e+01   1.5000000000e-02
1.1199418955e+01   1.5000000000e-02
1.1207235271e+01   1.5000000000e-02
1.1207335271e+01   1.5000000000e-02
1.1208335271e+01   1.5000000000e-02
1.1216151588e+01   1.5000000000e-02
1.1216251588e+01   1.5000000000e-02
1.1217251588e+01   1.5000000000e-02
1.1225067904e+01   1.5000000000e-02
1.1225167904e+01   1.5000000000e-02
1.1226167904e+01   1.5000000000e-02
1.1233984221e+01   1.5000000000e-02
1.1234084221e+01   1.5000000000e-02
1.1235084221e+01   1.5000000000e-02
1.1242900537e+01   1.5000000000e-02
1.1243000537e+01   1.5000000000e-02
1.1244000537e+01   1.5000000000e-02
1.1251816854e+01   1.5000000000e-02
1.1251916854e+01   1.5000000000e-02
1.1252916854e+01   1.5000000000e-02
1.1260733170e+01   1.5000000000e-02
1.1260833170e+01   1.5000000000e-02
1.1261833170e+01   1.5000000000e-02
1.1269649487e+01   1.5000000000e-02
1.1269749487e+01   7.5000000000e-03
1.1270749487e+01   7.5000000000e-03
1.1270849487e+01   1.5000000000e-02
1.1271849487e+01   1.5000000000e-02
1.1279665804e+01   1.5000000000e-02
1.1279765804e+01   1.5000000000e-02
1.1280765804e+01   1.5000000000e-02
1.1288582120e+01   1.5000000000e-02
1.1288682120e+01   1.5000000000e-02
1.1289682120e+01   1.5000000000e-02
1.1297498437e+01   1.5000000000e-02
1.1297598437e+01   1.5000000000e-02
1.1298598437e+01   1.5000000000e-02
1.1306414753e+01   1.5000000000e-02
1.1306514753e+01   7.5000000000e-03
1.1307514753e+01   7.5000000000e-03
1.1307614753e+01   7.5000000000e-03
1.1308614753e+01   7.5000000000e-03
1.1316431070e+01   7.5000000000e-03
1.1316531070e+01   7.5000000000e-03
1.1317531070e+01   7.5000000000e-03
1.1325347386e+01   7.5000000000e-03
1.1325447386e+01   1.5000000000e-02
1.1326447386e+01   1.5000000000e-02
1.1334263703e+01   1.5000000000e-02
1.1334363703e+01   1.5000000000e-02
1.1335363703e+01   1.5000000000e-02
1.1343180020e+01   1.5000000000e-02
1.1343280020e+01   7.5000000000e-03
1.1344280020e+01   7.5000000000e-03
1.1344380020e+01   1.5000000000e-02
1.1345380020e+01   1.5000000000e-02
1.1353196336e+01   1.5000000000e-02
1.1353296336e+01   7.5000000000e-03
1.1354296336e+01   7.5000000000e-03
1.1354396336e+01   7.5000000000e-03
1.1355396336e+01   7.5000000000e-03
1.1363212653e+01   7.5000000000e-03
1.1363312653e+01   7.5000000000e-03
1.1364312653e+01   7.5000000000e-03
1.1372128969e+01   7.5000000000e-03
1.1372228969e+01   1.5000000000e-02
1.1373228969e+01   1.5000000000e-02
1.1381045286e+01   1.5000000000e-02
1.1381145286e+01   1.5000000000e-02
1.1382145286e+01   1.5000000000e-02
1.1389961602e+01   1.5000000000e-02
1.1390061602e+01   7.5000000000e-03
1.1391061602e+01   7.5000000000e-03
1.1391161602e+01   1.5000000000e-02
1.1392161602e+01   1.5000000000e-02
1.1399977919e+01   1.5000000000e-02
1.1400077919e+01   7.5000000000e-03
1.1401077919e+01   7.5000000000e-03
1.1401177919e+01   7.5000000000e-03
1.1402177919e+01   7.5000000000e-03
1.1409994235e+01   7.5000000000e-03
1.1410094235e+01   1.5000000000e-02
1.1411094235e+01   1.5000000000e-02
1.1418910552e+01   1.5000000000e-02
1.1419010552e+01   7.5000000000e-03
1.1420010552e+01   7.5000000000e-03
1.1420110552e+01   7.5000000000e-03
1.1421110552e+01   7.5000000000e-03
1.1428926869e+01   7.5000000000e-03
1.1429026869e+01   1.5000000000e-02
1.1430026869e+01   1.5000000000e-02
1.1437843185e+01   1.5000000000e-02
1.1437943185e+01   7.5000000000e-03
1.1438943185e+01   7.5000000000e-03
1.1439043185e+01   7.5000000000e-03
1.1440043185e+01   7.5000000000e-03
1.1447859502e+01   7.5000000000e-03
1.1447959502e+01   1.5000000000e-02
1.1448959502e+01   1.5000000000e-02
1.1456775818e+01   1.5000000000e-02
1.1456875818e+01   1.5000000000e-02
1.1457875818e+01   1.5000000000e-02
1.1465692135e+01   1.5000000000e-02
1.1465792135e+01   7.5000000000e-03
1.1466792135e+01   7.5000000000e-03
1.1466892135e+01   1.5000000000e-02
1.1467892135e+01   1.5000000000e-02
1.1475708451e+01   1.5000000000e-02
1.1475808451e+01   7.5000000000e-03
1.1476808451e+01   7.5000000000e-03
1.1476908451e+01   7.5000000000e-03
1.1477908451e+01   7.5000000000e-03
1.1485724768e+01   7.5000000000e-03
1.1485824768e+01   7.5000000000e-03
1.1486824768e+01   7.5000000000e-03
1.1494641085e+01   7.5000000000e-03
1.1494741085e+01   7.5000000000e-03
1.1495741085e+01   7.5000000000e-03
1.1503557401e+01   7.5000000000e-03
1.1503657401e+01   7.5000000000e-03
1.1504657401e+01   7.5000000000e-03
1.1512473718e+01   7.5000000000e-03
1.1512573718e+01   7.5000000000e-03
1.1513573718e+01   7.5000000000e-03
1.1521390034e+01   7.5000000000e-03
1.1521490034e+01   7.5000000000e-03
1.1522490034e+01   7.5000000000e-03
1.1530306351e+01   7.5000000000e-03
1.1530406351e+01   1.8750000000e-03
1.1530406351e+01   1.8750000000e-03
1.1531406351e+01   1.8750000000e-03
1.1531506351e+01   7.5000000000e-03
1.1532506351e+01   7.5000000000e-03
1.1540322667e+01   7.5000000000e-03
1.1540422667e+01   1.5000000000e-02
1.1541422667e+01   1.5000000000e-02
1.1549238984e+01   1.5000000000e-02
1.1549338984e+01   7.5000000000e-03
1.1550338984e+01   7.5000000000e-03
1.1550438984e+01   7.5000000000e-03
1.1551438984e+01   7.5000000000e-03
1.1559255300e+01   7.5000000000e-03
1.1559355300e+01   7.5000000000e-03
1.1560355300e+01   7.5000000000e-03
1.1568171617e+01   7.5000000000e-03
1.1568271617e+01   7.5000000000e-03
1.1569271617e+01   7.5000000000e-03
1.1577087934e+01   7.5000000000e-03
1.1577187934e+01   7.5000000000e-03
1.1578187934e+01   7.5000000000e-03
1.1586004250e+01   7.5000000000e-03
1.1586104250e+01   7.5000000000e-03
1.1587104250e+01   7.5000000000e-03
1.1594920567e+01   7.5000000000e-03
1.1595020567e+01   7.5000000000e-03
1.1596020567e+01   7.5000000000e-03
1.1603836883e+01   7.5000000000e-03
1.1603936883e+01   7.5000000000e-03
1.1604936883e+01   7.5000000000e-03
1.1612753200e+01   7.5000000000e-03
1.1612853200e+01   7.5000000000e-03
1.1613853200e+01   7.5000000000e-03
1.1621669516e+01   7.5000000000e-03
1.1621769516e+01   7.5000000000e-03
1.1622769516e+01   7.5000000000e-03
1.1630585833e+01   7.5000000000e-03
1.1630685833e+01   7.5000000000e-03
1.1631685833e+01   7.5000000000e-03
1.1639502149e+01   7.5000000000e-03
1.1639602149e+01   7.5000000000e-03
1.1640602149e+01   7.5000000000e-03
1.1648418466e+01   7.5000000000e-03
1.1648518466e+01   1.8750000000e-03
1.1648518466e+01   1.8750000000e-03
1.1649518466e+01   1.8750000000e-03
1.1649618466e+01   1.5000000000e-02
1.1650618466e+01   1.5000000000e-02
1.1658434783e+01   1.5000000000e-02
1.1658534783e+01   7.5000000000e-03
1.1659534783e+01   7.5000000000e-03
1.1659634783e+01   7.5000000000e-03
1.1660634783e+01   7.5000000000e-03
1.1668451099e+01   7.5000000000e-03
1.1668551099e+01   7.5000000000e-03
1.1669551099e+01   7.5000000000e-03
1.1677367416e+01   7.5000000000e-03
1.1677467416e+01   7.5000000000e-03
1.1678467416e+01   7.5000000000e-03
1.1686283732e+01   7.5000000000e-03
1.1686383732e+01   7.5000000000e-03
1.1687383732e+01   7.5000000000e-03
1.1695200049e+01   7.5000000000e-03
1.1695300049e+01   7.5000000000e-03
1.1696300049e+01   7.5000000000e-03
1.1704116365e+01   7.5000000000e-03
1.1704216365e+01   7.5000000000e-03
1.1705216365e+01   7.5000000000e-03
1.1713032682e+01   7.5000000000e-03
1.1713132682e+01   1.5000000000e-02
1.1714132682e+01   1.5000000000e-02
1.1721948999e+01   1.5000000000e-02
1.1722048999e+01   7.5000000000e-03
1.1723048999e+01   7.5000000000e-03
1.1723148999e+01   1.5000000000e-02
1.1724148999e+01   1.5000000000e-02
1.1731965315e+01   1.5000000000e-02
1.1732065315e+01   7.5000000000e-03
1.1733065315e+01   7.5000000000e-03
1.1733165315e+01   7.5000000000e-03
1.1734165315e+01   7.5000000000e-03
1.1741981632e+01   7.5000000000e-03
1.1742081632e+01   7.5000000000e-03
1.1743081632e+01   7.5000000000e-03
1.1750897948e+01   7.5000000000e-03
1.1750997948e+01   7.5000000000e-03
1.1751997948e+01   7.5000000000e-03
1.1759814265e+01   7.5000000000e-03
1.1759914265e+01   7.5000000000e-03
1.1760914265e+01   7.5000000000e-03
1.1768730581e+01   7.5000000000e-03
1.1768830581e+01   7.5000000000e-03
1.1769830581e+01   7.5000000000e-03
1.1777646898e+01   7.5000000000e-03
1.1777746898e+01   7.5000000000e-03
1.1778746898e+01   7.5000000000e-03
1.1786563214e+01   7.5000000000e-03
1.1786663214e+01   7.5000000000e-03
1.1787663214e+01   7.5000000000e-03
1.1795479531e+01   7.5000000000e-03
1.1795579531e+01   7.5000000000e-03
1.1796579531e+01   7.5000000000e-03
1.1804395848e+01   7.5000000000e-03
1.1804495848e+01   7.5000000000e-03
1.1805495848e+01   7.5000000000e-03
1.1813312164e+01   7.5000000000e-03
1.1813412164e+01   7.5000000000e-03
1.1814412164e+01   7.5000000000e-03
1.1822228481e+01   7.5000000000e-03
1.1822328481e+01   1.5000000000e-02
1.1823328481e+01   1.5000000000e-02
1.1831144797e+01   1.5000000000e-02
1.1831244797e+01   7.5000000000e-03
1.1832244797e+01   7.5000000000e-03
1.1832344797e+01   1.8750000000e-03
1.1832344797e+01   1.8750000000e-03
1.1833344797e+01   1.8750000000e-03
1.1833444797e+01   7.5000000000e-03
1.1834444797e+01   7.5000000000e-03
1.1842261114e+01   7.5000000000e-03
1.1842361114e+01   7.5000000000e-03
1.1843361114e+01   7.5000000000e-03
1.1851177430e+01   7.5000000000e-03
1.1851277430e+01   1.5000000000e-02
1.1852277430e+01   1.5000000000e-02
1.1860093747e+01   1.5000000000e-02
1.1860193747e+01   7.5000000000e-03
1.1861193747e+01   7.5000000000e-03
1.1861293747e+01   7.5000000000e-03
1.1862293747e+01   7.5000000000e-03
1.1870110064e+01   7.5000000000e-03
1.1870210064e+01   7.5000000000e-03
1.1871210064e+01   7.5000000000e-03
1.1879026380e+01   7.5000000000e-03
1.1879126380e+01   7.5000000000e-03
1.1880126380e+01   7.5000000000e-03
1.1887942697e+01   7.5000000000e-03
1.1888042697e+01   7.5000000000e-03
1.1889042697e+01   7.5000000000e-03
1.1896859013e+01   7.5000000000e-03
1.1896959013e+01   7.5000000000e-03
1.1897959013e+01   7.5000000000e-03
1.1905775330e+01   7.5000000000e-03
1.1905875330e+01   1.5000000000e-02
1.1906875330e+01   1.5000000000e-02
1.1914691646e+01   1.5000000000e-02
1.1914791646e+01   1.5000000000e-02
1.1915791646e+01   1.5000000000e-02
1.1923607963e+01   1.5000000000e-02
1.1923707963e+01   7.5000000000e-03
1.1924707963e+01   7.5000000000e-03
1.1924807963e+01   7.5000000000e-03
1.1925807963e+01   7.5000000000e-03
1.1933624279e+01   7.5000000000e-03
1.1933724279e+01   7.5000000000e-03
1.1934724279e+01   7.5000000000e-03
1.1942540596e+01   7.5000000000e-03
1.1942640596e+01   7.5000000000e-03
1.1943640596e+01   7.5000000000e-03
1.1951456913e+01   7.5000000000e-03
1.1951556913e+01   1.5000000000e-02
1.1952556913e+01   1.5000000000e-02
1.1960373229e+01   1.5000000000e-02
1.1960473229e+01   7.5000000000e-03
1.1961473229e+01   7.5000000000e-03
1.1961573229e+01   1.5000000000e-02
1.1962573229e+01   1.5000000000e-02
1.1970389546e+01   1.5000000000e-02
1.1970489546e+01   7.5000000000e-03
1.1971489546e+01   7.5000000000e-03
1.1971589546e+01   7.5000000000e-03
1.1972589546e+01   7.5000000000e-03
1.1980405862e+01   7.5000000000e-03
1.1980505862e+01   1.5000000000e-02
1.1981505862e+01   1.5000000000e-02
1.1989322179e+01   1.5000000000e-02
1.1989422179e+01   1.5000000000e-02
1.1990422179e+01   1.5000000000e-02
1.1998238495e+01   1.5000000000e-02
1.1998338495e+01   7.5000000000e-03
1.1999338495e+01   7.5000000000e-03
1.1999438495e+01   7.5000000000e-03
1.2000438495e+01   7.5000000000e-03
1.2008254812e+01   7.5000000000e-03
1.2008354812e+01   1.5000000000e-02
1.2009354812e+01   1.5000000000e-02
1.2017171128e+01   1.5000000000e-02
1.2017271128e+01   1.5000000000e-02
1.2018271128e+01   1.5000000000e-02
1.2026087445e+01   1.5000000000e-02
1.2026187445e+01   7.5000000000e-03
1.2027187445e+01   7.5000000000e-03
1.2027287445e+01   1.5000000000e-02
1.2028287445e+01   1.5000000000e-02
1.2036103762e+01   1.5000000000e-02
1.2036203762e+01   7.5000000000e-03
1.2037203762e+01   7.5000000000e-03
1.2037303762e+01   1.5000000000e-02
1.2038303762e+01   1.5000000000e-02
1.2046120078e+01   1.5000000000e-02
1.2046220078e+01   7.5000000000e-03
1.2047220078e+01   7.5000000000e-03
1.2047320078e+01   1.5000000000e-02
1.2048320078e+01   1.5000000000e-02
1.2056136395e+01   1.5000000000e-02
1.2056236395e+01   7.5000000000e-03
1.2057236395e+01   7.5000000000e-03
1.2057336395e+01   1.5000000000e-02
1.2058336395e+01   1.5000000000e-02
1.2066152711e+01   1.5000000000e-02
1.2066252711e+01   1.5000000000e-02
1.2067252711e+01   1.5000000000e-02
1.2075069028e+01   1.5000000000e-02
1.2075169028e+01   1.5000000000e-02
1.2076169028e+01   1.5000000000e-02
1.2083985344e+01   1.5000000000e-02
1.2084085344e+01   1.5000000000e-02
1.2085085344e+01   1.5000000000e-02
1.2092901661e+01   1.5000000000e-02
1.2093001661e+01   1.5000000000e-02
1.2094001661e+01   1.5000000000e-02
1.2101817978e+01   1.5000000000e-02
1.2101917978e+01   1.5000000000e-02
1.2102917978e+01   1.5000000000e-02
1.2110734294e+01   1.5000000000e-02
1.2110834294e+01   1.5000000000e-02
1.2111834294e+01   1.5000000000e-02
1.2119650611e+01   1.5000000000e-02
1.2119750611e+01   1.5000000000e-02
1.2120750611e+01   1.5000000000e-02
1.2128566927e+01   1.5000000000e-02
1.2128666927e+01   1.5000000000e-02
1.2129666927e+01   1.5000000000e-02
1.2137483244e+01   1.5000000000e-02
1.2137583244e+01   7.5000000000e-03
1.2138583244e+01   7.5000000000e-03
1.2138683244e+01   1.5000000000e-02
1.2139683244e+01   1.5000000000e-02
1.2147499560e+01   1.5000000000e-02
1.2147599560e+01   1.5000000000e-02
1.2148599560e+01   1.5000000000e-02
1.2156415877e+01   1.5000000000e-02
1.2156515877e+01   1.5000000000e-02
1.2157515877e+01   1.5000000000e-02
1.2165332193e+01   1.5000000000e-02
1.2165432193e+01   1.5000000000e-02
1.2166432193e+01   1.5000000000e-02
1.2174248510e+01   1.5000000000e-02
1.2174348510e+01   1.5000000000e-02
1.2175348510e+01   1.5000000000e-02
1.2183164827e+01   1.5000000000e-02
1.2183264827e+01   7.5000000000e-03
1.2184264827e+01   7.5000000000e-03
1.2184364827e+01   1.5000000000e-02
1.2185364827e+01   1.5000000000e-02
1.2193181143e+01   1.5000000000e-02
1.2193281143e+01   1.5000000000e-02
1.2194281143e+01   1.5000000000e-02
1.2202097460e+01   1.5000000000e-02
1.2202197460e+01   1.5000000000e-02
1.2203197460e+01   1.5000000000e-02
1.2211013776e+01   1.5000000000e-02
1.2211113776e+01   1.5000000000e-02
1.2212113776e+01   1.5000000000e-02
1.2219930093e+01   1.5000000000e-02
1.2220030093e+01   7.5000000000e-03
1.2221030093e+01   7.5000000000e-03
1.2221130093e+01   1.5000000000e-02
1.2222130093e+01   1.5000000000e-02
1.2229946409e+01   1.5000000000e-02
1.2230046409e+01   7.5000000000e-03
1.2231046409e+01   7.5000000000e-03
1.2231146409e+01   1.5000000000e-02
1.2232146409e+01   1.5000000000e-02
1.2239962726e+01   1.5000000000e-02
1.2240062726e+01   1.5000000000e-02
1.2241062726e+01   1.5000000000e-02
1.2248879042e+01   1.5000000000e-02
1.2248979042e+01   1.5000000000e-02
1.2249979042e+01   1.5000000000e-02
1.2257795359e+01   1.5000000000e-02
1.2257895359e+01   1.5000000000e-02
1.2258895359e+01   1.5000000000e-02
1.2266711676e+01   1.5000000000e-02
1.2266811676e+01   1.5000000000e-02
1.2267811676e+01   1.5000000000e-02
1.2275627992e+01   1.5000000000e-02
1.2275727992e+01   1.5000000000e-02
1.2276727992e+01   1.5000000000e-02
1.2284544309e+01   1.5000000000e-02
1.2284644309e+01   1.5000000000e-02
1.2285644309e+01   1.5000000000e-02
1.2293460625e+01   1.5000000000e-02
1.2293560625e+01   1.5000000000e-02
1.2294560625e+01   1.5000000000e-02
1.2302376942e+01   1.5000000000e-02
1.2302476942e+01   1.5000000000e-02
1.2303476942e+01   1.5000000000e-02
1.2311293258e+01   1.5000000000e-02
1.2311393258e+01   1.5000000000e-02
1.2312393258e+01   1.5000000000e-02
1.2320209575e+01   1.5000000000e-02
1.2320309575e+01   1.5000000000e-02
1.2321309575e+01   1.5000000000e-02
1.2329125892e+01   1.5000000000e-02
1.2329225892e+01   1.5000000000e-02
1.2330225892e+01   1.5000000000e-02
1.2338042208e+01   1.5000000000e-02
1.2338142208e+01   1.5000000000e-02
1.2339142208e+01   1.5000000000e-02
1.2346958525e+01   1.5000000000e-02
1.2347058525e+01   1.5000000000e-02
1.2348058525e+01   1.5000000000e-02
1.2355874841e+01   1.5000000000e-02
1.2355974841e+01   1.5000000000e-02
1.2356974841e+01   1.5000000000e-02
1.2364791158e+01   1.5000000000e-02
1.2364891158e+01   1.5000000000e-02
1.2365891158e+01   1.5000000000e-02
1.2373707474e+01   1.5000000000e-02
1.2373807474e+01   1.5000000000e-02
1.2374807474e+01   1.5000000000e-02
1.2382623791e+01   1.5000000000e-02
1.2382723791e+01   1.5000000000e-02
1.2383723791e+01   1.5000000000e-02
1.2391540107e+01   1.5000000000e-02
1.2391640107e+01   1.5000000000e-02
1.2392640107e+01   1.5000000000e-02
1.2400456424e+01   1.5000000000e-02
1.2400556424e+01   1.5000000000e-02
1.2401556424e+01   1.5000000000e-02
1.2409372741e+01   1.5000000000e-02
1.2409472741e+01   1.5000000000e-02
1.2410472741e+01   1.5000000000e-02
1.2418289057e+01   1.5000000000e-02
1.2418389057e+01   1.5000000000e-02
1.2419389057e+01   1.5000000000e-02
1.2427205374e+01   1.5000000000e-02
1.2427305374e+01   1.5000000000e-02
1.2428305374e+01   1.5000000000e-02
1.2436121690e+01   1.5000000000e-02
1.2436221690e+01   1.5000000000e-02
1.2437221690e+01   1.5000000000e-02
1.2445038007e+01   1.5000000000e-02
1.2445138007e+01   1.5000000000e-02
1.2446138007e+01   1.5000000000e-02
1.2453954323e+01   1.5000000000e-02
1.2454054323e+01   1.5000000000e-02
1.2455054323e+01   1.5000000000e-02
1.2462870640e+01   1.5000000000e-02
1.2462970640e+01   1.5000000000e-02
1.2463970640e+01   1.5000000000e-02
1.2471786957e+01   1.5000000000e-02
1.2471886957e+01   1.5000000000e-02
1.2472886957e+01   1.5000000000e-02
1.2480703273e+01   1.5000000000e-02
1.2480803273e+01   1.5000000000e-02
1.2481803273e+01   1.5000000000e-02
1.2489619590e+01   1.5000000000e-02
1.2489719590e+01   1.5000000000e-02
1.2490719590e+01   1.5000000000e-02
1.2498535906e+01   1.5000000000e-02
1.2498635906e+01   1.5000000000e-02
1.2499635906e+01   1.5000000000e-02
1.2507452223e+01   1.5000000000e-02
1.2507552223e+01   1.5000000000e-02
1.2508552223e+01   1.5000000000e-02
1.2516368539e+01   1.5000000000e-02
1.2516468539e+01   1.5000000000e-02
1.2517468539e+01   1.5000000000e-02
1.2525284856e+01   1.5000000000e-02
1.2525384856e+01   1.5000000000e-02
1.2526384856e+01   1.5000000000e-02
1.2534201172e+01   1.5000000000e-02
1.2534301172e+01   1.5000000000e-02
1.2535301172e+01   1.5000000000e-02
1.2543117489e+01   1.5000000000e-02
1.2543217489e+01   1.5000000000e-02
1.2544217489e+01   1.5000000000e-02
1.2552033806e+01   1.5000000000e-02
1.2552133806e+01   1.5000000000e-02
1.2553133806e+01   1.5000000000e-02
1.2560950122e+01   1.5000000000e-02
1.2561050122e+01   1.5000000000e-02
1.2562050122e+01   1.5000000000e-02
1.2569866439e+01   1.5000000000e-02
1.2569966439e+01   1.5000000000e-02
1.2570966439e+01   1.5000000000e-02
1.2578782755e+01   1.5000000000e-02
1.2578882755e+01   1.5000000000e-02
1.2579882755e+01   1.5000000000e-02
1.2587699072e+01   1.5000000000e-02
1.2587799072e+01   7.5000000000e-03
1.2588799072e+01   7.5000000000e-03
1.2588899072e+01   7.5000000000e-03
1.2589899072e+01   7.5000000000e-03
1.2597715388e+01   7.5000000000e-03
1.2597815388e+01   7.5000000000e-03
1.2598815388e+01   7.5000000000e-03
1.2606631705e+01   7.5000000000e-03
1.2606731705e+01   7.5000000000e-03
1.2607731705e+01   7.5000000000e-03
1.2615548021e+01   7.5000000000e-03
1.2615648021e+01   7.5000000000e-03
1.2616648021e+01   7.5000000000e-03
1.2624464338e+01   7.5000000000e-03
1.2624564338e+01   7.5000000000e-03
1.2625564338e+01   7.5000000000e-03
1.2633380655e+01   7.5000000000e-03
1.2633480655e+01   7.5000000000e-03
1.2634480655e+01   7.5000000000e-03
1.2642296971e+01   7.5000000000e-03
1.2642396971e+01   7.5000000000e-03
1.2643396971e+01   7.5000000000e-03
1.2651213288e+01   7.5000000000e-03
1.2651313288e+01   7.5000000000e-03
1.2652313288e+01   7.5000000000e-03
1.2660129604e+01   7.5000000000e-03
1.2660229604e+01   7.5000000000e-03
1.2661229604e+01   7.5000000000e-03
1.2669045921e+01   7.5000000000e-03
1.2669145921e+01   7.5000000000e-03
1.2670145921e+01   7.5000000000e-03
1.2677962237e+01   7.5000000000e-03
1.2678062237e+01   7.5000000000e-03
1.2679062237e+01   7.5000000000e-03
1.2686878554e+01   7.5000000000e-03
1.2686978554e+01   7.5000000000e-03
1.2687978554e+01   7.5000000000e-03
1.2695794871e+01   7.5000000000e-03
1.2695894871e+01   1.5000000000e-02
1.2696894871e+01   1.5000000000e-02
1.2704711187e+01   1.5000000000e-02
1.2704811187e+01   1.5000000000e-02
1.2705811187e+01   1.5000000000e-02
1.2713627504e+01   1.5000000000e-02
1.2713727504e+01   1.5000000000e-02
1.2714727504e+01   1.5000000000e-02
1.2722543820e+01   1.5000000000e-02
1.2722643820e+01   1.5000000000e-02
1.2723643820e+01   1.5000000000e-02
1.2731460137e+01   1.5000000000e-02
1.2731560137e+01   1.5000000000e-02
1.2732560137e+01   1.5000000000e-02
1.2740376453e+01   1.5000000000e-02
1.2740476453e+01   1.5000000000e-02
1.2741476453e+01   1.5000000000e-02
1.2749292770e+01   1.5000000000e-02
1.2749392770e+01   1.5000000000e-02
1.2750392770e+01   1.5000000000e-02
1.2758209086e+01   1.5000000000e-02
1.2758309086e+01   1.5000000000e-02
1.2759309086e+01   1.5000000000e-02
1.2767125403e+01   1.5000000000e-02
1.2767225403e+01   1.5000000000e-02
1.2768225403e+01   1.5000000000e-02
1.2776041720e+01   1.5000000000e-02
1.2776141720e+01   1.5000000000e-02
1.2777141720e+01   1.5000000000e-02
1.2784958036e+01   1.5000000000e-02
1.2785058036e+01   1.5000000000e-02
1.2786058036e+01   1.5000000000e-02
1.2793874353e+01   1.5000000000e-02
1.2793974353e+01   1.5000000000e-02
1.2794974353e+01   1.5000000000e-02
1.2802790669e+01   1.5000000000e-02
1.2802890669e+01   1.5000000000e-02
1.2803890669e+01   1.5000000000e-02
1.2811706986e+01   1.5000000000e-02
1.2811806986e+01   1.5000000000e-02
1.2812806986e+01   1.5000000000e-02
1.2820623302e+01   1.5000000000e-02
1.2820723302e+01   1.5000000000e-02
1.2821723302e+01   1.5000000000e-02
1.2829539619e+01   1.5000000000e-02
1.2829639619e+01   1.5000000000e-02
1.2830639619e+01   1.5000000000e-02
1.2838455936e+01   1.5000000000e-02
1.2838555936e+01   1.5000000000e-02
1.2839555936e+01   1.5000000000e-02
1.2847372252e+01   1.5000000000e-02
1.2847472252e+01   1.5000000000e-02
1.2848472252e+01   1.5000000000e-02
1.2856288569e+01   1.5000000000e-02
1.2856388569e+01   1.5000000000e-02
1.2857388569e+01   1.5000000000e-02
1.2865204885e+01   1.5000000000e-02
1.2865304885e+01   1.5000000000e-02
1.2866304885e+01   1.5000000000e-02
1.2874121202e+01   1.5000000000e-02
1.2874221202e+01   7.5000000000e-03
1.2875221202e+01   7.5000000000e-03
1.2875321202e+01   1.5000000000e-02
1.2876321202e+01   1.5000000000e-02
1.2884137518e+01   1.5000000000e-02
1.2884237518e+01   1.5000000000e-02
1.2885237518e+01   1.5000000000e-02
1.2893053835e+01   1.5000000000e-02
1.2893153835e+01   1.5000000000e-02
1.2894153835e+01   1.5000000000e-02
1.2901970151e+01   1.5000000000e-02
1.2902070151e+01   1.5000000000e-02
1.2903070151e+01   1.5000000000e-02
1.2910886468e+01   1.5000000000e-02
1.2910986468e+01   1.5000000000e-02
1.2911986468e+01   1.5000000000e-02
1.2919802785e+01   1.5000000000e-02
1.2919902785e+01   1.5000000000e-02
1.2920902785e+01   1.5000000000e-02
1.2928719101e+01   1.5000000000e-02
1.2928819101e+01   1.5000000000e-02
1.2929819101e+01   1.5000000000e-02
1.2937635418e+01   1.5000000000e-02
1.2937735418e+01   1.5000000000e-02
1.2938735418e+01   1.5000000000e-02
1.2946551734e+01   1.5000000000e-02
1.2946651734e+01   1.5000000000e-02
1.2947651734e+01   1.5000000000e-02
1.2955468051e+01   1.5000000000e-02
1.2955568051e+01   1.5000000000e-02
1.2956568051e+01   1.5000000000e-02
1.2964384367e+01   1.5000000000e-02
1.2964484367e+01   7.5000000000e-03
1.2965484367e+01   7.5000000000e-03
1.2965584367e+01   1.5000000000e-02
1.2966584367e+01   1.5000000000e-02
1.2974400684e+01   1.5000000000e-02
1.2974500684e+01   1.5000000000e-02
1.2975500684e+01   1.5000000000e-02
1.2983317000e+01   1.5000000000e-02
1.2983417000e+01   7.5000000000e-03
1.2984417000e+01   7.5000000000e-03
1.2984517000e+01   1.5000000000e-02
1.2985517000e+01   1.5000000000e-02
1.2993333317e+01   1.5000000000e-02
1.2993433317e+01   1.5000000000e-02
1.2994433317e+01   1.5000000000e-02
1.3002249634e+01   1.5000000000e-02
1.3002349634e+01   1.5000000000e-02
1.3003349634e+01   1.5000000000e-02
1.3011165950e+01   1.5000000000e-02
1.3011265950e+01   1.5000000000e-02
1.3012265950e+01   1.5000000000e-02
1.3020082267e+01   1.5000000000e-02
1.3020182267e+01   1.5000000000e-02
1.3021182267e+01   1.5000000000e-02
1.3028998583e+01   1.5000000000e-02
1.3029098583e+01   1.5000000000e-02
1.3030098583e+01   1.5000000000e-02
1.3037914900e+01   1.5000000000e-02
1.3038014900e+01   1.5000000000e-02
1.3039014900e+01   1.5000000000e-02
1.3046831216e+01   1.5000000000e-02
1.3046931216e+01   1.5000000000e-02
1.3047931216e+01   1.5000000000e-02
1.3055747533e+01   1.5000000000e-02
1.3055847533e+01   1.5000000000e-02
1.3056847533e+01   1.5000000000e-02
1.3064663850e+01   1.5000000000e-02
1.3064763850e+01   1.5000000000e-02
1.3065763850e+01   1.5000000000e-02
1.3073580166e+01   1.5000000000e-02
1.3073680166e+01   1.5000000000e-02
1.3074680166e+01   1.5000000000e-02
1.3082496483e+01   1.5000000000e-02
1.3082596483e+01   1.5000000000e-02
1.3083596483e+01   1.5000000000e-02
1.3091412799e+01   1.5000000000e-02
1.3091512799e+01   1.5000000000e-02
1.3092512799e+01   1.5000000000e-02
1.3100329116e+01   1.5000000000e-02
1.3100429116e+01   7.5000000000e-03
1.3101429116e+01   7.5000000000e-03
1.3101529116e+01   1.5000000000e-02
1.3102529116e+01   1.5000000000e-02
1.3110345432e+01   1.5000000000e-02
1.3110445432e+01   1.5000000000e-02
1.3111445432e+01   1.5000000000e-02
1.3119261749e+01   1.5000000000e-02
1.3119361749e+01   1.5000000000e-02
1.3120361749e+01   1.5000000000e-02
1.3128178065e+01   1.5000000000e-02
1.3128278065e+01   1.5000000000e-02
1.3129278065e+01   1.5000000000e-02
1.3137094382e+01   1.5000000000e-02
1.3137194382e+01   1.5000000000e-02
1.3138194382e+01   1.5000000000e-02
1.3146010699e+01   1.5000000000e-02
1.3146110699e+01   7.5000000000e-03
1.3147110699e+01   7.5000000000e-03
1.3147210699e+01   7.5000000000e-03
1.3148210699e+01   7.5000000000e-03
1.3156027015e+01   7.5000000000e-03
1.3156127015e+01   1.5000000000e-02
1.3157127015e+01   1.5000000000e-02
1.3164943332e+01   1.5000000000e-02
1.3165043332e+01   1.5000000000e-02
1.3166043332e+01   1.5000000000e-02
1.3173859648e+01   1.5000000000e-02
1.3173959648e+01   1.5000000000e-02
1.3174959648e+01   1.5000000000e-02
1.3182775965e+01   1.5000000000e-02
1.3182875965e+01   1.5000000000e-02
1.3183875965e+01   1.5000000000e-02
1.3191692281e+01   1.5000000000e-02
1.3191792281e+01   1.5000000000e-02
1.3192792281e+01   1.5000000000e-02
1.3200608598e+01   1.5000000000e-02
1.3200708598e+01   1.5000000000e-02
1.3201708598e+01   1.5000000000e-02
1.3209524915e+01   1.5000000000e-02
1.3209624915e+01   1.5000000000e-02
1.3210624915e+01   1.5000000000e-02
1.3218441231e+01   1.5000000000e-02
1.3218541231e+01   1.5000000000e-02
1.3219541231e+01   1.5000000000e-02
1.3227357548e+01   1.5000000000e-02
1.3227457548e+01   1.5000000000e-02
1.3228457548e+01   1.5000000000e-02
1.3236273864e+01   1.5000000000e-02
1.3236373864e+01   7.5000000000e-03
1.3237373864e+01   7.5000000000e-03
1.3237473864e+01   1.5000000000e-02
1.3238473864e+01   1.5000000000e-02
1.3246290181e+01   1.5000000000e-02
1.3246390181e+01   1.5000000000e-02
1.3247390181e+01   1.5000000000e-02
1.3255206497e+01   1.5000000000e-02
1.3255306497e+01   1.5000000000e-02
1.3256306497e+01   1.5000000000e-02
1.3264122814e+01   1.5000000000e-02
1.3264222814e+01   1.5000000000e-02
1.3265222814e+01   1.5000000000e-02
1.3273039130e+01   1.5000000000e-02
1.3273139130e+01   7.5000000000e-03
1.3274139130e+01   7.5000000000e-03
1.3274239130e+01   1.5000000000e-02
1.3275239130e+01   1.5000000000e-02
1.3283055447e+01   1.5000000000e-02
1.3283155447e+01   1.5000000000e-02
1.3284155447e+01   1.5000000000e-02
1.3291971764e+01   1.5000000000e-02
1.3292071764e+01   1.5000000000e-02
1.3293071764e+01   1.5000000000e-02
1.3300888080e+01   1.5000000000e-02
1.3300988080e+01   1.5000000000e-02
1.3301988080e+01   1.5000000000e-02
1.3309804397e+01   1.5000000000e-02
1.3309904397e+01   1.5000000000e-02
1.3310904397e+01   1.5000000000e-02
1.3318720713e+01   1.5000000000e-02
1.3318820713e+01   1.5000000000e-02
1.3319820713e+01   1.5000000000e-02
1.3327637030e+01   1.5000000000e-02
1.3327737030e+01   1.5000000000e-02
1.3328737030e+01   1.5000000000e-02
1.3336553346e+01   1.5000000000e-02
1.3336653346e+01   1.5000000000e-02
1.3337653346e+01   1.5000000000e-02
1.3345469663e+01   1.5000000000e-02
1.3345569663e+01   1.5000000000e-02
1.3346569663e+01   1.5000000000e-02
1.3354385979e+01   1.5000000000e-02
1.3354485979e+01   1.5000000000e-02
1.3355485979e+01   1.5000000000e-02
1.3363302296e+01   1.5000000000e-02
1.3363402296e+01   1.5000000000e-02
1.3364402296e+01   1.5000000000e-02
1.3372218613e+01   1.5000000000e-02
1.3372318613e+01   1.5000000000e-02
1.3373318613e+01   1.5000000000e-02
1.3381134929e+01   1.5000000000e-02
1.3381234929e+01   7.5000000000e-03
1.3382234929e+01   7.5000000000e-03
1.3382334929e+01   1.5000000000e-02
1.3383334929e+01   1.5000000000e-02
1.3391151246e+01   1.5000000000e-02
1.3391251246e+01   1.5000000000e-02
1.3392251246e+01   1.5000000000e-02
1.3400067562e+01   1.5000000000e-02
1.3400167562e+01   7.5000000000e-03
1.3401167562e+01   7.5000000000e-03
1.3401267562e+01   1.5000000000e-02
1.3402267562e+01   1.5000000000e-02
1.3410083879e+01   1.5000000000e-02
1.3410183879e+01   7.5000000000e-03
1.3411183879e+01   7.5000000000e-03
1.3411283879e+01   1.5000000000e-02
1.3412283879e+01   1.5000000000e-02
1.3420100195e+01   1.5000000000e-02
1.3420200195e+01   7.5000000000e-03
1.3421200195e+01   7.5000000000e-03
1.3421300195e+01   1.5000000000e-02
1.3422300195e+01   1.5000000000e-02
1.3430116512e+01   1.5000000000e-02
1.3430216512e+01   1.5000000000e-02
1.3431216512e+01   1.5000000000e-02
1.3439032829e+01   1.5000000000e-02
1.3439132829e+01   7.5000000000e-03
1.3440132829e+01   7.5000000000e-03
1.3440232829e+01   1.5000000000e-02
1.3441232829e+01   1.5000000000e-02
1.3449049145e+01   1.5000000000e-02
1.3449149145e+01   1.5000000000e-02
1.3450149145e+01   1.5000000000e-02
1.3457965462e+01   1.5000000000e-02
1.3458065462e+01   1.5000000000e-02
1.3459065462e+01   1.5000000000e-02
1.3466881778e+01   1.5000000000e-02
1.3466981778e+01   1.5000000000e-02
1.3467981778e+01   1.5000000000e-02
1.3475798095e+01   1.5000000000e-02
1.3475898095e+01   7.5000000000e-03
1.3476898095e+01   7.5000000000e-03
1.3476998095e+01   1.5000000000e-02
1.3477998095e+01   1.5000000000e-02
1.3485814411e+01   1.5000000000e-02
1.3485914411e+01   1.5000000000e-02
1.3486914411e+01   1.5000000000e-02
1.3494730728e+01   1.5000000000e-02
1.3494830728e+01   1.5000000000e-02
1.3495830728e+01   1.5000000000e-02
1.3503647044e+01   1.5000000000e-02
1.3503747044e+01   1.5000000000e-02
1.3504747044e+01   1.5000000000e-02
1.3512563361e+01   1.5000000000e-02
1.3512663361e+01   7.5000000000e-03
1.3513663361e+01   7.5000000000e-03
1.3513763361e+01   1.5000000000e-02
1.3514763361e+01   1.5000000000e-02
1.3522579678e+01   1.5000000000e-02
1.3522679678e+01   7.5000000000e-03
1.3523679678e+01   7.5000000000e-03
1.3523779678e+01   7.5000000000e-03
1.3524779678e+01   7.5000000000e-03
1.3532595994e+01   7.5000000000e-03
1.3532695994e+01   1.5000000000e-02
1.3533695994e+01   1.5000000000e-02
1.3541512311e+01   1.5000000000e-02
1.3541612311e+01   7.5000000000e-03
1.3542612311e+01   7.5000000000e-03
1.3542712311e+01   1.5000000000e-02
1.3543712311e+01   1.5000000000e-02
1.3551528627e+01   1.5000000000e-02
1.3551628627e+01   1.5000000000e-02
1.3552628627e+01   1.5000000000e-02
1.3560444944e+01   1.5000000000e-02
1.3560544944e+01   7.5000000000e-03
1.3561544944e+01   7.5000000000e-03
1.3561644944e+01   7.5000000000e-03
1.3562644944e+01   7.5000000000e-03
1.3570461260e+01   7.5000000000e-03
1.3570561260e+01   1.5000000000e-02
1.3571561260e+01   1.5000000000e-02
1.3579377577e+01   1.5000000000e-02
1.3579477577e+01   7.5000000000e-03
1.3580477577e+01   7.5000000000e-03
1.3580577577e+01   7.5000000000e-03
1.3581577577e+01   7.5000000000e-03
1.3589393894e+01   7.5000000000e-03
1.3589493894e+01   1.5000000000e-02
1.3590493894e+01   1.5000000000e-02
1.3598310210e+01   1.5000000000e-02
1.3598410210e+01   7.5000000000e-03
1.3599410210e+01   7.5000000000e-03
1.3599510210e+01   7.5000000000e-03
1.3600510210e+01   7.5000000000e-03
1.3608326527e+01   7.5000000000e-03
1.3608426527e+01   1.5000000000e-02
1.3609426527e+01   1.5000000000e-02
1.3617242843e+01   1.5000000000e-02
1.3617342843e+01   7.5000000000e-03
1.3618342843e+01   7.5000000000e-03
1.3618442843e+01   1.5000000000e-02
1.3619442843e+01   1.5000000000e-02
1.3627259160e+01   1.5000000000e-02
1.3627359160e+01   1.5000000000e-02
1.3628359160e+01   1.5000000000e-02
1.3636175476e+01   1.5000000000e-02
1.3636275476e+01   7.5000000000e-03
1.3637275476e+01   7.5000000000e-03
1.3637375476e+01   1.5000000000e-02
1.3638375476e+01   1.5000000000e-02
1.3646191793e+01   1.5000000000e-02
1.3646291793e+01   1.5000000000e-02
1.3647291793e+01   1.5000000000e-02
1.3655108109e+01   1.5000000000e-02
1.3655208109e+01   1.5000000000e-02
1.3656208109e+01   1.5000000000e-02
1.3664024426e+01   1.5000000000e-02
1.3664124426e+01   7.5000000000e-03
1.3665124426e+01   7.5000000000e-03
1.3665224426e+01   1.5000000000e-02
1.3666224426e+01   1.5000000000e-02
1.3674040743e+01   1.5000000000e-02
1.3674140743e+01   1.5000000000e-02
1.3675140743e+01   1.5000000000e-02
1.3682957059e+01   1.5000000000e-02
1.3683057059e+01   1.5000000000e-02
1.3684057059e+01   1.5000000000e-02
1.3691873376e+01   1.5000000000e-02
1.3691973376e+01   1.5000000000e-02
1.3692973376e+01   1.5000000000e-02
1.3700789692e+01   1.5000000000e-02
1.3700889692e+01   7.5000000000e-03
1.3701889692e+01   7.5000000000e-03
1.3701989692e+01   1.5000000000e-02
1.3702989692e+01   1.5000000000e-02
1.3710806009e+01   1.5000000000e-02
1.3710906009e+01   7.5000000000e-03
1.3711906009e+01   7.5000000000e-03
1.3712006009e+01   7.5000000000e-03
1.3713006009e+01   7.5000000000e-03
1.3720822325e+01   7.5000000000e-03
1.3720922325e+01   1.5000000000e-02
1.3721922325e+01   1.5000000000e-02
1.3729738642e+01   1.5000000000e-02
1.3729838642e+01   1.5000000000e-02
1.3730838642e+01   1.5000000000e-02
1.3738654958e+01   1.5000000000e-02
1.3738754958e+01   7.5000000000e-03
1.3739754958e+01   7.5000000000e-03
1.3739854958e+01   7.5000000000e-03
1.3740854958e+01   7.5000000000e-03
1.3748671275e+01   7.5000000000e-03
1.3748771275e+01   1.5000000000e-02
1.3749771275e+01   1.5000000000e-02
1.3757587592e+01   1.5000000000e-02
1.3757687592e+01   7.5000000000e-03
1.3758687592e+01   7.5000000000e-03
1.3758787592e+01   1.5000000000e-02
1.3759787592e+01   1.5000000000e-02
1.3767603908e+01   1.5000000000e-02
1.3767703908e+01   1.5000000000e-02
1.3768703908e+01   1.5000000000e-02
1.3776520225e+01   1.5000000000e-02
1.3776620225e+01   1.5000000000e-02
1.3777620225e+01   1.5000000000e-02
1.3785436541e+01   1.5000000000e-02
1.3785536541e+01   1.5000000000e-02
1.3786536541e+01   1.5000000000e-02
1.3794352858e+01   1.5000000000e-02
1.3794452858e+01   1.5000000000e-02
1.3795452858e+01   1.5000000000e-02
1.3803269174e+01   1.5000000000e-02
1.3803369174e+01   1.5000000000e-02
1.3804369174e+01   1.5000000000e-02
1.3812185491e+01   1.5000000000e-02
1.3812285491e+01   1.5000000000e-02
1.3813285491e+01   1.5000000000e-02
1.3821101808e+01   1.5000000000e-02
1.3821201808e+01   7.5000000000e-03
1.3822201808e+01   7.5000000000e-03
1.3822301808e+01   1.5000000000e-02
1.3823301808e+01   1.5000000000e-02
1.3831118124e+01   1.5000000000e-02
1.3831218124e+01   1.5000000000e-02
1.3832218124e+01   1.5000000000e-02
1.3840034441e+01   1.5000000000e-02
1.3840134441e+01   7.5000000000e-03
1.3841134441e+01   7.5000000000e-03
1.3841234441e+01   7.5000000000e-03
1.3842234441e+01   7.5000000000e-03
1.3850050757e+01   7.5000000000e-03
1.3850150757e+01   1.5000000000e-02
1.3851150757e+01   1.5000000000e-02
1.3858967074e+01   1.5000000000e-02
1.3859067074e+01   1.5000000000e-02
1.3860067074e+01   1.5000000000e-02
1.3867883390e+01   1.5000000000e-02
1.3867983390e+01   7.5000000000e-03
1.3868983390e+01   7.5000000000e-03
1.3869083390e+01   1.5000000000e-02
1.3870083390e+01   1.5000000000e-02
1.3877899707e+01   1.5000000000e-02
1.3877999707e+01   7.5000000000e-03
1.3878999707e+01   7.5000000000e-03
1.3879099707e+01   7.5000000000e-03
1.3880099707e+01   7.5000000000e-03
1.3887916023e+01   7.5000000000e-03
1.3888016023e+01   7.5000000000e-03
1.3889016023e+01   7.5000000000e-03
1.3896832340e+01   7.5000000000e-03
1.3896932340e+01   1.5000000000e-02
1.3897932340e+01   1.5000000000e-02
1.3905748657e+01   1.5000000000e-02
1.3905848657e+01   1.5000000000e-02
1.3906848657e+01   1.5000000000e-02
1.3914664973e+01   1.5000000000e-02
1.3914764973e+01   1.5000000000e-02
1.3915764973e+01   1.5000000000e-02
1.3923581290e+01   1.5000000000e-02
1.3923681290e+01   1.5000000000e-02
1.3924681290e+01   1.5000000000e-02
1.3932497606e+01   1.5000000000e-02
1.3932597606e+01   7.5000000000e-03
1.3933597606e+01   7.5000000000e-03
1.3933697606e+01   1.5000000000e-02
1.3934697606e+01   1.5000000000e-02
1.3942513923e+01   1.5000000000e-02
1.3942613923e+01   7.5000000000e-03
1.3943613923e+01   7.5000000000e-03
1.3943713923e+01   1.5000000000e-02
1.3944713923e+01   1.5000000000e-02
1.3952530239e+01   1.5000000000e-02
1.3952630239e+01   7.5000000000e-03
1.3953630239e+01   7.5000000000e-03
1.3953730239e+01   7.5000000000e-03
1.3954730239e+01   7.5000000000e-03
1.3962546556e+01   7.5000000000e-03
1.3962646556e+01   1.5000000000e-02
1.3963646556e+01   1.5000000000e-02
1.3971462872e+01   1.5000000000e-02
1.3971562872e+01   1.5000000000e-02
1.3972562872e+01   1.5000000000e-02
1.3980379189e+01   1.5000000000e-02
1.3980479189e+01   7.5000000000e-03
1.3981479189e+01   7.5000000000e-03
1.3981579189e+01   7.5000000000e-03
1.3982579189e+01   7.5000000000e-03
1.3990395506e+01   7.5000000000e-03
1.3990495506e+01   1.5000000000e-02
1.3991495506e+01   1.5000000000e-02
1.3999311822e+01   1.5000000000e-02
1.3999411822e+01   7.5000000000e-03
1.4000411822e+01   7.5000000000e-03
1.4000511822e+01   7.5000000000e-03
1.4001511822e+01   7.5000000000e-03
1.4009328139e+01   7.5000000000e-03
1.4009428139e+01   7.5000000000e-03
1.4010428139e+01   7.5000000000e-03
1.4018244455e+01   7.5000000000e-03
1.4018344455e+01   7.5000000000e-03
1.4019344455e+01   7.5000000000e-03
1.4027160772e+01   7.5000000000e-03
1.4027260772e+01   7.5000000000e-03
1.4028260772e+01   7.5000000000e-03
1.4036077088e+01   7.5000000000e-03
1.4036177088e+01   7.5000000000e-03
1.4037177088e+01   7.5000000000e-03
1.4044993405e+01   7.5000000000e-03
1.4045093405e+01   7.5000000000e-03
1.4046093405e+01   7.5000000000e-03
1.4053909722e+01   7.5000000000e-03
1.4054009722e+01   7.5000000000e-03
1.4055009722e+01   7.5000000000e-03
1.4062826038e+01   7.5000000000e-03
1.4062926038e+01   7.5000000000e-03
1.4063926038e+01   7.5000000000e-03
1.4071742355e+01   7.5000000000e-03
1.4071842355e+01   7.5000000000e-03
1.4072842355e+01   7.5000000000e-03
1.4080658671e+01   7.5000000000e-03
1.4080758671e+01   7.5000000000e-03
1.4081758671e+01   7.5000000000e-03
1.4089574988e+01   7.5000000000e-03
1.4089674988e+01   7.5000000000e-03
1.4090674988e+01   7.5000000000e-03
1.4098491304e+01   7.5000000000e-03
1.4098591304e+01   7.5000000000e-03
1.4099591304e+01   7.5000000000e-03
1.4107407621e+01   7.5000000000e-03
1.4107507621e+01   1.5000000000e-02
1.4108507621e+01   1.5000000000e-02
1.4116323937e+01   1.5000000000e-02
1.4116423937e+01   7.5000000000e-03
1.4117423937e+01   7.5000000000e-03
1.4117523937e+01   7.5000000000e-03
1.4118523937e+01   7.5000000000e-03
1.4126340254e+01   7.5000000000e-03
1.4126440254e+01   7.5000000000e-03
1.4127440254e+01   7.5000000000e-03
1.4135256571e+01   7.5000000000e-03
1.4135356571e+01   7.5000000000e-03
1.4136356571e+01   7.5000000000e-03
1.4144172887e+01   7.5000000000e-03
1.4144272887e+01   7.5000000000e-03
1.4145272887e+01   7.5000000000e-03
1.4153089204e+01   7.5000000000e-03
1.4153189204e+01   7.5000000000e-03
1.4154189204e+01   7.5000000000e-03
1.4162005520e+01   7.5000000000e-03
1.4162105520e+01   1.5000000000e-02
1.4163105520e+01   1.5000000000e-02
1.4170921837e+01   1.5000000000e-02
1.4171021837e+01   1.5000000000e-02
1.4172021837e+01   1.5000000000e-02
1.4179838153e+01   1.5000000000e-02
1.4179938153e+01   7.5000000000e-03
1.4180938153e+01   7.5000000000e-03
1.4181038153e+01   7.5000000000e-03
1.4182038153e+01   7.5000000000e-03
1.4189854470e+01   7.5000000000e-03
1.4189954470e+01   7.5000000000e-03
1.4190954470e+01   7.5000000000e-03
1.4198770787e+01   7.5000000000e-03
1.4198870787e+01   7.5000000000e-03
1.4199870787e+01   7.5000000000e-03
1.4207687103e+01   7.5000000000e-03
1.4207787103e+01   1.8750000000e-03
1.4207787103e+01   1.8750000000e-03
1.4208787103e+01   1.8750000000e-03
1.4208887103e+01   1.5000000000e-02
1.4209887103e+01   1.5000000000e-02
1.4217703420e+01   1.5000000000e-02
1.4217803420e+01   1.5000000000e-02
1.4218803420e+01   1.5000000000e-02
1.4226619736e+01   1.5000000000e-02
1.4226719736e+01   7.5000000000e-03
1.4227719736e+01   7.5000000000e-03
1.4227819736e+01   1.5000000000e-02
1.4228819736e+01   1.5000000000e-02
1.4236636053e+01   1.5000000000e-02
1.4236736053e+01   1.5000000000e-02
1.4237736053e+01   1.5000000000e-02
1.4245552369e+01   1.5000000000e-02
1.4245652369e+01   1.5000000000e-02
1.4246652369e+01   1.5000000000e-02
1.4254468686e+01   1.5000000000e-02
1.4254568686e+01   1.5000000000e-02
1.4255568686e+01   1.5000000000e-02
1.4263385002e+01   1.5000000000e-02
1.4263485002e+01   1.5000000000e-02
1.4264485002e+01   1.5000000000e-02
1.4272301319e+01   1.5000000000e-02
1.4272401319e+01   1.5000000000e-02
1.4273401319e+01   1.5000000000e-02
1.4281217636e+01   1.5000000000e-02
1.4281317636e+01   1.5000000000e-02
1.4282317636e+01   1.5000000000e-02
1.4290133952e+01   1.5000000000e-02
1.4290233952e+01   1.5000000000e-02
1.4291233952e+01   1.5000000000e-02
1.4299050269e+01   1.5000000000e-02
1.4299150269e+01   1.5000000000e-02
1.4300150269e+01   1.5000000000e-02
1.4307966585e+01   1.5000000000e-02
1.4308066585e+01   7.5000000000e-03
1.4309066585e+01   7.5000000000e-03
1.4309166585e+01   1.5000000000e-02
1.4310166585e+01   1.5000000000e-02
1.4317982902e+01   1.5000000000e-02
1.4318082902e+01   1.5000000000e-02
1.4319082902e+01   1.5000000000e-02
1.4326899218e+01   1.5000000000e-02
1.4326999218e+01   7.5000000000e-03
1.4327999218e+01   7.5000000000e-03
1.4328099218e+01   1.5000000000e-02
1.4329099218e+01   1.5000000000e-02
1.4336915535e+01   1.5000000000e-02
1.4337015535e+01   1.5000000000e-02
1.4338015535e+01   1.5000000000e-02
1.4345831851e+01   1.5000000000e-02
1.4345931851e+01   1.5000000000e-02
1.4346931851e+01   1.5000000000e-02
1.4354748168e+01   1.5000000000e-02
1.4354848168e+01   7.5000000000e-03
1.4355848168e+01   7.5000000000e-03
1.4355948168e+01   7.5000000000e-03
1.4356948168e+01   7.5000000000e-03
1.4364764485e+01   7.5000000000e-03
1.4364864485e+01   7.5000000000e-03
1.4365864485e+01   7.5000000000e-03
1.4373680801e+01   7.5000000000e-03
1.4373780801e+01   7.5000000000e-03
1.4374780801e+01   7.5000000000e-03
1.4382597118e+01   7.5000000000e-03
1.4382697118e+01   7.5000000000e-03
1.4383697118e+01   7.5000000000e-03
1.4391513434e+01   7.5000000000e-03
1.4391613434e+01   7.5000000000e-03
1.4392613434e+01   7.5000000000e-03
1.4400429751e+01   7.5000000000e-03
1.4400529751e+01   7.5000000000e-03
1.4401529751e+01   7.5000000000e-03
1.4409346067e+01   7.5000000000e-03
1.4409446067e+01   7.5000000000e-03
1.4410446067e+01   7.5000000000e-03
1.4418262384e+01   7.5000000000e-03
1.4418362384e+01   7.5000000000e-03
1.4419362384e+01   7.5000000000e-03
1.4427178701e+01   7.5000000000e-03
1.4427278701e+01   7.5000000000e-03
1.4428278701e+01   7.5000000000e-03
1.4436095017e+01   7.5000000000e-03
1.4436195017e+01   7.5000000000e-03
1.4437195017e+01   7.5000000000e-03
1.4445011334e+01   7.5000000000e-03
1.4445111334e+01   7.5000000000e-03
1.4446111334e+01   7.5000000000e-03
1.4453927650e+01   7.5000000000e-03
1.4454027650e+01   7.5000000000e-03
1.4455027650e+01   7.5000000000e-03
1.4462843967e+01   7.5000000000e-03
1.4462943967e+01   7.5000000000e-03
1.4463943967e+01   7.5000000000e-03
1.4471760283e+01   7.5000000000e-03
1.4471860283e+01   7.5000000000e-03
1.4472860283e+01   7.5000000000e-03
1.4480676600e+01   7.5000000000e-03
1.4480776600e+01   7.5000000000e-03
1.4481776600e+01   7.5000000000e-03
1.4489592916e+01   7.5000000000e-03
1.4489692916e+01   7.5000000000e-03
1.4490692916e+01   7.5000000000e-03
1.4498509233e+01   7.5000000000e-03
1.4498609233e+01   7.5000000000e-03
1.4499609233e+01   7.5000000000e-03
1.4507425550e+01   7.5000000000e-03
1.4507525550e+01   7.5000000000e-03
1.4508525550e+01   7.5000000000e-03
1.4516341866e+01   7.5000000000e-03
1.4516441866e+01   7.5000000000e-03
1.4517441866e+01   7.5000000000e-03
1.4525258183e+01   7.5000000000e-03
1.4525358183e+01   1.8750000000e-03
1.4525358183e+01   1.8750000000e-03
1.4526358183e+01   1.8750000000e-03
1.4526458183e+01   7.5000000000e-03
1.4527458183e+01   7.5000000000e-03
1.4535274499e+01   7.5000000000e-03
1.4535374499e+01   7.5000000000e-03
1.4536374499e+01   7.5000000000e-03
1.4544190816e+01   7.5000000000e-03
1.4544290816e+01   7.5000000000e-03
1.4545290816e+01   7.5000000000e-03
1.4553107132e+01   7.5000000000e-03
1.4553207132e+01   7.5000000000e-03
1.4554207132e+01   7.5000000000e-03
1.4562023449e+01   7.5000000000e-03
1.4562123449e+01   7.5000000000e-03
1.4563123449e+01   7.5000000000e-03
1.4570939766e+01   7.5000000000e-03
1.4571039766e+01   7.5000000000e-03
1.4572039766e+01   7.5000000000e-03
1.4579856082e+01   7.5000000000e-03
1.4579956082e+01   7.5000000000e-03
1.4580956082e+01   7.5000000000e-03
1.4588772399e+01   7.5000000000e-03
1.4588872399e+01   7.5000000000e-03
1.4589872399e+01   7.5000000000e-03
1.4597688715e+01   7.5000000000e-03
1.4597788715e+01   7.5000000000e-03
1.4598788715e+01   7.5000000000e-03
1.4606605032e+01   7.5000000000e-03
1.4606705032e+01   7.5000000000e-03
1.4607705032e+01   7.5000000000e-03
1.4615521348e+01   7.5000000000e-03
1.4615621348e+01   7.5000000000e-03
1.4616621348e+01   7.5000000000e-03
1.4624437665e+01   7.5000000000e-03
1.4624537665e+01   7.5000000000e-03
1.4625537665e+01   7.5000000000e-03
1.4633353981e+01   7.5000000000e-03
1.4633453981e+01   7.5000000000e-03
1.4634453981e+01   7.5000000000e-03
1.4642270298e+01   7.5000000000e-03
1.4642370298e+01   7.5000000000e-03
1.4643370298e+01   7.5000000000e-03
1.4651186615e+01   7.5000000000e-03
1.4651286615e+01   7.5000000000e-03
1.4652286615e+01   7.5000000000e-03
1.4660102931e+01   7.5000000000e-03
1.4660202931e+01   7.5000000000e-03
1.4661202931e+01   7.5000000000e-03
1.4669019248e+01   7.5000000000e-03
1.4669119248e+01   7.5000000000e-03
1.4670119248e+01   7.5000000000e-03
1.4677935564e+01   7.5000000000e-03
1.4678035564e+01   7.5000000000e-03
1.4679035564e+01   7.5000000000e-03
1.4686851881e+01   7.5000000000e-03
1.4686951881e+01   7.5000000000e-03
1.4687951881e+01   7.5000000000e-03
1.4695768197e+01   7.5000000000e-03
1.4695868197e+01   7.5000000000e-03
1.4696868197e+01   7.5000000000e-03
1.4704684514e+01   7.5000000000e-03
1.4704784514e+01   7.5000000000e-03
1.4705784514e+01   7.5000000000e-03
1.4713600830e+01   7.5000000000e-03
1.4713700830e+01   7.5000000000e-03
1.4714700830e+01   7.5000000000e-03
1.4722517147e+01   7.5000000000e-03
1.4722617147e+01   7.5000000000e-03
1.4723617147e+01   7.5000000000e-03
1.4731433464e+01   7.5000000000e-03
1.4731533464e+01   7.5000000000e-03
1.4732533464e+01   7.5000000000e-03
1.4740349780e+01   7.5000000000e-03
1.4740449780e+01   7.5000000000e-03
1.4741449780e+01   7.5000000000e-03
1.4749266097e+01   7.5000000000e-03
1.4749366097e+01   7.5000000000e-03
1.4750366097e+01   7.5000000000e-03
1.4758182413e+01   7.5000000000e-03
1.4758282413e+01   7.5000000000e-03
1.4759282413e+01   7.5000000000e-03
1.4767098730e+01   7.5000000000e-03
1.4767198730e+01   7.5000000000e-03
1.4768198730e+01   7.5000000000e-03
1.4776015046e+01   7.5000000000e-03
1.4776115046e+01   7.5000000000e-03
1.4777115046e+01   7.5000000000e-03
1.4784931363e+01   7.5000000000e-03
1.4785031363e+01   7.5000000000e-03
1.4786031363e+01   7.5000000000e-03
1.4793847680e+01   7.5000000000e-03
1.4793947680e+01   7.5000000000e-03
1.4794947680e+01   7.5000000000e-03
1.4802763996e+01   7.5000000000e-03
1.4802863996e+01   7.5000000000e-03
1.4803863996e+01   7.5000000000e-03
1.4811680313e+01   7.5000000000e-03
1.4811780313e+01   7.5000000000e-03
1.4812780313e+01   7.5000000000e-03
1.4820596629e+01   7.5000000000e-03
1.4820696629e+01   7.5000000000e-03
1.4821696629e+01   7.5000000000e-03
1.4829512946e+01   7.5000000000e-03
1.4829612946e+01   7.5000000000e-03
1.4830612946e+01   7.5000000000e-03
1.4838429262e+01   7.5000000000e-03
1.4838529262e+01   7.5000000000e-03
1.4839529262e+01   7.5000000000e-03
1.4847345579e+01   7.5000000000e-03
1.4847445579e+01   7.5000000000e-03
1.4848445579e+01   7.5000000000e-03
1.4856261895e+01   7.5000000000e-03
1.4856361895e+01   7.5000000000e-03
1.4857361895e+01   7.5000000000e-03
1.4865178212e+01   7.5000000000e-03
1.4865278212e+01   7.5000000000e-03
1.4866278212e+01   7.5000000000e-03
1.4874094529e+01   7.5000000000e-03
1.4874194529e+01   7.5000000000e-03
1.4875194529e+01   7.5000000000e-03
1.4883010845e+01   7.5000000000e-03
1.4883110845e+01   7.5000000000e-03
1.4884110845e+01   7.5000000000e-03
1.4891927162e+01   7.5000000000e-03
1.4892027162e+01   7.5000000000e-03
1.4893027162e+01   7.5000000000e-03
1.4900843478e+01   7.5000000000e-03
1.4900943478e+01   7.5000000000e-03
1.4901943478e+01   7.5000000000e-03
1.4909759795e+01   7.5000000000e-03
1.4909859795e+01   7.5000000000e-03
1.4910859795e+01   7.5000000000e-03
1.4918676111e+01   7.5000000000e-03
1.4918776111e+01   7.5000000000e-03
1.4919776111e+01   7.5000000000e-03
1.4927592428e+01   7.5000000000e-03
1.4927692428e+01   7.5000000000e-03
1.4928692428e+01   7.5000000000e-03
1.4936508745e+01   7.5000000000e-03
1.4936608745e+01   7.5000000000e-03
1.4937608745e+01   7.5000000000e-03
1.4945425061e+01   7.5000000000e-03
1.4945525061e+01   7.5000000000e-03
1.4946525061e+01   7.5000000000e-03
1.4954341378e+01   7.5000000000e-03
1.4954441378e+01   7.5000000000e-03
1.4955441378e+01   7.5000000000e-03
1.4963257694e+01   7.5000000000e-03
1.4963357694e+01   7.5000000000e-03
1.4964357694e+01   7.5000000000e-03
1.4972174011e+01   7.5000000000e-03
1.4972274011e+01   7.5000000000e-03
1.4973274011e+01   7.5000000000e-03
1.4981090327e+01   7.5000000000e-03
1.4981190327e+01   7.5000000000e-03
1.4982190327e+01   7.5000000000e-03
1.4990006644e+01   7.5000000000e-03
1.4990106644e+01   7.5000000000e-03
1.4991106644e+01   7.5000000000e-03
1.4998922960e+01   7.5000000000e-03
1.4999022960e+01   7.5000000000e-03
1.5000022960e+01   7.5000000000e-03
1.5007839277e+01   7.5000000000e-03
1.5007939277e+01   7.5000000000e-03
1.5008939277e+01   7.5000000000e-03
1.5016755594e+01   7.5000000000e-03
1.5016855594e+01   7.5000000000e-03
1.5017855594e+01   7.5000000000e-03
1.5025671910e+01   7.5000000000e-03
1.5025771910e+01   7.5000000000e-03
1.5026771910e+01   7.5000000000e-03
1.5034588227e+01   7.5000000000e-03
1.5034688227e+01   7.5000000000e-03
1.5035688227e+01   7.5000000000e-03
1.5043504543e+01   7.5000000000e-03
1.5043604543e+01   7.5000000000e-03
1.5044604543e+01   7.5000000000e-03
1.5052420860e+01   7.5000000000e-03
1.5052520860e+01   7.5000000000e-03
1.5053520860e+01   7.5000000000e-03
1.5061337176e+01   7.5000000000e-03
1.5061437176e+01   7.5000000000e-03
1.5062437176e+01   7.5000000000e-03
1.5070253493e+01   7.5000000000e-03
1.5070353493e+01   7.5000000000e-03
1.5071353493e+01   7.5000000000e-03
1.5079169809e+01   7.5000000000e-03
1.5079269809e+01   7.5000000000e-03
1.5080269809e+01   7.5000000000e-03
1.5088086126e+01   7.5000000000e-03
1.5088186126e+01   7.5000000000e-03
1.5089186126e+01   7.5000000000e-03
1.5097002443e+01   7.5000000000e-03
1.5097102443e+01   7.5000000000e-03
1.5098102443e+01   7.5000000000e-03
1.5105918759e+01   7.5000000000e-03
1.5106018759e+01   7.5000000000e-03
1.5107018759e+01   7.5000000000e-03
1.5114835076e+01   7.5000000000e-03
1.5114935076e+01   7.5000000000e-03
1.5115935076e+01   7.5000000000e-03
1.5123751392e+01   7.5000000000e-03
1.5123851392e+01   7.5000000000e-03
1.5124851392e+01   7.5000000000e-03
1.5132667709e+01   7.5000000000e-03
1.5132767709e+01   7.5000000000e-03
1.5133767709e+01   7.5000000000e-03
1.5141584025e+01   7.5000000000e-03
1.5141684025e+01   1.8750000000e-03
1.5141684025e+01   1.8750000000e-03
1.5142684025e+01   1.8750000000e-03
1.5142784025e+01   7.5000000000e-03
1.5143784025e+01   7.5000000000e-03
1.5151600342e+01   7.5000000000e-03
1.5151700342e+01   7.5000000000e-03
1.5152700342e+01   7.5000000000e-03
1.5160516659e+01   7.5000000000e-03
1.5160616659e+01   7.5000000000e-03
1.5161616659e+01   7.5000000000e-03
1.5169432975e+01   7.5000000000e-03
1.5169532975e+01   7.5000000000e-03
1.5170532975e+01   7.5000000000e-03
1.5178349292e+01   7.5000000000e-03
1.5178449292e+01   7.5000000000e-03
1.5179449292e+01   7.5000000000e-03
1.5187265608e+01   7.5000000000e-03
1.5187365608e+01   7.5000000000e-03
1.5188365608e+01   7.5000000000e-03
1.5196181925e+01   7.5000000000e-03
1.5196281925e+01   7.5000000000e-03
1.5197281925e+01   7.5000000000e-03
1.5205098241e+01   7.5000000000e-03
1.5205198241e+01   7.5000000000e-03
1.5206198241e+01   7.5000000000e-03
1.5214014558e+01   7.5000000000e-03
1.5214114558e+01   7.5000000000e-03
1.5215114558e+01   7.5000000000e-03
1.5222930874e+01   7.5000000000e-03
1.5223030874e+01   7.5000000000e-03
1.5224030874e+01   7.5000000000e-03
1.5231847191e+01   7.5000000000e-03
1.5231947191e+01   7.5000000000e-03
1.5232947191e+01   7.5000000000e-03
1.5240763508e+01   7.5000000000e-03
1.5240863508e+01   7.5000000000e-03
1.5241863508e+01   7.5000000000e-03
1.5249679824e+01   7.5000000000e-03
1.5249779824e+01   7.5000000000e-03
1.5250779824e+01   7.5000000000e-03
1.5258596141e+01   7.5000000000e-03
1.5258696141e+01   7.5000000000e-03
1.5259696141e+01   7.5000000000e-03
1.5267512457e+01   7.5000000000e-03
1.5267612457e+01   7.5000000000e-03
1.5268612457e+01   7.5000000000e-03
1.5276428774e+01   7.5000000000e-03
1.5276528774e+01   7.5000000000e-03
1.5277528774e+01   7.5000000000e-03
1.5285345090e+01   7.5000000000e-03
1.5285445090e+01   7.5000000000e-03
1.5286445090e+01   7.5000000000e-03
1.5294261407e+01   7.5000000000e-03
1.5294361407e+01   7.5000000000e-03
1.5295361407e+01   7.5000000000e-03
1.5303177723e+01   7.5000000000e-03
1.5303277723e+01   7.5000000000e-03
1.5304277723e+01   7.5000000000e-03
1.5312094040e+01   7.5000000000e-03
1.5312194040e+01   7.5000000000e-03
1.5313194040e+01   7.5000000000e-03
1.5321010357e+01   7.5000000000e-03
1.5321110357e+01   7.5000000000e-03
1.5322110357e+01   7.5000000000e-03
1.5329926673e+01   7.5000000000e-03
1.5330026673e+01   7.5000000000e-03
1.5331026673e+01   7.5000000000e-03
1.5338842990e+01   7.5000000000e-03
1.5338942990e+01   7.5000000000e-03
1.5339942990e+01   7.5000000000e-03
1.5347759306e+01   7.5000000000e-03
1.5347859306e+01   7.5000000000e-03
1.5348859306e+01   7.5000000000e-03
1.5356675623e+01   7.5000000000e-03
1.5356775623e+01   7.5000000000e-03
1.5357775623e+01   7.5000000000e-03
1.5365591939e+01   7.5000000000e-03
1.5365691939e+01   7.5000000000e-03
1.5366691939e+01   7.5000000000e-03
1.5374508256e+01   7.5000000000e-03
1.5374608256e+01   7.5000000000e-03
1.5375608256e+01   7.5000000000e-03
1.5383424573e+01   7.5000000000e-03
1.5383524573e+01   7.5000000000e-03
1.5384524573e+01   7.5000000000e-03
1.5392340889e+01   7.5000000000e-03
1.5392440889e+01   7.5000000000e-03
1.5393440889e+01   7.5000000000e-03
1.5401257206e+01   7.5000000000e-03
1.5401357206e+01   7.5000000000e-03
1.5402357206e+01   7.5000000000e-03
1.5410173522e+01   7.5000000000e-03
1.5410273522e+01   7.5000000000e-03
1.5411273522e+01   7.5000000000e-03
1.5419089839e+01   7.5000000000e-03
1.5419189839e+01   7.5000000000e-03
1.5420189839e+01   7.5000000000e-03
1.5428006155e+01   7.5000000000e-03
1.5428106155e+01   7.5000000000e-03
1.5429106155e+01   7.5000000000e-03
1.5436922472e+01   7.5000000000e-03
1.5437022472e+01   7.5000000000e-03
1.5438022472e+01   7.5000000000e-03
1.5445838788e+01   7.5000000000e-03
1.5445938788e+01   7.5000000000e-03
1.5446938788e+01   7.5000000000e-03
1.5454755105e+01   7.5000000000e-03
1.5454855105e+01   7.5000000000e-03
1.5455855105e+01   7.5000000000e-03
1.5463671422e+01   7.5000000000e-03
1.5463771422e+01   7.5000000000e-03
1.5464771422e+01   7.5000000000e-03
1.5472587738e+01   7.5000000000e-03
1.5472687738e+01   7.5000000000e-03
1.5473687738e+01   7.5000000000e-03
1.5481504055e+01   7.5000000000e-03
1.5481604055e+01   7.5000000000e-03
1.5482604055e+01   7.5000000000e-03
1.5490420371e+01   7.5000000000e-03
1.5490520371e+01   7.5000000000e-03
1.5491520371e+01   7.5000000000e-03
1.5499336688e+01   7.5000000000e-03
1.5499436688e+01   7.5000000000e-03
1.5500436688e+01   7.5000000000e-03
1.5508253004e+01   7.5000000000e-03
1.5508353004e+01   7.5000000000e-03
1.5509353004e+01   7.5000000000e-03
1.5517169321e+01   7.5000000000e-03
1.5517269321e+01   7.5000000000e-03
1.5518269321e+01   7.5000000000e-03
1.5526085638e+01   7.5000000000e-03
1.5526185638e+01   7.5000000000e-03
1.5527185638e+01   7.5000000000e-03
1.5535001954e+01   7.5000000000e-03
1.5535101954e+01   7.5000000000e-03
1.5536101954e+01   7.5000000000e-03
1.5543918271e+01   7.5000000000e-03
1.5544018271e+01   7.5000000000e-03
1.5545018271e+01   7.5000000000e-03
1.5552834587e+01   7.5000000000e-03
1.5552934587e+01   7.5000000000e-03
1.5553934587e+01   7.5000000000e-03
1.5561750904e+01   7.5000000000e-03
1.5561850904e+01   7.5000000000e-03
1.5562850904e+01   7.5000000000e-03
1.5570667220e+01   7.5000000000e-03
1.5570767220e+01   7.5000000000e-03
1.5571767220e+01   7.5000000000e-03
1.5579583537e+01   7.5000000000e-03
1.5579683537e+01   7.5000000000e-03
1.5580683537e+01   7.5000000000e-03
1.5588499853e+01   7.5000000000e-03
1.5588599853e+01   7.5000000000e-03
1.5589599853e+01   7.5000000000e-03
1.5597416170e+01   7.5000000000e-03
1.5597516170e+01   7.5000000000e-03
1.5598516170e+01   7.5000000000e-03
1.5606332487e+01   7.5000000000e-03
1.5606432487e+01   7.5000000000e-03
1.5607432487e+01   7.5000000000e-03
1.5615248803e+01   7.5000000000e-03
1.5615348803e+01   7.5000000000e-03
1.5616348803e+01   7.5000000000e-03
1.5624165120e+01   7.5000000000e-03
1.5624265120e+01   7.5000000000e-03
1.5625265120e+01   7.5000000000e-03
1.5633081436e+01   7.5000000000e-03
1.5633181436e+01   7.5000000000e-03
1.5634181436e+01   7.5000000000e-03
1.5641997753e+01   7.5000000000e-03
1.5642097753e+01   7.5000000000e-03
1.5643097753e+01   7.5000000000e-03
1.5650914069e+01   7.5000000000e-03
1.5651014069e+01   7.5000000000e-03
1.5652014069e+01   7.5000000000e-03
1.5659830386e+01   7.5000000000e-03
1.5659930386e+01   7.5000000000e-03
1.5660930386e+01   7.5000000000e-03
1.5668746702e+01   7.5000000000e-03
1.5668846702e+01   7.5000000000e-03
1.5669846702e+01   7.5000000000e-03
1.5677663019e+01   7.5000000000e-03
1.5677763019e+01   7.5000000000e-03
1.5678763019e+01   7.5000000000e-03
1.5686579336e+01   7.5000000000e-03
1.5686679336e+01   7.5000000000e-03
1.5687679336e+01   7.5000000000e-03
1.5695495652e+01   7.5000000000e-03
1.5695595652e+01   7.5000000000e-03
1.5696595652e+01   7.5000000000e-03
1.5704411969e+01   7.5000000000e-03
1.5704511969e+01   7.5000000000e-03
1.5705511969e+01   7.5000000000e-03
1.5713328285e+01   7.5000000000e-03
1.5713428285e+01   7.5000000000e-03
1.5714428285e+01   7.5000000000e-03
1.5722244602e+01   7.5000000000e-03
1.5722344602e+01   7.5000000000e-03
1.5723344602e+01   7.5000000000e-03
1.5731160918e+01   7.5000000000e-03
1.5731260918e+01   7.5000000000e-03
1.5732260918e+01   7.5000000000e-03
1.5740077235e+01   7.5000000000e-03
1.5740177235e+01   7.5000000000e-03
1.5741177235e+01   7.5000000000e-03
1.5748993552e+01   7.5000000000e-03
1.5749093552e+01   7.5000000000e-03
1.5750093552e+01   7.5000000000e-03
1.5757909868e+01   7.5000000000e-03
1.5758009868e+01   7.5000000000e-03
1.5759009868e+01   7.5000000000e-03
1.5766826185e+01   7.5000000000e-03
1.5766926185e+01   7.5000000000e-03
1.5767926185e+01   7.5000000000e-03
1.5775742501e+01   7.5000000000e-03
1.5775842501e+01   7.5000000000e-03
1.5776842501e+01   7.5000000000e-03
1.5784658818e+01   7.5000000000e-03
1.5784758818e+01   7.5000000000e-03
1.5785758818e+01   7.5000000000e-03
1.5793575134e+01   7.5000000000e-03
1.5793675134e+01   7.5000000000e-03
1.5794675134e+01   7.5000000000e-03
1.5802491451e+01   7.5000000000e-03
1.5802591451e+01   7.5000000000e-03
1.5803591451e+01   7.5000000000e-03
1.5811407767e+01   7.5000000000e-03
1.5811507767e+01   7.5000000000e-03
1.5812507767e+01   7.5000000000e-03
1.5820324084e+01   7.5000000000e-03
1.5820424084e+01   7.5000000000e-03
1.5821424084e+01   7.5000000000e-03
1.5829240401e+01   7.5000000000e-03
1.5829340401e+01   1.5000000000e-02
1.5830340401e+01   1.5000000000e-02
1.5838156717e+01   1.5000000000e-02
1.5838256717e+01   7.5000000000e-03
1.5839256717e+01   7.5000000000e-03
1.5839356717e+01   7.5000000000e-03
1.5840356717e+01   7.5000000000e-03
1.5848173034e+01   7.5000000000e-03
1.5848273034e+01   7.5000000000e-03
1.5849273034e+01   7.5000000000e-03
1.5857089350e+01   7.5000000000e-03
1.5857189350e+01   7.5000000000e-03
1.5858189350e+01   7.5000000000e-03
1.5866005667e+01   7.5000000000e-03
1.5866105667e+01   7.5000000000e-03
1.5867105667e+01   7.5000000000e-03
1.5874921983e+01   7.5000000000e-03
1.5875021983e+01   7.5000000000e-03
1.5876021983e+01   7.5000000000e-03
1.5883838300e+01   7.5000000000e-03
1.5883938300e+01   7.5000000000e-03
1.5884938300e+01   7.5000000000e-03
1.5892754617e+01   7.5000000000e-03
1.5892854617e+01   7.5000000000e-03
1.5893854617e+01   7.5000000000e-03
1.5901670933e+01   7.5000000000e-03
1.5901770933e+01   1.5000000000e-02
1.5902770933e+01   1.5000000000e-02
1.5910587250e+01   1.5000000000e-02
1.5910687250e+01   1.5000000000e-02
1.5911687250e+01   1.5000000000e-02
1.5919503566e+01   1.5000000000e-02
1.5919603566e+01   7.5000000000e-03
1.5920603566e+01   7.5000000000e-03
1.5920703566e+01   7.5000000000e-03
1.5921703566e+01   7.5000000000e-03
1.5929519883e+01   7.5000000000e-03
1.5929619883e+01   7.5000000000e-03
1.5930619883e+01   7.5000000000e-03
1.5938436199e+01   7.5000000000e-03
1.5938536199e+01   1.5000000000e-02
1.5939536199e+01   1.5000000000e-02
1.5947352516e+01   1.5000000000e-02
1.5947452516e+01   7.5000000000e-03
1.5948452516e+01   7.5000000000e-03
1.5948552516e+01   7.5000000000e-03
1.5949552516e+01   7.5000000000e-03
1.5957368832e+01   7.5000000000e-03
1.5957468832e+01   1.5000000000e-02
1.5958468832e+01   1.5000000000e-02
1.5966285149e+01   1.5000000000e-02
1.5966385149e+01   1.5000000000e-02
1.5967385149e+01   1.5000000000e-02
1.5975201466e+01   1.5000000000e-02
1.5975301466e+01   1.5000000000e-02
1.5976301466e+01   1.5000000000e-02
1.5984117782e+01   1.5000000000e-02
1.5984217782e+01   1.5000000000e-02
1.5985217782e+01   1.5000000000e-02
1.5993034099e+01   1.5000000000e-02
1.5993134099e+01   1.5000000000e-02
1.5994134099e+01   1.5000000000e-02
1.6000000000e+01   1.5000000000e-02
