X    Y
0.0000000000e+00   5.0000000000e-01
1.1173137255e-01   4.8727752383e-01
3.6932549020e-01   4.6209412491e-01
4.6105686275e-01   4.5452823534e-01
4.6655686275e-01   4.5409819757e-01
4.7205686275e-01   4.5367083928e-01
4.7755686275e-01   4.5324616228e-01
4.8305686275e-01   4.5282416844e-01
4.8855686275e-01   4.5240485964e-01
4.9405686275e-01   4.5198823781e-01
4.9955686275e-01   4.5157430492e-01
5.0505686275e-01   4.5116306299e-01
5.1055686275e-01   4.5075451407e-01
5.1605686275e-01   4.5034866025e-01
5.2155686275e-01   4.4994550369e-01
5.2705686275e-01   4.4954504654e-01
5.3255686275e-01   4.4914729104e-01
5.3805686275e-01   4.4875223944e-01
5.4355686275e-01   4.4835989406e-01
5.4905686275e-01   4.4797025723e-01
5.5455686275e-01   4.4758333136e-01
5.6005686275e-01   4.4719911888e-01
5.6555686275e-01   4.4681762227e-01
5.7105686275e-01   4.4643884404e-01
5.7655686275e-01   4.4606278677e-01
5.8205686275e-01   4.4568945307e-01
5.8755686275e-01   4.4531884559e-01
5.9305686275e-01   4.4495096704e-01
5.9855686275e-01   4.4458582016e-01
6.0405686275e-01   4.4422340774e-01
6.0955686275e-01   4.4386373262e-01
6.1505686275e-01   4.4350679768e-01
6.2055686275e-01   4.4315260586e-01
6.2605686275e-01   4.4280116013e-01
6.3155686275e-01   4.4245246351e-01
6.3705686275e-01   4.4210651908e-01
6.4255686275e-01   4.4176332995e-01
6.4805686275e-01   4.4142289930e-01
6.5355686275e-01   4.4108523033e-01
6.5905686275e-01   4.4075032631e-01
6.6455686275e-01   4.4041819055e-01
6.7005686275e-01   4.4008882642e-01
6.7555686275e-01   4.3976223732e-01
6.8105686275e-01   4.3943842671e-01
6.8655686275e-01   4.3911739811e-01
6.9205686275e-01   4.3879915507e-01
6.9755686275e-01   4.3848370121e-01
7.0305686275e-01   4.3817104019e-01
7.0855686275e-01   4.3786117572e-01
7.1405686275e-01   4.3755411156e-01
7.1955686275e-01   4.3724985155e-01
7.2505686275e-01   4.3694839953e-01
7.3055686275e-01   4.3664975945e-01
7.3605686275e-01   4.3635393526e-01
7.4155686275e-01   4.3606093101e-01
7.4705686275e-01   4.3577075077e-01
7.5255686275e-01   4.3548339869e-01
7.5805686275e-01   4.3519887894e-01
7.6355686275e-01   4.3491719578e-01
7.6905686275e-01   4.3463835350e-01
7.7455686275e-01   4.3436235647e-01
7.8005686275e-01   4.3408920909e-01
7.8555686275e-01   4.3381891584e-01
7.9105686275e-01   4.3355148123e-01
7.9655686275e-01   4.3328690985e-01
8.0205686275e-01   4.3302520633e-01
8.0755686275e-01   4.3276637538e-01
8.1305686275e-01   4.3251042175e-01
8.1855686275e-01   4.3225735024e-01
8.2405686275e-01   4.3200716574e-01
8.2955686275e-01   4.3175987317e-01
8.3505686275e-01   4.3151547752e-01
8.4055686275e-01   4.3127398384e-01
8.4605686275e-01   4.3103539724e-01
8.5155686275e-01   4.3079972290e-01
8.5705686275e-01   4.3056696604e-01
8.6255686275e-01   4.3033713196e-01
8.6805686275e-01   4.3011022601e-01
8.7355686275e-01   4.2988625362e-01
8.7905686275e-01   4.2966522026e-01
8.8455686275e-01   4.2944713148e-01
8.9005686275e-01   4.2923199289e-01
8.9555686275e-01   4.2901981015e-01
9.0105686275e-01   4.2881058900e-01
9.0655686275e-01   4.2860433525e-01
9.1205686275e-01   4.2840105475e-01
9.1755686275e-01   4.2820075345e-01
9.2305686275e-01   4.2800343734e-01
9.2855686275e-01   4.2780911248e-01
9.3405686275e-01   4.2761778501e-01
9.3955686275e-01   4.2742946113e-01
9.4505686275e-01   4.2724414710e-01
9.5055686275e-01   4.2706184926e-01
9.5605686275e-01   4.2688257401e-01
9.6155686275e-01   4.2670632783e-01
9.6705686275e-01   4.2653311726e-01
9.7255686275e-01   4.2636294892e-01
9.7805686275e-01   4.2619582949e-01
9.8355686275e-01   4.2603176572e-01
9.8905686275e-01   4.2587076445e-01
9.9455686275e-01   4.2571283258e-01
1.0000568627e+00   4.2555797707e-01
1.0055568627e+00   4.2540620498e-01
1.0110568627e+00   4.2525752342e-01
1.0165568627e+00   4.2511193959e-01
1.0220568627e+00   4.2496946076e-01
1.0275568627e+00   4.2483009426e-01
1.0330568627e+00   4.2469384753e-01
1.0385568627e+00   4.2456072805e-01
1.0440568627e+00   4.2443074339e-01
1.0495568627e+00   4.2430390122e-01
1.0550568627e+00   4.2418020925e-01
1.0605568627e+00   4.2405967529e-01
1.0660568627e+00   4.2394230722e-01
1.0715568627e+00   4.2382811302e-01
1.0770568627e+00   4.2371710072e-01
1.0825568627e+00   4.2360927845e-01
1.0880568627e+00   4.2350465441e-01
1.0935568627e+00   4.2340323690e-01
1.0990568627e+00   4.2330503427e-01
1.1045568627e+00   4.2321005499e-01
1.1100568627e+00   4.2311830759e-01
1.1155568627e+00   4.2302980068e-01
1.1210568627e+00   4.2294454298e-01
1.1265568627e+00   4.2286254326e-01
1.1320568627e+00   4.2278381041e-01
1.1375568627e+00   4.2270835339e-01
1.1430568627e+00   4.2263618124e-01
1.1485568627e+00   4.2256730309e-01
1.1540568627e+00   4.2250172818e-01
1.1595568627e+00   4.2243946580e-01
1.1650568627e+00   4.2238052537e-01
1.1705568627e+00   4.2232491637e-01
1.1760568627e+00   4.2227264838e-01
1.1815568627e+00   4.2222373108e-01
1.1870568627e+00   4.2217817422e-01
1.1925568627e+00   4.2213598767e-01
1.1980568627e+00   4.2209718137e-01
1.2035568627e+00   4.2206176536e-01
1.2090568627e+00   4.2202974979e-01
1.2145568627e+00   4.2200114488e-01
1.2200568627e+00   4.2197596096e-01
1.2255568627e+00   4.2195420845e-01
1.2310568627e+00   4.2193589788e-01
1.2365568627e+00   4.2192103985e-01
1.2420568627e+00   4.2190964510e-01
1.2475568627e+00   4.2190172443e-01
1.2530568627e+00   4.2189728875e-01
1.2585568627e+00   4.2189634909e-01
1.2640568627e+00   4.2189891655e-01
1.2695568627e+00   4.2190500236e-01
1.2750568627e+00   4.2191461783e-01
1.2805568627e+00   4.2192777440e-01
1.2860568627e+00   4.2194448357e-01
1.2915568627e+00   4.2196475699e-01
1.2970568627e+00   4.2198860640e-01
1.3025568627e+00   4.2201604363e-01
1.3080568627e+00   4.2204708063e-01
1.3135568627e+00   4.2208172946e-01
1.3190568627e+00   4.2212000229e-01
1.3245568627e+00   4.2216191139e-01
1.3300568627e+00   4.2220746914e-01
1.3355568627e+00   4.2225668804e-01
1.3410568627e+00   4.2230958069e-01
1.3465568627e+00   4.2236615981e-01
1.3520568627e+00   4.2242643823e-01
1.3575568627e+00   4.2249042889e-01
1.3630568627e+00   4.2255814485e-01
1.3685568627e+00   4.2262959929e-01
1.3740568627e+00   4.2270480549e-01
1.3795568627e+00   4.2278377685e-01
1.3850568627e+00   4.2286652691e-01
1.3905568627e+00   4.2295306930e-01
1.3960568627e+00   4.2304341778e-01
1.4015568627e+00   4.2313758623e-01
1.4070568627e+00   4.2323558866e-01
1.4125568627e+00   4.2333743918e-01
1.4180568627e+00   4.2344315205e-01
1.4235568627e+00   4.2355274163e-01
1.4290568627e+00   4.2366622241e-01
1.4345568627e+00   4.2378360902e-01
1.4400568627e+00   4.2390491619e-01
1.4455568627e+00   4.2403015879e-01
1.4510568627e+00   4.2415935183e-01
1.4565568627e+00   4.2429251043e-01
1.4620568627e+00   4.2442964985e-01
1.4675568627e+00   4.2457078547e-01
1.4730568627e+00   4.2471593280e-01
1.4785568627e+00   4.2486510750e-01
1.4840568627e+00   4.2501832536e-01
1.4895568627e+00   4.2517560228e-01
1.4950568627e+00   4.2533695431e-01
1.5005568627e+00   4.2550239765e-01
1.5060568627e+00   4.2567194861e-01
1.5115568627e+00   4.2584562365e-01
1.5170568627e+00   4.2602343938e-01
1.5225568627e+00   4.2620541253e-01
1.5280568627e+00   4.2639155998e-01
1.5335568627e+00   4.2658189875e-01
1.5390568627e+00   4.2677644600e-01
1.5445568627e+00   4.2697521903e-01
1.5500568627e+00   4.2717823529e-01
1.5555568627e+00   4.2738551239e-01
1.5610568627e+00   4.2759706805e-01
1.5665568627e+00   4.2781292017e-01
1.5720568627e+00   4.2803308677e-01
1.5775568627e+00   4.2825758605e-01
1.5830568627e+00   4.2848643633e-01
1.5885568627e+00   4.2871965611e-01
1.5940568627e+00   4.2895726402e-01
1.5995568627e+00   4.2919927885e-01
1.6050568627e+00   4.2944571953e-01
1.6105568627e+00   4.2969660519e-01
1.6160568627e+00   4.2995195505e-01
1.6215568627e+00   4.3021178855e-01
1.6270568627e+00   4.3047612524e-01
1.6325568627e+00   4.3074498487e-01
1.6380568627e+00   4.3101838731e-01
1.6435568627e+00   4.3129635261e-01
1.6490568627e+00   4.3157890100e-01
1.6545568627e+00   4.3186605285e-01
1.6600568627e+00   4.3215782870e-01
1.6655568627e+00   4.3245424924e-01
1.6710568627e+00   4.3275533537e-01
1.6765568627e+00   4.3306110811e-01
1.6820568627e+00   4.3337158868e-01
1.6875568627e+00   4.3368679846e-01
1.6930568627e+00   4.3400675898e-01
1.6985568627e+00   4.3433149199e-01
1.7040568627e+00   4.3466101936e-01
1.7095568627e+00   4.3499536317e-01
1.7150568627e+00   4.3533454567e-01
1.7205568627e+00   4.3567858926e-01
1.7260568627e+00   4.3602751656e-01
1.7315568627e+00   4.3638135033e-01
1.7370568627e+00   4.3674011354e-01
1.7425568627e+00   4.3710382931e-01
1.7480568627e+00   4.3747252097e-01
1.7535568627e+00   4.3784621202e-01
1.7590568627e+00   4.3822492615e-01
1.7645568627e+00   4.3860868721e-01
1.7700568627e+00   4.3899751928e-01
1.7755568627e+00   4.3939144660e-01
1.7810568627e+00   4.3979049360e-01
1.7865568627e+00   4.4019468490e-01
1.7920568627e+00   4.4060404533e-01
1.7975568627e+00   4.4101859988e-01
1.8030568627e+00   4.4143837375e-01
1.8085568627e+00   4.4186339234e-01
1.8140568627e+00   4.4229368124e-01
1.8195568627e+00   4.4272926624e-01
1.8250568627e+00   4.4317017332e-01
1.8305568627e+00   4.4361642867e-01
1.8360568627e+00   4.4406805866e-01
1.8415568627e+00   4.4452508989e-01
1.8470568627e+00   4.4498754914e-01
1.8525568627e+00   4.4545546341e-01
1.8580568627e+00   4.4592885988e-01
1.8635568627e+00   4.4640776596e-01
1.8690568627e+00   4.4689220927e-01
1.8745568627e+00   4.4738221762e-01
1.8800568627e+00   4.4787781904e-01
1.8855568627e+00   4.4837904176e-01
1.8910568627e+00   4.4888591424e-01
1.8965568627e+00   4.4939846514e-01
1.9020568627e+00   4.4991672334e-01
1.9075568627e+00   4.5044071793e-01
1.9130568627e+00   4.5097047822e-01
1.9185568627e+00   4.5150603373e-01
1.9240568627e+00   4.5204741422e-01
1.9295568627e+00   4.5259464965e-01
1.9350568627e+00   4.5314777020e-01
1.9405568627e+00   4.5370680629e-01
1.9460568627e+00   4.5427178855e-01
1.9515568627e+00   4.5484274784e-01
1.9570568627e+00   4.5541971523e-01
1.9625568627e+00   4.5600272205e-01
1.9680568627e+00   4.5659179982e-01
1.9735568627e+00   4.5718698032e-01
1.9790568627e+00   4.5778829554e-01
1.9845568627e+00   4.5839577771e-01
1.9900568627e+00   4.5900945930e-01
1.9955568627e+00   4.5962937300e-01
2.0010568627e+00   4.6025555174e-01
2.0065568627e+00   4.6088802868e-01
2.0120568627e+00   4.6152683723e-01
2.0175568627e+00   4.6217201103e-01
2.0230568627e+00   4.6282358396e-01
2.0285568627e+00   4.6348159014e-01
2.0340568627e+00   4.6414606393e-01
2.0395568627e+00   4.6481703994e-01
2.0450568627e+00   4.6549455300e-01
2.0505568627e+00   4.6617863822e-01
2.0560568627e+00   4.6686933094e-01
2.0615568627e+00   4.6756666672e-01
2.0670568627e+00   4.6827068141e-01
2.0725568627e+00   4.6898141109e-01
2.0780568627e+00   4.6969889208e-01
2.0835568627e+00   4.7042316096e-01
2.0890568627e+00   4.7115425457e-01
2.0945568627e+00   4.7189220998e-01
2.1000568627e+00   4.7263706454e-01
2.1055568627e+00   4.7338885583e-01
2.1110568627e+00   4.7414762171e-01
2.1165568627e+00   4.7491340026e-01
2.1220568627e+00   4.7568622986e-01
2.1275568627e+00   4.7646614911e-01
2.1330568627e+00   4.7725319690e-01
2.1385568627e+00   4.7804741236e-01
2.1440568627e+00   4.7884883488e-01
2.1495568627e+00   4.7965750412e-01
2.1550568627e+00   4.8047345999e-01
2.1605568627e+00   4.8129674269e-01
2.1660568627e+00   4.8212739265e-01
2.1715568627e+00   4.8296545059e-01
2.1770568627e+00   4.8381095747e-01
2.1825568627e+00   4.8466395453e-01
2.1880568627e+00   4.8552448329e-01
2.1935568627e+00   4.8639258550e-01
2.1990568627e+00   4.8726830322e-01
2.2045568627e+00   4.8815167875e-01
2.2100568627e+00   4.8904275466e-01
2.2155568627e+00   4.8994157380e-01
2.2210568627e+00   4.9084817929e-01
2.2265568627e+00   4.9176261451e-01
2.2320568627e+00   4.9268492312e-01
2.2375568627e+00   4.9361514904e-01
2.2430568627e+00   4.9455333648e-01
2.2485568627e+00   4.9549952989e-01
2.2540568627e+00   4.9645377403e-01
2.2595568627e+00   4.9741611391e-01
2.2650568627e+00   4.9838659482e-01
2.2705568627e+00   4.9936526232e-01
2.2760568627e+00   5.0035216224e-01
2.2815568627e+00   5.0134734069e-01
2.2870568627e+00   5.0235084405e-01
2.2925568627e+00   5.0336271897e-01
2.2980568627e+00   5.0438301239e-01
2.3035568627e+00   5.0541177151e-01
2.3090568627e+00   5.0644904379e-01
2.3145568627e+00   5.0749487700e-01
2.3200568627e+00   5.0854931915e-01
2.3255568627e+00   5.0961241854e-01
2.3310568627e+00   5.1068422374e-01
2.3365568627e+00   5.1176478359e-01
2.3420568627e+00   5.1285414721e-01
2.3475568627e+00   5.1395236399e-01
2.3530568627e+00   5.1505948358e-01
2.3585568627e+00   5.1617555591e-01
2.3640568627e+00   5.1730063120e-01
2.3695568627e+00   5.1843475991e-01
2.3750568627e+00   5.1957799278e-01
2.3805568627e+00   5.2073038083e-01
2.3860568627e+00   5.2189197534e-01
2.3915568627e+00   5.2306282786e-01
2.3970568627e+00   5.2424299020e-01
2.4025568627e+00   5.2543251445e-01
2.4080568627e+00   5.2663145295e-01
2.4135568627e+00   5.2783985832e-01
2.4190568627e+00   5.2905778344e-01
2.4245568627e+00   5.3028528144e-01
2.4300568627e+00   5.3152240571e-01
2.4355568627e+00   5.3276920993e-01
2.4410568627e+00   5.3402574800e-01
2.4465568627e+00   5.3529207411e-01
2.4520568627e+00   5.3656824267e-01
2.4575568627e+00   5.3785430839e-01
2.4630568627e+00   5.3915032618e-01
2.4685568627e+00   5.4045635125e-01
2.4740568627e+00   5.4177243902e-01
2.4795568627e+00   5.4309864518e-01
2.4850568627e+00   5.4443502566e-01
2.4905568627e+00   5.4578163664e-01
2.4960568627e+00   5.4713853453e-01
2.5015568627e+00   5.4850577597e-01
2.5070568627e+00   5.4988341787e-01
2.5125568627e+00   5.5127151734e-01
2.5180568627e+00   5.5267013175e-01
2.5235568627e+00   5.5407931867e-01
2.5290568627e+00   5.5549913593e-01
2.5345568627e+00   5.5692964155e-01
2.5400568627e+00   5.5837089380e-01
2.5455568627e+00   5.5982295116e-01
2.5510568627e+00   5.6128587232e-01
2.5565568627e+00   5.6275971618e-01
2.5620568627e+00   5.6424454186e-01
2.5675568627e+00   5.6574040868e-01
2.5730568627e+00   5.6724737616e-01
2.5785568627e+00   5.6876550403e-01
2.5840568627e+00   5.7029485220e-01
2.5895568627e+00   5.7183548078e-01
2.5950568627e+00   5.7338745006e-01
2.6005568627e+00   5.7495082054e-01
2.6060568627e+00   5.7652565286e-01
2.6115568627e+00   5.7811200786e-01
2.6170568627e+00   5.7970994655e-01
2.6225568627e+00   5.8131953011e-01
2.6280568627e+00   5.8294081985e-01
2.6335568627e+00   5.8457387729e-01
2.6390568627e+00   5.8621876405e-01
2.6445568627e+00   5.8787554193e-01
2.6500568627e+00   5.8954427287e-01
2.6555568627e+00   5.9122501894e-01
2.6610568627e+00   5.9291784233e-01
2.6665568627e+00   5.9462280537e-01
2.6720568627e+00   5.9633997052e-01
2.6775568627e+00   5.9806940033e-01
2.6830568627e+00   5.9981115747e-01
2.6885568627e+00   6.0156530473e-01
2.6940568627e+00   6.0333190496e-01
2.6995568627e+00   6.0511102112e-01
2.7050568627e+00   6.0690271627e-01
2.7105568627e+00   6.0870705350e-01
2.7160568627e+00   6.1052409602e-01
2.7215568627e+00   6.1235390707e-01
2.7270568627e+00   6.1419654995e-01
2.7325568627e+00   6.1605208802e-01
2.7380568627e+00   6.1792058467e-01
2.7435568627e+00   6.1980210333e-01
2.7490568627e+00   6.2169670743e-01
2.7545568627e+00   6.2360446045e-01
2.7600568627e+00   6.2552542586e-01
2.7655568627e+00   6.2745966714e-01
2.7710568627e+00   6.2940724773e-01
2.7765568627e+00   6.3136823110e-01
2.7820568627e+00   6.3334268066e-01
2.7875568627e+00   6.3533065979e-01
2.7930568627e+00   6.3733223183e-01
2.7985568627e+00   6.3934746006e-01
2.8040568627e+00   6.4137640770e-01
2.8095568627e+00   6.4341913789e-01
2.8150568627e+00   6.4547571370e-01
2.8205568627e+00   6.4754619808e-01
2.8260568627e+00   6.4963065388e-01
2.8315568627e+00   6.5172914386e-01
2.8370568627e+00   6.5384173063e-01
2.8425568627e+00   6.5596847665e-01
2.8480568627e+00   6.5810944426e-01
2.8535568627e+00   6.6026469562e-01
2.8590568627e+00   6.6243429272e-01
2.8645568627e+00   6.6461829737e-01
2.8700568627e+00   6.6681677117e-01
2.8755568627e+00   6.6902977551e-01
2.8810568627e+00   6.7125737158e-01
2.8865568627e+00   6.7349962032e-01
2.8920568627e+00   6.7575658241e-01
2.8975568627e+00   6.7802831829e-01
2.9030568627e+00   6.8031488810e-01
2.9085568627e+00   6.8261635172e-01
2.9140568627e+00   6.8493276871e-01
2.9195568627e+00   6.8726419830e-01
2.9250568627e+00   6.8961069942e-01
2.9305568627e+00   6.9197233062e-01
2.9360568627e+00   6.9434915011e-01
2.9415568627e+00   6.9674121572e-01
2.9470568627e+00   6.9914858489e-01
2.9525568627e+00   7.0157131464e-01
2.9580568627e+00   7.0400946158e-01
2.9635568627e+00   7.0646308187e-01
2.9690568627e+00   7.0893223122e-01
2.9745568627e+00   7.1141696487e-01
2.9800568627e+00   7.1391733757e-01
2.9855568627e+00   7.1643340356e-01
2.9910568627e+00   7.1896521655e-01
2.9965568627e+00   7.2151282972e-01
3.0020568627e+00   7.2407629569e-01
3.0075568627e+00   7.2665566650e-01
3.0130568627e+00   7.2925099360e-01
3.0185568627e+00   7.3186232782e-01
3.0240568627e+00   7.3448971935e-01
3.0295568627e+00   7.3713321775e-01
3.0350568627e+00   7.3979287190e-01
3.0405568627e+00   7.4246872998e-01
3.0460568627e+00   7.4516083947e-01
3.0515568627e+00   7.4786924713e-01
3.0570568627e+00   7.5059399895e-01
3.0625568627e+00   7.5333514015e-01
3.0680568627e+00   7.5609271519e-01
3.0735568627e+00   7.5886676769e-01
3.0790568627e+00   7.6165734044e-01
3.0845568627e+00   7.6446447539e-01
3.0900568627e+00   7.6728821360e-01
3.0955568627e+00   7.7012859525e-01
3.1010568627e+00   7.7298565958e-01
3.1065568627e+00   7.7585944490e-01
3.1120568627e+00   7.7874998856e-01
3.1175568627e+00   7.8165732691e-01
3.1230568627e+00   7.8458149532e-01
3.1285568627e+00   7.8752252810e-01
3.1340568627e+00   7.9048045851e-01
3.1395568627e+00   7.9345531873e-01
3.1450568627e+00   7.9644713986e-01
3.1505568627e+00   7.9945595185e-01
3.1560568627e+00   8.0248178349e-01
3.1615568627e+00   8.0552466244e-01
3.1670568627e+00   8.0858461511e-01
3.1725568627e+00   8.1166166672e-01
3.1780568627e+00   8.1475584123e-01
3.1835568627e+00   8.1786716133e-01
3.1890568627e+00   8.2099564841e-01
3.1945568627e+00   8.2414132254e-01
3.2000568627e+00   8.2730420244e-01
3.2055568627e+00   8.3048430544e-01
3.2110568627e+00   8.3368164750e-01
3.2165568627e+00   8.3689624314e-01
3.2220568627e+00   8.4012810542e-01
3.2275568627e+00   8.4337724592e-01
3.2330568627e+00   8.4664367475e-01
3.2385568627e+00   8.4992740044e-01
3.2440568627e+00   8.5322843000e-01
3.2495568627e+00   8.5654676884e-01
3.2550568627e+00   8.5988242077e-01
3.2605568627e+00   8.6323538796e-01
3.2660568627e+00   8.6660567091e-01
3.2715568627e+00   8.6999326843e-01
3.2770568627e+00   8.7339817763e-01
3.2825568627e+00   8.7682039386e-01
3.2880568627e+00   8.8025991071e-01
3.2935568627e+00   8.8371671995e-01
3.2990568627e+00   8.8719081155e-01
3.3045568627e+00   8.9068217362e-01
3.3100568627e+00   8.9419079240e-01
3.3155568627e+00   8.9771665220e-01
3.3210568627e+00   9.0125973541e-01
3.3265568627e+00   9.0482002248e-01
3.3320568627e+00   9.0839749184e-01
3.3375568627e+00   9.1199211993e-01
3.3430568627e+00   9.1560388114e-01
3.3485568627e+00   9.1923274780e-01
3.3540568627e+00   9.2287869014e-01
3.3595568627e+00   9.2654167626e-01
3.3650568627e+00   9.3022167214e-01
3.3705568627e+00   9.3391864156e-01
3.3760568627e+00   9.3763254612e-01
3.3815568627e+00   9.4136334519e-01
3.3870568627e+00   9.4511099589e-01
3.3925568627e+00   9.4887545305e-01
3.3980568627e+00   9.5265666922e-01
3.4035568627e+00   9.5645459460e-01
3.4090568627e+00   9.6026917706e-01
3.4145568627e+00   9.6410036208e-01
3.4200568627e+00   9.6794809274e-01
3.4255568627e+00   9.7181230970e-01
3.4310568627e+00   9.7569295115e-01
3.4365568627e+00   9.7958995283e-01
3.4420568627e+00   9.8350324798e-01
3.4475568627e+00   9.8743276730e-01
3.4530568627e+00   9.9137843896e-01
3.4585568627e+00   9.9534018857e-01
3.4640568627e+00   9.9931793915e-01
3.4695568627e+00   1.0033116111e+00
3.4750568627e+00   1.0073211222e+00
3.4805568627e+00   1.0113463876e+00
3.4860568627e+00   1.0153873196e+00
3.4915568627e+00   1.0194438282e+00
3.4970568627e+00   1.0235158203e+00
3.5025568627e+00   1.0276032002e+00
3.5080568627e+00   1.0317058696e+00
3.5135568627e+00   1.0358237271e+00
3.5190568627e+00   1.0399566689e+00
3.5245568627e+00   1.0441045881e+00
3.5300568627e+00   1.0482673751e+00
3.5355568627e+00   1.0524449174e+00
3.5410568627e+00   1.0566370999e+00
3.5465568627e+00   1.0608438043e+00
3.5520568627e+00   1.0650649096e+00
3.5575568627e+00   1.0693002918e+00
3.5630568627e+00   1.0735498241e+00
3.5685568627e+00   1.0778133768e+00
3.5740568627e+00   1.0820908172e+00
3.5795568627e+00   1.0863820096e+00
3.5850568627e+00   1.0906868156e+00
3.5905568627e+00   1.0950050934e+00
3.5960568627e+00   1.0993366988e+00
3.6015568627e+00   1.1036814841e+00
3.6070568627e+00   1.1080392989e+00
3.6125568627e+00   1.1124099898e+00
3.6180568627e+00   1.1167934004e+00
3.6235568627e+00   1.1211893711e+00
3.6290568627e+00   1.1255977396e+00
3.6345568627e+00   1.1300183404e+00
3.6400568627e+00   1.1344510051e+00
3.6455568627e+00   1.1388955621e+00
3.6510568627e+00   1.1433518371e+00
3.6565568627e+00   1.1478196525e+00
3.6620568627e+00   1.1522988279e+00
3.6675568627e+00   1.1567891798e+00
3.6730568627e+00   1.1612905216e+00
3.6785568627e+00   1.1658026639e+00
3.6840568627e+00   1.1703254142e+00
3.6895568627e+00   1.1748585771e+00
3.6950568627e+00   1.1794019542e+00
3.7005568627e+00   1.1839553439e+00
3.7060568627e+00   1.1885185420e+00
3.7115568627e+00   1.1930913411e+00
3.7170568627e+00   1.1976735311e+00
3.7225568627e+00   1.2022648986e+00
3.7280568627e+00   1.2068652277e+00
3.7335568627e+00   1.2114742994e+00
3.7390568627e+00   1.2160918917e+00
3.7445568627e+00   1.2207177800e+00
3.7500568627e+00   1.2253517367e+00
3.7555568627e+00   1.2299935314e+00
3.7610568627e+00   1.2346429310e+00
3.7665568627e+00   1.2392996993e+00
3.7720568627e+00   1.2439635977e+00
3.7775568627e+00   1.2486343846e+00
3.7830568627e+00   1.2533118160e+00
3.7885568627e+00   1.2579956447e+00
3.7940568627e+00   1.2626856214e+00
3.7995568627e+00   1.2673814938e+00
3.8050568627e+00   1.2720830070e+00
3.8105568627e+00   1.2767899038e+00
3.8160568627e+00   1.2815019241e+00
3.8215568627e+00   1.2862188056e+00
3.8270568627e+00   1.2909402833e+00
3.8325568627e+00   1.2956660899e+00
3.8380568627e+00   1.3003959555e+00
3.8435568627e+00   1.3051296081e+00
3.8490568627e+00   1.3098667731e+00
3.8545568627e+00   1.3146071737e+00
3.8600568627e+00   1.3193505309e+00
3.8655568627e+00   1.3240965635e+00
3.8710568627e+00   1.3288449879e+00
3.8765568627e+00   1.3335955187e+00
3.8820568627e+00   1.3383478682e+00
3.8875568627e+00   1.3431017466e+00
3.8930568627e+00   1.3478568624e+00
3.8985568627e+00   1.3526129217e+00
3.9040568627e+00   1.3573696292e+00
3.9095568627e+00   1.3621266873e+00
3.9150568627e+00   1.3668837970e+00
3.9205568627e+00   1.3716406571e+00
3.9260568627e+00   1.3763969651e+00
3.9315568627e+00   1.3811524167e+00
3.9370568627e+00   1.3859067060e+00
3.9425568627e+00   1.3906595256e+00
3.9480568627e+00   1.3954105664e+00
3.9535568627e+00   1.4001595182e+00
3.9590568627e+00   1.4049060693e+00
3.9645568627e+00   1.4096499067e+00
3.9700568627e+00   1.4143907160e+00
3.9755568627e+00   1.4191281818e+00
3.9810568627e+00   1.4238619874e+00
3.9865568627e+00   1.4285918153e+00
3.9920568627e+00   1.4333173467e+00
3.9975568627e+00   1.4380382619e+00
4.0030568627e+00   1.4427542405e+00
4.0085568627e+00   1.4474649611e+00
4.0140568627e+00   1.4521701016e+00
4.0195568627e+00   1.4568693391e+00
4.0250568627e+00   1.4615623503e+00
4.0305568627e+00   1.4662488112e+00
4.0360568627e+00   1.4709283973e+00
4.0415568627e+00   1.4756007837e+00
4.0470568627e+00   1.4802656450e+00
4.0525568627e+00   1.4849226558e+00
4.0580568627e+00   1.4895714901e+00
4.0635568627e+00   1.4942118222e+00
4.0690568627e+00   1.4988433258e+00
4.0745568627e+00   1.5034656750e+00
4.0800568627e+00   1.5080785438e+00
4.0855568627e+00   1.5126816061e+00
4.0910568627e+00   1.5172745364e+00
4.0965568627e+00   1.5218570092e+00
4.1020568627e+00   1.5264286992e+00
4.1075568627e+00   1.5309892818e+00
4.1130568627e+00   1.5355384328e+00
4.1185568627e+00   1.5400758284e+00
4.1240568627e+00   1.5446011454e+00
4.1295568627e+00   1.5491140614e+00
4.1350568627e+00   1.5536142547e+00
4.1405568627e+00   1.5581014044e+00
4.1460568627e+00   1.5625751906e+00
4.1515568627e+00   1.5670352941e+00
4.1570568627e+00   1.5714813970e+00
4.1625568627e+00   1.5759131823e+00
4.1680568627e+00   1.5803303343e+00
4.1735568627e+00   1.5847325384e+00
4.1790568627e+00   1.5891194814e+00
4.1845568627e+00   1.5934908514e+00
4.1900568627e+00   1.5978463380e+00
4.1955568627e+00   1.6021856323e+00
4.2010568627e+00   1.6065084268e+00
4.2065568627e+00   1.6108144160e+00
4.2120568627e+00   1.6151032957e+00
4.2175568627e+00   1.6193747636e+00
4.2230568627e+00   1.6236285194e+00
4.2285568627e+00   1.6278642645e+00
4.2340568627e+00   1.6320817023e+00
4.2395568627e+00   1.6362805382e+00
4.2450568627e+00   1.6404604799e+00
4.2505568627e+00   1.6446212368e+00
4.2560568627e+00   1.6487625210e+00
4.2615568627e+00   1.6528840464e+00
4.2670568627e+00   1.6569855296e+00
4.2725568627e+00   1.6610666894e+00
4.2780568627e+00   1.6651272470e+00
4.2835568627e+00   1.6691669263e+00
4.2890568627e+00   1.6731854534e+00
4.2945568627e+00   1.6771825574e+00
4.3000568627e+00   1.6811579697e+00
4.3055568627e+00   1.6851114247e+00
4.3110568627e+00   1.6890426593e+00
4.3165568627e+00   1.6929514135e+00
4.3220568627e+00   1.6968374300e+00
4.3275568627e+00   1.7007004543e+00
4.3330568627e+00   1.7045402351e+00
4.3385568627e+00   1.7083565238e+00
4.3440568627e+00   1.7121490753e+00
4.3495568627e+00   1.7159176471e+00
4.3550568627e+00   1.7196620002e+00
4.3605568627e+00   1.7233818986e+00
4.3660568627e+00   1.7270771096e+00
4.3715568627e+00   1.7307474036e+00
4.3770568627e+00   1.7343925546e+00
4.3825568627e+00   1.7380123397e+00
4.3880568627e+00   1.7416065393e+00
4.3935568627e+00   1.7451749376e+00
4.3990568627e+00   1.7487173218e+00
4.4045568627e+00   1.7522334828e+00
4.4100568627e+00   1.7557232149e+00
4.4155568627e+00   1.7591863162e+00
4.4210568627e+00   1.7626225879e+00
4.4265568627e+00   1.7660318353e+00
4.4320568627e+00   1.7694138670e+00
4.4375568627e+00   1.7727684952e+00
4.4430568627e+00   1.7760955360e+00
4.4485568627e+00   1.7793948090e+00
4.4540568627e+00   1.7826661377e+00
4.4595568627e+00   1.7859093491e+00
4.4650568627e+00   1.7891242741e+00
4.4705568627e+00   1.7923107474e+00
4.4760568627e+00   1.7954686073e+00
4.4815568627e+00   1.7985976961e+00
4.4870568627e+00   1.8016978599e+00
4.4925568627e+00   1.8047689484e+00
4.4980568627e+00   1.8078108153e+00
4.5035568627e+00   1.8108233183e+00
4.5090568627e+00   1.8138063186e+00
4.5145568627e+00   1.8167596815e+00
4.5200568627e+00   1.8196832762e+00
4.5255568627e+00   1.8225769756e+00
4.5310568627e+00   1.8254406567e+00
4.5365568627e+00   1.8282742001e+00
4.5420568627e+00   1.8310774905e+00
4.5475568627e+00   1.8338504164e+00
4.5530568627e+00   1.8365928702e+00
4.5585568627e+00   1.8393047481e+00
4.5640568627e+00   1.8419859504e+00
4.5695568627e+00   1.8446363811e+00
4.5750568627e+00   1.8472559479e+00
4.5805568627e+00   1.8498445627e+00
4.5860568627e+00   1.8524021411e+00
4.5915568627e+00   1.8549286025e+00
4.5970568627e+00   1.8574238702e+00
4.6025568627e+00   1.8598878712e+00
4.6080568627e+00   1.8623205365e+00
4.6135568627e+00   1.8647218008e+00
4.6190568627e+00   1.8670916025e+00
4.6245568627e+00   1.8694298840e+00
4.6300568627e+00   1.8717365911e+00
4.6355568627e+00   1.8740116738e+00
4.6410568627e+00   1.8762550853e+00
4.6465568627e+00   1.8784667830e+00
4.6520568627e+00   1.8806467276e+00
4.6575568627e+00   1.8827948836e+00
4.6630568627e+00   1.8849112192e+00
4.6685568627e+00   1.8869957061e+00
4.6740568627e+00   1.8890483197e+00
4.6795568627e+00   1.8910690390e+00
4.6850568627e+00   1.8930578463e+00
4.6905568627e+00   1.8950147277e+00
4.6960568627e+00   1.8969396726e+00
4.7015568627e+00   1.8988326741e+00
4.7070568627e+00   1.9006937284e+00
4.7125568627e+00   1.9025228355e+00
4.7180568627e+00   1.9043199985e+00
4.7235568627e+00   1.9060852239e+00
4.7290568627e+00   1.9078185216e+00
4.7345568627e+00   1.9095199048e+00
4.7400568627e+00   1.9111893899e+00
4.7455568627e+00   1.9128269965e+00
4.7510568627e+00   1.9144327476e+00
4.7565568627e+00   1.9160066691e+00
4.7620568627e+00   1.9175487902e+00
4.7675568627e+00   1.9190591432e+00
4.7730568627e+00   1.9205377633e+00
4.7785568627e+00   1.9219846890e+00
4.7840568627e+00   1.9233999615e+00
4.7895568627e+00   1.9247836252e+00
4.7950568627e+00   1.9261357274e+00
4.8005568627e+00   1.9274563180e+00
4.8060568627e+00   1.9287454502e+00
4.8115568627e+00   1.9300031796e+00
4.8170568627e+00   1.9312295649e+00
4.8225568627e+00   1.9324246673e+00
4.8280568627e+00   1.9335885509e+00
4.8335568627e+00   1.9347212824e+00
4.8390568627e+00   1.9358229309e+00
4.8445568627e+00   1.9368935685e+00
4.8500568627e+00   1.9379332695e+00
4.8555568627e+00   1.9389421109e+00
4.8610568627e+00   1.9399201722e+00
4.8665568627e+00   1.9408675351e+00
4.8720568627e+00   1.9417842839e+00
4.8775568627e+00   1.9426705053e+00
4.8830568627e+00   1.9435262880e+00
4.8885568627e+00   1.9443517234e+00
4.8940568627e+00   1.9451469049e+00
4.8995568627e+00   1.9459119280e+00
4.9050568627e+00   1.9466468906e+00
4.9105568627e+00   1.9473518925e+00
4.9160568627e+00   1.9480270358e+00
4.9215568627e+00   1.9486724245e+00
4.9270568627e+00   1.9492881645e+00
4.9325568627e+00   1.9498743638e+00
4.9380568627e+00   1.9504311325e+00
4.9435568627e+00   1.9509585821e+00
4.9490568627e+00   1.9514568265e+00
4.9545568627e+00   1.9519259809e+00
4.9600568627e+00   1.9523661625e+00
4.9655568627e+00   1.9527774904e+00
4.9710568627e+00   1.9531600850e+00
4.9765568627e+00   1.9535140687e+00
4.9820568627e+00   1.9538395653e+00
4.9875568627e+00   1.9541367002e+00
4.9930568627e+00   1.9544056004e+00
4.9985568627e+00   1.9546463943e+00
5.0040568627e+00   1.9548592119e+00
5.0095568627e+00   1.9550441844e+00
5.0150568627e+00   1.9552014447e+00
5.0205568627e+00   1.9553311268e+00
5.0260568627e+00   1.9554333660e+00
5.0315568627e+00   1.9555082989e+00
5.0370568627e+00   1.9555560636e+00
5.0425568627e+00   1.9555767990e+00
5.0480568627e+00   1.9555706453e+00
5.0535568627e+00   1.9555377441e+00
5.0590568627e+00   1.9554782376e+00
5.0645568627e+00   1.9553922695e+00
5.0700568627e+00   1.9552799843e+00
5.0755568627e+00   1.9551415276e+00
5.0810568627e+00   1.9549770457e+00
5.0865568627e+00   1.9547866862e+00
5.0920568627e+00   1.9545705973e+00
5.0975568627e+00   1.9543289282e+00
5.1030568627e+00   1.9540618289e+00
5.1085568627e+00   1.9537694501e+00
5.1140568627e+00   1.9534519434e+00
5.1195568627e+00   1.9531094610e+00
5.1250568627e+00   1.9527421558e+00
5.1305568627e+00   1.9523501815e+00
5.1360568627e+00   1.9519336924e+00
5.1415568627e+00   1.9514928431e+00
5.1470568627e+00   1.9510277893e+00
5.1525568627e+00   1.9505386867e+00
5.1580568627e+00   1.9500256920e+00
5.1635568627e+00   1.9494889620e+00
5.1690568627e+00   1.9489286542e+00
5.1745568627e+00   1.9483449264e+00
5.1800568627e+00   1.9477379369e+00
5.1855568627e+00   1.9471078442e+00
5.1910568627e+00   1.9464548074e+00
5.1965568627e+00   1.9457789857e+00
5.2020568627e+00   1.9450805387e+00
5.2075568627e+00   1.9443596261e+00
5.2130568627e+00   1.9436164082e+00
5.2185568627e+00   1.9428510452e+00
5.2240568627e+00   1.9420636976e+00
5.2295568627e+00   1.9412545259e+00
5.2350568627e+00   1.9404236912e+00
5.2405568627e+00   1.9395713541e+00
5.2460568627e+00   1.9386976759e+00
5.2515568627e+00   1.9378028175e+00
5.2570568627e+00   1.9368869400e+00
5.2625568627e+00   1.9359502047e+00
5.2680568627e+00   1.9349927727e+00
5.2735568627e+00   1.9340148052e+00
5.2790568627e+00   1.9330164633e+00
5.2845568627e+00   1.9319979080e+00
5.2900568627e+00   1.9309593004e+00
5.2955568627e+00   1.9299008012e+00
5.3010568627e+00   1.9288225714e+00
5.3065568627e+00   1.9277247715e+00
5.3120568627e+00   1.9266075620e+00
5.3175568627e+00   1.9254711032e+00
5.3230568627e+00   1.9243155553e+00
5.3285568627e+00   1.9231410781e+00
5.3340568627e+00   1.9219478314e+00
5.3395568627e+00   1.9207359745e+00
5.3450568627e+00   1.9195056667e+00
5.3505568627e+00   1.9182570668e+00
5.3560568627e+00   1.9169903335e+00
5.3615568627e+00   1.9157056251e+00
5.3670568627e+00   1.9144030995e+00
5.3725568627e+00   1.9130829144e+00
5.3780568627e+00   1.9117452270e+00
5.3835568627e+00   1.9103901944e+00
5.3890568627e+00   1.9090179729e+00
5.3945568627e+00   1.9076287189e+00
5.4000568627e+00   1.9062225879e+00
5.4055568627e+00   1.9047997354e+00
5.4110568627e+00   1.9033603161e+00
5.4165568627e+00   1.9019044846e+00
5.4220568627e+00   1.9004323948e+00
5.4275568627e+00   1.8989442001e+00
5.4330568627e+00   1.8974400537e+00
5.4385568627e+00   1.8959201080e+00
5.4440568627e+00   1.8943845150e+00
5.4495568627e+00   1.8928334263e+00
5.4550568627e+00   1.8912669928e+00
5.4605568627e+00   1.8896853650e+00
5.4660568627e+00   1.8880886927e+00
5.4715568627e+00   1.8864771254e+00
5.4770568627e+00   1.8848508117e+00
5.4825568627e+00   1.8832098999e+00
5.4880568627e+00   1.8815545376e+00
5.4935568627e+00   1.8798848718e+00
5.4990568627e+00   1.8782010489e+00
5.5045568627e+00   1.8765032149e+00
5.5100568627e+00   1.8747915148e+00
5.5155568627e+00   1.8730660933e+00
5.5210568627e+00   1.8713270943e+00
5.5265568627e+00   1.8695746611e+00
5.5320568627e+00   1.8678089365e+00
5.5375568627e+00   1.8660300624e+00
5.5430568627e+00   1.8642381803e+00
5.5485568627e+00   1.8624334307e+00
5.5540568627e+00   1.8606159538e+00
5.5595568627e+00   1.8587858890e+00
5.5650568627e+00   1.8569433749e+00
5.5705568627e+00   1.8550885495e+00
5.5760568627e+00   1.8532215502e+00
5.5815568627e+00   1.8513425135e+00
5.5870568627e+00   1.8494515755e+00
5.5925568627e+00   1.8475488713e+00
5.5980568627e+00   1.8456345354e+00
5.6035568627e+00   1.8437087017e+00
5.6090568627e+00   1.8417715032e+00
5.6145568627e+00   1.8398230724e+00
5.6200568627e+00   1.8378635408e+00
5.6255568627e+00   1.8358930394e+00
5.6310568627e+00   1.8339116984e+00
5.6365568627e+00   1.8319196473e+00
5.6420568627e+00   1.8299170149e+00
5.6475568627e+00   1.8279039290e+00
5.6530568627e+00   1.8258805171e+00
5.6585568627e+00   1.8238469055e+00
5.6640568627e+00   1.8218032202e+00
5.6695568627e+00   1.8197495861e+00
5.6750568627e+00   1.8176861275e+00
5.6805568627e+00   1.8156129681e+00
5.6860568627e+00   1.8135302305e+00
5.6915568627e+00   1.8114380369e+00
5.6970568627e+00   1.8093365085e+00
5.7025568627e+00   1.8072257659e+00
5.7080568627e+00   1.8051059289e+00
5.7135568627e+00   1.8029771165e+00
5.7190568627e+00   1.8008394471e+00
5.7245568627e+00   1.7986930380e+00
5.7300568627e+00   1.7965380062e+00
5.7355568627e+00   1.7943744677e+00
5.7410568627e+00   1.7922025376e+00
5.7465568627e+00   1.7900223306e+00
5.7520568627e+00   1.7878339604e+00
5.7575568627e+00   1.7856375400e+00
5.7630568627e+00   1.7834331816e+00
5.7685568627e+00   1.7812209967e+00
5.7740568627e+00   1.7790010961e+00
5.7795568627e+00   1.7767735897e+00
5.7850568627e+00   1.7745385869e+00
5.7905568627e+00   1.7722961960e+00
5.7960568627e+00   1.7700465249e+00
5.8015568627e+00   1.7677896804e+00
5.8070568627e+00   1.7655257689e+00
5.8125568627e+00   1.7632548958e+00
5.8180568627e+00   1.7609771658e+00
5.8235568627e+00   1.7586926831e+00
5.8290568627e+00   1.7564015507e+00
5.8345568627e+00   1.7541038713e+00
5.8400568627e+00   1.7517997466e+00
5.8455568627e+00   1.7494892777e+00
5.8510568627e+00   1.7471725648e+00
5.8565568627e+00   1.7448497075e+00
5.8620568627e+00   1.7425208047e+00
5.8675568627e+00   1.7401859544e+00
5.8730568627e+00   1.7378452541e+00
5.8785568627e+00   1.7354988004e+00
5.8840568627e+00   1.7331466892e+00
5.8895568627e+00   1.7307890157e+00
5.8950568627e+00   1.7284258744e+00
5.9005568627e+00   1.7260573590e+00
5.9060568627e+00   1.7236835627e+00
5.9115568627e+00   1.7213045777e+00
5.9170568627e+00   1.7189204957e+00
5.9225568627e+00   1.7165314076e+00
5.9280568627e+00   1.7141374036e+00
5.9335568627e+00   1.7117385733e+00
5.9390568627e+00   1.7093350054e+00
5.9445568627e+00   1.7069267881e+00
5.9500568627e+00   1.7045140088e+00
5.9555568627e+00   1.7020967542e+00
5.9610568627e+00   1.6996751104e+00
5.9665568627e+00   1.6972491627e+00
5.9720568627e+00   1.6948189958e+00
5.9775568627e+00   1.6923846937e+00
5.9830568627e+00   1.6899463397e+00
5.9885568627e+00   1.6875040165e+00
5.9940568627e+00   1.6850578060e+00
5.9995568627e+00   1.6826077896e+00
6.0050568627e+00   1.6801540479e+00
6.0105568627e+00   1.6776966608e+00
6.0160568627e+00   1.6752357078e+00
6.0215568627e+00   1.6727712674e+00
6.0270568627e+00   1.6703034177e+00
6.0325568627e+00   1.6678322361e+00
6.0380568627e+00   1.6653577992e+00
6.0435568627e+00   1.6628801832e+00
6.0490568627e+00   1.6603994636e+00
6.0545568627e+00   1.6579157150e+00
6.0600568627e+00   1.6554290117e+00
6.0655568627e+00   1.6529394273e+00
6.0710568627e+00   1.6504470347e+00
6.0765568627e+00   1.6479519061e+00
6.0820568627e+00   1.6454541132e+00
6.0875568627e+00   1.6429537272e+00
6.0930568627e+00   1.6404508184e+00
6.0985568627e+00   1.6379454568e+00
6.1040568627e+00   1.6354377116e+00
6.1095568627e+00   1.6329276513e+00
6.1150568627e+00   1.6304153441e+00
6.1205568627e+00   1.6279008574e+00
6.1260568627e+00   1.6253842580e+00
6.1315568627e+00   1.6228656123e+00
6.1370568627e+00   1.6203449859e+00
6.1425568627e+00   1.6178224439e+00
6.1480568627e+00   1.6152980509e+00
6.1535568627e+00   1.6127718708e+00
6.1590568627e+00   1.6102439670e+00
6.1645568627e+00   1.6077144023e+00
6.1700568627e+00   1.6051832390e+00
6.1755568627e+00   1.6026505388e+00
6.1810568627e+00   1.6001163628e+00
6.1865568627e+00   1.5975807716e+00
6.1920568627e+00   1.5950438252e+00
6.1975568627e+00   1.5925055832e+00
6.2030568627e+00   1.5899661045e+00
6.2085568627e+00   1.5874254475e+00
6.2140568627e+00   1.5848836701e+00
6.2195568627e+00   1.5823408297e+00
6.2250568627e+00   1.5797969830e+00
6.2305568627e+00   1.5772521864e+00
6.2360568627e+00   1.5747064956e+00
6.2415568627e+00   1.5721599659e+00
6.2470568627e+00   1.5696126521e+00
6.2525568627e+00   1.5670646083e+00
6.2580568627e+00   1.5645158883e+00
6.2635568627e+00   1.5619665454e+00
6.2690568627e+00   1.5594166322e+00
6.2745568627e+00   1.5568662010e+00
6.2800568627e+00   1.5543153036e+00
6.2855568627e+00   1.5517639910e+00
6.2910568627e+00   1.5492123142e+00
6.2965568627e+00   1.5466603234e+00
6.3020568627e+00   1.5441080684e+00
6.3075568627e+00   1.5415555984e+00
6.3130568627e+00   1.5390029624e+00
6.3185568627e+00   1.5364502087e+00
6.3240568627e+00   1.5338973853e+00
6.3295568627e+00   1.5313445395e+00
6.3350568627e+00   1.5287917184e+00
6.3405568627e+00   1.5262389685e+00
6.3460568627e+00   1.5236863359e+00
6.3515568627e+00   1.5211338662e+00
6.3570568627e+00   1.5185816045e+00
6.3625568627e+00   1.5160295957e+00
6.3680568627e+00   1.5134778840e+00
6.3735568627e+00   1.5109265133e+00
6.3790568627e+00   1.5083755270e+00
6.3845568627e+00   1.5058249681e+00
6.3900568627e+00   1.5032748792e+00
6.3955568627e+00   1.5007253025e+00
6.4010568627e+00   1.4981762796e+00
6.4065568627e+00   1.4956278519e+00
6.4120568627e+00   1.4930800602e+00
6.4175568627e+00   1.4905329452e+00
6.4230568627e+00   1.4879865467e+00
6.4285568627e+00   1.4854409046e+00
6.4340568627e+00   1.4828960580e+00
6.4395568627e+00   1.4803520459e+00
6.4450568627e+00   1.4778089067e+00
6.4505568627e+00   1.4752666785e+00
6.4560568627e+00   1.4727253990e+00
6.4615568627e+00   1.4701851056e+00
6.4670568627e+00   1.4676458350e+00
6.4725568627e+00   1.4651076240e+00
6.4780568627e+00   1.4625705086e+00
6.4835568627e+00   1.4600345246e+00
6.4890568627e+00   1.4574997075e+00
6.4945568627e+00   1.4549660923e+00
6.5000568627e+00   1.4524337136e+00
6.5055568627e+00   1.4499026059e+00
6.5110568627e+00   1.4473728031e+00
6.5165568627e+00   1.4448443387e+00
6.5220568627e+00   1.4423172461e+00
6.5275568627e+00   1.4397915581e+00
6.5330568627e+00   1.4372673073e+00
6.5385568627e+00   1.4347445258e+00
6.5440568627e+00   1.4322232456e+00
6.5495568627e+00   1.4297034982e+00
6.5550568627e+00   1.4271853147e+00
6.5605568627e+00   1.4246687259e+00
6.5660568627e+00   1.4221537625e+00
6.5715568627e+00   1.4196404546e+00
6.5770568627e+00   1.4171288320e+00
6.5825568627e+00   1.4146189243e+00
6.5880568627e+00   1.4121107607e+00
6.5935568627e+00   1.4096043700e+00
6.5990568627e+00   1.4070997810e+00
6.6045568627e+00   1.4045970217e+00
6.6100568627e+00   1.4020961203e+00
6.6155568627e+00   1.3995971042e+00
6.6210568627e+00   1.3971000009e+00
6.6265568627e+00   1.3946048374e+00
6.6320568627e+00   1.3921116404e+00
6.6375568627e+00   1.3896204364e+00
6.6430568627e+00   1.3871312515e+00
6.6485568627e+00   1.3846441115e+00
6.6540568627e+00   1.3821590420e+00
6.6595568627e+00   1.3796760682e+00
6.6650568627e+00   1.3771952152e+00
6.6705568627e+00   1.3747165076e+00
6.6760568627e+00   1.3722399699e+00
6.6815568627e+00   1.3697656261e+00
6.6870568627e+00   1.3672935002e+00
6.6925568627e+00   1.3648236157e+00
6.6980568627e+00   1.3623559959e+00
6.7035568627e+00   1.3598906638e+00
6.7090568627e+00   1.3574276423e+00
6.7145568627e+00   1.3549669539e+00
6.7200568627e+00   1.3525086207e+00
6.7255568627e+00   1.3500526648e+00
6.7310568627e+00   1.3475991079e+00
6.7365568627e+00   1.3451479715e+00
6.7420568627e+00   1.3426992768e+00
6.7475568627e+00   1.3402530447e+00
6.7530568627e+00   1.3378092959e+00
6.7585568627e+00   1.3353680510e+00
6.7640568627e+00   1.3329293301e+00
6.7695568627e+00   1.3304931533e+00
6.7750568627e+00   1.3280595401e+00
6.7805568627e+00   1.3256285103e+00
6.7860568627e+00   1.3232000829e+00
6.7915568627e+00   1.3207742771e+00
6.7970568627e+00   1.3183511116e+00
6.8025568627e+00   1.3159306050e+00
6.8080568627e+00   1.3135127756e+00
6.8135568627e+00   1.3110976415e+00
6.8190568627e+00   1.3086852206e+00
6.8245568627e+00   1.3062755305e+00
6.8300568627e+00   1.3038685888e+00
6.8355568627e+00   1.3014644125e+00
6.8410568627e+00   1.2990630187e+00
6.8465568627e+00   1.2966644242e+00
6.8520568627e+00   1.2942686456e+00
6.8575568627e+00   1.2918756992e+00
6.8630568627e+00   1.2894856011e+00
6.8685568627e+00   1.2870983673e+00
6.8740568627e+00   1.2847140135e+00
6.8795568627e+00   1.2823325553e+00
6.8850568627e+00   1.2799540080e+00
6.8905568627e+00   1.2775783867e+00
6.8960568627e+00   1.2752057063e+00
6.9015568627e+00   1.2728359816e+00
6.9070568627e+00   1.2704692271e+00
6.9125568627e+00   1.2681054571e+00
6.9180568627e+00   1.2657446859e+00
6.9235568627e+00   1.2633869273e+00
6.9290568627e+00   1.2610321951e+00
6.9345568627e+00   1.2586805030e+00
6.9400568627e+00   1.2563318643e+00
6.9455568627e+00   1.2539862922e+00
6.9510568627e+00   1.2516437997e+00
6.9565568627e+00   1.2493043998e+00
6.9620568627e+00   1.2469681051e+00
6.9675568627e+00   1.2446349281e+00
6.9730568627e+00   1.2423048812e+00
6.9785568627e+00   1.2399779764e+00
6.9840568627e+00   1.2376542257e+00
6.9895568627e+00   1.2353336411e+00
6.9950568627e+00   1.2330162340e+00
7.0005568627e+00   1.2307020160e+00
7.0060568627e+00   1.2283909984e+00
7.0115568627e+00   1.2260831923e+00
7.0170568627e+00   1.2237786088e+00
7.0225568627e+00   1.2214772585e+00
7.0280568627e+00   1.2191791522e+00
7.0335568627e+00   1.2168843004e+00
7.0390568627e+00   1.2145927135e+00
7.0445568627e+00   1.2123044015e+00
7.0500568627e+00   1.2100193746e+00
7.0555568627e+00   1.2077376426e+00
7.0610568627e+00   1.2054592152e+00
7.0665568627e+00   1.2031841021e+00
7.0720568627e+00   1.2009123127e+00
7.0775568627e+00   1.1986438561e+00
7.0830568627e+00   1.1963787417e+00
7.0885568627e+00   1.1941169784e+00
7.0940568627e+00   1.1918585749e+00
7.0995568627e+00   1.1896035401e+00
7.1050568627e+00   1.1873518825e+00
7.1105568627e+00   1.1851036105e+00
7.1160568627e+00   1.1828587325e+00
7.1215568627e+00   1.1806172565e+00
7.1270568627e+00   1.1783791906e+00
7.1325568627e+00   1.1761445427e+00
7.1380568627e+00   1.1739133205e+00
7.1435568627e+00   1.1716855317e+00
7.1490568627e+00   1.1694611837e+00
7.1545568627e+00   1.1672402839e+00
7.1600568627e+00   1.1650228396e+00
7.1655568627e+00   1.1628088578e+00
7.1710568627e+00   1.1605983455e+00
7.1765568627e+00   1.1583913096e+00
7.1820568627e+00   1.1561877569e+00
7.1875568627e+00   1.1539876938e+00
7.1930568627e+00   1.1517911270e+00
7.1985568627e+00   1.1495980628e+00
7.2040568627e+00   1.1474085074e+00
7.2095568627e+00   1.1452224670e+00
7.2150568627e+00   1.1430399477e+00
7.2205568627e+00   1.1408609552e+00
7.2260568627e+00   1.1386854954e+00
7.2315568627e+00   1.1365135741e+00
7.2370568627e+00   1.1343451966e+00
7.2425568627e+00   1.1321803686e+00
7.2480568627e+00   1.1300190953e+00
7.2535568627e+00   1.1278613820e+00
7.2590568627e+00   1.1257072338e+00
7.2645568627e+00   1.1235566558e+00
7.2700568627e+00   1.1214096528e+00
7.2755568627e+00   1.1192662297e+00
7.2810568627e+00   1.1171263912e+00
7.2865568627e+00   1.1149901419e+00
7.2920568627e+00   1.1128574862e+00
7.2975568627e+00   1.1107284287e+00
7.3030568627e+00   1.1086029736e+00
7.3085568627e+00   1.1064811250e+00
7.3140568627e+00   1.1043628872e+00
7.3195568627e+00   1.1022482642e+00
7.3250568627e+00   1.1001372598e+00
7.3305568627e+00   1.0980298779e+00
7.3360568627e+00   1.0959261222e+00
7.3415568627e+00   1.0938259963e+00
7.3470568627e+00   1.0917295038e+00
7.3525568627e+00   1.0896366482e+00
7.3580568627e+00   1.0875474327e+00
7.3635568627e+00   1.0854618608e+00
7.3690568627e+00   1.0833799355e+00
7.3745568627e+00   1.0813016600e+00
7.3800568627e+00   1.0792270372e+00
7.3855568627e+00   1.0771560701e+00
7.3910568627e+00   1.0750887616e+00
7.3965568627e+00   1.0730251144e+00
7.4020568627e+00   1.0709651311e+00
7.4075568627e+00   1.0689088144e+00
7.4130568627e+00   1.0668561668e+00
7.4185568627e+00   1.0648071906e+00
7.4240568627e+00   1.0627618884e+00
7.4295568627e+00   1.0607202622e+00
7.4350568627e+00   1.0586823143e+00
7.4405568627e+00   1.0566480469e+00
7.4460568627e+00   1.0546174619e+00
7.4515568627e+00   1.0525905613e+00
7.4570568627e+00   1.0505673470e+00
7.4625568627e+00   1.0485478209e+00
7.4680568627e+00   1.0465319846e+00
7.4735568627e+00   1.0445198398e+00
7.4790568627e+00   1.0425113881e+00
7.4845568627e+00   1.0405066311e+00
7.4900568627e+00   1.0385055702e+00
7.4955568627e+00   1.0365082067e+00
7.5010568627e+00   1.0345145419e+00
7.5065568627e+00   1.0325245772e+00
7.5120568627e+00   1.0305383137e+00
7.5175568627e+00   1.0285557525e+00
7.5230568627e+00   1.0265768947e+00
7.5285568627e+00   1.0246017411e+00
7.5340568627e+00   1.0226302928e+00
7.5395568627e+00   1.0206625506e+00
7.5450568627e+00   1.0186985152e+00
7.5505568627e+00   1.0167381874e+00
7.5560568627e+00   1.0147815678e+00
7.5615568627e+00   1.0128286571e+00
7.5670568627e+00   1.0108794557e+00
7.5725568627e+00   1.0089339641e+00
7.5780568627e+00   1.0069921829e+00
7.5835568627e+00   1.0050541122e+00
7.5890568627e+00   1.0031197524e+00
7.5945568627e+00   1.0011891038e+00
7.6000568627e+00   9.9926216651e-01
7.6055568627e+00   9.9733894066e-01
7.6110568627e+00   9.9541942634e-01
7.6165568627e+00   9.9350362356e-01
7.6220568627e+00   9.9159153227e-01
7.6275568627e+00   9.8968315238e-01
7.6330568627e+00   9.8777848374e-01
7.6385568627e+00   9.8587752615e-01
7.6440568627e+00   9.8398027935e-01
7.6495568627e+00   9.8208674304e-01
7.6550568627e+00   9.8019691687e-01
7.6605568627e+00   9.7831080041e-01
7.6660568627e+00   9.7642839322e-01
7.6715568627e+00   9.7454969479e-01
7.6770568627e+00   9.7267470455e-01
7.6825568627e+00   9.7080342191e-01
7.6880568627e+00   9.6893584621e-01
7.6935568627e+00   9.6707197675e-01
7.6990568627e+00   9.6521181278e-01
7.7045568627e+00   9.6335535350e-01
7.7100568627e+00   9.6150259808e-01
7.7155568627e+00   9.5965354562e-01
7.7210568627e+00   9.5780819521e-01
7.7265568627e+00   9.5596654586e-01
7.7320568627e+00   9.5412859656e-01
7.7375568627e+00   9.5229434624e-01
7.7430568627e+00   9.5046379380e-01
7.7485568627e+00   9.4863693809e-01
7.7540568627e+00   9.4681377792e-01
7.7595568627e+00   9.4499431206e-01
7.7650568627e+00   9.4317853924e-01
7.7705568627e+00   9.4136645815e-01
7.7760568627e+00   9.3955806744e-01
7.7815568627e+00   9.3775336571e-01
7.7870568627e+00   9.3595235154e-01
7.7925568627e+00   9.3415502345e-01
7.7980568627e+00   9.3236137994e-01
7.8035568627e+00   9.3057141947e-01
7.8090568627e+00   9.2878514045e-01
7.8145568627e+00   9.2700254127e-01
7.8200568627e+00   9.2522362026e-01
7.8255568627e+00   9.2344837574e-01
7.8310568627e+00   9.2167680599e-01
7.8365568627e+00   9.1990890924e-01
7.8420568627e+00   9.1814468369e-01
7.8475568627e+00   9.1638412752e-01
7.8530568627e+00   9.1462723887e-01
7.8585568627e+00   9.1287401583e-01
7.8640568627e+00   9.1112445648e-01
7.8695568627e+00   9.0937855885e-01
7.8750568627e+00   9.0763632095e-01
7.8805568627e+00   9.0589774075e-01
7.8860568627e+00   9.0416281621e-01
7.8915568627e+00   9.0243154522e-01
7.8970568627e+00   9.0070392567e-01
7.9025568627e+00   8.9897995541e-01
7.9080568627e+00   8.9725963226e-01
7.9135568627e+00   8.9554295402e-01
7.9190568627e+00   8.9382991845e-01
7.9245568627e+00   8.9212052328e-01
7.9300568627e+00   8.9041476621e-01
7.9355568627e+00   8.8871264494e-01
7.9410568627e+00   8.8701415710e-01
7.9465568627e+00   8.8531930033e-01
7.9520568627e+00   8.8362807221e-01
7.9575568627e+00   8.8194047032e-01
7.9630568627e+00   8.8025649221e-01
7.9685568627e+00   8.7857613540e-01
7.9740568627e+00   8.7689939737e-01
7.9795568627e+00   8.7522627560e-01
7.9850568627e+00   8.7355676753e-01
7.9905568627e+00   8.7189087058e-01
7.9960568627e+00   8.7022858214e-01
8.0015568627e+00   8.6856989960e-01
8.0070568627e+00   8.6691482029e-01
8.0125568627e+00   8.6526334154e-01
8.0180568627e+00   8.6361546066e-01
8.0235568627e+00   8.6197117493e-01
8.0290568627e+00   8.6033048160e-01
8.0345568627e+00   8.5869337792e-01
8.0400568627e+00   8.5705986109e-01
8.0455568627e+00   8.5542992833e-01
8.0510568627e+00   8.5380357678e-01
8.0565568627e+00   8.5218080362e-01
8.0620568627e+00   8.5056160598e-01
8.0675568627e+00   8.4894598096e-01
8.0730568627e+00   8.4733392567e-01
8.0785568627e+00   8.4572543717e-01
8.0840568627e+00   8.4412051253e-01
8.0895568627e+00   8.4251914878e-01
8.0950568627e+00   8.4092134293e-01
8.1005568627e+00   8.3932709200e-01
8.1060568627e+00   8.3773639297e-01
8.1115568627e+00   8.3614924279e-01
8.1170568627e+00   8.3456563842e-01
8.1225568627e+00   8.3298557679e-01
8.1280568627e+00   8.3140905481e-01
8.1335568627e+00   8.2983606938e-01
8.1390568627e+00   8.2826661740e-01
8.1445568627e+00   8.2670069571e-01
8.1500568627e+00   8.2513830117e-01
8.1555568627e+00   8.2357943062e-01
8.1610568627e+00   8.2202408088e-01
8.1665568627e+00   8.2047224876e-01
8.1720568627e+00   8.1892393104e-01
8.1775568627e+00   8.1737912450e-01
8.1830568627e+00   8.1583782591e-01
8.1885568627e+00   8.1430003201e-01
8.1940568627e+00   8.1276573955e-01
8.1995568627e+00   8.1123494523e-01
8.2050568627e+00   8.0970764578e-01
8.2105568627e+00   8.0818383789e-01
8.2160568627e+00   8.0666351824e-01
8.2215568627e+00   8.0514668351e-01
8.2270568627e+00   8.0363333035e-01
8.2325568627e+00   8.0212345542e-01
8.2380568627e+00   8.0061705535e-01
8.2435568627e+00   7.9911412676e-01
8.2490568627e+00   7.9761466627e-01
8.2545568627e+00   7.9611867048e-01
8.2600568627e+00   7.9462613599e-01
8.2655568627e+00   7.9313705938e-01
8.2710568627e+00   7.9165143722e-01
8.2765568627e+00   7.9016926607e-01
8.2820568627e+00   7.8869054248e-01
8.2875568627e+00   7.8721526300e-01
8.2930568627e+00   7.8574342416e-01
8.2985568627e+00   7.8427502249e-01
8.3040568627e+00   7.8281005449e-01
8.3095568627e+00   7.8134851669e-01
8.3150568627e+00   7.7989040557e-01
8.3205568627e+00   7.7843571762e-01
8.3260568627e+00   7.7698444934e-01
8.3315568627e+00   7.7553659719e-01
8.3370568627e+00   7.7409215763e-01
8.3425568627e+00   7.7265112714e-01
8.3480568627e+00   7.7121350216e-01
8.3535568627e+00   7.6977927913e-01
8.3590568627e+00   7.6834845450e-01
8.3645568627e+00   7.6692102470e-01
8.3700568627e+00   7.6549698615e-01
8.3755568627e+00   7.6407633527e-01
8.3810568627e+00   7.6265906847e-01
8.3865568627e+00   7.6124518216e-01
8.3920568627e+00   7.5983467275e-01
8.3975568627e+00   7.5842753662e-01
8.4030568627e+00   7.5702377018e-01
8.4085568627e+00   7.5562336980e-01
8.4140568627e+00   7.5422633187e-01
8.4195568627e+00   7.5283265276e-01
8.4250568627e+00   7.5144232884e-01
8.4305568627e+00   7.5005535648e-01
8.4360568627e+00   7.4867173205e-01
8.4415568627e+00   7.4729145191e-01
8.4470568627e+00   7.4591451240e-01
8.4525568627e+00   7.4454090988e-01
8.4580568627e+00   7.4317064070e-01
8.4635568627e+00   7.4180370120e-01
8.4690568627e+00   7.4044008773e-01
8.4745568627e+00   7.3907979662e-01
8.4800568627e+00   7.3772282421e-01
8.4855568627e+00   7.3636916683e-01
8.4910568627e+00   7.3501882081e-01
8.4965568627e+00   7.3367178249e-01
8.5020568627e+00   7.3232804819e-01
8.5075568627e+00   7.3098761422e-01
8.5130568627e+00   7.2965047693e-01
8.5185568627e+00   7.2831663262e-01
8.5240568627e+00   7.2698607762e-01
8.5295568627e+00   7.2565880824e-01
8.5350568627e+00   7.2433482080e-01
8.5405568627e+00   7.2301411162e-01
8.5460568627e+00   7.2169667701e-01
8.5515568627e+00   7.2038251328e-01
8.5570568627e+00   7.1907161676e-01
8.5625568627e+00   7.1776398376e-01
8.5680568627e+00   7.1645961058e-01
8.5735568627e+00   7.1515849354e-01
8.5790568627e+00   7.1386062895e-01
8.5845568627e+00   7.1256601313e-01
8.5900568627e+00   7.1127464239e-01
8.5955568627e+00   7.0998651305e-01
8.6010568627e+00   7.0870162142e-01
8.6065568627e+00   7.0741996381e-01
8.6120568627e+00   7.0614153655e-01
8.6175568627e+00   7.0486633595e-01
8.6230568627e+00   7.0359435832e-01
8.6285568627e+00   7.0232560000e-01
8.6340568627e+00   7.0106005729e-01
8.6395568627e+00   6.9979772654e-01
8.6450568627e+00   6.9853860405e-01
8.6505568627e+00   6.9728268616e-01
8.6560568627e+00   6.9602996919e-01
8.6615568627e+00   6.9478044948e-01
8.6670568627e+00   6.9353412336e-01
8.6725568627e+00   6.9229098717e-01
8.6780568627e+00   6.9105103725e-01
8.6835568627e+00   6.8981426993e-01
8.6890568627e+00   6.8858068157e-01
8.6945568627e+00   6.8735026850e-01
8.7000568627e+00   6.8612302708e-01
8.7055568627e+00   6.8489895367e-01
8.7110568627e+00   6.8367804461e-01
8.7165568627e+00   6.8246029627e-01
8.7220568627e+00   6.8124570502e-01
8.7275568627e+00   6.8003426722e-01
8.7330568627e+00   6.7882597924e-01
8.7385568627e+00   6.7762083746e-01
8.7440568627e+00   6.7641883826e-01
8.7495568627e+00   6.7521997802e-01
8.7550568627e+00   6.7402425313e-01
8.7605568627e+00   6.7283165999e-01
8.7660568627e+00   6.7164219499e-01
8.7715568627e+00   6.7045585453e-01
8.7770568627e+00   6.6927263502e-01
8.7825568627e+00   6.6809253287e-01
8.7880568627e+00   6.6691554450e-01
8.7935568627e+00   6.6574166634e-01
8.7990568627e+00   6.6457089480e-01
8.8045568627e+00   6.6340322633e-01
8.8100568627e+00   6.6223865735e-01
8.8155568627e+00   6.6107718433e-01
8.8210568627e+00   6.5991880369e-01
8.8265568627e+00   6.5876351191e-01
8.8320568627e+00   6.5761130544e-01
8.8375568627e+00   6.5646218076e-01
8.8430568627e+00   6.5531613433e-01
8.8485568627e+00   6.5417316263e-01
8.8540568627e+00   6.5303326216e-01
8.8595568627e+00   6.5189642941e-01
8.8650568627e+00   6.5076266087e-01
8.8705568627e+00   6.4963195306e-01
8.8760568627e+00   6.4850430249e-01
8.8815568627e+00   6.4737970568e-01
8.8870568627e+00   6.4625815916e-01
8.8925568627e+00   6.4513965946e-01
8.8980568627e+00   6.4402420313e-01
8.9035568627e+00   6.4291178672e-01
8.9090568627e+00   6.4180240678e-01
8.9145568627e+00   6.4069605988e-01
8.9200568627e+00   6.3959274260e-01
8.9255568627e+00   6.3849245151e-01
8.9310568627e+00   6.3739518321e-01
8.9365568627e+00   6.3630093429e-01
8.9420568627e+00   6.3520970135e-01
8.9475568627e+00   6.3412148102e-01
8.9530568627e+00   6.3303626991e-01
8.9585568627e+00   6.3195406466e-01
8.9640568627e+00   6.3087486190e-01
8.9695568627e+00   6.2979865828e-01
8.9750568627e+00   6.2872545046e-01
8.9805568627e+00   6.2765523510e-01
8.9860568627e+00   6.2658800888e-01
8.9915568627e+00   6.2552376848e-01
8.9970568627e+00   6.2446251060e-01
9.0025568627e+00   6.2340423194e-01
9.0080568627e+00   6.2234892921e-01
9.0135568627e+00   6.2129659913e-01
9.0190568627e+00   6.2024723843e-01
9.0245568627e+00   6.1920084386e-01
9.0300568627e+00   6.1815741216e-01
9.0355568627e+00   6.1711694009e-01
9.0410568627e+00   6.1607942443e-01
9.0465568627e+00   6.1504486196e-01
9.0520568627e+00   6.1401324946e-01
9.0575568627e+00   6.1298458373e-01
9.0630568627e+00   6.1195886160e-01
9.0685568627e+00   6.1093607988e-01
9.0740568627e+00   6.0991623540e-01
9.0795568627e+00   6.0889932501e-01
9.0850568627e+00   6.0788534556e-01
9.0905568627e+00   6.0687429392e-01
9.0960568627e+00   6.0586616695e-01
9.1015568627e+00   6.0486096156e-01
9.1070568627e+00   6.0385867464e-01
9.1125568627e+00   6.0285930309e-01
9.1180568627e+00   6.0186284385e-01
9.1235568627e+00   6.0086929383e-01
9.1290568627e+00   5.9987864999e-01
9.1345568627e+00   5.9889090928e-01
9.1400568627e+00   5.9790606867e-01
9.1455568627e+00   5.9692412514e-01
9.1510568627e+00   5.9594507568e-01
9.1565568627e+00   5.9496891729e-01
9.1620568627e+00   5.9399564699e-01
9.1675568627e+00   5.9302526180e-01
9.1730568627e+00   5.9205775878e-01
9.1785568627e+00   5.9109313496e-01
9.1840568627e+00   5.9013138741e-01
9.1895568627e+00   5.8917251322e-01
9.1950568627e+00   5.8821650947e-01
9.2005568627e+00   5.8726337326e-01
9.2060568627e+00   5.8631310172e-01
9.2115568627e+00   5.8536569196e-01
9.2170568627e+00   5.8442114114e-01
9.2225568627e+00   5.8347944641e-01
9.2280568627e+00   5.8254060494e-01
9.2335568627e+00   5.8160461390e-01
9.2390568627e+00   5.8067147050e-01
9.2445568627e+00   5.7974117194e-01
9.2500568627e+00   5.7881371545e-01
9.2555568627e+00   5.7788909826e-01
9.2610568627e+00   5.7696731763e-01
9.2665568627e+00   5.7604837081e-01
9.2720568627e+00   5.7513225509e-01
9.2775568627e+00   5.7421896775e-01
9.2830568627e+00   5.7330850612e-01
9.2885568627e+00   5.7240086749e-01
9.2940568627e+00   5.7149604922e-01
9.2995568627e+00   5.7059404866e-01
9.3050568627e+00   5.6969486315e-01
9.3105568627e+00   5.6879849010e-01
9.3160568627e+00   5.6790492688e-01
9.3215568627e+00   5.6701417091e-01
9.3270568627e+00   5.6612621961e-01
9.3325568627e+00   5.6524107042e-01
9.3380568627e+00   5.6435872080e-01
9.3435568627e+00   5.6347916821e-01
9.3490568627e+00   5.6260241014e-01
9.3545568627e+00   5.6172844409e-01
9.3600568627e+00   5.6085726758e-01
9.3655568627e+00   5.5998887813e-01
9.3710568627e+00   5.5912327330e-01
9.3765568627e+00   5.5826045064e-01
9.3820568627e+00   5.5740040774e-01
9.3875568627e+00   5.5654314219e-01
9.3930568627e+00   5.5568865160e-01
9.3985568627e+00   5.5483693360e-01
9.4040568627e+00   5.5398798583e-01
9.4095568627e+00   5.5314180595e-01
9.4150568627e+00   5.5229839165e-01
9.4205568627e+00   5.5145774060e-01
9.4260568627e+00   5.5061985053e-01
9.4315568627e+00   5.4978471916e-01
9.4370568627e+00   5.4895234423e-01
9.4425568627e+00   5.4812272351e-01
9.4480568627e+00   5.4729585476e-01
9.4535568627e+00   5.4647173580e-01
9.4590568627e+00   5.4565036442e-01
9.4645568627e+00   5.4483173846e-01
9.4700568627e+00   5.4401585576e-01
9.4755568627e+00   5.4320271420e-01
9.4810568627e+00   5.4239231165e-01
9.4865568627e+00   5.4158464601e-01
9.4920568627e+00   5.4077971520e-01
9.4975568627e+00   5.3997751717e-01
9.5030568627e+00   5.3917804985e-01
9.5085568627e+00   5.3838131123e-01
9.5140568627e+00   5.3758729929e-01
9.5195568627e+00   5.3679601205e-01
9.5250568627e+00   5.3600744753e-01
9.5305568627e+00   5.3522160378e-01
9.5360568627e+00   5.3443847887e-01
9.5415568627e+00   5.3365807087e-01
9.5470568627e+00   5.3288037789e-01
9.5525568627e+00   5.3210539806e-01
9.5580568627e+00   5.3133312952e-01
9.5635568627e+00   5.3056357042e-01
9.5690568627e+00   5.2979671894e-01
9.5745568627e+00   5.2903257329e-01
9.5800568627e+00   5.2827113168e-01
9.5855568627e+00   5.2751239235e-01
9.5910568627e+00   5.2675635356e-01
9.5965568627e+00   5.2600301359e-01
9.6020568627e+00   5.2525237074e-01
9.6075568627e+00   5.2450442332e-01
9.6130568627e+00   5.2375916968e-01
9.6185568627e+00   5.2301660816e-01
9.6240568627e+00   5.2227673716e-01
9.6295568627e+00   5.2153955507e-01
9.6350568627e+00   5.2080506031e-01
9.6405568627e+00   5.2007325133e-01
9.6460568627e+00   5.1934412658e-01
9.6515568627e+00   5.1861768455e-01
9.6570568627e+00   5.1789392375e-01
9.6625568627e+00   5.1717284269e-01
9.6680568627e+00   5.1645443993e-01
9.6735568627e+00   5.1573871403e-01
9.6790568627e+00   5.1502566359e-01
9.6845568627e+00   5.1431528721e-01
9.6900568627e+00   5.1360758353e-01
9.6955568627e+00   5.1290255121e-01
9.7010568627e+00   5.1220018892e-01
9.7065568627e+00   5.1150049537e-01
9.7120568627e+00   5.1080346927e-01
9.7175568627e+00   5.1010910936e-01
9.7230568627e+00   5.0941741443e-01
9.7285568627e+00   5.0872838325e-01
9.7340568627e+00   5.0804201463e-01
9.7395568627e+00   5.0735830742e-01
9.7450568627e+00   5.0667726047e-01
9.7505568627e+00   5.0599887266e-01
9.7560568627e+00   5.0532314290e-01
9.7615568627e+00   5.0465007012e-01
9.7670568627e+00   5.0397965326e-01
9.7725568627e+00   5.0331189131e-01
9.7780568627e+00   5.0264678325e-01
9.7835568627e+00   5.0198432812e-01
9.7890568627e+00   5.0132452496e-01
9.7945568627e+00   5.0066737285e-01
9.8000568627e+00   5.0001287087e-01
9.8055568627e+00   4.9936101815e-01
9.8110568627e+00   4.9871181383e-01
9.8165568627e+00   4.9806525708e-01
9.8220568627e+00   4.9742134709e-01
9.8275568627e+00   4.9678008309e-01
9.8330568627e+00   4.9614146432e-01
9.8385568627e+00   4.9550549004e-01
9.8440568627e+00   4.9487215956e-01
9.8495568627e+00   4.9424147218e-01
9.8550568627e+00   4.9361342727e-01
9.8605568627e+00   4.9298802418e-01
9.8660568627e+00   4.9236526231e-01
9.8715568627e+00   4.9174514110e-01
9.8770568627e+00   4.9112765998e-01
9.8825568627e+00   4.9051281844e-01
9.8880568627e+00   4.8990061597e-01
9.8935568627e+00   4.8929105211e-01
9.8990568627e+00   4.8868412641e-01
9.9045568627e+00   4.8807983846e-01
9.9100568627e+00   4.8747818786e-01
9.9155568627e+00   4.8687917425e-01
9.9210568627e+00   4.8628279730e-01
9.9265568627e+00   4.8568905669e-01
9.9320568627e+00   4.8509795215e-01
9.9375568627e+00   4.8450948342e-01
9.9430568627e+00   4.8392365029e-01
9.9485568627e+00   4.8334045254e-01
9.9540568627e+00   4.8275989003e-01
9.9595568627e+00   4.8218196259e-01
9.9650568627e+00   4.8160667013e-01
9.9705568627e+00   4.8103401256e-01
9.9760568627e+00   4.8046398983e-01
9.9815568627e+00   4.7989660191e-01
9.9870568627e+00   4.7933184881e-01
9.9925568627e+00   4.7876973057e-01
9.9980568627e+00   4.7821024723e-01
1.0003556863e+01   4.7765339891e-01
1.0009056863e+01   4.7709918572e-01
1.0014556863e+01   4.7654760781e-01
1.0020056863e+01   4.7599866537e-01
1.0025556863e+01   4.7545235862e-01
1.0031056863e+01   4.7490868779e-01
1.0036556863e+01   4.7436765317e-01
1.0042056863e+01   4.7382925505e-01
1.0047556863e+01   4.7329349378e-01
1.0053056863e+01   4.7276036973e-01
1.0058556863e+01   4.7222988329e-01
1.0064056863e+01   4.7170203490e-01
1.0069556863e+01   4.7117682501e-01
1.0075056863e+01   4.7065425413e-01
1.0080556863e+01   4.7013432279e-01
1.0086056863e+01   4.6961703153e-01
1.0091556863e+01   4.6910238096e-01
1.0097056863e+01   4.6859037170e-01
1.0102556863e+01   4.6808100440e-01
1.0108056863e+01   4.6757427977e-01
1.0113556863e+01   4.6707019851e-01
1.0119056863e+01   4.6656876140e-01
1.0124556863e+01   4.6606996921e-01
1.0130056863e+01   4.6557382278e-01
1.0135556863e+01   4.6508032297e-01
1.0141056863e+01   4.6458947067e-01
1.0146556863e+01   4.6410126680e-01
1.0152056863e+01   4.6361571234e-01
1.0157556863e+01   4.6313280827e-01
1.0163056863e+01   4.6265255563e-01
1.0168556863e+01   4.6217495548e-01
1.0174056863e+01   4.6170000894e-01
1.0179556863e+01   4.6122771713e-01
1.0185056863e+01   4.6075808124e-01
1.0190556863e+01   4.6029110247e-01
1.0196056863e+01   4.5982678207e-01
1.0201556863e+01   4.5936512133e-01
1.0207056863e+01   4.5890612155e-01
1.0212556863e+01   4.5844978411e-01
1.0218056863e+01   4.5799611040e-01
1.0223556863e+01   4.5754510184e-01
1.0229056863e+01   4.5709675991e-01
1.0234556863e+01   4.5665108611e-01
1.0240056863e+01   4.5620808198e-01
1.0245556863e+01   4.5576774912e-01
1.0251056863e+01   4.5533008914e-01
1.0256556863e+01   4.5489510370e-01
1.0262056863e+01   4.5446279451e-01
1.0267556863e+01   4.5403316329e-01
1.0273056863e+01   4.5360621184e-01
1.0278556863e+01   4.5318194196e-01
1.0284056863e+01   4.5276035551e-01
1.0289556863e+01   4.5234145439e-01
1.0295056863e+01   4.5192524054e-01
1.0300556863e+01   4.5151171594e-01
1.0306056863e+01   4.5110088260e-01
1.0311556863e+01   4.5069274260e-01
1.0317056863e+01   4.5028729801e-01
1.0322556863e+01   4.4988455101e-01
1.0328056863e+01   4.4948450375e-01
1.0333556863e+01   4.4908715849e-01
1.0339056863e+01   4.4869251747e-01
1.0344556863e+01   4.4830058302e-01
1.0350056863e+01   4.4791135750e-01
1.0355556863e+01   4.4752484329e-01
1.0361056863e+01   4.4714104285e-01
1.0366556863e+01   4.4675995865e-01
1.0372056863e+01   4.4638159323e-01
1.0377556863e+01   4.4600594915e-01
1.0383056863e+01   4.4563302905e-01
1.0388556863e+01   4.4526283558e-01
1.0394056863e+01   4.4489537144e-01
1.0399556863e+01   4.4453063940e-01
1.0405056863e+01   4.4416864224e-01
1.0410556863e+01   4.4380938282e-01
1.0416056863e+01   4.4345286403e-01
1.0421556863e+01   4.4309908880e-01
1.0427056863e+01   4.4274806011e-01
1.0432556863e+01   4.4239978101e-01
1.0438056863e+01   4.4205425456e-01
1.0443556863e+01   4.4171148389e-01
1.0449056863e+01   4.4137147218e-01
1.0454556863e+01   4.4103422265e-01
1.0460056863e+01   4.4069973856e-01
1.0465556863e+01   4.4036802325e-01
1.0471056863e+01   4.4003908007e-01
1.0476556863e+01   4.3971291245e-01
1.0482056863e+01   4.3938952385e-01
1.0487556863e+01   4.3906891779e-01
1.0493056863e+01   4.3875109784e-01
1.0498556863e+01   4.3843606762e-01
1.0504056863e+01   4.3812383080e-01
1.0509556863e+01   4.3781439110e-01
1.0515056863e+01   4.3750775230e-01
1.0520556863e+01   4.3720391821e-01
1.0526056863e+01   4.3690289272e-01
1.0531556863e+01   4.3660467976e-01
1.0537056863e+01   4.3630928331e-01
1.0542556863e+01   4.3601670740e-01
1.0548056863e+01   4.3572695613e-01
1.0553556863e+01   4.3544003365e-01
1.0559056863e+01   4.3515594415e-01
1.0564556863e+01   4.3487469188e-01
1.0570056863e+01   4.3459628115e-01
1.0575556863e+01   4.3432071634e-01
1.0581056863e+01   4.3404800185e-01
1.0586556863e+01   4.3377814217e-01
1.0592056863e+01   4.3351114183e-01
1.0597556863e+01   4.3324700542e-01
1.0603056863e+01   4.3298573758e-01
1.0608556863e+01   4.3272734302e-01
1.0614056863e+01   4.3247182651e-01
1.0619556863e+01   4.3221919286e-01
1.0625056863e+01   4.3196944695e-01
1.0630556863e+01   4.3172259374e-01
1.0636056863e+01   4.3147863820e-01
1.0641556863e+01   4.3123758541e-01
1.0647056863e+01   4.3099944048e-01
1.0652556863e+01   4.3076420860e-01
1.0658056863e+01   4.3053189500e-01
1.0663556863e+01   4.3030250499e-01
1.0669056863e+01   4.3007604393e-01
1.0674556863e+01   4.2985251725e-01
1.0680056863e+01   4.2963193044e-01
1.0685556863e+01   4.2941428906e-01
1.0691056863e+01   4.2919959872e-01
1.0696556863e+01   4.2898786510e-01
1.0702056863e+01   4.2877909395e-01
1.0707556863e+01   4.2857329108e-01
1.0713056863e+01   4.2837046237e-01
1.0718556863e+01   4.2817061375e-01
1.0724056863e+01   4.2797375124e-01
1.0729556863e+01   4.2777988091e-01
1.0735056863e+01   4.2758900891e-01
1.0740556863e+01   4.2740114143e-01
1.0746056863e+01   4.2721628477e-01
1.0751556863e+01   4.2703444527e-01
1.0757056863e+01   4.2685562933e-01
1.0762556863e+01   4.2667984346e-01
1.0768056863e+01   4.2650709419e-01
1.0773556863e+01   4.2633738816e-01
1.0779056863e+01   4.2617073206e-01
1.0784556863e+01   4.2600713266e-01
1.0790056863e+01   4.2584659680e-01
1.0795556863e+01   4.2568913139e-01
1.0801056863e+01   4.2553474341e-01
1.0806556863e+01   4.2538343992e-01
1.0812056863e+01   4.2523522805e-01
1.0817556863e+01   4.2509011500e-01
1.0823056863e+01   4.2494810807e-01
1.0828556863e+01   4.2480921459e-01
1.0834056863e+01   4.2467344200e-01
1.0839556863e+01   4.2454079782e-01
1.0845056863e+01   4.2441128962e-01
1.0850556863e+01   4.2428492506e-01
1.0856056863e+01   4.2416171189e-01
1.0861556863e+01   4.2404165792e-01
1.0867056863e+01   4.2392477105e-01
1.0872556863e+01   4.2381105926e-01
1.0878056863e+01   4.2370053059e-01
1.0883556863e+01   4.2359319320e-01
1.0889056863e+01   4.2348905529e-01
1.0894556863e+01   4.2338812517e-01
1.0900056863e+01   4.2329041122e-01
1.0905556863e+01   4.2319592190e-01
1.0911056863e+01   4.2310466576e-01
1.0916556863e+01   4.2301665144e-01
1.0922056863e+01   4.2293188765e-01
1.0927556863e+01   4.2285038318e-01
1.0933056863e+01   4.2277214694e-01
1.0938556863e+01   4.2269718789e-01
1.0944056863e+01   4.2262551509e-01
1.0949556863e+01   4.2255713769e-01
1.0955056863e+01   4.2249206493e-01
1.0960556863e+01   4.2243030613e-01
1.0966056863e+01   4.2237187071e-01
1.0971556863e+01   4.2231676817e-01
1.0977056863e+01   4.2226500810e-01
1.0982556863e+01   4.2221660019e-01
1.0988056863e+01   4.2217155422e-01
1.0993556863e+01   4.2212988006e-01
1.0999056863e+01   4.2209158767e-01
1.1004556863e+01   4.2205668710e-01
1.1010056863e+01   4.2202518852e-01
1.1015556863e+01   4.2199710216e-01
1.1021056863e+01   4.2197243836e-01
1.1026556863e+01   4.2195120757e-01
1.1032056863e+01   4.2193342032e-01
1.1037556863e+01   4.2191908724e-01
1.1043056863e+01   4.2190821906e-01
1.1048556863e+01   4.2190082661e-01
1.1054056863e+01   4.2189692083e-01
1.1059556863e+01   4.2189651273e-01
1.1065056863e+01   4.2189961347e-01
1.1070556863e+01   4.2190623425e-01
1.1076056863e+01   4.2191638643e-01
1.1081556863e+01   4.2193008144e-01
1.1087056863e+01   4.2194733083e-01
1.1092556863e+01   4.2196814623e-01
1.1098056863e+01   4.2199253941e-01
1.1103556863e+01   4.2202052222e-01
1.1109056863e+01   4.2205210662e-01
1.1114556863e+01   4.2208730470e-01
1.1120056863e+01   4.2212612862e-01
1.1125556863e+01   4.2216859069e-01
1.1131056863e+01   4.2221470330e-01
1.1136556863e+01   4.2226447897e-01
1.1142056863e+01   4.2231793030e-01
1.1147556863e+01   4.2237507005e-01
1.1153056863e+01   4.2243591106e-01
1.1158556863e+01   4.2250046628e-01
1.1164056863e+01   4.2256874879e-01
1.1169556863e+01   4.2264077179e-01
1.1175056863e+01   4.2271654857e-01
1.1180556863e+01   4.2279609257e-01
1.1186056863e+01   4.2287941732e-01
1.1191556863e+01   4.2296653648e-01
1.1197056863e+01   4.2305746384e-01
1.1202556863e+01   4.2315221328e-01
1.1208056863e+01   4.2325079884e-01
1.1213556863e+01   4.2335323465e-01
1.1219056863e+01   4.2345953497e-01
1.1224556863e+01   4.2356971420e-01
1.1230056863e+01   4.2368378684e-01
1.1235556863e+01   4.2380176753e-01
1.1241056863e+01   4.2392367103e-01
1.1246556863e+01   4.2404951224e-01
1.1252056863e+01   4.2417930617e-01
1.1257556863e+01   4.2431306797e-01
1.1263056863e+01   4.2445081291e-01
1.1268556863e+01   4.2459255640e-01
1.1274056863e+01   4.2473831397e-01
1.1279556863e+01   4.2488810130e-01
1.1285056863e+01   4.2504193418e-01
1.1290556863e+01   4.2519982856e-01
1.1296056863e+01   4.2536180050e-01
1.1301556863e+01   4.2552786621e-01
1.1307056863e+01   4.2569804204e-01
1.1312556863e+01   4.2587234446e-01
1.1318056863e+01   4.2605079010e-01
1.1323556863e+01   4.2623339570e-01
1.1329056863e+01   4.2642017819e-01
1.1334556863e+01   4.2661115458e-01
1.1340056863e+01   4.2680634207e-01
1.1345556863e+01   4.2700575799e-01
1.1351056863e+01   4.2720941980e-01
1.1356556863e+01   4.2741734513e-01
1.1362056863e+01   4.2762955172e-01
1.1367556863e+01   4.2784605750e-01
1.1373056863e+01   4.2806688052e-01
1.1378556863e+01   4.2829203898e-01
1.1384056863e+01   4.2852155125e-01
1.1389556863e+01   4.2875543582e-01
1.1395056863e+01   4.2899371137e-01
1.1400556863e+01   4.2923639670e-01
1.1406056863e+01   4.2948351079e-01
1.1411556863e+01   4.2973507274e-01
1.1417056863e+01   4.2999110186e-01
1.1422556863e+01   4.3025161755e-01
1.1428056863e+01   4.3051663944e-01
1.1433556863e+01   4.3078618726e-01
1.1439056863e+01   4.3106028092e-01
1.1444556863e+01   4.3133894052e-01
1.1450056863e+01   4.3162218628e-01
1.1455556863e+01   4.3191003860e-01
1.1461056863e+01   4.3220251805e-01
1.1466556863e+01   4.3249964536e-01
1.1472056863e+01   4.3280144144e-01
1.1477556863e+01   4.3310792733e-01
1.1483056863e+01   4.3341912429e-01
1.1488556863e+01   4.3373505371e-01
1.1494056863e+01   4.3405573718e-01
1.1499556863e+01   4.3438119642e-01
1.1505056863e+01   4.3471145338e-01
1.1510556863e+01   4.3504653014e-01
1.1516056863e+01   4.3538644898e-01
1.1521556863e+01   4.3573123233e-01
1.1527056863e+01   4.3608090283e-01
1.1532556863e+01   4.3643548328e-01
1.1538056863e+01   4.3679499666e-01
1.1543556863e+01   4.3715946614e-01
1.1549056863e+01   4.3752891506e-01
1.1554556863e+01   4.3790336695e-01
1.1560056863e+01   4.3828284552e-01
1.1565556863e+01   4.3866737468e-01
1.1571056863e+01   4.3905697851e-01
1.1576556863e+01   4.3945168129e-01
1.1582056863e+01   4.3985150747e-01
1.1587556863e+01   4.4025648171e-01
1.1593056863e+01   4.4066662884e-01
1.1598556863e+01   4.4108197392e-01
1.1604056863e+01   4.4150254217e-01
1.1609556863e+01   4.4192835900e-01
1.1615056863e+01   4.4235945005e-01
1.1620556863e+01   4.4279584112e-01
1.1626056863e+01   4.4323755824e-01
1.1631556863e+01   4.4368462761e-01
1.1637056863e+01   4.4413707565e-01
1.1642556863e+01   4.4459492898e-01
1.1648056863e+01   4.4505821442e-01
1.1653556863e+01   4.4552695898e-01
1.1659056863e+01   4.4600118990e-01
1.1664556863e+01   4.4648093461e-01
1.1670056863e+01   4.4696622075e-01
1.1675556863e+01   4.4745707617e-01
1.1681056863e+01   4.4795352893e-01
1.1686556863e+01   4.4845560730e-01
1.1692056863e+01   4.4896333976e-01
1.1697556863e+01   4.4947675502e-01
1.1703056863e+01   4.4999588197e-01
1.1708556863e+01   4.5052074975e-01
1.1714056863e+01   4.5105138769e-01
1.1719556863e+01   4.5158782537e-01
1.1725056863e+01   4.5213009255e-01
1.1730556863e+01   4.5267821923e-01
1.1736056863e+01   4.5323223565e-01
1.1741556863e+01   4.5379217223e-01
1.1747056863e+01   4.5435805965e-01
1.1752556863e+01   4.5492992881e-01
1.1758056863e+01   4.5550781081e-01
1.1763556863e+01   4.5609173700e-01
1.1769056863e+01   4.5668173895e-01
1.1774556863e+01   4.5727784848e-01
1.1780056863e+01   4.5788009760e-01
1.1785556863e+01   4.5848851858e-01
1.1791056863e+01   4.5910314393e-01
1.1796556863e+01   4.5972400637e-01
1.1802056863e+01   4.6035113887e-01
1.1807556863e+01   4.6098457463e-01
1.1813056863e+01   4.6162434709e-01
1.1818556863e+01   4.6227048992e-01
1.1824056863e+01   4.6292303705e-01
1.1829556863e+01   4.6358202262e-01
1.1835056863e+01   4.6424748104e-01
1.1840556863e+01   4.6491944695e-01
1.1846056863e+01   4.6559795524e-01
1.1851556863e+01   4.6628304102e-01
1.1857056863e+01   4.6697473968e-01
1.1862556863e+01   4.6767308684e-01
1.1868056863e+01   4.6837811836e-01
1.1873556863e+01   4.6908987036e-01
1.1879056863e+01   4.6980837921e-01
1.1884556863e+01   4.7053368153e-01
1.1890056863e+01   4.7126581419e-01
1.1895556863e+01   4.7200481430e-01
1.1901056863e+01   4.7275071925e-01
1.1906556863e+01   4.7350356665e-01
1.1912056863e+01   4.7426339441e-01
1.1917556863e+01   4.7503024065e-01
1.1923056863e+01   4.7580414378e-01
1.1928556863e+01   4.7658514245e-01
1.1934056863e+01   4.7737327558e-01
1.1939556863e+01   4.7816858233e-01
1.1945056863e+01   4.7897110215e-01
1.1950556863e+01   4.7978087474e-01
1.1956056863e+01   4.8059794004e-01
1.1961556863e+01   4.8142233829e-01
1.1967056863e+01   4.8225410996e-01
1.1972556863e+01   4.8309329580e-01
1.1978056863e+01   4.8393993683e-01
1.1983556863e+01   4.8479407433e-01
1.1989056863e+01   4.8565574984e-01
1.1994556863e+01   4.8652500518e-01
1.2000056863e+01   4.8740188242e-01
1.2005556863e+01   4.8828642392e-01
1.2011056863e+01   4.8917867228e-01
1.2016556863e+01   4.9007867041e-01
1.2022056863e+01   4.9098646145e-01
1.2027556863e+01   4.9190208882e-01
1.2033056863e+01   4.9282559624e-01
1.2038556863e+01   4.9375702765e-01
1.2044056863e+01   4.9469642731e-01
1.2049556863e+01   4.9564383973e-01
1.2055056863e+01   4.9659930969e-01
1.2060556863e+01   4.9756288224e-01
1.2066056863e+01   4.9853460272e-01
1.2071556863e+01   4.9951451673e-01
1.2077056863e+01   5.0050267013e-01
1.2082556863e+01   5.0149910909e-01
1.2088056863e+01   5.0250388003e-01
1.2093556863e+01   5.0351702963e-01
1.2099056863e+01   5.0453860487e-01
1.2104556863e+01   5.0556865300e-01
1.2110056863e+01   5.0660722153e-01
1.2115556863e+01   5.0765435825e-01
1.2121056863e+01   5.0871011123e-01
1.2126556863e+01   5.0977452880e-01
1.2132056863e+01   5.1084765957e-01
1.2137556863e+01   5.1192955244e-01
1.2143056863e+01   5.1302025655e-01
1.2148556863e+01   5.1411982133e-01
1.2154056863e+01   5.1522829649e-01
1.2159556863e+01   5.1634573200e-01
1.2165056863e+01   5.1747217810e-01
1.2170556863e+01   5.1860768531e-01
1.2176056863e+01   5.1975230441e-01
1.2181556863e+01   5.2090608645e-01
1.2187056863e+01   5.2206908276e-01
1.2192556863e+01   5.2324134492e-01
1.2198056863e+01   5.2442292479e-01
1.2203556863e+01   5.2561387450e-01
1.2209056863e+01   5.2681424643e-01
1.2214556863e+01   5.2802409324e-01
1.2220056863e+01   5.2924346784e-01
1.2225556863e+01   5.3047242341e-01
1.2231056863e+01   5.3171101339e-01
1.2236556863e+01   5.3295929147e-01
1.2242056863e+01   5.3421731162e-01
1.2247556863e+01   5.3548512804e-01
1.2253056863e+01   5.3676279521e-01
1.2258556863e+01   5.3805036784e-01
1.2264056863e+01   5.3934790092e-01
1.2269556863e+01   5.4065544966e-01
1.2275056863e+01   5.4197306955e-01
1.2280556863e+01   5.4330081630e-01
1.2286056863e+01   5.4463874588e-01
1.2291556863e+01   5.4598691450e-01
1.2297056863e+01   5.4734537862e-01
1.2302556863e+01   5.4871419491e-01
1.2308056863e+01   5.5009342031e-01
1.2313556863e+01   5.5148311197e-01
1.2319056863e+01   5.5288332730e-01
1.2324556863e+01   5.5429412390e-01
1.2330056863e+01   5.5571555963e-01
1.2335556863e+01   5.5714769255e-01
1.2341056863e+01   5.5859058096e-01
1.2346556863e+01   5.6004428338e-01
1.2352056863e+01   5.6150885852e-01
1.2357556863e+01   5.6298436532e-01
1.2363056863e+01   5.6447086293e-01
1.2368556863e+01   5.6596841070e-01
1.2374056863e+01   5.6747706819e-01
1.2379556863e+01   5.6899689514e-01
1.2385056863e+01   5.7052795151e-01
1.2390556863e+01   5.7207029742e-01
1.2396056863e+01   5.7362399321e-01
1.2401556863e+01   5.7518909938e-01
1.2407056863e+01   5.7676567663e-01
1.2412556863e+01   5.7835378580e-01
1.2418056863e+01   5.7995348793e-01
1.2423556863e+01   5.8156484422e-01
1.2429056863e+01   5.8318791603e-01
1.2434556863e+01   5.8482276487e-01
1.2440056863e+01   5.8646945242e-01
1.2445556863e+01   5.8812804047e-01
1.2451056863e+01   5.8979859099e-01
1.2456556863e+01   5.9148116607e-01
1.2462056863e+01   5.9317582792e-01
1.2467556863e+01   5.9488263890e-01
1.2473056863e+01   5.9660166147e-01
1.2478556863e+01   5.9833295821e-01
1.2484056863e+01   6.0007659181e-01
1.2489556863e+01   6.0183262505e-01
1.2495056863e+01   6.0360112081e-01
1.2500556863e+01   6.0538214208e-01
1.2506056863e+01   6.0717575189e-01
1.2511556863e+01   6.0898201339e-01
1.2517056863e+01   6.1080098976e-01
1.2522556863e+01   6.1263274427e-01
1.2528056863e+01   6.1447734022e-01
1.2533556863e+01   6.1633484098e-01
1.2539056863e+01   6.1820530995e-01
1.2544556863e+01   6.2008881054e-01
1.2550056863e+01   6.2198540622e-01
1.2555556863e+01   6.2389516045e-01
1.2561056863e+01   6.2581813670e-01
1.2566556863e+01   6.2775439845e-01
1.2572056863e+01   6.2970400915e-01
1.2577556863e+01   6.3166703225e-01
1.2583056863e+01   6.3364353117e-01
1.2588556863e+01   6.3563356927e-01
1.2594056863e+01   6.3763720988e-01
1.2599556863e+01   6.3965451629e-01
1.2605056863e+01   6.4168555170e-01
1.2610556863e+01   6.4373037924e-01
1.2616056863e+01   6.4578906194e-01
1.2621556863e+01   6.4786166277e-01
1.2627056863e+01   6.4994824457e-01
1.2632556863e+01   6.5204887004e-01
1.2638056863e+01   6.5416360179e-01
1.2643556863e+01   6.5629250227e-01
1.2649056863e+01   6.5843563378e-01
1.2654556863e+01   6.6059305846e-01
1.2660056863e+01   6.6276483827e-01
1.2665556863e+01   6.6495103499e-01
1.2671056863e+01   6.6715171020e-01
1.2676556863e+01   6.6936692525e-01
1.2682056863e+01   6.7159674130e-01
1.2687556863e+01   6.7384121923e-01
1.2693056863e+01   6.7610041972e-01
1.2698556863e+01   6.7837440313e-01
1.2704056863e+01   6.8066322959e-01
1.2709556863e+01   6.8296695891e-01
1.2715056863e+01   6.8528565061e-01
1.2720556863e+01   6.8761936388e-01
1.2726056863e+01   6.8996815758e-01
1.2731556863e+01   6.9233209023e-01
1.2737056863e+01   6.9471121997e-01
1.2742556863e+01   6.9710560457e-01
1.2748056863e+01   6.9951530141e-01
1.2753556863e+01   7.0194036745e-01
1.2759056863e+01   7.0438085923e-01
1.2764556863e+01   7.0683683285e-01
1.2770056863e+01   7.0930834395e-01
1.2775556863e+01   7.1179544768e-01
1.2781056863e+01   7.1429819873e-01
1.2786556863e+01   7.1681665125e-01
1.2792056863e+01   7.1935085889e-01
1.2797556863e+01   7.2190087472e-01
1.2803056863e+01   7.2446675130e-01
1.2808556863e+01   7.2704854056e-01
1.2814056863e+01   7.2964629386e-01
1.2819556863e+01   7.3226006194e-01
1.2825056863e+01   7.3488989490e-01
1.2830556863e+01   7.3753584219e-01
1.2836056863e+01   7.4019795258e-01
1.2841556863e+01   7.4287627416e-01
1.2847056863e+01   7.4557085429e-01
1.2852556863e+01   7.4828173962e-01
1.2858056863e+01   7.5100897602e-01
1.2863556863e+01   7.5375260861e-01
1.2869056863e+01   7.5651268171e-01
1.2874556863e+01   7.5928923881e-01
1.2880056863e+01   7.6208232259e-01
1.2885556863e+01   7.6489197486e-01
1.2891056863e+01   7.6771823654e-01
1.2896556863e+01   7.7056114768e-01
1.2902056863e+01   7.7342074737e-01
1.2907556863e+01   7.7629707379e-01
1.2913056863e+01   7.7919016412e-01
1.2918556863e+01   7.8210005459e-01
1.2924056863e+01   7.8502678038e-01
1.2929556863e+01   7.8797037566e-01
1.2935056863e+01   7.9093087353e-01
1.2940556863e+01   7.9390830600e-01
1.2946056863e+01   7.9690270399e-01
1.2951556863e+01   7.9991409729e-01
1.2957056863e+01   8.0294251452e-01
1.2962556863e+01   8.0598798313e-01
1.2968056863e+01   8.0905052938e-01
1.2973556863e+01   8.1213017828e-01
1.2979056863e+01   8.1522695362e-01
1.2984556863e+01   8.1834087787e-01
1.2990056863e+01   8.2147197223e-01
1.2995556863e+01   8.2462025657e-01
1.3001056863e+01   8.2778574940e-01
1.3006556863e+01   8.3096846785e-01
1.3012056863e+01   8.3416842765e-01
1.3017556863e+01   8.3738564311e-01
1.3023056863e+01   8.4062012706e-01
1.3028556863e+01   8.4387189086e-01
1.3034056863e+01   8.4714094438e-01
1.3039556863e+01   8.5042729594e-01
1.3045056863e+01   8.5373095228e-01
1.3050556863e+01   8.5705191859e-01
1.3056056863e+01   8.6039019842e-01
1.3061556863e+01   8.6374579370e-01
1.3067056863e+01   8.6711870466e-01
1.3072556863e+01   8.7050892987e-01
1.3078056863e+01   8.7391646617e-01
1.3083556863e+01   8.7734130863e-01
1.3089056863e+01   8.8078345058e-01
1.3094556863e+01   8.8424288352e-01
1.3100056863e+01   8.8771959714e-01
1.3105556863e+01   8.9121357926e-01
1.3111056863e+01   8.9472481582e-01
1.3116556863e+01   8.9825329087e-01
1.3122056863e+01   9.0179898648e-01
1.3127556863e+01   9.0536188281e-01
1.3133056863e+01   9.0894195798e-01
1.3138556863e+01   9.1253918813e-01
1.3144056863e+01   9.1615354733e-01
1.3149556863e+01   9.1978500759e-01
1.3155056863e+01   9.2343353883e-01
1.3160556863e+01   9.2709910883e-01
1.3166056863e+01   9.3078168323e-01
1.3171556863e+01   9.3448122549e-01
1.3177056863e+01   9.3819769687e-01
1.3182556863e+01   9.4193105639e-01
1.3188056863e+01   9.4568126083e-01
1.3193556863e+01   9.4944826468e-01
1.3199056863e+01   9.5323202013e-01
1.3204556863e+01   9.5703247703e-01
1.3210056863e+01   9.6084958289e-01
1.3215556863e+01   9.6468328283e-01
1.3221056863e+01   9.6853351956e-01
1.3226556863e+01   9.7240023336e-01
1.3232056863e+01   9.7628336206e-01
1.3237556863e+01   9.8018284102e-01
1.3243056863e+01   9.8409860309e-01
1.3248556863e+01   9.8803057860e-01
1.3254056863e+01   9.9197869532e-01
1.3259556863e+01   9.9594287848e-01
1.3265056863e+01   9.9992305069e-01
1.3270556863e+01   1.0039191320e+00
1.3276056863e+01   1.0079310397e+00
1.3281556863e+01   1.0119586885e+00
1.3287056863e+01   1.0160019906e+00
1.3292556863e+01   1.0200608552e+00
1.3298056863e+01   1.0241351890e+00
1.3303556863e+01   1.0282248958e+00
1.3309056863e+01   1.0323298769e+00
1.3314556863e+01   1.0364500306e+00
1.3320056863e+01   1.0405852525e+00
1.3325556863e+01   1.0447354354e+00
1.3331056863e+01   1.0489004692e+00
1.3336556863e+01   1.0530802410e+00
1.3342056863e+01   1.0572746352e+00
1.3347556863e+01   1.0614835331e+00
1.3353056863e+01   1.0657068133e+00
1.3358556863e+01   1.0699443514e+00
1.3364056863e+01   1.0741960201e+00
1.3369556863e+01   1.0784616892e+00
1.3375056863e+01   1.0827412256e+00
1.3380556863e+01   1.0870344932e+00
1.3386056863e+01   1.0913413530e+00
1.3391556863e+01   1.0956616630e+00
1.3397056863e+01   1.0999952782e+00
1.3402556863e+01   1.1043420508e+00
1.3408056863e+01   1.1087018299e+00
1.3413556863e+01   1.1130744614e+00
1.3419056863e+01   1.1174597886e+00
1.3424556863e+01   1.1218576515e+00
1.3430056863e+01   1.1262678873e+00
1.3435556863e+01   1.1306903300e+00
1.3441056863e+01   1.1351248107e+00
1.3446556863e+01   1.1395711576e+00
1.3452056863e+01   1.1440291956e+00
1.3457556863e+01   1.1484987468e+00
1.3463056863e+01   1.1529796304e+00
1.3468556863e+01   1.1574716623e+00
1.3474056863e+01   1.1619746556e+00
1.3479556863e+01   1.1664884204e+00
1.3485056863e+01   1.1710127638e+00
1.3490556863e+01   1.1755474898e+00
1.3496056863e+01   1.1800923995e+00
1.3501556863e+01   1.1846472911e+00
1.3507056863e+01   1.1892119598e+00
1.3512556863e+01   1.1937861978e+00
1.3518056863e+01   1.1983697945e+00
1.3523556863e+01   1.2029625361e+00
1.3529056863e+01   1.2075642063e+00
1.3534556863e+01   1.2121745855e+00
1.3540056863e+01   1.2167934515e+00
1.3545556863e+01   1.2214205791e+00
1.3551056863e+01   1.2260557403e+00
1.3556556863e+01   1.2306987043e+00
1.3562056863e+01   1.2353492375e+00
1.3567556863e+01   1.2400071034e+00
1.3573056863e+01   1.2446720629e+00
1.3578556863e+01   1.2493438741e+00
1.3584056863e+01   1.2540222923e+00
1.3589556863e+01   1.2587070703e+00
1.3595056863e+01   1.2633979581e+00
1.3600556863e+01   1.2680947031e+00
1.3606056863e+01   1.2727970500e+00
1.3611556863e+01   1.2775047412e+00
1.3617056863e+01   1.2822175163e+00
1.3622556863e+01   1.2869351125e+00
1.3628056863e+01   1.2916572645e+00
1.3633556863e+01   1.2963837046e+00
1.3639056863e+01   1.3011141625e+00
1.3644556863e+01   1.3058483659e+00
1.3650056863e+01   1.3105860398e+00
1.3655556863e+01   1.3153269072e+00
1.3661056863e+01   1.3200706886e+00
1.3666556863e+01   1.3248171025e+00
1.3672056863e+01   1.3295658651e+00
1.3677556863e+01   1.3343166905e+00
1.3683056863e+01   1.3390692907e+00
1.3688556863e+01   1.3438233758e+00
1.3694056863e+01   1.3485786537e+00
1.3699556863e+01   1.3533348305e+00
1.3705056863e+01   1.3580916103e+00
1.3710556863e+01   1.3628486956e+00
1.3716056863e+01   1.3676057868e+00
1.3721556863e+01   1.3723625826e+00
1.3727056863e+01   1.3771187803e+00
1.3732556863e+01   1.3818740752e+00
1.3738056863e+01   1.3866281613e+00
1.3743556863e+01   1.3913807308e+00
1.3749056863e+01   1.3961314746e+00
1.3754556863e+01   1.4008800821e+00
1.3760056863e+01   1.4056262415e+00
1.3765556863e+01   1.4103696396e+00
1.3771056863e+01   1.4151099617e+00
1.3776556863e+01   1.4198468924e+00
1.3782056863e+01   1.4245801148e+00
1.3787556863e+01   1.4293093112e+00
1.3793056863e+01   1.4340341625e+00
1.3798556863e+01   1.4387543492e+00
1.3804056863e+01   1.4434695504e+00
1.3809556863e+01   1.4481794449e+00
1.3815056863e+01   1.4528837102e+00
1.3820556863e+01   1.4575820236e+00
1.3826056863e+01   1.4622740615e+00
1.3831556863e+01   1.4669594999e+00
1.3837056863e+01   1.4716380142e+00
1.3842556863e+01   1.4763092794e+00
1.3848056863e+01   1.4809729702e+00
1.3853556863e+01   1.4856287609e+00
1.3859056863e+01   1.4902763259e+00
1.3864556863e+01   1.4949153390e+00
1.3870056863e+01   1.4995454742e+00
1.3875556863e+01   1.5041664055e+00
1.3881056863e+01   1.5087778069e+00
1.3886556863e+01   1.5133793524e+00
1.3892056863e+01   1.5179707165e+00
1.3897556863e+01   1.5225515736e+00
1.3903056863e+01   1.5271215987e+00
1.3908556863e+01   1.5316804672e+00
1.3914056863e+01   1.5362278548e+00
1.3919556863e+01   1.5407634379e+00
1.3925056863e+01   1.5452868935e+00
1.3930556863e+01   1.5497978993e+00
1.3936056863e+01   1.5542961336e+00
1.3941556863e+01   1.5587812756e+00
1.3947056863e+01   1.5632530056e+00
1.3952556863e+01   1.5677110047e+00
1.3958056863e+01   1.5721549549e+00
1.3963556863e+01   1.5765845396e+00
1.3969056863e+01   1.5809994431e+00
1.3974556863e+01   1.5853993511e+00
1.3980056863e+01   1.5897839505e+00
1.3985556863e+01   1.5941529298e+00
1.3991056863e+01   1.5985059787e+00
1.3996556863e+01   1.6028427885e+00
1.4002056863e+01   1.6071630521e+00
1.4007556863e+01   1.6114664639e+00
1.4013056863e+01   1.6157527204e+00
1.4018556863e+01   1.6200215194e+00
1.4024056863e+01   1.6242725608e+00
1.4029556863e+01   1.6285055464e+00
1.4035056863e+01   1.6327201798e+00
1.4040556863e+01   1.6369161669e+00
1.4046056863e+01   1.6410932154e+00
1.4051556863e+01   1.6452510354e+00
1.4057056863e+01   1.6493893390e+00
1.4062556863e+01   1.6535078408e+00
1.4068056863e+01   1.6576062575e+00
1.4073556863e+01   1.6616843083e+00
1.4079056863e+01   1.6657417148e+00
1.4084556863e+01   1.6697782013e+00
1.4090056863e+01   1.6737934944e+00
1.4095556863e+01   1.6777873233e+00
1.4101056863e+01   1.6817594201e+00
1.4106556863e+01   1.6857095195e+00
1.4112056863e+01   1.6896373589e+00
1.4117556863e+01   1.6935426786e+00
1.4123056863e+01   1.6974252217e+00
1.4128556863e+01   1.7012847344e+00
1.4134056863e+01   1.7051209656e+00
1.4139556863e+01   1.7089336674e+00
1.4145056863e+01   1.7127225949e+00
1.4150556863e+01   1.7164875063e+00
1.4156056863e+01   1.7202281629e+00
1.4161556863e+01   1.7239443293e+00
1.4167056863e+01   1.7276357732e+00
1.4172556863e+01   1.7313022657e+00
1.4178056863e+01   1.7349435810e+00
1.4183556863e+01   1.7385594969e+00
1.4189056863e+01   1.7421497945e+00
1.4194556863e+01   1.7457142581e+00
1.4200056863e+01   1.7492526756e+00
1.4205556863e+01   1.7527648386e+00
1.4211056863e+01   1.7562505418e+00
1.4216556863e+01   1.7597095837e+00
1.4222056863e+01   1.7631417664e+00
1.4227556863e+01   1.7665468953e+00
1.4233056863e+01   1.7699247798e+00
1.4238556863e+01   1.7732752328e+00
1.4244056863e+01   1.7765980706e+00
1.4249556863e+01   1.7798931137e+00
1.4255056863e+01   1.7831601860e+00
1.4260556863e+01   1.7863991150e+00
1.4266056863e+01   1.7896097324e+00
1.4271556863e+01   1.7927918732e+00
1.4277056863e+01   1.7959453765e+00
1.4282556863e+01   1.7990700851e+00
1.4288056863e+01   1.8021658456e+00
1.4293556863e+01   1.8052325083e+00
1.4299056863e+01   1.8082699277e+00
1.4304556863e+01   1.8112779617e+00
1.4310056863e+01   1.8142564724e+00
1.4315556863e+01   1.8172053256e+00
1.4321056863e+01   1.8201243911e+00
1.4326556863e+01   1.8230135424e+00
1.4332056863e+01   1.8258726569e+00
1.4337556863e+01   1.8287016160e+00
1.4343056863e+01   1.8315003049e+00
1.4348556863e+01   1.8342686128e+00
1.4354056863e+01   1.8370064326e+00
1.4359556863e+01   1.8397136611e+00
1.4365056863e+01   1.8423901992e+00
1.4370556863e+01   1.8450359513e+00
1.4376056863e+01   1.8476508261e+00
1.4381556863e+01   1.8502347357e+00
1.4387056863e+01   1.8527875964e+00
1.4392556863e+01   1.8553093283e+00
1.4398056863e+01   1.8577998551e+00
1.4403556863e+01   1.8602591045e+00
1.4409056863e+01   1.8626870081e+00
1.4414556863e+01   1.8650835011e+00
1.4420056863e+01   1.8674485225e+00
1.4425556863e+01   1.8697820152e+00
1.4431056863e+01   1.8720839257e+00
1.4436556863e+01   1.8743542044e+00
1.4442056863e+01   1.8765928053e+00
1.4447556863e+01   1.8787996861e+00
1.4453056863e+01   1.8809748082e+00
1.4458556863e+01   1.8831181367e+00
1.4464056863e+01   1.8852296402e+00
1.4469556863e+01   1.8873092911e+00
1.4475056863e+01   1.8893570653e+00
1.4480556863e+01   1.8913729422e+00
1.4486056863e+01   1.8933569048e+00
1.4491556863e+01   1.8953089396e+00
1.4497056863e+01   1.8972290368e+00
1.4502556863e+01   1.8991171896e+00
1.4508056863e+01   1.9009733952e+00
1.4513556863e+01   1.9027976537e+00
1.4519056863e+01   1.9045899688e+00
1.4524556863e+01   1.9063503478e+00
1.4530056863e+01   1.9080788008e+00
1.4535556863e+01   1.9097753415e+00
1.4541056863e+01   1.9114399870e+00
1.4546556863e+01   1.9130727572e+00
1.4552056863e+01   1.9146736757e+00
1.4557556863e+01   1.9162427688e+00
1.4563056863e+01   1.9177800661e+00
1.4568556863e+01   1.9192856006e+00
1.4574056863e+01   1.9207594078e+00
1.4579556863e+01   1.9222015266e+00
1.4585056863e+01   1.9236119988e+00
1.4590556863e+01   1.9249908692e+00
1.4596056863e+01   1.9263381854e+00
1.4601556863e+01   1.9276539980e+00
1.4607056863e+01   1.9289383604e+00
1.4612556863e+01   1.9301913287e+00
1.4618056863e+01   1.9314129621e+00
1.4623556863e+01   1.9326033222e+00
1.4629056863e+01   1.9337624733e+00
1.4634556863e+01   1.9348904827e+00
1.4640056863e+01   1.9359874199e+00
1.4645556863e+01   1.9370533573e+00
1.4651056863e+01   1.9380883696e+00
1.4656556863e+01   1.9390925342e+00
1.4662056863e+01   1.9400659309e+00
1.4667556863e+01   1.9410086420e+00
1.4673056863e+01   1.9419207519e+00
1.4678556863e+01   1.9428023477e+00
1.4684056863e+01   1.9436535186e+00
1.4689556863e+01   1.9444743561e+00
1.4695056863e+01   1.9452649541e+00
1.4700556863e+01   1.9460254085e+00
1.4706056863e+01   1.9467558174e+00
1.4711556863e+01   1.9474562810e+00
1.4717056863e+01   1.9481269015e+00
1.4722556863e+01   1.9487677834e+00
1.4728056863e+01   1.9493790329e+00
1.4733556863e+01   1.9499607584e+00
1.4739056863e+01   1.9505130699e+00
1.4744556863e+01   1.9510360796e+00
1.4750056863e+01   1.9515299014e+00
1.4755556863e+01   1.9519946509e+00
1.4761056863e+01   1.9524304456e+00
1.4766556863e+01   1.9528374047e+00
1.4772056863e+01   1.9532156491e+00
1.4777556863e+01   1.9535653011e+00
1.4783056863e+01   1.9538864850e+00
1.4788556863e+01   1.9541793264e+00
1.4794056863e+01   1.9544439525e+00
1.4799556863e+01   1.9546804920e+00
1.4805056863e+01   1.9548890749e+00
1.4810556863e+01   1.9550698329e+00
1.4816056863e+01   1.9552228989e+00
1.4821556863e+01   1.9553484071e+00
1.4827056863e+01   1.9554464931e+00
1.4832556863e+01   1.9555172937e+00
1.4838056863e+01   1.9555609471e+00
1.4843556863e+01   1.9555775923e+00
1.4849056863e+01   1.9555673700e+00
1.4854556863e+01   1.9555304216e+00
1.4860056863e+01   1.9554668897e+00
1.4865556863e+01   1.9553769180e+00
1.4871056863e+01   1.9552606513e+00
1.4876556863e+01   1.9551182351e+00
1.4882056863e+01   1.9549498162e+00
1.4887556863e+01   1.9547555421e+00
1.4893056863e+01   1.9545355612e+00
1.4898556863e+01   1.9542900228e+00
1.4904056863e+01   1.9540190770e+00
1.4909556863e+01   1.9537228747e+00
1.4915056863e+01   1.9534015675e+00
1.4920556863e+01   1.9530553078e+00
1.4926056863e+01   1.9526842486e+00
1.4931556863e+01   1.9522885436e+00
1.4937056863e+01   1.9518683472e+00
1.4942556863e+01   1.9514238144e+00
1.4948056863e+01   1.9509551005e+00
1.4953556863e+01   1.9504623617e+00
1.4959056863e+01   1.9499457544e+00
1.4964556863e+01   1.9494054358e+00
1.4970056863e+01   1.9488415633e+00
1.4975556863e+01   1.9482542948e+00
1.4981056863e+01   1.9476437886e+00
1.4986556863e+01   1.9470102034e+00
1.4992056863e+01   1.9463536982e+00
1.4997556863e+01   1.9456744322e+00
1.5003056863e+01   1.9449725652e+00
1.5008556863e+01   1.9442482570e+00
1.5014056863e+01   1.9435016677e+00
1.5019556863e+01   1.9427329577e+00
1.5025056863e+01   1.9419422874e+00
1.5030556863e+01   1.9411298175e+00
1.5036056863e+01   1.9402957089e+00
1.5041556863e+01   1.9394401225e+00
1.5047056863e+01   1.9385632193e+00
1.5052556863e+01   1.9376651603e+00
1.5058056863e+01   1.9367461069e+00
1.5063556863e+01   1.9358062200e+00
1.5069056863e+01   1.9348456609e+00
1.5074556863e+01   1.9338645907e+00
1.5080056863e+01   1.9328631705e+00
1.5085556863e+01   1.9318415615e+00
1.5091056863e+01   1.9307999244e+00
1.5096556863e+01   1.9297384204e+00
1.5102056863e+01   1.9286572100e+00
1.5107556863e+01   1.9275564539e+00
1.5113056863e+01   1.9264363126e+00
1.5118556863e+01   1.9252969462e+00
1.5124056863e+01   1.9241385151e+00
1.5129556863e+01   1.9229611789e+00
1.5135056863e+01   1.9217650974e+00
1.5140556863e+01   1.9205504299e+00
1.5146056863e+01   1.9193173356e+00
1.5151556863e+01   1.9180659733e+00
1.5157056863e+01   1.9167965017e+00
1.5162556863e+01   1.9155090789e+00
1.5168056863e+01   1.9142038629e+00
1.5173556863e+01   1.9128810113e+00
1.5179056863e+01   1.9115406813e+00
1.5184556863e+01   1.9101830298e+00
1.5190056863e+01   1.9088082132e+00
1.5195556863e+01   1.9074163877e+00
1.5201056863e+01   1.9060077088e+00
1.5206556863e+01   1.9045823320e+00
1.5212056863e+01   1.9031404118e+00
1.5217556863e+01   1.9016821028e+00
1.5223056863e+01   1.9002075588e+00
1.5228556863e+01   1.8987169333e+00
1.5234056863e+01   1.8972103791e+00
1.5239556863e+01   1.8956880488e+00
1.5245056863e+01   1.8941500942e+00
1.5250556863e+01   1.8925966669e+00
1.5256056863e+01   1.8910279176e+00
1.5261556863e+01   1.8894439968e+00
1.5267056863e+01   1.8878450543e+00
1.5272556863e+01   1.8862312393e+00
1.5278056863e+01   1.8846027004e+00
1.5283556863e+01   1.8829595859e+00
1.5289056863e+01   1.8813020433e+00
1.5294556863e+01   1.8796302194e+00
1.5300056863e+01   1.8779442607e+00
1.5305556863e+01   1.8762443128e+00
1.5311056863e+01   1.8745305209e+00
1.5316556863e+01   1.8728030294e+00
1.5322056863e+01   1.8710619822e+00
1.5327556863e+01   1.8693075226e+00
1.5333056863e+01   1.8675397931e+00
1.5338556863e+01   1.8657589357e+00
1.5344056863e+01   1.8639650915e+00
1.5349556863e+01   1.8621584013e+00
1.5355056863e+01   1.8603390050e+00
1.5360556863e+01   1.8585070417e+00
1.5366056863e+01   1.8566626502e+00
1.5371556863e+01   1.8548059684e+00
1.5377056863e+01   1.8529371333e+00
1.5382556863e+01   1.8510562816e+00
1.5388056863e+01   1.8491635491e+00
1.5393556863e+01   1.8472590708e+00
1.5399056863e+01   1.8453429813e+00
1.5404556863e+01   1.8434154142e+00
1.5410056863e+01   1.8414765024e+00
1.5415556863e+01   1.8395263783e+00
1.5421056863e+01   1.8375651734e+00
1.5426556863e+01   1.8355930185e+00
1.5432056863e+01   1.8336100437e+00
1.5437556863e+01   1.8316163783e+00
1.5443056863e+01   1.8296121511e+00
1.5448556863e+01   1.8275974898e+00
1.5454056863e+01   1.8255725217e+00
1.5459556863e+01   1.8235373732e+00
1.5465056863e+01   1.8214921698e+00
1.5470556863e+01   1.8194370367e+00
1.5476056863e+01   1.8173720979e+00
1.5481556863e+01   1.8152974768e+00
1.5487056863e+01   1.8132132962e+00
1.5492556863e+01   1.8111196780e+00
1.5498056863e+01   1.8090167434e+00
1.5503556863e+01   1.8069046129e+00
1.5509056863e+01   1.8047834060e+00
1.5514556863e+01   1.8026532417e+00
1.5520056863e+01   1.8005142383e+00
1.5525556863e+01   1.7983665130e+00
1.5531056863e+01   1.7962101827e+00
1.5536556863e+01   1.7940453631e+00
1.5542056863e+01   1.7918721695e+00
1.5547556863e+01   1.7896907162e+00
1.5553056863e+01   1.7875011169e+00
1.5558556863e+01   1.7853034845e+00
1.5564056863e+01   1.7830979311e+00
1.5569556863e+01   1.7808845681e+00
1.5575056863e+01   1.7786635061e+00
1.5580556863e+01   1.7764348549e+00
1.5586056863e+01   1.7741987238e+00
1.5591556863e+01   1.7719552211e+00
1.5597056863e+01   1.7697044543e+00
1.5602556863e+01   1.7674465305e+00
1.5608056863e+01   1.7651815556e+00
1.5613556863e+01   1.7629096351e+00
1.5619056863e+01   1.7606308735e+00
1.5624556863e+01   1.7583453749e+00
1.5630056863e+01   1.7560532423e+00
1.5635556863e+01   1.7537545781e+00
1.5641056863e+01   1.7514494841e+00
1.5646556863e+01   1.7491380610e+00
1.5652056863e+01   1.7468204092e+00
1.5657556863e+01   1.7444966280e+00
1.5663056863e+01   1.7421668162e+00
1.5668556863e+01   1.7398310719e+00
1.5674056863e+01   1.7374894921e+00
1.5679556863e+01   1.7351421736e+00
1.5685056863e+01   1.7327892120e+00
1.5690556863e+01   1.7304307026e+00
1.5696056863e+01   1.7280667396e+00
1.5701556863e+01   1.7256974168e+00
1.5707056863e+01   1.7233228270e+00
1.5712556863e+01   1.7209430626e+00
1.5718056863e+01   1.7185582150e+00
1.5723556863e+01   1.7161683750e+00
1.5729056863e+01   1.7137736327e+00
1.5734556863e+01   1.7113740777e+00
1.5740056863e+01   1.7089697985e+00
1.5745556863e+01   1.7065608832e+00
1.5751056863e+01   1.7041474190e+00
1.5756556863e+01   1.7017294928e+00
1.5762056863e+01   1.6993071902e+00
1.5767556863e+01   1.6968805967e+00
1.5773056863e+01   1.6944497968e+00
1.5778556863e+01   1.6920148744e+00
1.5784056863e+01   1.6895759127e+00
1.5789556863e+01   1.6871329943e+00
1.5795056863e+01   1.6846862009e+00
1.5800556863e+01   1.6822356139e+00
1.5806056863e+01   1.6797813138e+00
1.5811556863e+01   1.6773233804e+00
1.5817056863e+01   1.6748618931e+00
1.5822556863e+01   1.6723969302e+00
1.5828056863e+01   1.6699285699e+00
1.5833556863e+01   1.6674568893e+00
1.5839056863e+01   1.6649819650e+00
1.5844556863e+01   1.6625038731e+00
1.5850056863e+01   1.6600226890e+00
1.5855556863e+01   1.6575384872e+00
1.5861056863e+01   1.6550513419e+00
1.5866556863e+01   1.6525613266e+00
1.5872056863e+01   1.6500685141e+00
1.5877556863e+01   1.6475729765e+00
1.5883056863e+01   1.6450747855e+00
1.5888556863e+01   1.6425740121e+00
1.5894056863e+01   1.6400707266e+00
1.5899556863e+01   1.6375649988e+00
1.5905056863e+01   1.6350568977e+00
1.5910556863e+01   1.6325464921e+00
1.5916056863e+01   1.6300338498e+00
1.5921556863e+01   1.6275190381e+00
1.5927056863e+01   1.6250021239e+00
1.5932556863e+01   1.6224831734e+00
1.5938056863e+01   1.6199622521e+00
1.5943556863e+01   1.6174394250e+00
1.5949056863e+01   1.6149147567e+00
1.5954556863e+01   1.6123883109e+00
1.5960056863e+01   1.6098601510e+00
1.5965556863e+01   1.6073303397e+00
1.5971056863e+01   1.6047989391e+00
1.5976556863e+01   1.6022660110e+00
1.5982056863e+01   1.5997316163e+00
1.5987556863e+01   1.5971958156e+00
1.5993056863e+01   1.5946586688e+00
1.5998556863e+01   1.5921202353e+00
1.6004056863e+01   1.5895805740e+00
1.6009556863e+01   1.5870397432e+00
1.6015056863e+01   1.5844978008e+00
1.6020556863e+01   1.5819548040e+00
1.6026056863e+01   1.5794108095e+00
1.6031556863e+01   1.5768658736e+00
1.6037056863e+01   1.5743200520e+00
1.6042556863e+01   1.5717733998e+00
1.6048056863e+01   1.5692259717e+00
1.6053556863e+01   1.5666778218e+00
1.6059056863e+01   1.5641290039e+00
1.6064556863e+01   1.5615795711e+00
1.6070056863e+01   1.5590295759e+00
1.6075556863e+01   1.5564790706e+00
1.6081056863e+01   1.5539281069e+00
1.6086556863e+01   1.5513767358e+00
1.6092056863e+01   1.5488250081e+00
1.6097556863e+01   1.5462729740e+00
1.6103056863e+01   1.5437206832e+00
1.6108556863e+01   1.5411681849e+00
1.6114056863e+01   1.5386155279e+00
1.6119556863e+01   1.5360627606e+00
1.6125056863e+01   1.5335099307e+00
1.6130556863e+01   1.5309570857e+00
1.6136056863e+01   1.5284042724e+00
1.6141556863e+01   1.5258515373e+00
1.6147056863e+01   1.5232989265e+00
1.6152556863e+01   1.5207464855e+00
1.6158056863e+01   1.5181942593e+00
1.6163556863e+01   1.5156422928e+00
1.6169056863e+01   1.5130906300e+00
1.6174556863e+01   1.5105393149e+00
1.6180056863e+01   1.5079883907e+00
1.6185556863e+01   1.5054379004e+00
1.6191056863e+01   1.5028878865e+00
1.6196556863e+01   1.5003383912e+00
1.6202056863e+01   1.4977894560e+00
1.6207556863e+01   1.4952411222e+00
1.6213056863e+01   1.4926934306e+00
1.6218556863e+01   1.4901464217e+00
1.6224056863e+01   1.4876001355e+00
1.6229556863e+01   1.4850546116e+00
1.6235056863e+01   1.4825098892e+00
1.6240556863e+01   1.4799660071e+00
1.6246056863e+01   1.4774230037e+00
1.6251556863e+01   1.4748809171e+00
1.6257056863e+01   1.4723397849e+00
1.6262556863e+01   1.4697996443e+00
1.6268056863e+01   1.4672605322e+00
1.6273556863e+01   1.4647224852e+00
1.6279056863e+01   1.4621855392e+00
1.6284556863e+01   1.4596497300e+00
1.6290056863e+01   1.4571150931e+00
1.6295556863e+01   1.4545816633e+00
1.6301056863e+01   1.4520494754e+00
1.6306556863e+01   1.4495185636e+00
1.6312056863e+01   1.4469889617e+00
1.6317556863e+01   1.4444607034e+00
1.6323056863e+01   1.4419338219e+00
1.6328556863e+01   1.4394083499e+00
1.6334056863e+01   1.4368843200e+00
1.6339556863e+01   1.4343617644e+00
1.6345056863e+01   1.4318407148e+00
1.6350556863e+01   1.4293212027e+00
1.6356056863e+01   1.4268032593e+00
1.6361556863e+01   1.4242869153e+00
1.6367056863e+01   1.4217722012e+00
1.6372556863e+01   1.4192591471e+00
1.6378056863e+01   1.4167477829e+00
1.6383556863e+01   1.4142381380e+00
1.6389056863e+01   1.4117302417e+00
1.6394556863e+01   1.4092241226e+00
1.6400056863e+01   1.4067198095e+00
1.6405556863e+01   1.4042173304e+00
1.6411056863e+01   1.4017167133e+00
1.6416556863e+01   1.3992179858e+00
1.6422056863e+01   1.3967211752e+00
1.6427556863e+01   1.3942263084e+00
1.6433056863e+01   1.3917334122e+00
1.6438556863e+01   1.3892425130e+00
1.6444056863e+01   1.3867536368e+00
1.6449556863e+01   1.3842668094e+00
1.6455056863e+01   1.3817820563e+00
1.6460556863e+01   1.3792994029e+00
1.6466056863e+01   1.3768188739e+00
1.6471556863e+01   1.3743404941e+00
1.6477056863e+01   1.3718642878e+00
1.6482556863e+01   1.3693902791e+00
1.6488056863e+01   1.3669184918e+00
1.6493556863e+01   1.3644489495e+00
1.6499056863e+01   1.3619816755e+00
1.6504556863e+01   1.3595166927e+00
1.6510056863e+01   1.3570540238e+00
1.6515556863e+01   1.3545936914e+00
1.6521056863e+01   1.3521357176e+00
1.6526556863e+01   1.3496801245e+00
1.6532056863e+01   1.3472269336e+00
1.6537556863e+01   1.3447761663e+00
1.6543056863e+01   1.3423278440e+00
1.6548556863e+01   1.3398819875e+00
1.6554056863e+01   1.3374386175e+00
1.6559556863e+01   1.3349977543e+00
1.6565056863e+01   1.3325594183e+00
1.6570556863e+01   1.3301236293e+00
1.6576056863e+01   1.3276904070e+00
1.6581556863e+01   1.3252597709e+00
1.6587056863e+01   1.3228317402e+00
1.6592556863e+01   1.3204063339e+00
1.6598056863e+01   1.3179835708e+00
1.6603556863e+01   1.3155634693e+00
1.6609056863e+01   1.3131460478e+00
1.6614556863e+01   1.3107313244e+00
1.6620056863e+01   1.3083193168e+00
1.6625556863e+01   1.3059100427e+00
1.6631056863e+01   1.3035035196e+00
1.6636556863e+01   1.3010997646e+00
1.6642056863e+01   1.2986987946e+00
1.6647556863e+01   1.2963006264e+00
1.6653056863e+01   1.2939052765e+00
1.6658556863e+01   1.2915127614e+00
1.6664056863e+01   1.2891230970e+00
1.6669556863e+01   1.2867362993e+00
1.6675056863e+01   1.2843523840e+00
1.6680556863e+01   1.2819713666e+00
1.6686056863e+01   1.2795932624e+00
1.6691556863e+01   1.2772180865e+00
1.6697056863e+01   1.2748458538e+00
1.6702556863e+01   1.2724765789e+00
1.6708056863e+01   1.2701102765e+00
1.6713556863e+01   1.2677469608e+00
1.6719056863e+01   1.2653866459e+00
1.6724556863e+01   1.2630293457e+00
1.6730056863e+01   1.2606750741e+00
1.6735556863e+01   1.2583238445e+00
1.6741056863e+01   1.2559756704e+00
1.6746556863e+01   1.2536305649e+00
1.6752056863e+01   1.2512885410e+00
1.6757556863e+01   1.2489496115e+00
1.6763056863e+01   1.2466137892e+00
1.6768556863e+01   1.2442810865e+00
1.6774056863e+01   1.2419515157e+00
1.6779556863e+01   1.2396250888e+00
1.6785056863e+01   1.2373018179e+00
1.6790556863e+01   1.2349817148e+00
1.6796056863e+01   1.2326647910e+00
1.6801556863e+01   1.2303510580e+00
1.6807056863e+01   1.2280405271e+00
1.6812556863e+01   1.2257332094e+00
1.6818056863e+01   1.2234291159e+00
1.6823556863e+01   1.2211282573e+00
1.6829056863e+01   1.2188306443e+00
1.6834556863e+01   1.2165362874e+00
1.6840056863e+01   1.2142451968e+00
1.6845556863e+01   1.2119573828e+00
1.6851056863e+01   1.2096728553e+00
1.6856556863e+01   1.2073916243e+00
1.6862056863e+01   1.2051136993e+00
1.6867556863e+01   1.2028390900e+00
1.6873056863e+01   1.2005678058e+00
1.6878556863e+01   1.1982998560e+00
1.6884056863e+01   1.1960352496e+00
1.6889556863e+01   1.1937739956e+00
1.6895056863e+01   1.1915161029e+00
1.6900556863e+01   1.1892615801e+00
1.6906056863e+01   1.1870104358e+00
1.6911556863e+01   1.1847626784e+00
1.6917056863e+01   1.1825183162e+00
1.6922556863e+01   1.1802773573e+00
1.6928056863e+01   1.1780398096e+00
1.6933556863e+01   1.1758056811e+00
1.6939056863e+01   1.1735749796e+00
1.6944556863e+01   1.1713477125e+00
1.6950056863e+01   1.1691238874e+00
1.6955556863e+01   1.1669035116e+00
1.6961056863e+01   1.1646865923e+00
1.6966556863e+01   1.1624731367e+00
1.6972056863e+01   1.1602631516e+00
1.6977556863e+01   1.1580566439e+00
1.6983056863e+01   1.1558536204e+00
1.6988556863e+01   1.1536540875e+00
1.6994056863e+01   1.1514580519e+00
1.6999556863e+01   1.1492655199e+00
1.7005056863e+01   1.1470764976e+00
1.7010556863e+01   1.1448909912e+00
1.7016056863e+01   1.1427090067e+00
1.7021556863e+01   1.1405305501e+00
1.7027056863e+01   1.1383556270e+00
1.7032556863e+01   1.1361842431e+00
1.7038056863e+01   1.1340164040e+00
1.7043556863e+01   1.1318521152e+00
1.7049056863e+01   1.1296913819e+00
1.7054556863e+01   1.1275342094e+00
1.7060056863e+01   1.1253806027e+00
1.7065556863e+01   1.1232305670e+00
1.7071056863e+01   1.1210841070e+00
1.7076556863e+01   1.1189412276e+00
1.7082056863e+01   1.1168019336e+00
1.7087556863e+01   1.1146662294e+00
1.7093056863e+01   1.1125341196e+00
1.7098556863e+01   1.1104056085e+00
1.7104056863e+01   1.1082807005e+00
1.7109556863e+01   1.1061593997e+00
1.7115056863e+01   1.1040417103e+00
1.7120556863e+01   1.1019276362e+00
1.7126056863e+01   1.0998171814e+00
1.7131556863e+01   1.0977103496e+00
1.7137056863e+01   1.0956071445e+00
1.7142556863e+01   1.0935075699e+00
1.7148056863e+01   1.0914116292e+00
1.7153556863e+01   1.0893193258e+00
1.7159056863e+01   1.0872306631e+00
1.7164556863e+01   1.0851456445e+00
1.7170056863e+01   1.0830642729e+00
1.7175556863e+01   1.0809865516e+00
1.7181056863e+01   1.0789124835e+00
1.7186556863e+01   1.0768420715e+00
1.7192056863e+01   1.0747753185e+00
1.7197556863e+01   1.0727122272e+00
1.7203056863e+01   1.0706528002e+00
1.7208556863e+01   1.0685970402e+00
1.7214056863e+01   1.0665449497e+00
1.7219556863e+01   1.0644965310e+00
1.7225056863e+01   1.0624517865e+00
1.7230556863e+01   1.0604107185e+00
1.7236056863e+01   1.0583733290e+00
1.7241556863e+01   1.0563396204e+00
1.7247056863e+01   1.0543095945e+00
1.7252556863e+01   1.0522832533e+00
1.7258056863e+01   1.0502605986e+00
1.7263556863e+01   1.0482416324e+00
1.7269056863e+01   1.0462263563e+00
1.7274556863e+01   1.0442147719e+00
1.7280056863e+01   1.0422068809e+00
1.7285556863e+01   1.0402026847e+00
1.7291056863e+01   1.0382021849e+00
1.7296556863e+01   1.0362053827e+00
1.7302056863e+01   1.0342122794e+00
1.7307556863e+01   1.0322228764e+00
1.7313056863e+01   1.0302371747e+00
1.7318556863e+01   1.0282551755e+00
1.7324056863e+01   1.0262768798e+00
1.7329556863e+01   1.0243022886e+00
1.7335056863e+01   1.0223314027e+00
1.7340556863e+01   1.0203642230e+00
1.7346056863e+01   1.0184007503e+00
1.7351556863e+01   1.0164409853e+00
1.7357056863e+01   1.0144849286e+00
1.7362556863e+01   1.0125325808e+00
1.7368056863e+01   1.0105839424e+00
1.7373556863e+01   1.0086390140e+00
1.7379056863e+01   1.0066977958e+00
1.7384556863e+01   1.0047602884e+00
1.7390056863e+01   1.0028264918e+00
1.7395556863e+01   1.0008964065e+00
1.7401056863e+01   9.9897003249e-01
1.7406556863e+01   9.9704736996e-01
1.7412056863e+01   9.9512841895e-01
1.7417556863e+01   9.9321317948e-01
1.7423056863e+01   9.9130165149e-01
1.7428556863e+01   9.8939383488e-01
1.7434056863e+01   9.8748972949e-01
1.7439556863e+01   9.8558933512e-01
1.7445056863e+01   9.8369265150e-01
1.7450556863e+01   9.8179967831e-01
1.7456056863e+01   9.7991041520e-01
1.7461556863e+01   9.7802486175e-01
1.7467056863e+01   9.7614301749e-01
1.7472556863e+01   9.7426488190e-01
1.7478056863e+01   9.7239045442e-01
1.7483556863e+01   9.7051973443e-01
1.7489056863e+01   9.6865272129e-01
1.7494556863e+01   9.6678941427e-01
1.7500056863e+01   9.6492981263e-01
1.7505556863e+01   9.6307391555e-01
1.7511056863e+01   9.6122172220e-01
1.7516556863e+01   9.5937323168e-01
1.7522056863e+01   9.5752844306e-01
1.7527556863e+01   9.5568735535e-01
1.7533056863e+01   9.5384996752e-01
1.7538556863e+01   9.5201627851e-01
1.7544056863e+01   9.5018628721e-01
1.7549556863e+01   9.4835999247e-01
1.7555056863e+01   9.4653739308e-01
1.7560556863e+01   9.4471848781e-01
1.7566056863e+01   9.4290327538e-01
1.7571556863e+01   9.4109175448e-01
1.7577056863e+01   9.3928392375e-01
1.7582556863e+01   9.3747978179e-01
1.7588056863e+01   9.3567932716e-01
1.7593556863e+01   9.3388255840e-01
1.7599056863e+01   9.3208947398e-01
1.7604556863e+01   9.3030007235e-01
1.7610056863e+01   9.2851435194e-01
1.7615556863e+01   9.2673231111e-01
1.7621056863e+01   9.2495394821e-01
1.7626556863e+01   9.2317926154e-01
1.7632056863e+01   9.2140824937e-01
1.7637556863e+01   9.1964090992e-01
1.7643056863e+01   9.1787724141e-01
1.7648556863e+01   9.1611724200e-01
1.7654056863e+01   9.1436090981e-01
1.7659556863e+01   9.1260824294e-01
1.7665056863e+01   9.1085923947e-01
1.7670556863e+01   9.0911389742e-01
1.7676056863e+01   9.0737221480e-01
1.7681556863e+01   9.0563418957e-01
1.7687056863e+01   9.0389981967e-01
1.7692556863e+01   9.0216910301e-01
1.7698056863e+01   9.0044203747e-01
1.7703556863e+01   8.9871862088e-01
1.7709056863e+01   8.9699885108e-01
1.7714556863e+01   8.9528272585e-01
1.7720056863e+01   8.9357024294e-01
1.7725556863e+01   8.9186140008e-01
1.7731056863e+01   8.9015619499e-01
1.7736556863e+01   8.8845462532e-01
1.7742056863e+01   8.8675668874e-01
1.7747556863e+01   8.8506238286e-01
1.7753056863e+01   8.8337170526e-01
1.7758556863e+01   8.8168465353e-01
1.7764056863e+01   8.8000122520e-01
1.7769556863e+01   8.7832141778e-01
1.7775056863e+01   8.7664522877e-01
1.7780556863e+01   8.7497265563e-01
1.7786056863e+01   8.7330369580e-01
1.7791556863e+01   8.7163834669e-01
1.7797056863e+01   8.6997660570e-01
1.7802556863e+01   8.6831847021e-01
1.7808056863e+01   8.6666393754e-01
1.7813556863e+01   8.6501300503e-01
1.7819056863e+01   8.6336566998e-01
1.7824556863e+01   8.6172192965e-01
1.7830056863e+01   8.6008178132e-01
1.7835556863e+01   8.5844522221e-01
1.7841056863e+01   8.5681224953e-01
1.7846556863e+01   8.5518286048e-01
1.7852056863e+01   8.5355705222e-01
1.7857556863e+01   8.5193482192e-01
1.7863056863e+01   8.5031616669e-01
1.7868556863e+01   8.4870108365e-01
1.7874056863e+01   8.4708956989e-01
1.7879556863e+01   8.4548162248e-01
1.7885056863e+01   8.4387723848e-01
1.7890556863e+01   8.4227641492e-01
1.7896056863e+01   8.4067914881e-01
1.7901556863e+01   8.3908543716e-01
1.7907056863e+01   8.3749527694e-01
1.7912556863e+01   8.3590866512e-01
1.7918056863e+01   8.3432559864e-01
1.7923556863e+01   8.3274607444e-01
1.7929056863e+01   8.3117008942e-01
1.7934556863e+01   8.2959764048e-01
1.7940056863e+01   8.2802872449e-01
1.7945556863e+01   8.2646333834e-01
1.7951056863e+01   8.2490147886e-01
1.7956556863e+01   8.2334314288e-01
1.7962056863e+01   8.2178832723e-01
1.7967556863e+01   8.2023702870e-01
1.7973056863e+01   8.1868924410e-01
1.7978556863e+01   8.1714497018e-01
1.7984056863e+01   8.1560420372e-01
1.7989556863e+01   8.1406694146e-01
1.7995056863e+01   8.1253318013e-01
1.8000556863e+01   8.1100291646e-01
1.8006056863e+01   8.0947614715e-01
1.8011556863e+01   8.0795286889e-01
1.8017056863e+01   8.0643307838e-01
1.8022556863e+01   8.0491677227e-01
1.8028056863e+01   8.0340394723e-01
1.8033556863e+01   8.0189459991e-01
1.8039056863e+01   8.0038872693e-01
1.8044556863e+01   7.9888632493e-01
1.8050056863e+01   7.9738739051e-01
1.8055556863e+01   7.9589192028e-01
1.8061056863e+01   7.9439991082e-01
1.8066556863e+01   7.9291135873e-01
1.8072056863e+01   7.9142626056e-01
1.8077556863e+01   7.8994461288e-01
1.8083056863e+01   7.8846641224e-01
1.8088556863e+01   7.8699165518e-01
1.8094056863e+01   7.8552033824e-01
1.8099556863e+01   7.8405245793e-01
1.8105056863e+01   7.8258801077e-01
1.8110556863e+01   7.8112699327e-01
1.8116056863e+01   7.7966940193e-01
1.8121556863e+01   7.7821523323e-01
1.8127056863e+01   7.7676448365e-01
1.8132556863e+01   7.7531714967e-01
1.8138056863e+01   7.7387322775e-01
1.8143556863e+01   7.7243271435e-01
1.8149056863e+01   7.7099560592e-01
1.8154556863e+01   7.6956189892e-01
1.8160056863e+01   7.6813158976e-01
1.8165556863e+01   7.6670467489e-01
1.8171056863e+01   7.6528115073e-01
1.8176556863e+01   7.6386101369e-01
1.8182056863e+01   7.6244426020e-01
1.8187556863e+01   7.6103088664e-01
1.8193056863e+01   7.5962088944e-01
1.8198556863e+01   7.5821426498e-01
1.8204056863e+01   7.5681100964e-01
1.8209556863e+01   7.5541111983e-01
1.8215056863e+01   7.5401459191e-01
1.8220556863e+01   7.5262142226e-01
1.8226056863e+01   7.5123160726e-01
1.8231556863e+01   7.4984514327e-01
1.8237056863e+01   7.4846202664e-01
1.8242556863e+01   7.4708225375e-01
1.8248056863e+01   7.4570582094e-01
1.8253556863e+01   7.4433272457e-01
1.8259056863e+01   7.4296296099e-01
1.8264556863e+01   7.4159652653e-01
1.8270056863e+01   7.4023341754e-01
1.8275556863e+01   7.3887363035e-01
1.8281056863e+01   7.3751716132e-01
1.8286556863e+01   7.3616400675e-01
1.8292056863e+01   7.3481416299e-01
1.8297556863e+01   7.3346762637e-01
1.8303056863e+01   7.3212439321e-01
1.8308556863e+01   7.3078445983e-01
1.8314056863e+01   7.2944782256e-01
1.8319556863e+01   7.2811447772e-01
1.8325056863e+01   7.2678442162e-01
1.8330556863e+01   7.2545765059e-01
1.8336056863e+01   7.2413416095e-01
1.8341556863e+01   7.2281394899e-01
1.8347056863e+01   7.2149701106e-01
1.8352556863e+01   7.2018334345e-01
1.8358056863e+01   7.1887294248e-01
1.8363556863e+01   7.1756580446e-01
1.8369056863e+01   7.1626192572e-01
1.8374556863e+01   7.1496130255e-01
1.8380056863e+01   7.1366393128e-01
1.8385556863e+01   7.1236980822e-01
1.8391056863e+01   7.1107892968e-01
1.8396556863e+01   7.0979129197e-01
1.8402056863e+01   7.0850689142e-01
1.8407556863e+01   7.0722572433e-01
1.8413056863e+01   7.0594778702e-01
1.8418556863e+01   7.0467307582e-01
1.8424056863e+01   7.0340158704e-01
1.8429556863e+01   7.0213331700e-01
1.8435056863e+01   7.0086826202e-01
1.8440556863e+01   6.9960641843e-01
1.8446056863e+01   6.9834778255e-01
1.8451556863e+01   6.9709235071e-01
1.8457056863e+01   6.9584011924e-01
1.8462556863e+01   6.9459108447e-01
1.8468056863e+01   6.9334524274e-01
1.8473556863e+01   6.9210259037e-01
1.8479056863e+01   6.9086312372e-01
1.8484556863e+01   6.8962683912e-01
1.8490056863e+01   6.8839373292e-01
1.8495556863e+01   6.8716380146e-01
1.8501056863e+01   6.8593704109e-01
1.8506556863e+01   6.8471344818e-01
1.8512056863e+01   6.8349301907e-01
1.8517556863e+01   6.8227575013e-01
1.8523056863e+01   6.8106163772e-01
1.8528556863e+01   6.7985067821e-01
1.8534056863e+01   6.7864286798e-01
1.8539556863e+01   6.7743820339e-01
1.8545056863e+01   6.7623668084e-01
1.8550556863e+01   6.7503829669e-01
1.8556056863e+01   6.7384304736e-01
1.8561556863e+01   6.7265092921e-01
1.8567056863e+01   6.7146193866e-01
1.8572556863e+01   6.7027607211e-01
1.8578056863e+01   6.6909332597e-01
1.8583556863e+01   6.6791369664e-01
1.8589056863e+01   6.6673718055e-01
1.8594556863e+01   6.6556377412e-01
1.8600056863e+01   6.6439347378e-01
1.8605556863e+01   6.6322627596e-01
1.8611056863e+01   6.6206217709e-01
1.8616556863e+01   6.6090117364e-01
1.8622056863e+01   6.5974326204e-01
1.8627556863e+01   6.5858843876e-01
1.8633056863e+01   6.5743670025e-01
1.8638556863e+01   6.5628804299e-01
1.8644056863e+01   6.5514246345e-01
1.8649556863e+01   6.5399995811e-01
1.8655056863e+01   6.5286052346e-01
1.8660556863e+01   6.5172415600e-01
1.8666056863e+01   6.5059085223e-01
1.8671556863e+01   6.4946060865e-01
1.8677056863e+01   6.4833342178e-01
1.8682556863e+01   6.4720928815e-01
1.8688056863e+01   6.4608820428e-01
1.8693556863e+01   6.4497016671e-01
1.8699056863e+01   6.4385517198e-01
1.8704556863e+01   6.4274321664e-01
1.8710056863e+01   6.4163429726e-01
1.8715556863e+01   6.4052841040e-01
1.8721056863e+01   6.3942555263e-01
1.8726556863e+01   6.3832572054e-01
1.8732056863e+01   6.3722891072e-01
1.8737556863e+01   6.3613511977e-01
1.8743056863e+01   6.3504434429e-01
1.8748556863e+01   6.3395658089e-01
1.8754056863e+01   6.3287182621e-01
1.8759556863e+01   6.3179007687e-01
1.8765056863e+01   6.3071132952e-01
1.8770556863e+01   6.2963558080e-01
1.8776056863e+01   6.2856282737e-01
1.8781556863e+01   6.2749306590e-01
1.8787056863e+01   6.2642629306e-01
1.8792556863e+01   6.2536250554e-01
1.8798056863e+01   6.2430170004e-01
1.8803556863e+01   6.2324387326e-01
1.8809056863e+01   6.2218902191e-01
1.8814556863e+01   6.2113714272e-01
1.8820056863e+01   6.2008823241e-01
1.8825556863e+01   6.1904228773e-01
1.8831056863e+01   6.1799930543e-01
1.8836556863e+01   6.1695928228e-01
1.8842056863e+01   6.1592221504e-01
1.8847556863e+01   6.1488810050e-01
1.8853056863e+01   6.1385693545e-01
1.8858556863e+01   6.1282871669e-01
1.8864056863e+01   6.1180344104e-01
1.8869556863e+01   6.1078110531e-01
1.8875056863e+01   6.0976170636e-01
1.8880556863e+01   6.0874524101e-01
1.8886056863e+01   6.0773170612e-01
1.8891556863e+01   6.0672109857e-01
1.8897056863e+01   6.0571341523e-01
1.8902556863e+01   6.0470865298e-01
1.8908056863e+01   6.0370680873e-01
1.8913556863e+01   6.0270787940e-01
1.8919056863e+01   6.0171186189e-01
1.8924556863e+01   6.0071875315e-01
1.8930056863e+01   5.9972855013e-01
1.8935556863e+01   5.9874124977e-01
1.8941056863e+01   5.9775684906e-01
1.8946556863e+01   5.9677534496e-01
1.8952056863e+01   5.9579673448e-01
1.8957556863e+01   5.9482101462e-01
1.8963056863e+01   5.9384818239e-01
1.8968556863e+01   5.9287823484e-01
1.8974056863e+01   5.9191116899e-01
1.8979556863e+01   5.9094698190e-01
1.8985056863e+01   5.8998567064e-01
1.8990556863e+01   5.8902723229e-01
1.8996056863e+01   5.8807166394e-01
1.9001556863e+01   5.8711896270e-01
1.9007056863e+01   5.8616912569e-01
1.9012556863e+01   5.8522215003e-01
1.9018056863e+01   5.8427803287e-01
1.9023556863e+01   5.8333677137e-01
1.9029056863e+01   5.8239836270e-01
1.9034556863e+01   5.8146280404e-01
1.9040056863e+01   5.8053009259e-01
1.9045556863e+01   5.7960022556e-01
1.9051056863e+01   5.7867320018e-01
1.9056556863e+01   5.7774901368e-01
1.9062056863e+01   5.7682766332e-01
1.9067556863e+01   5.7590914636e-01
1.9073056863e+01   5.7499346009e-01
1.9078556863e+01   5.7408060180e-01
1.9084056863e+01   5.7317056879e-01
1.9089556863e+01   5.7226335840e-01
1.9095056863e+01   5.7135896795e-01
1.9100556863e+01   5.7045739480e-01
1.9106056863e+01   5.6955863632e-01
1.9111556863e+01   5.6866268989e-01
1.9117056863e+01   5.6776955291e-01
1.9122556863e+01   5.6687922278e-01
1.9128056863e+01   5.6599169693e-01
1.9133556863e+01   5.6510697281e-01
1.9139056863e+01   5.6422504786e-01
1.9144556863e+01   5.6334591957e-01
1.9150056863e+01   5.6246958542e-01
1.9155556863e+01   5.6159604291e-01
1.9161056863e+01   5.6072528955e-01
1.9166556863e+01   5.5985732289e-01
1.9172056863e+01   5.5899214048e-01
1.9177556863e+01   5.5812973987e-01
1.9183056863e+01   5.5727011865e-01
1.9188556863e+01   5.5641327442e-01
1.9194056863e+01   5.5555920479e-01
1.9199556863e+01   5.5470790739e-01
1.9205056863e+01   5.5385937986e-01
1.9210556863e+01   5.5301361988e-01
1.9216056863e+01   5.5217062511e-01
1.9221556863e+01   5.5133039326e-01
1.9227056863e+01   5.5049292203e-01
1.9232556863e+01   5.4965820916e-01
1.9238056863e+01   5.4882625239e-01
1.9243556863e+01   5.4799704949e-01
1.9249056863e+01   5.4717059823e-01
1.9254556863e+01   5.4634689641e-01
1.9260056863e+01   5.4552594186e-01
1.9265556863e+01   5.4470773239e-01
1.9271056863e+01   5.4389226587e-01
1.9276556863e+01   5.4307954015e-01
1.9282056863e+01   5.4226955312e-01
1.9287556863e+01   5.4146230269e-01
1.9293056863e+01   5.4065778678e-01
1.9298556863e+01   5.3985600333e-01
1.9304056863e+01   5.3905695028e-01
1.9309556863e+01   5.3826062563e-01
1.9315056863e+01   5.3746702736e-01
1.9320556863e+01   5.3667615348e-01
1.9326056863e+01   5.3588800203e-01
1.9331556863e+01   5.3510257105e-01
1.9337056863e+01   5.3431985861e-01
1.9342556863e+01   5.3353986281e-01
1.9348056863e+01   5.3276258174e-01
1.9353556863e+01   5.3198801353e-01
1.9359056863e+01   5.3121615632e-01
1.9364556863e+01   5.3044700828e-01
1.9370056863e+01   5.2968056759e-01
1.9375556863e+01   5.2891683246e-01
1.9381056863e+01   5.2815580110e-01
1.9386556863e+01   5.2739747175e-01
1.9392056863e+01   5.2664184269e-01
1.9397556863e+01   5.2588891218e-01
1.9403056863e+01   5.2513867853e-01
1.9408556863e+01   5.2439114006e-01
1.9414056863e+01   5.2364629511e-01
1.9419556863e+01   5.2290414205e-01
1.9425056863e+01   5.2216467926e-01
1.9430556863e+01   5.2142790514e-01
1.9436056863e+01   5.2069381811e-01
1.9441556863e+01   5.1996241662e-01
1.9447056863e+01   5.1923369914e-01
1.9452556863e+01   5.1850766414e-01
1.9458056863e+01   5.1778431015e-01
1.9463556863e+01   5.1706363568e-01
1.9469056863e+01   5.1634563928e-01
1.9474556863e+01   5.1563031954e-01
1.9480056863e+01   5.1491767504e-01
1.9485556863e+01   5.1420770440e-01
1.9491056863e+01   5.1350040625e-01
1.9496556863e+01   5.1279577925e-01
1.9502056863e+01   5.1209382209e-01
1.9507556863e+01   5.1139453346e-01
1.9513056863e+01   5.1069791210e-01
1.9518556863e+01   5.1000395675e-01
1.9524056863e+01   5.0931266618e-01
1.9529556863e+01   5.0862403918e-01
1.9535056863e+01   5.0793807457e-01
1.9540556863e+01   5.0725477119e-01
1.9546056863e+01   5.0657412790e-01
1.9551556863e+01   5.0589614358e-01
1.9557056863e+01   5.0522081715e-01
1.9562556863e+01   5.0454814753e-01
1.9568056863e+01   5.0387813369e-01
1.9573556863e+01   5.0321077459e-01
1.9579056863e+01   5.0254606924e-01
1.9584556863e+01   5.0188401667e-01
1.9590056863e+01   5.0122461593e-01
1.9595556863e+01   5.0056786609e-01
1.9601056863e+01   4.9991376626e-01
1.9606556863e+01   4.9926231555e-01
1.9612056863e+01   4.9861351311e-01
1.9617556863e+01   4.9796735812e-01
1.9623056863e+01   4.9732384978e-01
1.9628556863e+01   4.9668298730e-01
1.9634056863e+01   4.9604476994e-01
1.9639556863e+01   4.9540919697e-01
1.9645056863e+01   4.9477626768e-01
1.9650556863e+01   4.9414598140e-01
1.9656056863e+01   4.9351833749e-01
1.9661556863e+01   4.9289333530e-01
1.9667056863e+01   4.9227097426e-01
1.9672556863e+01   4.9165125377e-01
1.9678056863e+01   4.9103417331e-01
1.9683556863e+01   4.9041973234e-01
1.9689056863e+01   4.8980793037e-01
1.9694556863e+01   4.8919876694e-01
1.9700056863e+01   4.8859224161e-01
1.9705556863e+01   4.8798835396e-01
1.9711056863e+01   4.8738710361e-01
1.9716556863e+01   4.8678849020e-01
1.9722056863e+01   4.8619251339e-01
1.9727556863e+01   4.8559917289e-01
1.9733056863e+01   4.8500846841e-01
1.9738556863e+01   4.8442039971e-01
1.9744056863e+01   4.8383496657e-01
1.9749556863e+01   4.8325216880e-01
1.9755056863e+01   4.8267200622e-01
1.9760556863e+01   4.8209447872e-01
1.9766056863e+01   4.8151958617e-01
1.9771556863e+01   4.8094732850e-01
1.9777056863e+01   4.8037770567e-01
1.9782556863e+01   4.7981071764e-01
1.9788056863e+01   4.7924636444e-01
1.9793556863e+01   4.7868464610e-01
1.9799056863e+01   4.7812556268e-01
1.9804556863e+01   4.7756911429e-01
1.9810056863e+01   4.7701530106e-01
1.9815556863e+01   4.7646412313e-01
1.9821056863e+01   4.7591558071e-01
1.9826556863e+01   4.7536967400e-01
1.9832056863e+01   4.7482640327e-01
1.9837556863e+01   4.7428576877e-01
1.9843056863e+01   4.7374777084e-01
1.9848556863e+01   4.7321240981e-01
1.9854056863e+01   4.7267968605e-01
1.9859556863e+01   4.7214959996e-01
1.9865056863e+01   4.7162215200e-01
1.9870556863e+01   4.7109734261e-01
1.9876056863e+01   4.7057517231e-01
1.9881556863e+01   4.7005564162e-01
1.9887056863e+01   4.6953875111e-01
1.9892556863e+01   4.6902450138e-01
1.9898056863e+01   4.6851289306e-01
1.9903556863e+01   4.6800392680e-01
1.9909056863e+01   4.6749760332e-01
1.9914556863e+01   4.6699392332e-01
1.9920056863e+01   4.6649288759e-01
1.9925556863e+01   4.6599449690e-01
1.9931056863e+01   4.6549875211e-01
1.9936556863e+01   4.6500565406e-01
1.9942056863e+01   4.6451520366e-01
1.9947556863e+01   4.6402740184e-01
1.9953056863e+01   4.6354224957e-01
2.0000000000e+01   4.5950938603e-01
