X    Y    Z
0.0000000000e+00   4.0000000000e-01   0.0000000000e+00
-1.9347499415e-03   4.0038217905e-01   1.9848864521e-04
-1.9748086012e-03   4.0038999130e-01   2.0253444039e-04
-2.3754602965e-03   4.0046790197e-01   2.4285781279e-04
-6.3883593399e-03   4.0122579257e-01   6.3283786694e-04
-3.8107402972e-02   4.0580370969e-01   2.9494293145e-03
-7.0228486838e-02   4.0793624186e-01   4.2571734423e-03
-1.0249290525e-01   4.0756346714e-01   4.8962626079e-03
-1.0253415114e-01   4.0756136703e-01   4.8967685441e-03
-1.0294660121e-01   4.0754013681e-01   4.9017911919e-03
-1.0707011765e-01   4.0730490364e-01   4.9484347829e-03
-1.3920617567e-01   4.0402177807e-01   5.1286492027e-03
-1.7098962405e-01   3.9816648638e-01   5.0891157907e-03
-2.0220640197e-01   3.8973474109e-01   4.9377170904e-03
-2.0224586859e-01   3.8972231304e-01   4.9374833400e-03
-2.0264046499e-01   3.8959780188e-01   4.9351418783e-03
-2.0657937009e-01   3.8832962636e-01   4.9113514622e-03
-2.3689611888e-01   3.7697162241e-01   4.7102358710e-03
-2.6620933208e-01   3.6308327269e-01   4.5027049163e-03
-2.9432310369e-01   3.4671151844e-01   4.3056236670e-03
-2.9435820427e-01   3.4668901838e-01   4.3053821422e-03
-2.9470908489e-01   3.4646380001e-01   4.3029685272e-03
-2.9820529574e-01   3.4418986921e-01   4.2789972674e-03
-3.2471647999e-01   3.2506008052e-01   4.1024288070e-03
-3.4962700442e-01   3.0360096438e-01   3.9458731557e-03
-3.7275993999e-01   2.7990896442e-01   3.8088859274e-03
-3.7278831018e-01   2.7987728487e-01   3.8087227653e-03
-3.7307183691e-01   2.7956029853e-01   3.8070927874e-03
-3.7588951421e-01   2.7637140253e-01   3.7909566410e-03
-3.9678654452e-01   2.5026692231e-01   3.6746996053e-03
-4.1555559198e-01   2.2218656317e-01   3.5749721470e-03
-4.3204885658e-01   1.9227278001e-01   3.4903592061e-03
-4.3206843092e-01   1.9223341920e-01   3.4902601404e-03
-4.3226395725e-01   1.9183966029e-01   3.4892707308e-03
-4.3419745718e-01   1.8788705145e-01   3.4795009345e-03
-4.4792601782e-01   1.5607101657e-01   3.4106715392e-03
-4.5910246862e-01   1.2277098238e-01   3.3546144549e-03
-4.6761877289e-01   8.8169043189e-02   3.3105662496e-03
-4.6762791859e-01   8.8124043786e-02   3.3105173464e-03
-4.6771912788e-01   8.7673950027e-02   3.3100293416e-03
-4.6860640442e-01   8.3163124793e-02   3.3052517717e-03
-4.7397161050e-01   4.7310994218e-02   3.2742240149e-03
-4.7649549477e-01   1.0582088123e-02   3.2541833812e-03
-4.7611860127e-01   -2.6811026340e-02   3.2449085140e-03
-4.7611624225e-01   -2.6859174784e-02   3.2449035000e-03
-4.7609238720e-01   -2.7340699125e-02   3.2448543209e-03
-4.7582733676e-01   -3.2159837280e-02   3.2444586139e-03
-4.7208689358e-01   -7.0042080233e-02   3.2474000832e-03
-4.6537590327e-01   -1.0810999378e-01   3.2611380302e-03
-4.5568972514e-01   -1.4613207624e-01   3.2859226571e-03
-4.5567543810e-01   -1.4618056763e-01   3.2859615794e-03
-4.5553230124e-01   -1.4666545614e-01   3.2863518317e-03
-4.5407429474e-01   -1.5151170745e-01   3.2903574870e-03
-4.4100835987e-01   -1.8919416835e-01   3.3282663616e-03
-4.2501903781e-01   -2.2632562614e-01   3.3783075610e-03
-4.0615967099e-01   -2.6266895966e-01   3.4412786803e-03
-4.0613374593e-01   -2.6271482817e-01   3.4413678908e-03
-4.0587424361e-01   -2.6317342103e-01   3.4422612480e-03
-4.0325407988e-01   -2.6775002700e-01   3.4513205900e-03
-3.8120631637e-01   -3.0290497356e-01   3.5303129441e-03
-3.5646509810e-01   -3.3676981864e-01   3.6247205713e-03
-3.2914154198e-01   -3.6911618779e-01   3.7361521539e-03
-3.2910500197e-01   -3.6915648284e-01   3.7363063438e-03
-3.2873938114e-01   -3.6955927665e-01   3.7378499490e-03
-3.2506115983e-01   -3.7357144818e-01   3.7534575233e-03
-2.9494737126e-01   -4.0391208073e-01   3.8867619433e-03
-2.6254845030e-01   -4.3226667843e-01   4.0418456168e-03
-2.2802960480e-01   -4.5843021639e-01   4.2217277698e-03
-2.2798418237e-01   -4.5846218601e-01   4.2219751654e-03
-2.2752978362e-01   -4.5878166741e-01   4.2244516794e-03
-2.2296843716e-01   -4.6195492789e-01   4.2494743642e-03
-1.8625113409e-01   -4.8537907039e-01   4.4622367856e-03
-1.4782022021e-01   -5.0620983421e-01   4.7087426491e-03
-1.0788800468e-01   -5.2427953501e-01   4.9947430360e-03
-1.0783607516e-01   -5.2430080702e-01   4.9951369180e-03
-1.0731666519e-01   -5.2451326482e-01   4.9990799208e-03
-1.0211119063e-01   -5.2661155405e-01   5.0389316942e-03
-6.0740896696e-02   -5.4134197649e-01   5.3788448773e-03
-1.8366600341e-02   -5.5300288345e-01   5.7756948842e-03
2.4762052420e-02   -5.6147650391e-01   6.2409991011e-03
2.4817576376e-02   -5.6148525455e-01   6.2416437735e-03
2.5372860410e-02   -5.6157246512e-01   6.2480979412e-03
3.0930036109e-02   -5.6241495351e-01   6.3133910442e-03
7.4602667240e-02   -5.6712820697e-01   6.8748943318e-03
1.1846441877e-01   -5.6846442757e-01   7.5409916136e-03
1.6223972160e-01   -5.6636626589e-01   8.3363614949e-03
1.6229552429e-01   -5.6636136640e-01   8.3374740599e-03
1.6285351801e-01   -5.6631205923e-01   8.3486141542e-03
1.6843001616e-01   -5.6578774552e-01   8.4614749901e-03
2.1176211513e-01   -5.5972458393e-01   9.4440562415e-03
2.5439906661e-01   -5.5017600470e-01   1.0636380927e-02
2.9605007289e-01   -5.3715326174e-01   1.2095331889e-02
2.9610257764e-01   -5.3713439698e-01   1.2097398021e-02
2.9662750987e-01   -5.3694543991e-01   1.2118089942e-02
3.0186518235e-01   -5.3502493845e-01   1.2328106345e-02
3.4203038110e-01   -5.1807845153e-01   1.4184901302e-02
3.8057569034e-01   -4.9776087179e-01   1.6500370637e-02
4.1719964663e-01   -4.7415855533e-01   1.9413865900e-02
4.1724511928e-01   -4.7412631594e-01   1.9418048104e-02
4.1769964531e-01   -4.7380363653e-01   1.9459940339e-02
4.2222472963e-01   -4.7054834459e-01   1.9885974215e-02
4.5627953686e-01   -4.4333311179e-01   2.3714006282e-02
4.8774775542e-01   -4.1310437842e-01   2.8618012649e-02
5.1630310552e-01   -3.8003124061e-01   3.4944324485e-02
5.1633761155e-01   -3.7998720876e-01   3.4953506367e-02
5.1668237904e-01   -3.7954665211e-01   3.5045493376e-02
5.2010062150e-01   -3.7511736358e-01   3.5982404930e-02
5.4490867732e-01   -3.3904012278e-01   4.4498605332e-02
5.6603885022e-01   -3.0058093405e-01   5.5580724913e-02
5.8308550061e-01   -2.6000781417e-01   6.9995647947e-02
5.8310449813e-01   -2.5995470429e-01   7.0016592056e-02
5.8329406578e-01   -2.5942344277e-01   7.0226414944e-02
5.8514879131e-01   -2.5409468927e-01   7.2363244589e-02
5.9698006779e-01   -2.1148403737e-01   9.1711351820e-02
6.0370389738e-01   -1.6746645902e-01   1.1646492530e-01
6.0370899291e-01   -1.6740943713e-01   1.1650046510e-01
6.0375943884e-01   -1.6683912770e-01   1.1685643691e-01
6.0421271969e-01   -1.6112715811e-01   1.2047389296e-01
6.0442279014e-01   -1.1599743998e-01   1.5253506525e-01
5.9830376680e-01   -7.0384719791e-02   1.9153840864e-01
5.9829164580e-01   -7.0326297130e-02   1.9159267903e-01
5.9816981575e-01   -6.9742073142e-02   1.9213597925e-01
5.9688929540e-01   -6.3900325348e-02   1.9762815251e-01
5.8287389129e-01   -1.8366782141e-02   2.4394984254e-01
5.6151548970e-01   2.6493054458e-02   2.9440400986e-01
5.6148339388e-01   2.6549734830e-02   2.9446958403e-01
5.6116176333e-01   2.7116424130e-02   2.9512532728e-01
5.5787827037e-01   3.2771617683e-02   3.0168059582e-01
5.2804359129e-01   7.6133275631e-02   3.5151791076e-01
4.9123469608e-01   1.1754809687e-01   3.9398166836e-01
4.9118353820e-01   1.1759956925e-01   3.9402812796e-01
4.9067142139e-01   1.1811406819e-01   3.9449139895e-01
4.8549702700e-01   1.2323634793e-01   3.9898858304e-01
4.4202279089e-01   1.6176799455e-01   4.2424985836e-01
3.9447447856e-01   1.9730799129e-01   4.2837688668e-01
3.9441190838e-01   1.9735138220e-01   4.2836734467e-01
3.9378602124e-01   1.9778499484e-01   4.2826981869e-01
3.8750950555e-01   2.0209138389e-01   4.2708422858e-01
3.3776041817e-01   2.3386855461e-01   4.0504756864e-01
2.8818413982e-01   2.6222054803e-01   3.6343194740e-01
2.8812157602e-01   2.6225460807e-01   3.6336886323e-01
2.8749609818e-01   2.6259490184e-01   3.6273686618e-01
2.8125786588e-01   2.6596721756e-01   3.5630479495e-01
2.3373969911e-01   2.9044360687e-01   3.0073845444e-01
1.8897513648e-01   3.1166530983e-01   2.4149099122e-01
1.8891982334e-01   3.1169043813e-01   2.4141598152e-01
1.8836696632e-01   3.1194144468e-01   2.4066618183e-01
1.8286581585e-01   3.1442394079e-01   2.3320030529e-01
1.4153324289e-01   3.3214911011e-01   1.7787118761e-01
1.0296473370e-01   3.4700724703e-01   1.3041123772e-01
1.0291699373e-01   3.4702448144e-01   1.3035650149e-01
1.0243980004e-01   3.4719658192e-01   1.2981000654e-01
9.7688235833e-02   3.4889328864e-01   1.2443197940e-01
6.1690073438e-02   3.6066470968e-01   8.7826002918e-02
2.7370071088e-02   3.6985381010e-01   6.0405194968e-02
2.7327046165e-02   3.6986394214e-01   6.0375505713e-02
2.6896904335e-02   3.6996503700e-01   6.0079322169e-02
2.2606048460e-02   3.7095346122e-01   5.7187693268e-02
-1.0368184160e-02   3.7728026705e-01   3.8615641064e-02
-4.2532191899e-02   3.8114154102e-01   2.6001129514e-02
-7.4095962821e-02   3.8255320932e-01   1.7745250653e-02
-7.4135992260e-02   3.8255344878e-01   1.7736879231e-02
-7.4536241946e-02   3.8255562357e-01   1.7653433680e-02
-7.8534284649e-02   3.8255538188e-01   1.6845347992e-02
-1.0952339597e-01   3.8117466666e-01   1.1948345381e-02
-1.4000470004e-01   3.7734941008e-01   8.9263167204e-03
-1.6990492988e-01   3.7108362751e-01   7.0850462784e-03
-1.9910653753e-01   3.6238903507e-01   5.9608506579e-03
-1.9914337183e-01   3.6237637023e-01   5.9597320962e-03
-1.9951163895e-01   3.6224950531e-01   5.9485835547e-03
-2.0318665642e-01   3.6095921746e-01   5.8407121220e-03
-2.3141151569e-01   3.4951911503e-01   5.1828725318e-03
-2.5860717904e-01   3.3571345945e-01   4.7512842377e-03
-2.8460414039e-01   3.1959271870e-01   4.4502946886e-03
-3.0923170825e-01   3.0122159156e-01   4.2264240978e-03
-3.0926225180e-01   3.0119669104e-01   4.2261729485e-03
-3.0956754884e-01   3.0094749055e-01   4.2236656626e-03
-3.1260660848e-01   2.9843598801e-01   4.1990050496e-03
-3.3546495631e-01   2.7759261396e-01   4.0283941558e-03
-3.5659989767e-01   2.5468576980e-01   3.8884555996e-03
-3.7585631719e-01   2.2982490985e-01   3.7713354578e-03
-3.9308772869e-01   2.0313310895e-01   3.6726014644e-03
-3.9310840749e-01   2.0309786145e-01   3.6724857204e-03
-3.9331500097e-01   2.0274523403e-01   3.6713296880e-03
-3.9536142496e-01   1.9920377589e-01   3.6599092593e-03
-4.1011394033e-01   1.7058842528e-01   3.5789890533e-03
-4.2256230869e-01   1.4044905804e-01   3.5119093406e-03
-4.3259464957e-01   1.0894773486e-01   3.4575641935e-03
-4.3260588804e-01   1.0890665338e-01   3.4575024892e-03
-4.3271804645e-01   1.0849573162e-01   3.4568865185e-03
-4.3381695905e-01   1.0437589704e-01   3.4508337942e-03
-4.4097023914e-01   7.1531376172e-02   3.4100827308e-03
-4.4551276530e-01   3.7707445270e-02   3.3806585957e-03
-4.4737631365e-01   3.0972157363e-03   3.3622110094e-03
-4.4737695736e-01   3.0525395703e-03   3.3621943483e-03
-4.4738314861e-01   2.6057253082e-03   3.3620287063e-03
-4.4742045939e-01   -1.8675903342e-03   3.3604691084e-03
-4.4616107918e-01   -3.7129587807e-02   3.3543288494e-03
-4.4212912604e-01   -7.2739364837e-02   3.3589318043e-03
-4.3530657802e-01   -1.0848306185e-01   3.3743964904e-03
-4.3529606487e-01   -1.0852876210e-01   3.3744233166e-03
-4.3519068216e-01   -1.0898575696e-01   3.3746925783e-03
-4.3411173850e-01   -1.1355484800e-01   3.3774853105e-03
-4.2410212575e-01   -1.4918469564e-01   3.4056861038e-03
-4.1132057306e-01   -1.8447813499e-01   3.4455043862e-03
-3.9580301390e-01   -2.1921268742e-01   3.4975490690e-03
-3.9578144019e-01   -2.1925665134e-01   3.4976237666e-03
-3.9556546174e-01   -2.1969622012e-01   3.4983719124e-03
-3.9338156742e-01   -2.2408477494e-01   3.5059707463e-03
-3.7480596008e-01   -2.5790910017e-01   3.5729611146e-03
-3.5363001484e-01   -2.9069980325e-01   3.6541390934e-03
-3.2994426022e-01   -3.2223908817e-01   3.7507887991e-03
-3.2991240942e-01   -3.2227852618e-01   3.7509229326e-03
-3.2959368534e-01   -3.2267277439e-01   3.7522657990e-03
-3.2638488173e-01   -3.2660197865e-01   3.7658483228e-03
-2.9996552205e-01   -3.5645151877e-01   3.8821086553e-03
-2.7128692048e-01   -3.8459962849e-01   4.0176324513e-03
-2.4049157657e-01   -4.1084692045e-01   4.1748100300e-03
-2.4045090775e-01   -4.1087918483e-01   4.1750260611e-03
-2.4004404342e-01   -4.1120164042e-01   4.1771885774e-03
-2.3595785084e-01   -4.1440729110e-01   4.1990356201e-03
-2.0293936698e-01   -4.3825131765e-01   4.3845225958e-03
-1.6816052634e-01   -4.5979842835e-01   4.5986477626e-03
-1.3180999070e-01   -4.7888099896e-01   4.8458283614e-03
-1.3176258606e-01   -4.7890375544e-01   4.8461677932e-03
-1.3128841647e-01   -4.7913108445e-01   4.8495655640e-03
-1.2653448825e-01   -4.8138073643e-01   4.8838910626e-03
-8.8636508779e-02   -4.9746032307e-01   5.1754949522e-03
-4.9613453884e-02   -5.1076073159e-01   5.5132558390e-03
-9.6915250811e-03   -5.2115830218e-01   5.9056226425e-03
-9.6399992706e-03   -5.2116969204e-01   5.9061635709e-03
-9.1246815940e-03   -5.2128331969e-01   5.9115786966e-03
-3.9656501234e-03   -5.2239246415e-01   5.9663190506e-03
3.6693625216e-02   -5.2934481578e-01   6.4340231598e-03
7.7735808943e-02   -5.3318546279e-01   6.9820614287e-03
1.1890780613e-01   -5.3384507898e-01   7.6274746332e-03
1.1896042778e-01   -5.3384386246e-01   7.6283709434e-03
1.1948663261e-01   -5.3383140646e-01   7.6373447100e-03
1.2474739662e-01   -5.3367775225e-01   7.7281592155e-03
1.6575023549e-01   -5.3064453896e-01   8.5114687300e-03
2.0632140328e-01   -5.2434704076e-01   9.4456604623e-03
2.4619205823e-01   -5.1477836931e-01   1.0567173836e-02
2.4624247855e-01   -5.1476404301e-01   1.0568746627e-02
2.4674659425e-01   -5.1462048692e-01   1.0584495528e-02
2.5177887944e-01   -5.1315563101e-01   1.0744106300e-02
2.9051705098e-01   -4.9987022904e-01   1.2137679700e-02
3.2796985581e-01   -4.8337092853e-01   1.3836192657e-02
3.6386131511e-01   -4.6371921274e-01   1.5921419195e-02
3.6390609339e-01   -4.6369209848e-01   1.5924375603e-02
3.6435371064e-01   -4.6342067984e-01   1.5953983838e-02
3.6881321464e-01   -4.6067892782e-01   1.6254533765e-02
4.0258210753e-01   -4.3753173654e-01   1.8913112554e-02
4.3419255971e-01   -4.1144112877e-01   2.2225480666e-02
4.6336143881e-01   -3.8254192947e-01   2.6376960732e-02
4.6339705308e-01   -3.8250324199e-01   2.6382901875e-02
4.6375295016e-01   -3.8211612890e-01   2.6442409792e-02
4.6728723949e-01   -3.7822123500e-01   2.7047253123e-02
4.9331524194e-01   -3.4631125291e-01   3.2451228870e-02
5.1627517810e-01   -3.1196544888e-01   3.9281269097e-02
5.3585879310e-01   -2.7539926946e-01   4.7920577409e-02
5.3588153794e-01   -2.7535118994e-01   4.7932970852e-02
5.3610865366e-01   -2.7487021694e-01   4.8057108822e-02
5.3834639601e-01   -2.7004280932e-01   4.9319052817e-02
5.5367819235e-01   -2.3124084758e-01   6.0586516441e-02
5.6491940923e-01   -1.9077731006e-01   7.4710501723e-02
5.7170784734e-01   -1.4896253295e-01   9.2217672223e-02
5.7171351787e-01   -1.4890834059e-01   9.2242430483e-02
5.7176978888e-01   -1.4836632634e-01   9.2490358667e-02
5.7228889942e-01   -1.4293727298e-01   9.5004349370e-02
5.7353359424e-01   -1.0000261529e-01   1.1689859795e-01
5.6952651343e-01   -5.6497133215e-02   1.4280058398e-01
5.6951787851e-01   -5.6441310380e-02   1.4283618668e-01
5.6943102639e-01   -5.5883068290e-02   1.4319254676e-01
5.6851208194e-01   -5.0299459103e-02   1.4678914971e-01
5.5810648930e-01   -6.6555872156e-03   1.7677936093e-01
5.4185361209e-01   3.6627284991e-02   2.0903918388e-01
5.4182904060e-01   3.6682202219e-02   2.0908103395e-01
5.4158279355e-01   3.7231299569e-02   2.0949954154e-01
5.3906713234e-01   4.2714578008e-02   2.1368410266e-01
5.1609051094e-01   8.5010178395e-02   2.4570754857e-01
4.8747514266e-01   1.2593730511e-01   2.7397311359e-01
4.8743514745e-01   1.2598856989e-01   2.7400520945e-01
4.8703473716e-01   1.2650105387e-01   2.7432547856e-01
4.8298513650e-01   1.3160933734e-01   2.7745753973e-01
4.4864564564e-01   1.7043107752e-01   2.9671218666e-01
4.1028471476e-01   2.0699308154e-01   3.0438794277e-01
4.1023357433e-01   2.0703824776e-01   3.0438930090e-01
4.0972191467e-01   2.0748967835e-01   3.0440164819e-01
4.0458032458e-01   2.1198070442e-01   3.0440135045e-01
3.6308196525e-01   2.4559179548e-01   2.9659344842e-01
3.2019736341e-01   2.7639929437e-01   2.7569573043e-01
3.2014215373e-01   2.7643683970e-01   2.7566159002e-01
3.1959003870e-01   2.7681203070e-01   2.7531924286e-01
3.1406749969e-01   2.8053767780e-01   2.7180305448e-01
2.7099713254e-01   3.0801795342e-01   2.3936407059e-01
2.2867867909e-01   3.3256192705e-01   2.0130624989e-01
2.2862529332e-01   3.3259144378e-01   2.0125592148e-01
2.2809155013e-01   3.3288634997e-01   2.0075253753e-01
2.2276570614e-01   3.3580932217e-01   1.9571049133e-01
1.8188905089e-01   3.5704440627e-01   1.5660458109e-01
1.4242697839e-01   3.7544812770e-01   1.2038758644e-01
1.4237739590e-01   3.7546987710e-01   1.2034421570e-01
1.4188168984e-01   3.7568712233e-01   1.1991097829e-01
1.3693642957e-01   3.7783472449e-01   1.1562623630e-01
9.8955614644e-02   3.9308284026e-01   8.5345011446e-02
6.2020253661e-02   4.0562064726e-01   6.1145798242e-02
6.1973577654e-02   4.0563495951e-01   6.1118743165e-02
6.1506887563e-02   4.0577784102e-01   6.0848726138e-02
5.6846877293e-02   4.0718256720e-01   5.8201675406e-02
2.0786090909e-02   4.1666001961e-01   4.0674200651e-02
-1.4741756357e-02   4.2346682910e-01   2.8123324289e-02
-4.9876734896e-02   4.2759685829e-01   1.9511098081e-02
-4.9921445423e-02   4.2760042036e-01   1.9502159128e-02
-5.0368521125e-02   4.2763579900e-01   1.9413030447e-02
-5.4836327375e-02   4.2796537880e-01   1.8547418999e-02
-8.9588610226e-02   4.2902135557e-01   1.3192478848e-02
-1.2397939390e-01   4.2736874669e-01   9.7706167556e-03
-1.5792064048e-01   4.2299646620e-01   7.6262680874e-03
-1.5796370228e-01   4.2298913183e-01   7.6241253863e-03
-1.5839426809e-01   4.2291554332e-01   7.6027697285e-03
-1.6269464311e-01   4.2215516884e-01   7.3961882404e-03
-1.9595869834e-01   4.1467479870e-01   6.1461804255e-03
-2.2845338472e-01   4.0448385287e-01   5.3547578308e-03
-2.5999557931e-01   3.9160735752e-01   4.8350978101e-03
-2.6003522262e-01   3.9158918794e-01   4.8345533155e-03
-2.6043155272e-01   3.9140725419e-01   4.8291223377e-03
-2.6438447014e-01   3.8956413687e-01   4.7761749176e-03
-2.9460385201e-01   3.7367104431e-01   4.4326853064e-03
-3.2345594685e-01   3.5519811282e-01   4.1776247456e-03
-3.5074731183e-01   3.3422006481e-01   3.9777876320e-03
-3.5078113019e-01   3.3419167251e-01   3.9775585703e-03
-3.5111915624e-01   3.3390753227e-01   3.9752712160e-03
-3.5448358844e-01   3.3104445304e-01   3.9527186543e-03
-3.7976201241e-01   3.0731791597e-01   3.7941800976e-03
-4.0308332090e-01   2.8130078674e-01   3.6615531597e-03
-4.2427497282e-01   2.5311805375e-01   3.5495137110e-03
-4.2430063771e-01   2.5308068696e-01   3.5493820870e-03
-4.2455708022e-01   2.5270683683e-01   3.5480673977e-03
-4.2710080823e-01   2.4895017848e-01   3.5350745289e-03
-4.4566242774e-01   2.1846673310e-01   3.4426501667e-03
-4.6176026021e-01   1.8613571420e-01   3.3652068153e-03
-4.7525751679e-01   1.5212764759e-01   3.3013342625e-03
-4.7527305746e-01   1.5208316317e-01   3.3012608020e-03
-4.7542821904e-01   1.5163818463e-01   3.3005273227e-03
-4.7695527436e-01   1.4717504718e-01   3.2933047285e-03
-4.8733319628e-01   1.1147696854e-01   3.2436886612e-03
-4.9486510359e-01   7.4509443068e-02   3.2057709315e-03
-4.9946068136e-01   3.6480428411e-02   3.1790377892e-03
-4.9946464485e-01   3.6431211261e-02   3.1790106037e-03
-4.9950400882e-01   3.5938963913e-02   3.1787397236e-03
-4.9987053411e-01   3.1009000312e-02   3.1761282678e-03
-5.0102386150e-01   -7.9654106537e-03   3.1617677080e-03
-4.9910425946e-01   -4.7524597188e-02   3.1580739336e-03
-4.9407595824e-01   -8.7434054478e-02   3.1650520871e-03
-4.9406752879e-01   -8.7485210845e-02   3.1650678937e-03
-4.9398295294e-01   -8.7996784328e-02   3.1652269329e-03
-4.9310906384e-01   -9.3113396968e-02   3.1669147263e-03
-4.8451088292e-01   -1.3312869542e-01   3.1862826936e-03
-4.7279042844e-01   -1.7297427385e-01   3.2168562211e-03
-4.5797154971e-01   -2.1240218124e-01   3.2591447920e-03
-4.5795063291e-01   -2.1245222589e-01   3.2592066442e-03
-4.5774118999e-01   -2.1295261233e-01   3.2598262819e-03
-4.5561929541e-01   -2.1795036120e-01   3.2661344967e-03
-4.3731634085e-01   -2.5659652313e-01   3.3226633465e-03
-4.1603171459e-01   -2.9429161437e-01   3.3926543649e-03
-3.9185055625e-01   -3.3078885827e-01   3.4772890207e-03
-3.9181782281e-01   -3.3083465793e-01   3.4774072154e-03
-3.9149023720e-01   -3.3129252472e-01   3.4785906087e-03
-3.8818930968e-01   -3.3585811502e-01   3.4905699637e-03
-3.6082927723e-01   -3.7069033932e-01   3.5937414554e-03
-3.3081951411e-01   -4.0381018285e-01   3.7151225893e-03
-2.9830449527e-01   -4.3498737064e-01   3.8569989647e-03
-2.9826138032e-01   -4.3502589907e-01   3.8571946444e-03
-2.9783002002e-01   -4.3541098850e-01   3.8591535334e-03
-2.9349541402e-01   -4.3924230667e-01   3.8789529390e-03
-2.5831910927e-01   -4.6793038332e-01   4.0476952353e-03
-2.2100631616e-01   -4.9421299188e-01   4.2437217506e-03
-1.8175529078e-01   -5.1789151295e-01   4.4713940776e-03
-1.8170394736e-01   -5.1792004403e-01   4.4717076506e-03
-1.8119035802e-01   -5.1820510372e-01   4.4748467059e-03
-1.7603904828e-01   -5.2103051730e-01   4.5065722577e-03
-1.3483683211e-01   -5.4150926588e-01   4.7770530523e-03
-9.2171617211e-02   -5.5900436769e-01   5.0923657820e-03
-4.8286646472e-02   -5.7336296073e-01   5.4611861252e-03
-4.8229855505e-02   -5.7337925398e-01   5.4616964013e-03
-4.7661859138e-02   -5.7354189197e-01   5.4668049424e-03
-4.1973336587e-02   -5.7513877044e-01   5.5184736286e-03
2.9916595479e-03   -5.8575084669e-01   5.9619430593e-03
4.8616376373e-02   -5.9295851650e-01   6.4860438426e-03
9.4623747640e-02   -5.9666695083e-01   7.1092556085e-03
9.4682703489e-02   -5.9666941887e-01   7.1101255163e-03
9.5272270657e-02   -5.9669377772e-01   7.1188356163e-03
1.0116868651e-01   -5.9690518268e-01   7.2070504867e-03
1.4726365110e-01   -5.9652824557e-01   7.9730773340e-03
1.9312149488e-01   -5.9251971357e-01   8.8984935724e-03
2.3844296499e-01   -5.8485275651e-01   1.0026058592e-02
2.3850044697e-01   -5.8484060627e-01   1.0027652360e-02
2.3907519108e-01   -5.8471877439e-01   1.0043613223e-02
2.4481493008e-01   -5.8346750827e-01   1.0205567962e-02
2.8915146364e-01   -5.7161999473e-01   1.1634560135e-02
3.3229432575e-01   -5.5613616409e-01   1.3411611636e-02
3.7392969250e-01   -5.3706508179e-01   1.5644335863e-02
3.7398183308e-01   -5.3703842725e-01   1.5647540247e-02
3.7450307454e-01   -5.3677156578e-01   1.5679637922e-02
3.7969891687e-01   -5.3407138311e-01   1.6006071463e-02
4.1922252163e-01   -5.1099682979e-01   1.8941258761e-02
4.5654749942e-01   -4.8452769509e-01   2.2713173962e-02
4.9133730344e-01   -4.5479690542e-01   2.7609780001e-02
4.9138001979e-01   -4.5475686509e-01   2.7616916662e-02
4.9180692371e-01   -4.5435618290e-01   2.7688419094e-02
4.9604984727e-01   -4.5032154549e-01   2.8417222410e-02
5.2751355217e-01   -4.1706614754e-01   3.5089200357e-02
5.5566120288e-01   -3.8093444880e-01   4.3911254370e-02
5.8008030998e-01   -3.4215841062e-01   5.5642683159e-02
5.8010895813e-01   -3.4210724381e-01   5.5659946599e-02
5.8039506308e-01   -3.4159536201e-01   5.5832931171e-02
5.8321824659e-01   -3.3645529499e-01   5.7598281856e-02
6.0281160244e-01   -2.9499213923e-01   7.3892923845e-02
6.1760596103e-01   -2.5151594388e-01   9.5578096247e-02
6.1762155039e-01   -2.5145921225e-01   9.5609924360e-02
6.1777695661e-01   -2.5089174803e-01   9.5928830740e-02
6.1928199634e-01   -2.4520247738e-01   9.9181132658e-02
6.2782666914e-01   -1.9988385566e-01   1.2894361662e-01
6.3011641445e-01   -1.5341812411e-01   1.6755318059e-01
6.3011499516e-01   -1.5335818031e-01   1.6760885606e-01
6.3010016605e-01   -1.5275868432e-01   1.6816653361e-01
6.2988788662e-01   -1.4675816530e-01   1.7383600470e-01
6.2403167743e-01   -9.9606364085e-02   2.2411862490e-01
6.1014314013e-01   -5.2483259718e-02   2.8473788930e-01
6.1011990749e-01   -5.2423295631e-02   2.8482139255e-01
6.0988679182e-01   -5.1823716861e-02   2.8565717909e-01
6.0747645288e-01   -4.5834436595e-02   2.9408883122e-01
5.8356119031e-01   4.4154184706e-04   3.6361539173e-01
5.5053459004e-01   4.5203965378e-02   4.3462099114e-01
5.5048660035e-01   4.5259921077e-02   4.3470893307e-01
5.5000591233e-01   4.5819275379e-02   4.3558762796e-01
5.4512027767e-01   5.1392243158e-02   4.4429727934e-01
5.0221523456e-01   9.3533170344e-02   5.0502161570e-01
4.5214398836e-01   1.3266251557e-01   5.4430495993e-01
4.5207628762e-01   1.3271038031e-01   5.4433690797e-01
4.5139884236e-01   1.3318870786e-01   5.4465355661e-01
4.4458177767e-01   1.3793981286e-01   5.4753389732e-01
3.8921864878e-01   1.7299818115e-01   5.5107531970e-01
3.3233003557e-01   2.0416616307e-01   5.2060050958e-01
3.3225755999e-01   2.0420347615e-01   5.2054142847e-01
3.3153292495e-01   2.0457624936e-01   5.1994802787e-01
3.2429972961e-01   2.0826824714e-01   5.1375917345e-01
2.6905223863e-01   2.3492146407e-01   4.5173839849e-01
2.1740367728e-01   2.5777205751e-01   3.7438772520e-01
2.1734046512e-01   2.5779895042e-01   3.7428446331e-01
2.1670876375e-01   2.5806756163e-01   3.7325160495e-01
2.1043396536e-01   2.6072201031e-01   3.6290393728e-01
1.6405612501e-01   2.7956308246e-01   2.8301263530e-01
1.6399987128e-01   2.7958507674e-01   2.8291386003e-01
1.6343775610e-01   2.7980473448e-01   2.8192682578e-01
1.5785865028e-01   2.8197293920e-01   2.7213118666e-01
1.1675194127e-01   2.9721529354e-01   2.0138403388e-01
7.9615314411e-02   3.0961920573e-01   1.4337276996e-01
7.9570017776e-02   3.0963335752e-01   1.4330736129e-01
7.9117332994e-02   3.0977464196e-01   1.4265450624e-01
7.4618272723e-02   3.1116422409e-01   1.3624882987e-01
4.0995837850e-02   3.2061172374e-01   9.3605109647e-02
9.5855530279e-03   3.2764998351e-01   6.2857746336e-02
9.5465035131e-03   3.2765749319e-01   6.2825073803e-02
9.1561465332e-03   3.2773238349e-01   6.2499206551e-02
5.2661551641e-03   3.2846067391e-01   5.9325272600e-02
-2.4411222260e-02   3.3287884882e-01   3.9286151807e-02
-5.3060877217e-02   3.3507036198e-01   2.6064751375e-02
-8.0960802901e-02   3.3506915891e-01   1.7623224381e-02
-8.0996071647e-02   3.3506776243e-01   1.7614765119e-02
-8.1348704926e-02   3.3505360218e-01   1.7530456148e-02
-8.4869651267e-02   3.3489245424e-01   1.6715165387e-02
-1.1207599602e-01   3.3240920837e-01   1.1823363731e-02
-1.3870204668e-01   3.2776520352e-01   8.8539432910e-03
-1.6469881085e-01   3.2097366988e-01   7.0688927656e-03
-1.8997159148e-01   3.1205384095e-01   5.9911141651e-03
-1.9000339528e-01   3.1204108315e-01   5.9900475683e-03
-1.9032135724e-01   3.1191331621e-01   5.9794176679e-03
-1.9349331125e-01   3.1061676701e-01   5.8766328016e-03
-2.1778839592e-01   2.9930163978e-01   5.2528527152e-03
-2.4107852196e-01   2.8593186187e-01   4.8471824712e-03
-2.6321805559e-01   2.7055995583e-01   4.5665186507e-03
-2.8406043679e-01   2.5325081437e-01   4.3591763968e-03
-2.8408619661e-01   2.5322747182e-01   4.3589444856e-03
-2.8434366509e-01   2.5299387901e-01   4.3566293436e-03
-2.8690531793e-01   2.5064125449e-01   4.3338667461e-03
-3.0609054595e-01   2.3121526541e-01   4.1767835431e-03
-3.2367622899e-01   2.1003293815e-01   4.0484427914e-03
-3.3953092005e-01   1.8719787308e-01   3.9414104353e-03
-3.5353129575e-01   1.6282535215e-01   3.8515646442e-03
-3.5354796183e-01   1.6279325438e-01   3.8514596101e-03
-3.5371444549e-01   1.6247214969e-01   3.8504105914e-03
-3.5536151979e-01   1.5924846735e-01   3.8400519052e-03
-3.6710539191e-01   1.3327554644e-01   3.7669550890e-03
-3.7676299617e-01   1.0604896639e-01   3.7069910071e-03
-3.8424302140e-01   7.7717061756e-02   3.6592323059e-03
-3.8946605604e-01   4.8437239212e-02   3.6230450840e-03
-3.8947126017e-01   4.8399260711e-02   3.6230060163e-03
-3.8952309233e-01   4.8019405372e-02   3.6226163400e-03
-3.9002047632e-01   4.4213891178e-02   3.6188195244e-03
-3.9258520422e-01   1.4054634494e-02   3.5953332302e-03
-3.9276602998e-01   -1.6688765633e-02   3.5827016966e-03
-3.9052512748e-01   -4.7836047969e-02   3.5808237925e-03
-3.8583897718e-01   -7.9201688030e-02   3.5897318615e-03
-3.8583141397e-01   -7.9241855985e-02   3.5897502138e-03
-3.8575556112e-01   -7.9643538045e-02   3.5899347207e-03
-3.8497494989e-01   -8.3660528087e-02   3.5918782832e-03
-3.7748653261e-01   -1.1504329237e-01   3.6133121188e-03
-3.6755228737e-01   -1.4623430387e-01   3.6460499544e-03
-3.5519572618e-01   -1.7703859304e-01   3.6905552703e-03
-3.5517838943e-01   -1.7707765291e-01   3.6906199619e-03
-3.5500480744e-01   -1.7746819913e-01   3.6912679910e-03
-3.5324756211e-01   -1.8136833158e-01   3.6978598899e-03
-3.3817323865e-01   -2.1149182391e-01   3.7565703235e-03
-3.2077852912e-01   -2.4081043618e-01   3.8285871204e-03
-3.0113501283e-01   -2.6913131093e-01   3.9149255330e-03
-3.0110848942e-01   -2.6916680609e-01   3.9150456106e-03
-3.0084306082e-01   -2.6952165074e-01   3.9162477849e-03
-2.9816936263e-01   -2.7305932649e-01   3.9284099419e-03
-2.7606465001e-01   -3.0000912947e-01   4.0326349437e-03
-2.5191473954e-01   -3.2556042624e-01   4.1541612630e-03
-2.2583744882e-01   -3.4953451539e-01   4.2948441784e-03
-2.2580292338e-01   -3.4956408840e-01   4.2950372472e-03
-2.2545750748e-01   -3.4985966101e-01   4.2969698564e-03
-2.2198725429e-01   -3.5279957320e-01   4.3164890702e-03
-1.9387083465e-01   -3.7476307696e-01   4.4817936171e-03
-1.6412532960e-01   -3.9479173122e-01   4.6715653552e-03
-1.3291012158e-01   -4.1273282278e-01   4.8890837453e-03
-1.3286933615e-01   -4.1275436662e-01   4.8893812630e-03
-1.3246136500e-01   -4.1296960439e-01   4.8923592858e-03
-1.2837005065e-01   -4.1510185656e-01   4.9224259098e-03
-9.5686547858e-02   -4.3048596498e-01   5.1764887961e-03
-6.1913439530e-02   -4.4349252217e-01   5.4677200115e-03
-2.7244397381e-02   -4.5400572162e-01   5.8019909794e-03
-2.7199576441e-02   -4.5401752405e-01   5.8024488691e-03
-2.6751304726e-02   -4.5413531479e-01   5.8070322681e-03
-2.2262444614e-02   -4.5528982501e-01   5.8533198403e-03
1.3181324869e-02   -4.6283184375e-01   6.2455182288e-03
4.9077105936e-02   -4.6768002773e-01   6.6978715508e-03
8.5206300129e-02   -4.6976483842e-01   7.2212104635e-03
8.5252554499e-02   -4.6976571078e-01   7.2219304939e-03
8.5715098950e-02   -4.6977418095e-01   7.2291383587e-03
9.0340521464e-02   -4.6983351812e-01   7.3019792983e-03
1.2646161346e-01   -4.6869866726e-01   7.9227528892e-03
1.6232997805e-01   -4.6470741671e-01   8.6466229024e-03
1.9771265895e-01   -4.5784379703e-01   9.4942061424e-03
1.9775749332e-01   -4.5783318029e-01   9.4953794665e-03
1.9820577208e-01   -4.5772675465e-01   9.5071260895e-03
2.0268196507e-01   -4.5663667715e-01   9.6259425212e-03
2.3722217971e-01   -4.4649679159e-01   1.0646223366e-02
2.7077118562e-01   -4.3351214649e-01   1.1852045408e-02
3.0309204374e-01   -4.1772533685e-01   1.3283311044e-02
3.0313248675e-01   -4.1770337991e-01   1.3285305483e-02
3.0353678497e-01   -4.1748356396e-01   1.3305274505e-02
3.0756648413e-01   -4.1526077920e-01   1.3507451531e-02
3.3819591910e-01   -3.9635092111e-01   1.5256856809e-02
3.6709269401e-01   -3.7479545667e-01   1.7350597907e-02
3.9402407986e-01   -3.5069840640e-01   1.9863927119e-02
3.9405716151e-01   -3.5066601598e-01   1.9867446532e-02
3.9438778044e-01   -3.5034189428e-01   1.9902686441e-02
3.9767411272e-01   -3.4707898209e-01   2.0259705849e-02
4.2207966571e-01   -3.2023228530e-01   2.3363578701e-02
4.4402999471e-01   -2.9113386896e-01   2.7100309197e-02
4.6330114264e-01   -2.5995057434e-01   3.1594364928e-02
4.6332397589e-01   -2.5990944169e-01   3.1600654002e-02
4.6355204748e-01   -2.5949794438e-01   3.1663625175e-02
4.6580657978e-01   -2.5536598055e-01   3.2301440392e-02
4.8174899499e-01   -2.2203172464e-01   3.7827896230e-02
4.9454577986e-01   -1.8703773978e-01   4.4408971766e-02
5.0398839515e-01   -1.5061403883e-01   5.2172080124e-02
5.0399823644e-01   -1.5056665131e-01   5.2182808124e-02
5.0409632963e-01   -1.5009266991e-01   5.2290203014e-02
5.0504520868e-01   -1.4534235177e-01   5.3375666293e-02
5.1041569639e-01   -1.0759249983e-01   6.2593705146e-02
5.1202695587e-01   -6.8970959284e-02   7.3090766851e-02
5.0972597688e-01   -2.9766504919e-02   8.4738962994e-02
5.0972047634e-01   -2.9716127422e-02   8.4754485844e-02
5.0966510844e-01   -2.9212327421e-02   8.4909791667e-02
5.0907514367e-01   -2.4171956133e-02   8.6470402738e-02
5.0217136607e-01   1.5325738207e-02   9.9043378071e-02
4.9118384896e-01   5.4741471887e-02   1.1182998887e-01
4.7614506352e-01   9.3752782215e-02   1.2401927087e-01
4.7612328310e-01   9.3802271183e-02   1.2403405834e-01
4.7590512546e-01   9.4297095379e-02   1.2418178827e-01
4.7368828379e-01   9.9238653588e-02   1.2564414345e-01
4.5418788025e-01   1.3739565522e-01   1.3590198748e-01
4.3104718205e-01   1.7447206872e-01   1.4327761937e-01
4.0462845085e-01   2.1017751538e-01   1.4676090054e-01
4.0459275470e-01   2.1022218043e-01   1.4676251931e-01
4.0423553877e-01   2.1066868371e-01   1.4677829042e-01
4.0063815265e-01   2.1511888230e-01   1.4689413828e-01
3.7103260609e-01   2.4893939340e-01   1.4510893399e-01
3.3918210097e-01   2.8086796455e-01   1.3855450555e-01
3.0560059491e-01   3.1071817996e-01   1.2769813956e-01
3.0555675225e-01   3.1075495256e-01   1.2768188007e-01
3.0511821303e-01   3.1112247781e-01   1.2751898539e-01
3.0072174006e-01   3.1477760040e-01   1.2586057926e-01
2.6573300227e-01   3.4207252781e-01   1.1132610802e-01
2.2991695673e-01   3.6700539016e-01   9.5013257424e-02
1.9354533731e-01   3.8948511069e-01   7.8335681882e-02
1.9349855493e-01   3.8951225286e-01   7.8314680444e-02
1.9303069734e-01   3.8978344707e-01   7.8104747455e-02
1.8834880209e-01   3.9247261252e-01   7.6014016349e-02
1.5154980443e-01   4.1205981035e-01   6.0411926607e-02
1.1447184373e-01   4.2904407102e-01   4.6673988319e-02
7.7155105467e-02   4.4336415385e-01   3.5246494362e-02
7.7107244227e-02   4.4338073442e-01   3.5233431115e-02
7.6628612484e-02   4.4354629506e-01   3.5103016319e-02
7.1840371768e-02   4.4517737399e-01   3.3820600519e-02
3.4281192554e-02   4.5638199744e-01   2.5122067444e-02
-3.4523333218e-03   4.6479580686e-01   1.8601571947e-02
-4.1296933734e-02   4.7036334565e-01   1.3907464488e-02
-4.1345360829e-02   4.7036862086e-01   1.3902460798e-02
-4.1829633222e-02   4.7042111234e-01   1.3852551901e-02
-4.6672452291e-02   4.7091995099e-01   1.3366092953e-02
-8.4522866479e-02   4.7317647553e-01   1.0270395915e-02
-1.2223416967e-01   4.7248981700e-01   8.1755065781e-03
-1.5964076806e-01   4.6883088155e-01   6.7743647937e-03
-1.5968832818e-01   4.6882429164e-01   6.7729099040e-03
-1.6016388508e-01   4.6875812378e-01   6.7584018224e-03
-1.6491493685e-01   4.6806955859e-01   6.6173202819e-03
-2.0174206008e-01   4.6099829895e-01   5.7274128082e-03
-2.3784143001e-01   4.5094021513e-01   5.1149953246e-03
-2.7299748045e-01   4.3791401372e-01   4.6773706823e-03
-2.7304173864e-01   4.3789546986e-01   4.6768922641e-03
-2.7348421580e-01   4.3770976740e-01   4.6721178007e-03
-2.7789842226e-01   4.3582638226e-01   4.6253246635e-03
-3.1170829979e-01   4.1945605830e-01   4.3101574764e-03
-3.4410357079e-01   4.0021708466e-01   4.0624648618e-03
-3.7486708208e-01   3.7818429879e-01   3.8609752484e-03
-3.7490528510e-01   3.7815437356e-01   3.8607411695e-03
-3.7528714933e-01   3.7785487825e-01   3.8584033696e-03
-3.7908910696e-01   3.7483566950e-01   3.8353203949e-03
-4.0773051040e-01   3.4972721628e-01   3.6715966041e-03
-4.3429522383e-01   3.2204588510e-01   3.5332035852e-03
-4.5858884151e-01   2.9192250185e-01   3.4156748655e-03
-4.5861837332e-01   2.9188247954e-01   3.4155365397e-03
-4.5891347046e-01   2.9148205004e-01   3.4141548803e-03
-4.6184227076e-01   2.8745718314e-01   3.4004971642e-03
-4.8331833079e-01   2.5472683548e-01   3.3031780002e-03
-5.0214437605e-01   2.1989097850e-01   3.2213374974e-03
-5.1816391614e-01   1.8313153004e-01   3.1534626573e-03
-5.1818254223e-01   1.8308337486e-01   3.1533842816e-03
-5.1836853777e-01   1.8260166779e-01   3.1526016755e-03
-5.2020190248e-01   1.7776915074e-01   3.1448902586e-03
-5.3284407512e-01   1.3905425394e-01   3.0915810901e-03
-5.4239546364e-01   9.8853405689e-02   3.0501268844e-03
-5.4874946698e-01   5.7391091188e-02   3.0199221464e-03
-5.4875550540e-01   5.7337363224e-02   3.0198905284e-03
-5.4881559382e-01   5.6799991368e-02   3.0195753222e-03
-5.4938687361e-01   5.1417154040e-02   3.0165204431e-03
-5.5198232629e-01   8.8032013429e-03   2.9986674107e-03
-5.5121358092e-01   -3.4555194202e-02   2.9913922457e-03
-5.4703318184e-01   -7.8402617960e-02   2.9946433772e-03
-5.4702563823e-01   -7.8458889517e-02   2.9946543027e-03
-5.4694989269e-01   -7.9021625380e-02   2.9947645135e-03
-5.4616148636e-01   -8.4650901140e-02   2.9959622394e-03
-5.3805311309e-01   -1.2873553358e-01   3.0113763053e-03
-5.2650024096e-01   -1.7274057782e-01   3.0377503846e-03
-5.1152059192e-01   -2.1639385379e-01   3.0755551324e-03
-5.1149925732e-01   -2.1644933321e-01   3.0756110537e-03
-5.1128560650e-01   -2.1700407103e-01   3.0761713537e-03
-5.0911863898e-01   -2.2254568992e-01   3.0818833063e-03
-4.9027492750e-01   -2.6546184069e-01   3.1335618721e-03
-4.6811461209e-01   -3.0743845069e-01   3.1983507264e-03
-4.6808418544e-01   -3.0749140993e-01   3.1984424339e-03
-4.6777962817e-01   -3.0802089311e-01   3.1993607906e-03
-4.6470502342e-01   -3.1330468927e-01   3.2086730857e-03
-4.3886281674e-01   -3.5387468741e-01   3.2898670797e-03
-4.0991264574e-01   -3.9292446856e-01   3.3870183946e-03
-4.0987368956e-01   -3.9297331686e-01   3.3871535952e-03
-4.0948385989e-01   -3.9346163917e-01   3.3885072012e-03
-4.0555883697e-01   -3.9832868835e-01   3.4022041863e-03
-3.7322042207e-01   -4.3532007367e-01   3.5198812202e-03
-3.3807878635e-01   -4.7023451536e-01   3.6580522823e-03
-3.3803212655e-01   -4.7027772603e-01   3.6582432745e-03
-3.3756529204e-01   -4.7070962351e-01   3.6601552998e-03
-3.3287337200e-01   -4.7500757607e-01   3.6794872926e-03
-2.9474436194e-01   -5.0724881628e-01   3.8446900761e-03
-2.5420790962e-01   -5.3689713053e-01   4.0375412961e-03
-2.5415462186e-01   -5.3693328696e-01   4.0378074845e-03
-2.5362154702e-01   -5.3729459787e-01   4.0404722675e-03
-2.4827116302e-01   -5.4088227569e-01   4.0674122949e-03
-2.0524814578e-01   -5.6729851006e-01   4.2976042554e-03
-1.6029686536e-01   -5.9066286365e-01   4.5668835741e-03
-1.6023825439e-01   -5.9069070394e-01   4.5672559864e-03
-1.5965199371e-01   -5.9096881505e-01   4.5709842963e-03
-1.5377439962e-01   -5.9372066800e-01   4.6086897383e-03
-1.0692723466e-01   -6.1336810392e-01   4.9320026198e-03
-5.8704482132e-02   -6.2957707137e-01   5.3132110751e-03
-5.8642054850e-02   -6.2959553042e-01   5.3137407233e-03
-5.8017683528e-02   -6.2977979785e-01   5.3190435424e-03
-5.1764242736e-02   -6.3159010184e-01   5.3727116586e-03
-2.3137589408e-03   -6.4368816390e-01   5.8358982098e-03
4.7897780578e-02   -6.5204755524e-01   6.3890960016e-03
4.7962346798e-02   -6.5205580327e-01   6.3898699761e-03
4.8608049977e-02   -6.5213793746e-01   6.3976198016e-03
5.5069048118e-02   -6.5292463095e-01   6.4761371552e-03
1.0577660842e-01   -6.5688510593e-01   7.1600870696e-03
1.5658125986e-01   -6.5690552216e-01   7.9914182909e-03
1.5664615109e-01   -6.5690299887e-01   7.9925921414e-03
1.5729504288e-01   -6.5687740632e-01   8.0043475621e-03
1.6378177472e-01   -6.5658549262e-01   8.1236140189e-03
2.1430112839e-01   -6.5203819865e-01   9.1750190715e-03
2.6421558181e-01   -6.4345905938e-01   1.0481586939e-02
2.6427887879e-01   -6.4344550370e-01   1.0483452860e-02
2.6491176359e-01   -6.4330958388e-01   1.0502142138e-02
2.7123197047e-01   -6.4191408667e-01   1.0692081870e-02
3.2004126653e-01   -6.2872916244e-01   1.2391048883e-02
3.6751235300e-01   -6.1153974368e-01   1.4558663285e-02
3.6757204973e-01   -6.1151522001e-01   1.4561799972e-02
3.6816886470e-01   -6.1126962802e-01   1.4593223559e-02
3.7412163425e-01   -6.0877821069e-01   1.4913215229e-02
4.1963116347e-01   -5.8708630217e-01   1.7823613538e-02
4.6303181472e-01   -5.6154602005e-01   2.1647471604e-02
4.6308580254e-01   -5.6151094474e-01   2.1653084610e-02
4.6362545680e-01   -5.6115985617e-01   2.1709328044e-02
4.6899943874e-01   -5.5761548285e-01   2.2283281425e-02
5.0952467735e-01   -5.2782970490e-01   2.7596365434e-02
5.4709597625e-01   -4.9449368457e-01   3.4787549973e-02
5.4714194408e-01   -4.9444886210e-01   3.4798252531e-02
5.4760131688e-01   -4.9400033535e-01   3.4905515738e-02
5.5216428669e-01   -4.8948495496e-01   3.6002312270e-02
5.8581378383e-01   -4.5233439520e-01   4.6320378845e-02
6.1548171809e-01   -4.1209896253e-01   6.0637741792e-02
6.1551686047e-01   -4.1204565405e-01   6.0659273277e-02
6.1586787238e-01   -4.1151231743e-01   6.0875096802e-02
6.1933651964e-01   -4.0615390619e-01   6.3085058874e-02
6.4370975660e-01   -3.6275144474e-01   8.4087063873e-02
6.6263800584e-01   -3.1695226424e-01   1.1354944936e-01
6.6265834091e-01   -3.1689233786e-01   1.1359384462e-01
6.6286111736e-01   -3.1629289658e-01   1.1403884652e-01
6.6483100453e-01   -3.1028092701e-01   1.1859536101e-01
6.7636005398e-01   -2.6227262187e-01   1.6173632084e-01
6.8009658714e-01   -2.1289612926e-01   2.2109836858e-01
6.8009575932e-01   -2.1283237693e-01   2.2118642307e-01
6.8008664559e-01   -2.1219478832e-01   2.2206879204e-01
6.7991124604e-01   -2.0581267992e-01   2.3107639518e-01
6.7289104559e-01   -1.5567675994e-01   3.1367148921e-01
6.7287523691e-01   -1.5561258452e-01   3.1379140763e-01
6.7271613691e-01   -1.5497084702e-01   3.1499263247e-01
6.7102306689e-01   -1.4855552142e-01   3.2720883600e-01
6.5101814494e-01   -9.8715046755e-02   4.3509706368e-01
6.5098449603e-01   -9.8651920293e-02   4.3524807580e-01
6.5064682865e-01   -9.8020771718e-02   4.3675983654e-01
6.4715177294e-01   -9.1721337281e-02   4.5203757137e-01
6.1217783163e-01   -4.3445686737e-02   5.7898333987e-01
6.1212426649e-01   -4.3385339942e-02   5.7915051244e-01
6.1158736376e-01   -4.2782100674e-02   5.8082236120e-01
6.0609326913e-01   -3.6773056083e-02   5.9754400984e-01
5.5777293468e-01   6.7254814701e-03   7.1850787993e-01
5.5770040104e-01   6.7813902058e-03   7.1865802011e-01
5.5697393236e-01   7.3401397072e-03   7.2015695953e-01
5.4959708753e-01   1.2893407839e-02   7.3488751251e-01
4.8963864700e-01   5.1653539138e-02   8.2346703737e-01
4.8955112791e-01   5.1703532198e-02   8.2355768654e-01
4.8867516544e-01   5.2203036131e-02   8.2445898411e-01
4.7984049105e-01   5.7155097593e-02   8.3294272669e-01
4.1467324660e-01   8.9692166035e-02   8.6244650958e-01
3.4077162849e-01   1.2049049488e-01   8.2899728244e-01
3.4067668221e-01   1.2052697747e-01   8.2891079700e-01
3.3972749661e-01   1.2089132136e-01   8.2804023717e-01
3.3026562497e-01   1.2448663222e-01   8.1877273474e-01
2.6687934445e-01   1.4705966421e-01   7.3009634150e-01
2.6679163503e-01   1.4708928925e-01   7.2994300139e-01
2.6591522260e-01   1.4738509003e-01   7.2840636118e-01
2.5722059986e-01   1.5029835973e-01   7.1272921233e-01
1.9912944107e-01   1.6886187817e-01   5.8927406966e-01
1.9905363534e-01   1.6888516480e-01   5.8909364021e-01
1.9829644253e-01   1.6911764000e-01   5.8728892804e-01
1.9081124014e-01   1.7140357974e-01   5.6921111134e-01
1.4235289359e-01   1.8568113768e-01   4.4341717767e-01
1.4228999141e-01   1.8569908363e-01   4.4324620300e-01
1.4166181085e-01   1.8587821714e-01   4.4153796835e-01
1.3546367413e-01   1.8763724338e-01   4.2461272470e-01
9.2671862853e-02   1.9931753325e-01   3.0635844573e-01
9.2621301530e-02   1.9933078439e-01   3.0621970131e-01
9.2116377789e-02   1.9946303251e-01   3.0483459224e-01
8.7135319022e-02   2.0075941865e-01   2.9121809386e-01
5.2062352602e-02   2.0937052480e-01   1.9957497843e-01
5.2021462612e-02   2.0937991650e-01   1.9947438274e-01
5.1613063620e-02   2.0947361905e-01   1.9847068334e-01
4.7578411966e-02   2.1038937169e-01   1.8865794402e-01
1.8759075127e-02   2.1629340452e-01   1.2508223716e-01
-6.2793812234e-03   2.2017684643e-01   8.1369365253e-02
-6.3095337642e-03   2.2018062056e-01   8.1323986588e-02
-6.6108307538e-03   2.2021820023e-01   8.0871523817e-02
-9.6013835269e-03   2.2057790651e-01   7.6477210467e-02
-3.1774601585e-02   2.2241367117e-01   4.9293234114e-02
-5.2309590485e-02   2.2259935123e-01   3.1943044618e-02
-7.1714846160e-02   2.2121642647e-01   2.1145138302e-02
-9.0285291561e-02   2.1831644793e-01   1.4562478163e-02
-9.0308578897e-02   2.1831178452e-01   1.4556016178e-02
-9.0541391106e-02   2.1826501721e-01   1.4491628427e-02
-9.2863432901e-02   2.1778403699e-01   1.3870434502e-02
-1.1065334624e-01   2.1319440600e-01   1.0200188335e-02
-1.2780372147e-01   2.0715545172e-01   8.0207134300e-03
-1.4429328941e-01   1.9969527412e-01   6.7259456320e-03
-1.6006564498e-01   1.9084559669e-01   5.9466977931e-03
-1.7504454133e-01   1.8064394842e-01   5.4639321877e-03
-1.8914371334e-01   1.6913490394e-01   5.1508107443e-03
-1.8916114111e-01   1.6911937124e-01   5.1504840918e-03
-1.8933533164e-01   1.6896393133e-01   5.1472261096e-03
-1.9106847195e-01   1.6739826460e-01   5.1154791747e-03
-2.0405287908e-01   1.5446061906e-01   4.9102664825e-03
-2.1596498948e-01   1.4033721948e-01   4.7589843468e-03
-2.2671808771e-01   1.2509732253e-01   4.6416178991e-03
-2.3623000960e-01   1.0881794097e-01   4.5473493092e-03
-2.4442427675e-01   9.1583560288e-02   4.4703447310e-03
-2.5123095703e-01   7.3485773178e-02   4.4074345195e-03
-2.5123874516e-01   7.3462119172e-02   4.4073622466e-03
-2.5131649599e-01   7.3225510297e-02   4.4066406210e-03
-2.5208092749e-01   7.0852583504e-02   4.3995342412e-03
-2.5722683969e-01   5.1889381577e-02   4.3506241338e-03
-2.6086048288e-01   3.2280792125e-02   4.3129606458e-03
-2.6293654389e-01   1.2137670651e-02   4.2860145931e-03
-2.6341854555e-01   -8.4241531253e-03   4.2694897761e-03
-2.6227922597e-01   -2.9284508542e-02   4.2632456368e-03
-2.6227672250e-01   -2.9311322298e-02   4.2632442130e-03
-2.6225154035e-01   -2.9579475531e-02   4.2632308965e-03
-2.6198496457e-01   -3.2262521962e-02   4.2631899331e-03
-2.5897308153e-01   -5.3312147132e-02   4.2686644900e-03
-2.5431392377e-01   -7.4391460601e-02   4.2844955304e-03
-2.4801103022e-01   -9.5371171148e-02   4.3108703139e-03
-2.4007812710e-01   -1.1612062810e-01   4.3480704652e-03
-2.3053921112e-01   -1.3650860649e-01   4.3964750955e-03
-2.3052599863e-01   -1.3653439018e-01   4.3965443604e-03
-2.3039373222e-01   -1.3679218273e-01   4.3972380599e-03
-2.2905694381e-01   -1.3936561666e-01   4.4042803303e-03
-2.1772658424e-01   -1.5918064971e-01   4.4660756369e-03
-2.0487618749e-01   -1.7835493560e-01   4.5402434254e-03
-1.9056186735e-01   -1.9676071023e-01   4.6275135861e-03
-1.7484968697e-01   -2.1427301063e-01   4.7287485910e-03
-1.5781541858e-01   -2.3077049426e-01   4.8449569974e-03
-1.5779282501e-01   -2.3079089028e-01   4.8451156662e-03
-1.5756677809e-01   -2.3099474867e-01   4.8467038055e-03
-1.5529522026e-01   -2.3302309638e-01   4.8627308493e-03
-1.3685590526e-01   -2.4821903081e-01   4.9974794481e-03
-1.1728798359e-01   -2.6215617104e-01   5.1499292131e-03
-9.6695477916e-02   -2.7472975604e-01   5.3216606499e-03
-7.5190471923e-02   -2.8584189233e-01   5.5144808675e-03
-5.2892563541e-02   -2.9540227642e-01   5.7304493358e-03
-5.2863595813e-02   -2.9541347238e-01   5.7307412923e-03
-5.2573858614e-02   -2.9552528500e-01   5.7336631489e-03
-4.9670549987e-02   -2.9662867442e-01   5.7631118899e-03
-2.6622287275e-02   -3.0431724240e-01   6.0083935038e-03
-3.0597254857e-03   -3.1028932142e-01   6.2822163578e-03
2.0878060015e-02   -3.1448275192e-01   6.5876223561e-03
4.5047274819e-02   -3.1684554643e-01   6.9280288923e-03
4.5078266639e-02   -3.1684737709e-01   6.9284881813e-03
4.5388192325e-02   -3.1686551515e-01   6.9330845608e-03
4.8488133750e-02   -3.1703003517e-01   6.9793990818e-03
7.2740766817e-02   -3.1725246317e-01   7.3644705139e-03
9.6904644110e-02   -3.1556938636e-01   7.7932441201e-03
1.2082641037e-01   -3.1196377973e-01   8.2704592967e-03
1.4435145405e-01   -3.0643049202e-01   8.8012789446e-03
1.6732481425e-01   -2.9897649641e-01   9.3912507341e-03
1.6735377220e-01   -2.9896574190e-01   9.3920455041e-03
1.6764328808e-01   -2.9885802575e-01   9.3999990512e-03
1.7053202323e-01   -2.9776376637e-01   9.4801218461e-03
1.9268666305e-01   -2.8814073200e-01   1.0144812986e-02
2.1396086619e-01   -2.7665347626e-01   1.0881391625e-02
2.3420470638e-01   -2.6334791905e-01   1.1695813061e-02
2.5327188156e-01   -2.4828238483e-01   1.2593629140e-02
2.7102072768e-01   -2.3152747286e-01   1.3579534773e-02
2.7104252128e-01   -2.3150500002e-01   1.3580853477e-02
2.7126032642e-01   -2.3128012710e-01   1.3594048744e-02
2.7342523065e-01   -2.2901698081e-01   1.3726825439e-02
2.8950269294e-01   -2.1043467722e-01   1.4817157638e-02
3.0397888222e-01   -1.9035441520e-01   1.5999702669e-02
3.1673365369e-01   -1.6888356711e-01   1.7271695386e-02
3.2765607027e-01   -1.4614031313e-01   1.8625853639e-02
3.2766882013e-01   -1.4611046940e-01   1.8627632989e-02
3.2779614481e-01   -1.4581192913e-01   1.8645432749e-02
3.2905195491e-01   -1.4281629349e-01   1.8824049258e-02
3.3775967547e-01   -1.1877759866e-01   2.0255653963e-02
3.4443415932e-01   -9.3753055000e-02   2.1732696725e-02
3.4900158162e-01   -6.7890366959e-02   2.3225563215e-02
3.5140263865e-01   -4.1344823668e-02   2.4695585665e-02
3.5140430177e-01   -4.1310509874e-02   2.4697431378e-02
3.5142073404e-01   -4.0967325111e-02   2.4715882204e-02
3.5156515281e-01   -3.7530865084e-02   2.4899737326e-02
3.5144009353e-01   -1.0403742060e-02   2.6284833837e-02
3.4907621227e-01   1.7053237848e-02   2.7535190887e-02
3.4446734109e-01   4.4668456527e-02   2.8588814504e-02
3.3762576871e-01   7.2267827964e-02   2.9382384938e-02
3.3761560188e-01   7.2303035741e-02   2.9383207073e-02
3.3751373551e-01   7.2655096253e-02   2.9391399587e-02
3.3647527422e-01   7.6173900839e-02   2.9470418225e-02
3.2712279288e-01   1.0354099490e-01   2.9894926914e-02
3.1562548491e-01   1.3051766020e-01   2.9945011369e-02
3.0205123063e-01   1.5693125940e-01   2.9590799018e-02
2.8648277004e-01   1.8261238133e-01   2.8825123577e-02
2.8646162474e-01   1.8264468112e-01   2.8823886224e-02
2.8625000090e-01   1.8296759818e-01   2.8811477198e-02
2.8411672543e-01   1.8618861629e-01   2.8683851033e-02
2.6638827044e-01   2.1083173895e-01   2.7472830205e-02
2.4688224521e-01   2.3439543180e-01   2.5922536537e-02
2.2571295868e-01   2.5672702940e-01   2.4103939343e-02
2.0300017928e-01   2.7768069540e-01   2.2103701050e-02
2.0297019968e-01   2.7770654779e-01   2.2101066784e-02
2.0267027602e-01   2.7796493520e-01   2.2074716262e-02
1.9965832802e-01   2.8053510164e-01   2.1810465199e-02
1.7533454766e-01   2.9974627108e-01   1.9717150761e-02
1.4973638828e-01   3.1729222718e-01   1.7638800232e-02
1.2299457514e-01   3.3305139481e-01   1.5652950098e-02
9.5243628058e-02   3.4691072988e-01   1.3818976522e-02
9.5207554376e-02   3.4692719082e-01   1.3816747244e-02
9.4846739336e-02   3.4709161987e-01   1.3794471749e-02
9.1230827645e-02   3.4871783435e-01   1.3573456857e-02
6.2498035344e-02   3.6028096943e-01   1.1958716926e-02
3.3061089449e-02   3.6973311602e-01   1.0553193275e-02
3.0719982710e-03   3.7699143061e-01   9.3549328237e-03
-2.7310500195e-02   3.8198400822e-01   8.3494644884e-03
-2.7349533729e-02   3.8198891495e-01   8.3482932558e-03
-2.7739889547e-02   3.8203777292e-01   8.3365962951e-03
-3.1645423614e-02   3.8250539881e-01   8.2211527216e-03
-6.2274561400e-02   3.8483764038e-01   7.4086208854e-03
-9.2935465661e-02   3.8479017782e-01   6.7379136425e-03
-1.2345076716e-01   3.8232993738e-01   6.1841657472e-03
-1.5363918534e-01   3.7743746558e-01   5.7250616666e-03
-1.5367750118e-01   3.7742964841e-01   5.7245267429e-03
-1.5406061352e-01   3.7735125745e-01   5.7191842890e-03
-1.5788705718e-01   3.7654541526e-01   5.6664308923e-03
-1.8747724281e-01   3.6886975399e-01   5.2925924641e-03
-2.1634534916e-01   3.5876808163e-01   4.9775134236e-03
-2.4430670486e-01   3.4626633393e-01   4.7097642646e-03
-2.7117846425e-01   3.3140534783e-01   4.4806110016e-03
-2.7121205181e-01   3.3138485621e-01   4.4803396626e-03
-2.7154781312e-01   3.3117973272e-01   4.4776291337e-03
-2.7489392387e-01   3.2910780035e-01   4.4508075667e-03
-3.0030194500e-01   3.1162177749e-01   4.2577293273e-03
-3.2424110577e-01   2.9191416341e-01   4.0909945698e-03
-3.4654290715e-01   2.7007237445e-01   3.9469054973e-03
-3.6704599602e-01   2.4619821231e-01   3.8226007930e-03
-3.6707099650e-01   2.4616643011e-01   3.8224534923e-03
-3.6732082568e-01   2.4584843566e-01   3.8209820583e-03
-3.6980148717e-01   2.4265130227e-01   3.8064242440e-03
-3.8806391859e-01   2.1659870569e-01   3.7020025020e-03
-4.0421143298e-01   1.8877828971e-01   3.6131392679e-03
-4.1811249745e-01   1.5933412060e-01   3.5384787092e-03
-4.1812878277e-01   1.5929549483e-01   3.5383918450e-03
-4.1829142305e-01   1.5890910516e-01   3.5375243822e-03
-4.1989648108e-01   1.5503207841e-01   3.5289672353e-03
-4.3108633780e-01   1.2392544426e-01   3.4692290674e-03
-4.3978842579e-01   9.1543662048e-02   3.4216843155e-03
-4.4591091564e-01   5.8066408963e-02   3.3857238889e-03
-4.4591705868e-01   5.8022978458e-02   3.3856851173e-03
-4.4597824997e-01   5.7588591927e-02   3.3852984032e-03
-4.4656622238e-01   5.3236660951e-02   3.3815312490e-03
-4.4964911936e-01   1.8740321667e-02   3.3582762112e-03
-4.5000505634e-01   -1.6435932737e-02   3.3458655866e-03
-4.4758971933e-01   -5.2086043956e-02   3.3441911603e-03
-4.4758484286e-01   -5.2131844863e-02   3.3441958922e-03
-4.4753582622e-01   -5.2589877408e-02   3.3442441792e-03
-4.4702046307e-01   -5.7172458705e-02   3.3448238704e-03
-4.4140727088e-01   -9.3103920324e-02   3.3554611936e-03
-4.3298348936e-01   -1.2904889779e-01   3.3770872505e-03
-4.2175756010e-01   -1.6478630248e-01   3.4100527403e-03
-4.2174142020e-01   -1.6483177361e-01   3.4101023546e-03
-4.2157977144e-01   -1.6528644607e-01   3.4105995628e-03
-4.1993831837e-01   -1.6982919119e-01   3.4156783761e-03
-4.0554513783e-01   -2.0505649625e-01   3.4622277967e-03
-3.8842665080e-01   -2.3959720439e-01   3.5214270841e-03
-3.6864631216e-01   -2.7322807355e-01   3.5941889435e-03
-3.6861934666e-01   -2.7327040181e-01   3.5942911311e-03
-3.6834945945e-01   -2.7369358265e-01   3.5953143283e-03
-3.6562740509e-01   -2.7791511390e-01   3.6056789403e-03
-3.4290735061e-01   -3.1023682123e-01   3.6953385456e-03
-3.1771985237e-01   -3.4117961608e-01   3.8013310401e-03
-2.9018240327e-01   -3.7053179645e-01   3.9254229785e-03
-2.9014574082e-01   -3.7056822386e-01   3.9255941202e-03
-2.8977891697e-01   -3.7093233628e-01   3.9273073559e-03
-2.8609080392e-01   -3.7455720943e-01   3.9446225870e-03
-2.5603460039e-01   -4.0184257546e-01   4.0920354444e-03
-2.2393480536e-01   -4.2710775996e-01   4.2627166522e-03
-1.8995869860e-01   -4.5016632794e-01   4.4599233943e-03
-1.8991412657e-01   -4.5019432519e-01   4.4601941620e-03
-1.8946825388e-01   -4.5047408325e-01   4.4629045769e-03
-1.8499436559e-01   -4.5325015002e-01   4.4902843687e-03
-1.4909866818e-01   -4.7357479964e-01   4.7226802046e-03
-1.1173250081e-01   -4.9133153695e-01   4.9911821751e-03
-7.3105619171e-02   -5.0637215190e-01   5.3019080361e-03
-7.3055511296e-02   -5.0638958757e-01   5.3023354556e-03
-7.2554339094e-02   -5.0656368785e-01   5.3066141166e-03
-6.7533368358e-02   -5.0827899079e-01   5.3498509378e-03
-2.7738107482e-02   -5.2005551862e-01   5.7181190957e-03
1.2831061431e-02   -5.2884919260e-01   6.1470084310e-03
5.3931714744e-02   -5.3456146866e-01   6.6485560115e-03
5.3984506266e-02   -5.3456676414e-01   6.6492499540e-03
5.4512446686e-02   -5.3461943429e-01   6.6561972511e-03
5.9794263192e-02   -5.3511765003e-01   6.7264646430e-03
1.0119507666e-01   -5.3721357240e-01   7.3296812485e-03
1.4258244735e-01   -5.3607829415e-01   8.0428514661e-03
1.8369247406e-01   -5.3167228019e-01   8.8910867666e-03
1.8374475173e-01   -5.3166454170e-01   8.8922707623e-03
1.8426747928e-01   -5.3158686072e-01   8.9041257053e-03
1.8948972140e-01   -5.3078044328e-01   9.0241892029e-03
2.2995453907e-01   -5.2261719960e-01   1.0066460886e-02
2.6956278003e-01   -5.1116786673e-01   1.1324056011e-02
3.0803944699e-01   -4.9645895137e-01   1.2852458446e-02
3.0808780649e-01   -4.9643807397e-01   1.2854614969e-02
3.0857127467e-01   -4.9622901113e-01   1.2876210912e-02
3.1339315832e-01   -4.9410951675e-01   1.3095276773e-02
3.5023874199e-01   -4.7573919165e-01   1.5022268121e-02
3.8535723614e-01   -4.5424131048e-01   1.7401506600e-02
4.1846761775e-01   -4.2971372613e-01   2.0360084340e-02
4.1850855124e-01   -4.2968047126e-01   2.0364304414e-02
4.1891767991e-01   -4.2934766093e-01   2.0406571846e-02
4.2298822243e-01   -4.2599344891e-01   2.0835996186e-02
4.5345813022e-01   -3.9815629914e-01   2.4661030886e-02
4.8130663223e-01   -3.6757994473e-01   2.9479675175e-02
5.0623784330e-01   -3.3443939018e-01   3.5575536377e-02
5.0626772705e-01   -3.3439545325e-01   3.5584292995e-02
5.0656627462e-01   -3.3395587135e-01   3.5672005679e-02
5.0952262319e-01   -3.2953888377e-01   3.6563952103e-02
5.3074729312e-01   -2.9371814013e-01   4.4558824735e-02
5.4838142626e-01   -2.5579885176e-01   5.4691752436e-02
5.6208384810e-01   -2.1604420822e-01   6.7483897665e-02
5.6209870063e-01   -2.1599231946e-01   6.7502198148e-02
5.6224683965e-01   -2.1547329320e-01   6.7685493379e-02
5.6368945176e-01   -2.1026929958e-01   6.9547731066e-02
5.7245799595e-01   -1.6878156662e-01   8.6067905654e-02
5.7649570343e-01   -1.2613213016e-01   1.0642187545e-01
5.7541059037e-01   -8.2690957733e-02   1.3096317146e-01
5.7540575864e-01   -8.2635070176e-02   1.3099727860e-01
5.7535694632e-01   -8.2076159873e-02   1.3133872862e-01
5.7481915942e-01   -7.6483764864e-02   1.3479095287e-01
5.6742716781e-01   -3.2637372400e-02   1.6404156160e-01
5.5418339717e-01   1.1089209651e-02   1.9659309899e-01
5.5416262400e-01   1.1144849293e-02   1.9663619716e-01
5.5395434924e-01   1.1701192468e-02   1.9706732374e-01
5.5181726185e-01   1.7259094876e-02   2.0139207867e-01
5.3169699449e-01   6.0272046478e-02   2.3548120044e-01
5.0563753398e-01   1.0214225585e-01   2.6773335633e-01
5.0560054187e-01   1.0219486113e-01   2.6777181980e-01
5.0523012007e-01   1.0272076810e-01   2.6815593938e-01
5.0147608731e-01   1.0796506475e-01   2.7194382211e-01
4.6914372449e-01   1.4795411963e-01   2.9731813563e-01
4.3215976125e-01   1.8583598166e-01   3.1234804134e-01
4.3210993995e-01   1.8588291234e-01   3.1235916543e-01
4.3161140810e-01   1.8635199656e-01   3.1246918654e-01
4.2659474645e-01   1.9102045363e-01   3.1344649829e-01
3.8567811613e-01   2.2606365877e-01   3.1305743956e-01
3.4272386693e-01   2.5834544831e-01   2.9828619880e-01
3.4266820318e-01   2.5838488522e-01   2.9825859418e-01
3.4211150103e-01   2.5877899148e-01   2.9798139587e-01
3.3653854151e-01   2.6269373097e-01   2.9509549405e-01
2.9283094777e-01   2.9164131030e-01   2.6614498702e-01
2.4959356148e-01   3.1761302455e-01   2.2890890527e-01
2.4953891027e-01   3.1764433375e-01   2.2885799695e-01
2.4899250614e-01   3.1795715960e-01   2.2834859866e-01
2.4353947421e-01   3.2105882669e-01   2.2322515034e-01
2.0166945593e-01   3.4365941620e-01   1.8229644849e-01
1.6131759404e-01   3.6337512585e-01   1.4271437807e-01
1.6126698634e-01   3.6339852282e-01   1.4266607196e-01
1.6076104624e-01   3.6363223990e-01   1.4218341691e-01
1.5571528043e-01   3.6594418498e-01   1.3739843094e-01
1.1707211503e-01   3.8245742920e-01   1.0298114367e-01
7.9702059629e-02   3.9623706062e-01   7.4682596336e-02
7.9654968472e-02   3.9625295337e-01   7.4650530087e-02
7.9184145739e-02   3.9641163938e-01   7.4330444842e-02
7.4484678159e-02   3.9797436364e-01   7.1187187338e-02
3.8223078724e-02   4.0868772551e-01   5.0110312202e-02
2.6489297324e-03   4.1674052875e-01   3.4691482411e-02
-3.2433838668e-02   4.2213678521e-01   2.3909860964e-02
-3.2478443028e-02   4.2214198238e-01   2.3898567895e-02
-3.2924453126e-02   4.2219371450e-01   2.3785954024e-02
-3.7381231394e-02   4.2268706911e-01   2.2691039645e-02
-7.2034209299e-02   4.2503940008e-01   1.5864790039e-02
-1.0633270219e-01   4.2471139191e-01   1.1450948200e-02
-1.4022331336e-01   4.2169042363e-01   8.6675187935e-03
-1.4026634873e-01   4.2168483290e-01   8.6647356374e-03
-1.4069665638e-01   4.2162868275e-01   8.6369971037e-03
-1.4499506599e-01   4.2104289595e-01   8.3687131536e-03
-1.7828629890e-01   4.1493945521e-01   6.7503706407e-03
-2.1089398185e-01   4.0614171305e-01   5.7394533831e-03
-2.4264525391e-01   3.9466775195e-01   5.0918309704e-03
-2.4268522901e-01   3.9465137862e-01   5.0911635763e-03
-2.4308488628e-01   3.9448740743e-01   5.0845083220e-03
-2.4707199766e-01   3.9282392715e-01   5.0197777290e-03
-2.7761733479e-01   3.7833459536e-01   4.6075980385e-03
-3.0690074480e-01   3.6125773108e-01   4.3118433046e-03
-3.3472950147e-01   3.4165959238e-01   4.0866518396e-03
-3.3476407475e-01   3.4163295063e-01   4.0863967424e-03
-3.3510965953e-01   3.4136631367e-01   4.0838497551e-03
-3.3855062698e-01   3.3867804062e-01   4.0587709091e-03
-3.6448665104e-01   3.1630244605e-01   3.8840000084e-03
-3.8856881770e-01   2.9160165082e-01   3.7393126560e-03
-4.1062179194e-01   2.6469206386e-01   3.6175917877e-03
-4.1064862111e-01   2.6465629383e-01   3.6174488493e-03
-4.1091671523e-01   2.6429840661e-01   3.6160211424e-03
-4.1357782938e-01   2.6070090873e-01   3.6019105134e-03
-4.3311109558e-01   2.3143094970e-01   3.5014101125e-03
-4.5027254093e-01   2.0025231850e-01   3.4167900456e-03
-4.6492034248e-01   1.6732752304e-01   3.3463759045e-03
-4.6493740771e-01   1.6728437627e-01   3.3462944068e-03
-4.6510782219e-01   1.6685276734e-01   3.3454805968e-03
-4.6678813492e-01   1.6252263104e-01   3.3374587882e-03
-4.7840890796e-01   1.2781947154e-01   3.2818223587e-03
-4.8725772711e-01   9.1761637049e-02   3.2382129762e-03
-4.9323736127e-01   5.4550172812e-02   3.2060216564e-03
-4.9324313447e-01   5.4501939308e-02   3.2059876043e-03
-4.9330060103e-01   5.4019519549e-02   3.2056480717e-03
-4.9384868581e-01   4.9186941801e-02   3.2023513986e-03
-4.9645360928e-01   1.0916996176e-02   3.1826977783e-03
-4.9603619983e-01   -2.8043072330e-02   3.1737731824e-03
-4.9255223963e-01   -6.7464078055e-02   3.1755079633e-03
-4.9254580824e-01   -6.7514682745e-02   3.1755170249e-03
-4.9248121609e-01   -6.8020749842e-02   3.1756086053e-03
-4.9180745947e-01   -7.3083338924e-02   3.1766209837e-03
-4.8479091015e-01   -1.1274229793e-01   3.1906384259e-03
-4.7467486043e-01   -1.5235153476e-01   3.2156820605e-03
-4.6147362422e-01   -1.9166641179e-01   3.2521745649e-03
-4.6145478030e-01   -1.9171639203e-01   3.2522287950e-03
-4.6126606652e-01   -1.9221614575e-01   3.2527721790e-03
-4.5935148992e-01   -1.9720870147e-01   3.2583145553e-03
-4.4266932963e-01   -2.3588578997e-01   3.3086245176e-03
-4.2299757908e-01   -2.7373979474e-01   3.3719069387e-03
-4.0041128184e-01   -3.1052493626e-01   3.4492126018e-03
-4.0038057196e-01   -3.1057118682e-01   3.4493209642e-03
-4.0007321943e-01   -3.1103357423e-01   3.4504059657e-03
-3.9697436454e-01   -3.1564553323e-01   3.4613943748e-03
-3.7117620188e-01   -3.5091316365e-01   3.5563374717e-03
-3.4268854803e-01   -3.8459688091e-01   3.6684997568e-03
-3.1164579891e-01   -4.1646490453e-01   3.7999340021e-03
-3.1160453045e-01   -4.1650439674e-01   3.8001154299e-03
-3.1119162968e-01   -4.1689913521e-01   3.8019316648e-03
-3.0704107645e-01   -4.2082806413e-01   3.8202908482e-03
-2.7326796939e-01   -4.5034907670e-01   3.9768392339e-03
-2.3728745607e-01   -4.7758562120e-01   4.1587463440e-03
-1.9928831551e-01   -5.0233502180e-01   4.3699087241e-03
-1.9923851752e-01   -5.0236499514e-01   4.3701994180e-03
-1.9874037439e-01   -5.0266448756e-01   4.3731094140e-03
-1.9374271675e-01   -5.0563523459e-01   4.4025173629e-03
-1.5368938496e-01   -5.2731242138e-01   4.6530260568e-03
-1.1207345938e-01   -5.4611154486e-01   4.9445015239e-03
-6.9129835598e-02   -5.6187322674e-01   5.2845990612e-03
-6.9074175851e-02   -5.6189137458e-01   5.2850689501e-03
-6.8517481258e-02   -5.6207256683e-01   5.2897730621e-03
-6.2940930640e-02   -5.6385581043e-01   5.3373411046e-03
-1.8784383315e-02   -5.7597518421e-01   5.7448526827e-03
2.6156165527e-02   -5.8477279201e-01   6.2247181497e-03
7.1610512283e-02   -5.9014503916e-01   6.7929681094e-03
7.1668847682e-02   -5.9014967814e-01   6.7937595689e-03
7.2252222725e-02   -5.9019575216e-01   6.8016839325e-03
7.8087957336e-02   -5.9062488438e-01   6.8819143816e-03
1.2378742370e-01   -5.9198455675e-01   7.5766351239e-03
1.6939400533e-01   -5.8976554824e-01   8.4114878367e-03
2.1461391436e-01   -5.8393027759e-01   9.4228152689e-03
2.1467136455e-01   -5.8392049184e-01   9.4242404938e-03
2.1524580462e-01   -5.8382230753e-01   9.4385128378e-03
2.2098389881e-01   -5.8280778935e-01   9.5832693823e-03
2.6539616428e-01   -5.7282620793e-01   1.0855675407e-02
3.0877548981e-01   -5.5922546996e-01   1.2427146386e-02
3.5081340484e-01   -5.4204203555e-01   1.4387167328e-02
3.5086616897e-01   -5.4201779217e-01   1.4389970092e-02
3.5139366144e-01   -5.4177504153e-01   1.4418043306e-02
3.5665356386e-01   -5.3931588304e-01   1.4703392724e-02
3.9677681908e-01   -5.1811793505e-01   1.7257489578e-02
4.3488210727e-01   -4.9350068038e-01   2.0513617770e-02
4.7064285667e-01   -4.6558204413e-01   2.4706760359e-02
4.7068694201e-01   -4.6554428890e-01   2.4712848398e-02
4.7112755409e-01   -4.6516645270e-01   2.4773841241e-02
4.7550940038e-01   -4.6135976582e-01   2.5395175627e-02
5.0817876671e-01   -4.2985131016e-01   3.1057435260e-02
5.3775887131e-01   -3.9539030741e-01   3.8489267633e-02
5.6386555588e-01   -3.5818859125e-01   4.8307707776e-02
5.6389654079e-01   -3.5813936642e-01   4.8322116658e-02
5.6420603969e-01   -3.5764689371e-01   4.8466492423e-02
5.6726582231e-01   -3.5269983438e-01   4.9939344304e-02
5.8888696798e-01   -3.1267249063e-01   6.3498620975e-02
6.0606547011e-01   -2.7048132459e-01   8.1492690102e-02
6.0608436489e-01   -2.7042612617e-01   8.1519087327e-02
6.0627286371e-01   -2.6987397751e-01   8.1783578124e-02
6.0811269646e-01   -2.6433619616e-01   8.4480963999e-02
6.1953563298e-01   -2.2008951867e-01   1.0918917468e-01
6.2522620124e-01   -1.7446580955e-01   1.4140142312e-01
6.2522950239e-01   -1.7440677549e-01   1.4144806361e-01
6.2526193242e-01   -1.7381635200e-01   1.4191527643e-01
6.2552775004e-01   -1.6790403751e-01   1.4666873543e-01
6.2376993565e-01   -1.2127239394e-01   1.8916924816e-01
6.1464373449e-01   -7.4328641673e-02   2.4146303136e-01
6.1462701440e-01   -7.4268664108e-02   2.4153604349e-01
6.1445908180e-01   -7.3668914706e-02   2.4226698903e-01
6.1270629114e-01   -6.7674318604e-02   2.4965803684e-01
5.9426085010e-01   -2.1118996900e-02   3.1198109127e-01
5.6711292682e-01   2.4376313436e-02   3.7915222297e-01
5.6707256679e-01   2.4433510809e-02   3.7923852849e-01
5.6666817735e-01   2.5005325189e-02   3.8010139628e-01
5.6254550790e-01   3.0707230378e-02   3.8870749284e-01
5.2548584932e-01   7.4127452836e-02   4.5249342229e-01
4.8060704322e-01   1.1499548147e-01   5.0246348907e-01
4.8054529228e-01   1.1504583950e-01   5.0251389961e-01
4.7992722957e-01   1.1554913535e-01   5.0301579884e-01
4.7369219969e-01   1.2055342544e-01   5.0781017784e-01
4.2203449818e-01   1.5778821836e-01   5.2949609421e-01
3.6711857158e-01   1.9139236011e-01   5.1977775441e-01
3.6704745419e-01   1.9143289667e-01   5.1974480988e-01
3.6633623962e-01   1.9183791561e-01   5.1941256831e-01
3.5922118567e-01   1.9585340804e-01   5.1581263914e-01
3.0395072238e-01   2.2507296037e-01   4.7172453343e-01
2.5090287582e-01   2.5047123445e-01   4.0614691230e-01
2.5083721714e-01   2.5050133118e-01   4.0605412363e-01
2.5018097557e-01   2.5080197057e-01   4.0512534841e-01
2.4365351924e-01   2.5377567726e-01   3.9575382981e-01
1.9496323194e-01   2.7503777752e-01   3.1966794230e-01
1.9490376501e-01   2.7506277188e-01   3.1957005597e-01
1.9430949667e-01   2.7531241597e-01   3.1859141003e-01
1.8840692669e-01   2.7777903777e-01   3.0883046028e-01
1.4473360905e-01   2.9526203250e-01   2.3576120094e-01
1.0517390686e-01   3.0974365105e-01   1.7245528841e-01
1.0512568979e-01   3.0976036107e-01   1.7238211075e-01
1.0464382934e-01   3.0992721455e-01   1.7165148167e-01
9.9855915918e-02   3.1157117287e-01   1.6446033850e-01
6.4166703003e-02   3.2293071132e-01   1.1549671643e-01
3.1027868496e-02   3.3176171561e-01   7.8862567677e-02
3.0986807562e-02   3.3177145168e-01   7.8822949063e-02
3.0576362316e-02   3.3186859725e-01   7.8427715761e-02
2.6488048874e-02   3.3281858876e-01   7.4569721950e-02
-4.5970148249e-03   3.3892120341e-01   4.9822864553e-02
-3.4460362247e-02   3.4272094164e-01   3.3050434596e-02
-6.3461068422e-02   3.4426259164e-01   2.2091402117e-02
-6.3497703293e-02   3.4426312896e-01   2.2080298399e-02
-6.3863993943e-02   3.4426830125e-01   2.1969618755e-02
-6.7521150605e-02   3.4429994119e-01   2.0897911758e-02
-9.5781455267e-02   3.4329084189e-01   1.4409607125e-02
-1.2347333775e-01   3.4006094900e-01   1.0417955993e-02
-1.5058050498e-01   3.3462023006e-01   8.0026202117e-03
-1.7702806773e-01   3.2698255562e-01   6.5482435183e-03
-1.7706142018e-01   3.2697139068e-01   6.5468124124e-03
-1.7739487536e-01   3.2685954562e-01   6.5325512314e-03
-1.8072243989e-01   3.2572153542e-01   6.3948018231e-03
-2.0627785102e-01   3.1560203103e-01   5.5675586730e-03
-2.3090634093e-01   3.0334432258e-01   5.0444184701e-03
-2.5446060675e-01   2.8899350779e-01   4.6952487976e-03
-2.7678958418e-01   2.7260718833e-01   4.4465214476e-03
-2.7681728843e-01   2.7258495991e-01   4.4462479681e-03
-2.7709420706e-01   2.7236249890e-01   4.4435184255e-03
-2.7985094799e-01   2.7012024229e-01   4.4167364797e-03
-3.0059696868e-01   2.5149635455e-01   4.2344826315e-03
-3.1980015315e-01   2.3100347366e-01   4.0883214749e-03
-3.3732044256e-01   2.0873928838e-01   3.9675390912e-03
-3.5302527392e-01   1.8481378044e-01   3.8662936197e-03
-3.5304414034e-01   1.8478217293e-01   3.8661750683e-03
-3.5323263001e-01   1.8446595933e-01   3.8649910031e-03
-3.5510002202e-01   1.8129002967e-01   3.8532942254e-03
-3.6858080214e-01   1.5561704438e-01   3.7703952821e-03
-3.7999286522e-01   1.2855747390e-01   3.7015172034e-03
-3.8923443785e-01   1.0025658366e-01   3.6454551084e-03
-3.9621541903e-01   7.0869496794e-02   3.6013898947e-03
-3.9622286421e-01   7.0831291887e-02   3.6013409630e-03
-3.9629710554e-01   7.0449159918e-02   3.6008526728e-03
-3.9701844631e-01   6.6619621466e-02   3.5960722263e-03
-4.0132373470e-01   3.6193444233e-02   3.5650263428e-03
-4.0321817377e-01   5.0427189406e-03   3.5449942097e-03
-4.0265297385e-01   -2.6651951485e-02   3.5357760123e-03
-3.9959370494e-01   -5.8703833011e-02   3.5373118678e-03
-3.9958818623e-01   -5.8744966594e-02   3.5373207341e-03
-3.9953277296e-01   -5.9156317236e-02   3.5374103702e-03
-3.9895601624e-01   -6.3271222594e-02   3.5384040904e-03
-3.9302554513e-01   -9.5496191074e-02   3.5523197831e-03
-3.8457755268e-01   -1.2766272456e-01   3.5773154483e-03
-3.7362525317e-01   -1.5957189769e-01   3.6137617131e-03
-3.7360965534e-01   -1.5961245127e-01   3.6138158551e-03
-3.7345345422e-01   -1.6001794590e-01   3.6143583511e-03
-3.7186918572e-01   -1.6406868073e-01   3.6198911442e-03
-3.5809333387e-01   -1.9543884043e-01   3.6700602052e-03
-3.4189426196e-01   -2.2612213102e-01   3.7329988682e-03
-3.2333452707e-01   -2.5591909235e-01   3.8096043517e-03
-3.2330931425e-01   -2.5595654330e-01   3.8097115095e-03
-3.2305698074e-01   -2.5633095523e-01   3.8107844150e-03
-3.2051314676e-01   -2.6006523608e-01   3.8216467558e-03
-2.9935413989e-01   -2.8860925620e-01   3.9152288487e-03
-2.7602063998e-01   -3.1584940408e-01   4.0251535664e-03
-2.5062332924e-01   -3.4159799452e-01   4.1531021878e-03
-2.5058958316e-01   -3.4162988745e-01   4.1532781650e-03
-2.5025194802e-01   -3.4194866610e-01   4.1550397373e-03
-2.4685821421e-01   -3.4512131778e-01   4.1728365112e-03
-2.1925816996e-01   -3.6894527922e-01   4.3238657731e-03
-1.8987979308e-01   -3.9089858425e-01   4.4977588095e-03
-1.5887773434e-01   -4.1081757702e-01   4.6975156168e-03
-1.5883712114e-01   -4.1084167936e-01   4.6977890820e-03
-1.5843085818e-01   -4.1108250579e-01   4.7005263812e-03
-1.5435520364e-01   -4.1347101529e-01   4.7281657567e-03
-1.2170432191e-01   -4.3087979783e-01   4.9619118919e-03
-8.7802631775e-02   -4.4593919531e-01   5.2301671455e-03
-5.2841856961e-02   -4.5852105713e-01   5.5383340439e-03
-5.2796557988e-02   -4.5853550962e-01   5.5387563236e-03
-5.2343491166e-02   -4.5867980119e-01   5.5429832923e-03
-4.7805202638e-02   -4.6009934237e-01   5.5856732305e-03
-1.1882211584e-02   -4.6971259913e-01   5.9475114896e-03
2.4656939973e-02   -4.7662044453e-01   6.3650643530e-03
6.1592614730e-02   -4.8074025451e-01   6.8483721637e-03
6.1640004057e-02   -4.8074370772e-01   6.8490372759e-03
6.2113912576e-02   -4.8077798294e-01   6.8556954052e-03
6.6854424270e-02   -4.8109502414e-01   6.9229832644e-03
1.0396575888e-01   -4.8195089883e-01   7.4966125679e-03
1.4098202958e-01   -4.7989748663e-01   8.1659445225e-03
1.7766625699e-01   -4.7490571003e-01   8.9503486635e-03
1.7771285206e-01   -4.7489743911e-01   8.9514350863e-03
1.7817875118e-01   -4.7481446450e-01   8.9623117934e-03
1.8283248328e-01   -4.7395818096e-01   9.0723382755e-03
2.1884359948e-01   -4.6559893597e-01   1.0017870643e-02
2.5400547601e-01   -4.5430144718e-01   1.1137222816e-02
2.8807435073e-01   -4.4009590912e-01   1.2468831933e-02
2.8811711234e-01   -4.4007590126e-01   1.2470689922e-02
2.8854460813e-01   -4.3987556554e-01   1.2489293139e-02
2.9280742616e-01   -4.3784651675e-01   1.2677681451e-02
3.2532977613e-01   -4.2038233496e-01   1.4310880604e-02
3.5623714572e-01   -4.0014145812e-01   1.6273299254e-02
3.8528728720e-01   -3.7721693350e-01   1.8640894508e-02
3.8532314309e-01   -3.7718594700e-01   1.8644219268e-02
3.8568151316e-01   -3.7687585083e-01   1.8677511589e-02
3.8924623098e-01   -3.7375181792e-01   1.9014951192e-02
4.1588116386e-01   -3.4790279133e-01   2.1960396092e-02
4.4014515565e-01   -3.1963866581e-01   2.5535147110e-02
4.6180092931e-01   -2.8911757664e-01   2.9877062328e-02
4.6182685103e-01   -2.8907717720e-01   2.9883171561e-02
4.6208581240e-01   -2.8867299585e-01   2.9944347147e-02
4.6464973691e-01   -2.8461257029e-01   3.0564501067e-02
4.8303889758e-01   -2.5173463529e-01   3.5978252346e-02
4.9831705015e-01   -2.1700982665e-01   4.2520598579e-02
5.1025300764e-01   -1.8066333786e-01   5.0374114743e-02
5.1026603364e-01   -1.8061592470e-01   5.0385071255e-02
5.1039597256e-01   -1.8014166941e-01   5.0494769619e-02
5.1166315445e-01   -1.7538685712e-01   5.1605141388e-02
5.1950592926e-01   -1.3749158395e-01   6.1155932469e-02
5.2353264143e-01   -9.8529442959e-02   7.2306306611e-02
5.2354544239e-01   -5.8792314018e-02   8.5048260537e-02
5.2354281337e-01   -5.8741134939e-02   8.5065517761e-02
5.2351614675e-01   -5.8229302447e-02   8.5238218244e-02
5.2321177242e-01   -5.3106943113e-02   8.6977919759e-02
5.1843900977e-01   -1.2866124974e-02   1.0129774821e-01
5.0935505240e-01   2.7463899948e-02   1.1650627316e-01
4.9592520441e-01   6.7542805239e-02   1.3181983952e-01
4.9590526464e-01   6.7593748128e-02   1.3183905029e-01
4.9570548112e-01   6.8103123248e-02   1.3203106989e-01
4.9366912072e-01   7.3191350755e-02   1.3394191741e-01
4.7536410398e-01   1.1256214537e-01   1.4801471277e-01
4.5300596101e-01   1.5094970229e-01   1.5954882066e-01
4.2693832614e-01   1.8803168768e-01   1.6713923854e-01
4.2690280639e-01   1.8807814084e-01   1.6714587317e-01
4.2654731715e-01   1.8854252802e-01   1.6721175425e-01
4.2296347477e-01   1.9317184445e-01   1.6782362905e-01
3.9324176583e-01   2.2840393247e-01   1.6949208506e-01
3.6093381412e-01   2.6174320754e-01   1.6531589440e-01
3.2665279781e-01   2.9298005971e-01   1.5543356577e-01
3.2660795533e-01   2.9301858274e-01   1.5541758116e-01
3.2615940669e-01   2.9340360866e-01   1.5525729755e-01
3.2166178292e-01   2.9723337601e-01   1.5361124750e-01
2.8584172299e-01   3.2586979241e-01   1.3833264025e-01
2.4920336607e-01   3.5209941263e-01   1.1994169002e-01
2.4915616160e-01   3.5213137291e-01   1.1991693200e-01
2.4868407741e-01   3.5245075126e-01   1.1966923256e-01
2.4395941145e-01   3.5562205402e-01   1.1718108021e-01
2.0682710465e-01   3.7899807050e-01   9.7397971415e-02
1.6950203197e-01   3.9980733516e-01   7.8164523217e-02
1.6945423472e-01   3.9983227937e-01   7.8140871315e-02
1.6897625513e-01   4.0008148600e-01   7.7904519901e-02
1.6419577486e-01   4.0254998578e-01   7.5558197296e-02
1.2677686935e-01   4.2036635221e-01   5.8473164815e-02
8.9303781617e-02   4.3551221930e-01   4.4049730845e-02
5.1767140275e-02   4.4794094676e-01   3.2519960018e-02
5.1719094124e-02   4.4795508003e-01   3.2507041169e-02
5.1238625930e-02   4.4809616402e-01   3.2378102214e-02
4.6433276123e-02   4.4948211036e-01   3.1113540263e-02
8.8148171515e-03   4.5874892720e-01   2.2705604085e-02
-2.8854633650e-02   4.6519461879e-01   1.6621110603e-02
-6.6515809838e-02   4.6877275506e-01   1.2381343529e-02
-6.6563925162e-02   4.6877547656e-01   1.2376896588e-02
-6.7045068859e-02   4.6880242986e-01   1.2332550015e-02
-7.1855500068e-02   4.6904578159e-01   1.1901177828e-02
-1.0938228930e-01   4.6929982516e-01   9.1954082351e-03
-1.4664052912e-01   4.6660967073e-01   7.4064753333e-03
-1.8345833181e-01   4.6095666404e-01   6.2290574219e-03
-1.8350504987e-01   4.6094753492e-01   6.2278413777e-03
-1.8397217344e-01   4.6085597665e-01   6.2157156192e-03
-1.8863762501e-01   4.5991369659e-01   6.0978515939e-03
-2.2471525940e-01   4.5087266681e-01   5.3553782661e-03
-2.5992187803e-01   4.3887845829e-01   4.8422533221e-03
-2.9404186351e-01   4.2396161534e-01   4.4710978873e-03
-2.9408470571e-01   4.2394068803e-01   4.4706888131e-03
-2.9451301032e-01   4.2373115635e-01   4.4666059122e-03
-2.9878421984e-01   4.2161000117e-01   4.4265446378e-03
-3.3139684484e-01   4.0341558721e-01   4.1543084587e-03
-3.6245774927e-01   3.8242355224e-01   3.9371037268e-03
-3.9175502097e-01   3.5872046261e-01   3.7583797961e-03
-3.9179126724e-01   3.5868845938e-01   3.7581712539e-03
-3.9215355273e-01   3.5836819262e-01   3.7560883918e-03
-3.9575859735e-01   3.5514212221e-01   3.7355128485e-03
-4.2279110725e-01   3.2847185545e-01   3.5891530489e-03
-4.4763013068e-01   2.9933554232e-01   3.4651208718e-03
-4.7008983717e-01   2.6787456700e-01   3.3598852750e-03
-4.7011695853e-01   2.6783291374e-01   3.3597616188e-03
-4.7038794225e-01   2.6741618617e-01   3.3585265241e-03
-4.7307472402e-01   2.6322948939e-01   3.3463214210e-03
-4.9260488010e-01   2.2930781474e-01   3.2596301863e-03
-5.0939798625e-01   1.9341871153e-01   3.1873547015e-03
-5.2330861890e-01   1.5575270353e-01   3.1282405842e-03
-5.2332450453e-01   1.5570348644e-01   3.1281729857e-03
-5.2348308971e-01   1.5521117407e-01   3.1274980972e-03
-5.2504177841e-01   1.5027399795e-01   3.1208585139e-03
-5.3550267083e-01   1.1082959403e-01   3.0756315569e-03
-5.4282265591e-01   7.0061712657e-02   3.0418350810e-03
-5.4690805133e-01   2.8200846046e-02   3.0189984561e-03
-5.4691117061e-01   2.8146718560e-02   3.0189761274e-03
-5.4694206553e-01   2.7605367108e-02   3.0187537989e-03
-5.4722120197e-01   2.2184297514e-02   3.0166262385e-03
-5.4752192507e-01   -2.0629673386e-02   3.0059578515e-03
-5.4445031028e-01   -6.4009966981e-02   3.0058267679e-03
-5.3797295248e-01   -1.0769827006e-01   3.0162902140e-03
-5.3796248148e-01   -1.0775422135e-01   3.0163104525e-03
-5.3785746392e-01   -1.0831373817e-01   3.0165138088e-03
-5.3677652530e-01   -1.1390917758e-01   3.0186446399e-03
-5.2639537067e-01   -1.5762580336e-01   3.0414833950e-03
-5.1260626619e-01   -2.0107925027e-01   3.0755916130e-03
-4.9544130564e-01   -2.4399789003e-01   3.1215650044e-03
-4.9541721529e-01   -2.4405231346e-01   3.1216317072e-03
-4.9517601285e-01   -2.4459647500e-01   3.1222998727e-03
-4.9273412249e-01   -2.5003070034e-01   3.1290956947e-03
-4.7178072168e-01   -2.9200532936e-01   3.1896102373e-03
-4.4759204844e-01   -3.3286240360e-01   3.2639915577e-03
-4.4755908604e-01   -3.3291381892e-01   3.2640960930e-03
-4.4722917980e-01   -3.3342784727e-01   3.2651428131e-03
-4.4390194796e-01   -3.3855553276e-01   3.2757473121e-03
-4.1614115681e-01   -3.7780785510e-01   3.3676302209e-03
-3.8538292426e-01   -4.1537223160e-01   3.4766745943e-03
-3.8534173237e-01   -4.1541907575e-01   3.4768258865e-03
-3.8492955672e-01   -4.1588734208e-01   3.4783405416e-03
-3.8078219105e-01   -4.2055238465e-01   3.4936614396e-03
-3.4677775908e-01   -4.5587494054e-01   3.6249490282e-03
-3.1010775521e-01   -4.8896826883e-01   3.7786053564e-03
-3.1005923422e-01   -4.8900905695e-01   3.7788175251e-03
-3.0957380118e-01   -4.8941671609e-01   3.7809415225e-03
-3.0469724514e-01   -4.9347099942e-01   3.8024141391e-03
-2.6521136005e-01   -5.2372818895e-01   3.9857787438e-03
-2.2347994664e-01   -5.5126052869e-01   4.1997306728e-03
-2.2342523891e-01   -5.5129389950e-01   4.2000260103e-03
-2.2287797975e-01   -5.5162734327e-01   4.2029826127e-03
-2.1738730524e-01   -5.5493526767e-01   4.2328739010e-03
-1.7336658360e-01   -5.7909849141e-01   4.4884045467e-03
-1.2760021324e-01   -6.0010280479e-01   4.7877363735e-03
-1.2754068052e-01   -6.0012756414e-01   4.7881507219e-03
-1.2694521948e-01   -6.0037485736e-01   4.7922989252e-03
-1.2097734313e-01   -6.0281769187e-01   4.8342571165e-03
-7.3533695627e-02   -6.1999885888e-01   5.1945275822e-03
-2.4913656936e-02   -6.3366345398e-01   5.6205109525e-03
-2.4850851913e-02   -6.3367861562e-01   5.6211037387e-03
-2.4222721674e-02   -6.3382990329e-01   5.6270388365e-03
-1.7933542667e-02   -6.3530984618e-01   5.6871206499e-03
3.1679193132e-02   -6.4479238921e-01   6.2067626673e-03
8.1841636285e-02   -6.5049052112e-01   6.8299229253e-03
8.1906002543e-02   -6.5049534359e-01   6.8307966639e-03
8.2549686708e-02   -6.5054321962e-01   6.8395457145e-03
8.8988554075e-02   -6.5098707225e-01   6.9282157747e-03
1.3940063196e-01   -6.5225378521e-01   7.7027774404e-03
1.8969062481e-01   -6.4956986264e-01   8.6491712134e-03
1.8975471651e-01   -6.4956388171e-01   8.6505111176e-03
1.9039559315e-01   -6.4950371332e-01   8.6639300063e-03
1.9680017946e-01   -6.4886610872e-01   8.8001283901e-03
2.4655171665e-01   -6.4162346607e-01   1.0004915719e-02
2.9547478594e-01   -6.3037578436e-01   1.1511382348e-02
2.9553667142e-01   -6.3035884113e-01   1.1513540415e-02
2.9615542108e-01   -6.3018904987e-01   1.1535156853e-02
3.0233225196e-01   -6.2845525040e-01   1.1754947025e-02
3.4989305374e-01   -6.1265455614e-01   1.3728562201e-02
3.9588864072e-01   -5.9291544468e-01   1.6263747949e-02
3.9594630432e-01   -5.9288771096e-01   1.6267428619e-02
3.9652276738e-01   -5.9261002618e-01   1.6304303649e-02
4.0226995149e-01   -5.8979845502e-01   1.6679990447e-02
4.4604131383e-01   -5.6565561688e-01   2.0110636656e-02
4.8746840060e-01   -5.3777197466e-01   2.4648134966e-02
4.8751971075e-01   -5.3773398031e-01   2.4654815872e-02
4.8803256638e-01   -5.3735371291e-01   2.4721762797e-02
4.9313636382e-01   -5.3351871282e-01   2.5405242125e-02
5.3140802483e-01   -5.0153763238e-01   3.1754171251e-02
5.6646378296e-01   -4.6615948744e-01   4.0391950430e-02
5.6650635670e-01   -4.6611216165e-01   4.0404832585e-02
5.6693176279e-01   -4.6563861763e-01   4.0533943663e-02
5.7115247515e-01   -4.6087466764e-01   4.1854494767e-02
6.0195533338e-01   -4.2188639573e-01   5.4300046788e-02
6.2844304376e-01   -3.8002142642e-01   7.1594587417e-02
6.2847388238e-01   -3.7996618045e-01   7.1620592980e-02
6.2878182142e-01   -3.7941349050e-01   7.1881260655e-02
6.3181618005e-01   -3.7386371612e-01   7.4550142956e-02
6.5255313081e-01   -3.2910867428e-01   9.9870824538e-02
6.6735468874e-01   -2.8224082556e-01   1.3518106389e-01
6.6736938901e-01   -2.8217973356e-01   1.3523404066e-01
6.6751576389e-01   -2.8156866573e-01   1.3576501920e-01
6.6891622083e-01   -2.7544342596e-01   1.4119751203e-01
6.7562813528e-01   -2.2674893090e-01   1.9220981558e-01
6.7382776018e-01   -1.7708276883e-01   2.6103483935e-01
6.7381935674e-01   -1.7701892749e-01   2.6113568744e-01
6.7373441587e-01   -1.7638049041e-01   2.6214604926e-01
6.7279365542e-01   -1.6999408620e-01   2.7243853083e-01
6.5935227395e-01   -1.2010194043e-01   3.6491639065e-01
6.5932778275e-01   -1.2003840783e-01   3.6504810023e-01
6.5908179623e-01   -1.1940314703e-01   3.6636701796e-01
6.5651384206e-01   -1.1305746298e-01   3.7973664717e-01
6.2936253530e-01   -6.4078878879e-02   4.9423194620e-01
6.2931950914e-01   -6.4017225738e-02   4.9438749575e-01
6.2888805259e-01   -6.3400863579e-02   4.9594392114e-01
6.2445373517e-01   -5.7254623136e-02   5.1159498537e-01
5.8222067570e-01   -1.0512162885e-02   6.3568427421e-01
5.8215814780e-01   -1.0454153606e-02   6.3583997653e-01
5.8153169390e-01   -9.8743413486e-03   6.3739588237e-01
5.7515020962e-01   -4.1047254591e-03   6.5283242673e-01
5.2055059976e-01   3.7530281487e-02   7.5688454933e-01
5.2047114977e-01   3.7583083709e-02   7.5700190601e-01
5.1967571545e-01   3.8110726675e-02   7.5817166419e-01
5.1162951186e-01   4.3348861937e-02   7.6947715067e-01
4.4713919096e-01   8.0078995334e-02   8.2682206584e-01
4.4704849652e-01   8.0125306762e-02   8.2686246071e-01
4.4614107742e-01   8.0587972962e-02   8.2726056269e-01
4.3702176097e-01   8.5169624870e-02   8.3065203999e-01
3.6887712719e-01   1.1611124591e-01   8.2186518632e-01
3.0263000224e-01   1.4202957395e-01   7.5865331617e-01
3.0253993832e-01   1.4206267337e-01   7.5853286295e-01
3.0163978122e-01   1.4239320875e-01   7.5732401835e-01
2.9268815723e-01   1.4565283124e-01   7.4481541586e-01
2.3141893258e-01   1.6677229129e-01   6.3674219678e-01
2.3133858809e-01   1.6679876488e-01   6.3657649345e-01
2.3053590969e-01   1.6706308821e-01   6.3491785188e-01
2.2258648791e-01   1.6966532321e-01   6.1818253246e-01
1.6926191896e-01   1.8643929042e-01   4.9308674871e-01
1.6919397390e-01   1.8645994221e-01   4.9291525333e-01
1.6851535279e-01   1.8666610936e-01   4.9120101496e-01
1.6181193612e-01   1.8869299010e-01   4.7413807211e-01
1.1601746827e-01   2.0205224167e-01   3.5325377847e-01
1.1596194433e-01   2.0206788185e-01   3.5310502735e-01
1.1540743638e-01   2.0222399562e-01   3.5161950819e-01
1.0993486935e-01   2.0375658700e-01   3.3696639953e-01
7.1337487378e-02   2.1406943076e-01   2.3598254470e-01
7.1292487268e-02   2.1408084376e-01   2.3586938388e-01
7.0843045076e-02   2.1419473901e-01   2.3474002948e-01
6.6403767619e-02   2.1531040230e-01   2.2367133414e-01
3.4778099633e-02   2.2266135171e-01   1.5069813196e-01
7.5072995920e-03   2.2781660113e-01   9.9121211843e-02
7.4746082567e-03   2.2782190662e-01   9.9066990976e-02
7.1479634742e-03   2.2787478754e-01   9.8526280877e-02
3.9078879492e-03   2.2838629354e-01   9.3266951635e-02
-1.9998506443e-02   2.3133941831e-01   6.0382912790e-02
-4.1972211917e-02   2.3253585693e-01   3.9022565522e-02
-6.2632238689e-02   2.3207409197e-01   2.5536457566e-02
-6.2657998990e-02   2.3207246892e-01   2.5523003384e-02
-6.2915519186e-02   2.3205609501e-01   2.5388919316e-02
-6.5482553491e-02   2.3187803083e-01   2.4092910314e-02
-8.5092730406e-02   2.2959617028e-01   1.6341115728e-02
-1.0398690500e-01   2.2576166081e-01   1.1661382345e-02
-1.2223549885e-01   2.2040310105e-01   8.8712394509e-03
-1.3983631113e-01   2.1354706241e-01   7.2152056135e-03
-1.5674224924e-01   2.0522262191e-01   6.2256809140e-03
-1.7287995744e-01   1.9546415708e-01   5.6214407503e-03
-1.7290006530e-01   1.9545077723e-01   5.6208352866e-03
-1.7310106695e-01   1.9531685342e-01   5.6147999199e-03
-1.7510334849e-01   1.9396510533e-01   5.5563231635e-03
-1.9025636578e-01   1.8262004817e-01   5.1950879089e-03
-2.0444633167e-01   1.6993908099e-01   4.9507275927e-03
-2.1757807090e-01   1.5598079574e-01   4.7747759868e-03
-2.2955846478e-01   1.4081214394e-01   4.6406607972e-03
-2.4029839972e-01   1.2450832478e-01   4.5339947531e-03
-2.4971411878e-01   1.0715254339e-01   4.4470292165e-03
-2.4972527759e-01   1.0712971424e-01   4.4469285784e-03
-2.4983673955e-01   1.0690133632e-01   4.4459235773e-03
-2.5093871346e-01   1.0460895276e-01   4.4360103500e-03
-2.5874800133e-01   8.6163455445e-02   4.3665372460e-03
-2.6507606645e-01   6.6869490657e-02   4.3100357171e-03
-2.6986161664e-01   4.6832890896e-02   4.2653024286e-03
-2.7305180834e-01   2.6165659080e-02   4.2316364324e-03
-2.7460273652e-01   4.9853802658e-03   4.2086279483e-03
-2.7460365455e-01   4.9580193802e-03   4.2086052377e-03
-2.7461268424e-01   4.6843754286e-03   4.2083790684e-03
-2.7468790652e-01   1.9444795177e-03   4.2062110460e-03
-2.7432521425e-01   -1.9671556326e-02   4.1951072498e-03
-2.7226121701e-01   -4.1532994990e-02   4.1943446330e-03
-2.6848262811e-01   -6.3509025114e-02   4.2039593499e-03
-2.6298650796e-01   -8.5466131382e-02   4.2240874009e-03
-2.5578045291e-01   -1.0726887524e-01   4.2549627175e-03
-2.5577015013e-01   -1.0729659842e-01   4.2550092114e-03
-2.5566697017e-01   -1.0757380405e-01   4.2554751457e-03
-2.5461995954e-01   -1.1034317954e-01   4.2602342539e-03
-2.4548421017e-01   -1.3180261691e-01   4.3037967609e-03
-2.3469075404e-01   -1.5281488758e-01   4.3589506163e-03
-2.2228081888e-01   -1.7324383898e-01   4.4262634099e-03
-2.0830627490e-01   -1.9295484080e-01   4.5064255296e-03
-1.9282949230e-01   -2.1181564256e-01   4.6002618717e-03
-1.9280876960e-01   -2.1183916102e-01   4.6003910180e-03
-1.9260141391e-01   -2.1207425748e-01   4.6016837969e-03
-1.9051502932e-01   -2.1441635241e-01   4.6147436971e-03
-1.7341222608e-01   -2.3214872039e-01   4.7253950226e-03
-1.5497505304e-01   -2.4875959903e-01   4.8520086196e-03
-1.3529720946e-01   -2.6412976115e-01   4.9959353961e-03
-1.1448160778e-01   -2.7814585021e-01   5.1587365153e-03
-1.1445430823e-01   -2.7816286009e-01   5.1589575211e-03
-1.1418122043e-01   -2.7833282744e-01   5.1611694371e-03
-1.1144116266e-01   -2.8001930937e-01   5.1834752239e-03
-8.9463339486e-02   -2.9235907323e-01   5.3700431123e-03
-6.6596915678e-02   -3.0312539811e-01   5.5796628335e-03
-4.2970400012e-02   -3.1222844918e-01   5.8147426496e-03
-1.8719180908e-02   -3.1958737895e-01   6.0780324146e-03
-1.8687829578e-02   -3.1959564113e-01   6.0783884503e-03
-1.8374272852e-02   -3.1967809957e-01   6.0819516242e-03
-1.5234424602e-02   -3.2048631887e-01   6.1178665002e-03
9.5567100996e-03   -3.2576706988e-01   6.4172246621e-03
3.4662720347e-02   -3.2916375936e-01   6.7520231353e-03
5.9931370231e-02   -3.3062782778e-01   7.1263569957e-03
8.5206728337e-02   -3.3012209966e-01   7.5448374838e-03
8.5238985939e-02   -3.3012017980e-01   7.5454030224e-03
8.5561548224e-02   -3.3010080164e-01   7.5510628411e-03
8.8785729575e-02   -3.2988905831e-01   7.6081066449e-03
1.1387446240e-01   -3.2710363150e-01   8.0833475694e-03
1.3862753403e-01   -3.2230903344e-01   8.6144989433e-03
1.6288316776e-01   -3.1550640460e-01   9.2079602062e-03
1.8647965210e-01   -3.0670965778e-01   9.8706750890e-03
1.8650933533e-01   -3.0669714240e-01   9.8715699925e-03
1.8680609379e-01   -3.0657181157e-01   9.8805259235e-03
1.8976622825e-01   -3.0530081661e-01   9.9707780182e-03
2.1241359714e-01   -2.9426048597e-01   1.0721652250e-02
2.3406017136e-01   -2.8129945255e-01   1.1558000262e-02
2.5455081645e-01   -2.6647244035e-01   1.2487563862e-02
2.7373459092e-01   -2.4984710517e-01   1.3517686076e-02
2.7375822268e-01   -2.4982472725e-01   1.3519070590e-02
2.7399440946e-01   -2.4960079347e-01   1.3532925367e-02
2.7634314159e-01   -2.4734603726e-01   1.3672438740e-02
2.9385672216e-01   -2.2876620248e-01   1.4825089156e-02
3.0975919648e-01   -2.0857557731e-01   1.6089722899e-02
3.2391986420e-01   -1.8688094303e-01   1.7467658307e-02
3.3621688878e-01   -1.6380072517e-01   1.8955935600e-02
3.3623137164e-01   -1.6377037847e-01   1.8957906349e-02
3.3637602248e-01   -1.6346679847e-01   1.8977623023e-02
3.3780470700e-01   -1.6041975773e-01   1.9175702853e-02
3.4783761450e-01   -1.3591627862e-01   2.0778813340e-02
3.5578180649e-01   -1.1031728350e-01   2.2464086841e-02
3.6155201637e-01   -8.3773570747e-02   2.4204428875e-02
3.6507765109e-01   -5.6444469468e-02   2.5961748433e-02
3.6508069748e-01   -5.6409090086e-02   2.5963986422e-02
3.6511095448e-01   -5.6055240664e-02   2.5986363414e-02
3.6539281382e-01   -5.2511258577e-02   2.6209819081e-02
3.6628975635e-01   -2.4489633255e-02   2.7924745541e-02
3.6484729349e-01   3.9526082602e-03   2.9535416209e-02
3.6105043611e-01   3.2636995066e-02   3.0968898066e-02
3.5490425549e-01   6.1381845338e-02   3.2146273061e-02
3.5489490078e-01   6.1418563300e-02   3.2147580432e-02
3.5480114452e-01   6.1785731784e-02   3.2160623896e-02
3.5384268508e-01   6.5456224912e-02   3.2288001187e-02
3.4504618308e-01   9.4045873757e-02   3.3076368880e-02
3.3397995208e-01   1.2230328433e-01   3.3448217196e-02
3.2071189335e-01   1.5004687627e-01   3.3349993198e-02
3.0532725367e-01   1.7709825491e-01   3.2753096964e-02
3.0530626688e-01   1.7713232890e-01   3.2752011960e-02
3.0509621764e-01   1.7747299070e-01   3.2741117052e-02
3.0297763121e-01   1.8087173445e-01   3.2627690517e-02
2.8529909666e-01   2.0692029898e-01   3.1466537840e-02
2.6573264601e-01   2.3191113890e-01   2.9854139990e-02
2.4439991868e-01   2.5568351934e-01   2.7864354251e-02
2.2142801089e-01   2.7808399029e-01   2.5596583266e-02
2.2139764160e-01   2.7811169353e-01   2.5593553481e-02
2.2109381303e-01   2.7838858931e-01   2.5563240977e-02
2.1804201831e-01   2.8114382547e-01   2.5258700535e-02
1.9335780237e-01   3.0179991582e-01   2.2813945280e-02
1.6731593753e-01   3.2078186075e-01   2.0339366072e-02
1.4005049839e-01   3.3796152416e-01   1.7940766553e-02
1.4001490727e-01   3.3798228687e-01   1.7937787057e-02
1.3965889834e-01   3.3818974099e-01   1.7908006834e-02
1.3608909235e-01   3.4024693756e-01   1.7611709366e-02
1.0759319320e-01   3.5522285678e-01   1.5402754502e-02
7.8169672448e-02   3.6815151332e-01   1.3420546166e-02
4.7963585802e-02   3.7893318891e-01   1.1693300792e-02
4.7924522636e-02   3.7894556211e-01   1.1691259319e-02
4.7533834218e-02   3.7906909277e-01   1.1670868031e-02
4.3621339716e-02   3.8028423653e-01   1.1469296029e-02
1.2706958104e-02   3.8850519420e-01   1.0037129154e-02
-1.8657442919e-02   3.9440043059e-01   8.8465526834e-03
-5.0305212393e-02   3.9790431842e-01   7.8700556966e-03
-5.0345789920e-02   3.9790724399e-01   7.8689303754e-03
-5.0751575025e-02   3.9793627967e-01   7.8576934799e-03
-5.4810333632e-02   3.9820461901e-01   7.7469419296e-03
-8.6568904830e-02   3.9891335697e-01   6.9751334844e-03
-1.1823126568e-01   3.9713275678e-01   6.3477925288e-03
-1.4961183037e-01   3.9283842837e-01   5.8357482441e-03
-1.8052156079e-01   3.8602036981e-01   5.4144787739e-03
-1.8056070373e-01   3.8601003600e-01   5.4139893118e-03
-1.8095207357e-01   3.8590647126e-01   5.4091010496e-03
-1.8485972987e-01   3.8484816452e-01   5.3608471223e-03
-2.1499820381e-01   3.7515492977e-01   5.0195365026e-03
-2.4425642104e-01   3.6296684604e-01   4.7324767462e-03
-2.7244444321e-01   3.4832144416e-01   4.4887673929e-03
-2.9937513367e-01   3.3127171603e-01   4.2803129118e-03
-2.9940868769e-01   3.3124840204e-01   4.2800661708e-03
-2.9974409828e-01   3.3101505198e-01   4.2776013775e-03
-3.0308516183e-01   3.2866056783e-01   4.2532129408e-03
-3.2835662956e-01   3.0894980483e-01   4.0777594492e-03
-3.5198577996e-01   2.8699995184e-01   3.9265088631e-03
-3.7380311863e-01   2.6291186681e-01   3.7961770404e-03
-3.7382978782e-01   2.6287974308e-01   3.7960226230e-03
-3.7409630214e-01   2.6255832382e-01   3.7944800973e-03
-3.7674361939e-01   2.5932598695e-01   3.7792187553e-03
-3.9629528961e-01   2.3293823655e-01   3.6697117527e-03
-4.1370132098e-01   2.0467692438e-01   3.5763693384e-03
-4.2882199049e-01   1.7468719362e-01   3.4976861051e-03
-4.2883980701e-01   1.7464780388e-01   3.4975943371e-03
-4.2901775495e-01   1.7425376523e-01   3.4966778664e-03
-4.3077546300e-01   1.7029932345e-01   3.4876336465e-03
-4.4313060344e-01   1.3852976696e-01   3.4242546998e-03
-4.5294192488e-01   1.0538492124e-01   3.3733074647e-03
-4.6010990110e-01   7.1047606695e-02   3.3341099876e-03
-4.6011733704e-01   7.1003015840e-02   3.3340671554e-03
-4.6019145092e-01   7.0557017415e-02   3.3336398436e-03
-4.6090800547e-01   6.6088130689e-02   3.3294676156e-03
-4.6495452323e-01   3.0625635059e-02   3.3030898536e-03
-4.6619480756e-01   -5.6048836451e-03   3.2876004095e-03
-4.6457785237e-01   -4.2392242315e-02   3.2828446143e-03
-4.6457393906e-01   -4.2439548223e-02   3.2828453859e-03
-4.6453454582e-01   -4.2912637722e-02   3.2828540647e-03
-4.6411458393e-01   -4.7646481059e-02   3.2830372481e-03
-4.5919396239e-01   -8.4802927317e-02   3.2905384972e-03
-4.5136392541e-01   -1.2204293649e-01   3.3089380465e-03
-4.4062769439e-01   -1.5913852634e-01   3.3385483325e-03
-4.4061211203e-01   -1.5918577157e-01   3.3385935578e-03
-4.4045602887e-01   -1.5965819008e-01   3.3390468610e-03
-4.3886925159e-01   -1.6437889394e-01   3.3436851083e-03
-4.2484128404e-01   -2.0102743403e-01   3.3866860802e-03
-4.0797470076e-01   -2.3703613560e-01   3.4421267087e-03
-3.8832960518e-01   -2.7217342704e-01   3.5108802767e-03
-3.8830273672e-01   -2.7221770257e-01   3.5109771615e-03
-3.8803380914e-01   -2.7266035869e-01   3.5119473050e-03
-3.8532027599e-01   -2.7707690615e-01   3.5217787463e-03
-3.6259899668e-01   -3.1093826117e-01   3.6070945989e-03
-3.3728869963e-01   -3.4344010861e-01   3.7084030250e-03
-3.0950569499e-01   -3.7436141913e-01   3.8274245558e-03
-3.0946863967e-01   -3.7439985546e-01   3.8275889459e-03
-3.0909787610e-01   -3.7478405714e-01   3.8292346268e-03
-3.0536925726e-01   -3.7860982337e-01   3.8458703766e-03
-2.7492681201e-01   -4.0746415190e-01   3.9877122109e-03
-2.4231797420e-01   -4.3428775682e-01   4.1523296399e-03
-2.0771119036e-01   -4.5888439914e-01   4.3429280086e-03
-2.0766573473e-01   -4.5891434598e-01   4.3431899552e-03
-2.0721101523e-01   -4.5921359718e-01   4.3458121055e-03
-2.0264758274e-01   -4.6218431923e-01   4.3723038700e-03
-1.6598471504e-01   -4.8401177998e-01   4.5974074989e-03
-1.2773481449e-01   -5.0322994972e-01   4.8579697067e-03
-8.8111200856e-02   -5.1968091421e-01   5.1600745861e-03
-8.8059747833e-02   -5.1970011657e-01   5.1604905371e-03
-8.7545114367e-02   -5.1989187822e-01   5.1646544507e-03
-8.2388555216e-02   -5.2178324507e-01   5.2067375380e-03
-4.1472844863e-02   -5.3490012529e-01   5.5655941751e-03
3.1962644006e-04   -5.4496289155e-01   5.9844131252e-03
4.2740556410e-02   -5.5186399638e-01   6.4753332040e-03
4.2795095580e-02   -5.5187075695e-01   6.4760132755e-03
4.3340520622e-02   -5.5193807004e-01   6.4828218293e-03
4.8797993536e-02   -5.5258191112e-01   6.5516987007e-03
9.1621733765e-02   -5.5576444501e-01   7.1439214509e-03
1.3451407262e-01   -5.5561748202e-01   7.8462208020e-03
1.7720308186e-01   -5.5209378256e-01   8.6844344730e-03
1.7725742241e-01   -5.5208710134e-01   8.6856066451e-03
1.7780078452e-01   -5.5201998295e-01   8.6973435304e-03
1.8322995609e-01   -5.5131816985e-01   8.8162450692e-03
2.2534761936e-01   -5.4390746215e-01   9.8509732115e-03
2.6666331565e-01   -5.3309004615e-01   1.1105380633e-02
3.0689192277e-01   -5.1888661635e-01   1.2638271325e-02
3.0694254648e-01   -5.1886630215e-01   1.2640440478e-02
3.0744865981e-01   -5.1866285946e-01   1.2662163867e-02
3.1249729251e-01   -5.1659838100e-01   1.2882621291e-02
3.5113225974e-01   -4.9858300148e-01   1.4829436668e-02
3.8806022409e-01   -4.7730375761e-01   1.7251138590e-02
4.2298710585e-01   -4.5285527502e-01   2.0288453532e-02
4.2303036065e-01   -4.5282203092e-01   2.0292805505e-02
4.2346270177e-01   -4.5248931550e-01   2.0336397012e-02
4.2776529487e-01   -4.4913477625e-01   2.0779581737e-02
4.6004175183e-01   -4.2121477361e-01   2.4751119123e-02
4.8966983043e-01   -3.9041281314e-01   2.9811600037e-02
5.1633315839e-01   -3.5690455410e-01   3.6296277289e-02
5.1636521652e-01   -3.5686005682e-01   3.6305654699e-02
5.1668550141e-01   -3.5641485892e-01   3.6399595197e-02
5.1985856036e-01   -3.5194045545e-01   3.7355849013e-02
5.4272980156e-01   -3.1559287075e-01   4.6003003586e-02
5.6190007444e-01   -2.7701275057e-01   5.7142215204e-02
5.7698429296e-01   -2.3647152256e-01   7.1457842565e-02
5.7700079065e-01   -2.3641855221e-01   7.1478509037e-02
5.7716536233e-01   -2.3588869980e-01   7.1685529883e-02
5.7877037382e-01   -2.3057542787e-01   7.3791701598e-02
5.8867260532e-01   -1.8817291421e-01   9.2694281527e-02
5.9354352352e-01   -1.4451615177e-01   1.1647336621e-01
5.9354632328e-01   -1.4445968703e-01   1.1650720350e-01
5.9357382405e-01   -1.4389496235e-01   1.1684607644e-01
5.9379893173e-01   -1.3824016017e-01   1.2028502265e-01
5.9232287592e-01   -9.3637983414e-02   1.5040193053e-01
5.8476228531e-01   -4.8685106212e-02   1.8622202133e-01
5.8474852628e-01   -4.8627603799e-02   1.8627126859e-01
5.8461034872e-01   -4.8052592291e-02   1.8676419324e-01
5.8316968491e-01   -4.2303958835e-02   1.9173805364e-01
5.6814088667e-01   2.4458754529e-03   2.3304055081e-01
5.4629538546e-01   4.6449512958e-02   2.7670462675e-01
5.4626306447e-01   4.6505070427e-02   2.7676044335e-01
5.4593924218e-01   4.7060528236e-02   2.7731847203e-01
5.4263987260e-01   5.2603183735e-02   2.8288294465e-01
5.1308215000e-01   9.5082506965e-02   3.2427811598e-01
4.7730422859e-01   1.3565233279e-01   3.5784944803e-01
4.7725487411e-01   1.3570277430e-01   3.5788485025e-01
4.7676085778e-01   1.3620697321e-01   3.5823764141e-01
4.7177407311e-01   1.4122715883e-01   3.6164014600e-01
4.3015244905e-01   1.7902935330e-01   3.7934377700e-01
3.8499531112e-01   2.1399715402e-01   3.7880226461e-01
3.8493602970e-01   2.1403993096e-01   3.7878913947e-01
3.8434305307e-01   2.1446742127e-01   3.7865614292e-01
3.7839779709e-01   2.1871433863e-01   3.7715214965e-01
3.3130203520e-01   2.5013941597e-01   3.5494783671e-01
2.8425684675e-01   2.7834017790e-01   3.1701727393e-01
2.8419731212e-01   2.7837416775e-01   3.1696098664e-01
2.8360208887e-01   2.7871377623e-01   3.1639721223e-01
2.7766259496e-01   2.8208088344e-01   3.1067213082e-01
2.3219963893e-01   3.0661220553e-01   2.6186248221e-01
1.8889921810e-01   3.2802909245e-01   2.1047074599e-01
1.8884537009e-01   3.2805454051e-01   2.1040588386e-01
1.8830710673e-01   3.2830875305e-01   2.0975753715e-01
1.8294614298e-01   3.3082412746e-01   2.0330345347e-01
1.4235745267e-01   3.4884741977e-01   1.5551686878e-01
1.0395796817e-01   3.6404386018e-01   1.1449003129e-01
1.0391011627e-01   3.6406153464e-01   1.1444264976e-01
1.0343176045e-01   3.6423803552e-01   1.1396957440e-01
9.8664339563e-02   3.6597871583e-01   1.0931298614e-01
6.2300562718e-02   3.7808468036e-01   7.7553868230e-02
2.7263594343e-02   3.8757027644e-01   5.3666644103e-02
2.7219471423e-02   3.8758075210e-01   5.3640723276e-02
2.6778327041e-02   3.8768527760e-01   5.3382126434e-02
2.2375225551e-02   3.8870743254e-01   5.0856720670e-02
-1.1598082290e-02   3.9525793936e-01   3.4601686522e-02
-4.4924394403e-02   3.9926083657e-01   2.3519068721e-02
-7.7754706055e-02   4.0072032265e-01   1.6240542858e-02
-7.7796401784e-02   4.0072055950e-01   1.6233148943e-02
-7.8213319709e-02   4.0072269897e-01   1.6159445302e-02
-8.2378564026e-02   4.0072118442e-01   1.5445527190e-02
-1.1470061522e-01   3.9927169057e-01   1.1110804339e-02
-1.4653972558e-01   3.9527036522e-01   8.4239419984e-03
-1.7779993165e-01   3.8871850720e-01   6.7763537677e-03
-1.7783948055e-01   3.8870849950e-01   6.7747201657e-03
-1.7823490551e-01   3.8860819397e-01   6.7584397098e-03
-1.8218268193e-01   3.8758229359e-01   6.6010577227e-03
-2.1261525345e-01   3.7813140583e-01   5.6511384438e-03
-2.4215071950e-01   3.6616711138e-01   5.0469140015e-03
-2.7061477234e-01   3.5172729360e-01   4.6431737990e-03
-2.9782786935e-01   3.3486441594e-01   4.3561115265e-03
-2.9786179023e-01   3.3484132851e-01   4.3557963672e-03
-2.9820087027e-01   3.3461024232e-01   4.3526508928e-03
-3.0157871595e-01   3.3227821957e-01   4.3217942768e-03
-3.2714350910e-01   3.1273175231e-01   4.1121296008e-03
-3.5107612269e-01   2.9092526591e-01   3.9443271767e-03
-3.7320635117e-01   2.6695851199e-01   3.8056992601e-03
-3.7323342599e-01   2.6692652885e-01   3.8055372771e-03
-3.7350399726e-01   2.6660651342e-01   3.8039194182e-03
-3.7619195661e-01   2.6338800677e-01   3.7879358242e-03
-3.9606565141e-01   2.3709515614e-01   3.6742528152e-03
-4.1379993201e-01   2.0890460267e-01   3.5782799415e-03
-4.2925323963e-01   1.7896068972e-01   3.4976849674e-03
-4.2927148349e-01   1.7892134231e-01   3.4975910290e-03
-4.2945370517e-01   1.7852772459e-01   3.4966528844e-03
-4.3125417174e-01   1.7457726151e-01   3.4873948393e-03
-4.4394458859e-01   1.4282423872e-01   3.4224882136e-03
-4.5409134613e-01   1.0966974249e-01   3.3701823674e-03
-4.6159286606e-01   7.5296248353e-02   3.3297227234e-03
-4.6160072642e-01   7.5251594152e-02   3.3296783199e-03
-4.6167908417e-01   7.4804959867e-02   3.3292353001e-03
-4.6243804068e-01   7.0329474102e-02   3.3249064768e-03
-4.6681340005e-01   3.4800284185e-02   3.2973287767e-03
-4.6837617198e-01   -1.5236621114e-03   3.2806668548e-03
-4.6707326639e-01   -3.8431020301e-02   3.2747466587e-03
-4.6706974839e-01   -3.8478496547e-02   3.2747459390e-03
-4.6703430724e-01   -3.8953291792e-02   3.2747397048e-03
-4.6665377081e-01   -4.3704428546e-02   3.2747736682e-03
-4.6203503776e-01   -8.1010807638e-02   3.2810989390e-03
-4.5449406391e-01   -1.1842641584e-01   3.2982950378e-03
-4.4403208642e-01   -1.5572258632e-01   3.3266581518e-03
-4.4401684445e-01   -1.5577010369e-01   3.3267017472e-03
-4.4386416369e-01   -1.5624524577e-01   3.3271387456e-03
-4.4231125902e-01   -1.6099340207e-01   3.3316133923e-03
-4.2853828241e-01   -1.9787000187e-01   3.3732965019e-03
-4.1190784420e-01   -2.3412972660e-01   3.4273377804e-03
-3.9247829057e-01   -2.6953981160e-01   3.4945903131e-03
-3.9245168382e-01   -2.6958444934e-01   3.4946852041e-03
-3.9218537138e-01   -2.7003072943e-01   3.4956353972e-03
-3.8949778857e-01   -2.7448369968e-01   3.5052662074e-03
-3.6696650010e-01   -3.0864105325e-01   3.5889370124e-03
-3.4182217017e-01   -3.4145760491e-01   3.6884462053e-03
-3.1417969672e-01   -3.7271067037e-01   3.8054837446e-03
-3.1414280427e-01   -3.7274954110e-01   3.8056454647e-03
-3.1377366688e-01   -3.7313808813e-01   3.8072644260e-03
-3.1006106894e-01   -3.7700744435e-01   3.8236309823e-03
-2.7972855101e-01   -4.0621080575e-01   3.9632336320e-03
-2.4720163625e-01   -4.3339651562e-01   4.1253421430e-03
-2.1264780497e-01   -4.5836629481e-01   4.3131097798e-03
-2.1260239814e-01   -4.5839672495e-01   4.3133678751e-03
-2.1214816400e-01   -4.5870081002e-01   4.3159514775e-03
-2.0758931687e-01   -4.6171994972e-01   4.3420542819e-03
-1.7094534151e-01   -4.8393051983e-01   4.5638821642e-03
-1.3268383701e-01   -5.0353813182e-01   4.8206957291e-03
-9.3017677647e-02   -5.2038254904e-01   5.1184832879e-03
-9.2966150276e-02   -5.2040225608e-01   5.1188933064e-03
-9.2450770521e-02   -5.2059906470e-01   5.1229978341e-03
-8.7286467551e-02   -5.2254091466e-01   5.1644808488e-03
-4.6292558389e-02   -5.3605290458e-01   5.5182253194e-03
-4.3905875381e-03   -5.4650961495e-01   5.9310771979e-03
3.8171028565e-02   -5.5380101627e-01   6.4149896477e-03
3.8225767497e-02   -5.5380827252e-01   6.4156599989e-03
3.8773192934e-02   -5.5388054194e-01   6.4223712364e-03
4.4250947600e-02   -5.5457388978e-01   6.4902634306e-03
8.7250618597e-02   -5.5813949028e-01   7.0740049361e-03
1.3034923193e-01   -5.5836656959e-01   7.7662183074e-03
1.7327419484e-01   -5.5520537935e-01   8.5923726822e-03
1.7332885577e-01   -5.5519915324e-01   8.5935279855e-03
1.7387542438e-01   -5.5513658468e-01   8.6050959656e-03
1.7933692001e-01   -5.5448014256e-01   8.7222864357e-03
2.2172340735e-01   -5.4741573103e-01   9.7421373235e-03
2.6333564623e-01   -5.3692778572e-01   1.0978586176e-02
3.0388737183e-01   -5.2303459529e-01   1.2489736699e-02
3.0393842522e-01   -5.2301466449e-01   1.2491875291e-02
3.0444883754e-01   -5.2281505382e-01   1.2513292651e-02
3.0954068727e-01   -5.2078870042e-01   1.2730647983e-02
3.4852756261e-01   -5.0305873062e-01   1.4650385011e-02
3.8583115725e-01   -4.8204071752e-01   1.7039318039e-02
4.2115589832e-01   -4.5782709399e-01   2.0037180700e-02
4.2119967545e-01   -4.5779413242e-01   2.0041477542e-02
4.2163724169e-01   -4.5746423978e-01   2.0084517066e-02
4.2599227092e-01   -4.5413767112e-01   2.0522113349e-02
4.5869002487e-01   -4.2641984246e-01   2.4445518418e-02
4.8875809727e-01   -3.9578929130e-01   2.9449884416e-02
5.1587823776e-01   -3.6241979079e-01   3.5871294160e-02
5.1591088993e-01   -3.6237544928e-01   3.5880587074e-02
5.1623711648e-01   -3.6193180597e-01   3.5973682223e-02
5.1946972308e-01   -3.5747263803e-01   3.6921445464e-02
5.4281430841e-01   -3.2122438579e-01   4.5501179510e-02
5.6246944789e-01   -2.8270738289e-01   5.6577661518e-02
5.7804626096e-01   -2.4219171853e-01   7.0850627995e-02
5.7806339138e-01   -2.4213875635e-01   7.0871262671e-02
5.7823429072e-01   -2.4160898223e-01   7.1077969664e-02
5.7990259756e-01   -2.3629614567e-01   7.3181427738e-02
5.9029937398e-01   -1.9387511706e-01   9.2097809592e-02
5.9565734683e-01   -1.5016079439e-01   1.1598773053e-01
5.9566075960e-01   -1.5010423113e-01   1.1602179731e-01
5.9569438868e-01   -1.4953851776e-01   1.1636297967e-01
5.9598059163e-01   -1.4387348115e-01   1.1982649996e-01
5.9496676592e-01   -9.9169778922e-02   1.5024587457e-01
5.8782585680e-01   -5.4078865671e-02   1.8662680310e-01
5.8781259662e-01   -5.4021164748e-02   1.8667697194e-01
5.8767940130e-01   -5.3444165192e-02   1.8717914378e-01
5.8628792989e-01   -4.7675357342e-02   1.9224865235e-01
5.7159752886e-01   -2.7505410124e-03   2.3451385738e-01
5.4998451171e-01   4.1453569448e-02   2.7955056436e-01
5.4995240561e-01   4.1509395924e-02   2.7960839759e-01
5.4963071959e-01   4.2067545279e-02   2.8018662756e-01
5.4635144104e-01   4.7637258994e-02   2.8595657761e-01
5.1686498096e-01   9.0334671789e-02   3.2914759271e-01
4.8099171493e-01   1.3112519172e-01   3.6470164774e-01
4.8094212782e-01   1.3117591142e-01   3.6473958475e-01
4.8044576955e-01   1.3168289133e-01   3.6511771336e-01
4.7543402345e-01   1.3673078316e-01   3.6877239732e-01
4.3352467742e-01   1.7474029795e-01   3.8829347477e-01
3.8794079002e-01   2.0989026102e-01   3.8904277922e-01
3.8788089516e-01   2.0993325033e-01   3.8903083650e-01
3.8728177658e-01   2.1036286132e-01   3.8890959137e-01
3.8127436478e-01   2.1463066809e-01   3.8751575687e-01
3.3366126169e-01   2.4619802610e-01   3.6568820710e-01
2.8609338567e-01   2.7450186798e-01   3.2728503974e-01
2.8603320814e-01   2.7453596469e-01   3.2722765968e-01
2.8543156137e-01   2.7487663833e-01   3.2665289565e-01
2.7942840067e-01   2.7825405718e-01   3.2081184497e-01
2.3351383535e-01   3.0284587786e-01   2.7077641687e-01
1.8986975152e-01   3.2429267230e-01   2.1781225649e-01
1.8981554310e-01   3.2431814267e-01   2.1774529082e-01
1.8927368715e-01   3.2457257633e-01   2.1707590408e-01
1.8387794442e-01   3.2708997063e-01   2.1041106657e-01
1.4308911985e-01   3.4511914348e-01   1.6100255436e-01
1.0461074457e-01   3.6031063013e-01   1.1852097721e-01
1.0456286298e-01   3.6032829520e-01   1.1847189217e-01
1.0408421972e-01   3.6050470202e-01   1.1798180585e-01
9.9314856693e-02   3.6224442819e-01   1.1315753957e-01
6.2989675513e-02   3.7434372082e-01   8.0245139176e-02
2.8070852667e-02   3.8382885454e-01   5.5482115829e-02
2.8026922389e-02   3.8383933611e-01   5.5455241691e-02
2.7587709634e-02   3.8394392174e-01   5.5187133905e-02
2.3204436116e-02   3.8496678685e-01   5.2568816084e-02
-1.0585826586e-02   3.9153057830e-01   3.5714493406e-02
-4.3691624753e-02   3.9556297482e-01   2.4222124508e-02
-7.6278201324e-02   3.9707079972e-01   1.6674295030e-02
-7.6319575465e-02   3.9707111125e-01   1.6666627830e-02
-7.6733276432e-02   3.9707399933e-01   1.6590200123e-02
-8.0866246194e-02   3.9708015664e-01   1.5849903968e-02
-1.1293112550e-01   3.9570252694e-01   1.1355686256e-02
-1.4450966157e-01   3.9179464458e-01   8.5716762819e-03
-1.7551154263e-01   3.8535818330e-01   6.8668560635e-03
-1.7555076456e-01   3.8534833725e-01   6.8651676366e-03
-1.7594292033e-01   3.8524965020e-01   6.8483410964e-03
-1.7985806538e-01   3.8424013215e-01   6.6857096220e-03
-2.1003995488e-01   3.7492968828e-01   5.7057066611e-03
-2.3933479150e-01   3.6312743224e-01   5.0848769691e-03
-2.6757074314e-01   3.4887069488e-01   4.6721813074e-03
-2.9457033543e-01   3.3221120047e-01   4.3803465020e-03
-2.9460399343e-01   3.3218838575e-01   4.3800269572e-03
-2.9494044610e-01   3.3196002836e-01   4.3768378200e-03
-2.9829216643e-01   3.2965546768e-01   4.3455631149e-03
-3.2366230754e-01   3.1033445592e-01   4.1335418378e-03
-3.4741847881e-01   2.8877161478e-01   3.9644019750e-03
-3.6939190814e-01   2.6506549014e-01   3.8249393601e-03
-3.6941879559e-01   2.6503385060e-01   3.8247765029e-03
-3.6968749515e-01   2.6471727255e-01   3.8231499229e-03
-3.7235692632e-01   2.6153327983e-01   3.8070811392e-03
-3.9209784201e-01   2.3551881655e-01   3.6928298782e-03
-4.0972163079e-01   2.0762063507e-01   3.5963970250e-03
-4.2508777269e-01   1.7798150094e-01   3.5153987132e-03
-4.2510592043e-01   1.7794255050e-01   3.5153042836e-03
-4.2528718301e-01   1.7755290346e-01   3.5143612299e-03
-4.2707827708e-01   1.7364224293e-01   3.5050543796e-03
-4.3970926862e-01   1.4220610734e-01   3.4397816517e-03
-4.4982170611e-01   1.0937719487e-01   3.3871318931e-03
-4.5731462036e-01   7.5336114503e-02   3.3463458861e-03
-4.5732248639e-01   7.5291888928e-02   3.3463010751e-03
-4.5740090320e-01   7.4849541342e-02   3.3458539821e-03
-4.5816068599e-01   7.0416965672e-02   3.3414845561e-03
-4.6255735771e-01   3.5225615074e-02   3.3135968929e-03
-4.6416795283e-01   -7.5788689800e-04   3.2966364782e-03
-4.6393196877e-01   -1.8352167056e-02   3.2923012079e-03
