X    Y    Z
1.0000000000e-01   0.0000000000e+00   0.0000000000e+00
8.1722524356e-02   -5.7082037391e-03   -7.3192461032e-06
6.5699593186e-02   -1.1176107682e-02   -2.4882912388e-05
5.1564856744e-02   -1.6498592460e-02   -4.7383622299e-05
3.9000867620e-02   -2.1763013074e-02   -7.0815430434e-05
2.7731577073e-02   -2.7050905772e-02   -9.2069534732e-05
1.7515876950e-02   -3.2439518335e-02   -1.0862836190e-04
8.1420301710e-03   -3.8003193469e-02   -1.1832935492e-04
-5.7714437340e-04   -4.3814632170e-02   -1.1917698840e-04
-8.8084473616e-03   -4.9946061252e-02   -1.0918670450e-04
-1.6701933564e-02   -5.6470326766e-02   -8.6248118747e-05
-2.4394090042e-02   -6.3461932830e-02   -4.7997367524e-05
-3.2010630964e-02   -7.0998043459e-02   8.3098713156e-06
-3.9668972018e-02   -7.9159463277e-02   8.5932165193e-05
-4.7480438859e-02   -8.8031611543e-02   1.8878995155e-04
-5.5552256863e-02   -9.7705502571e-02   3.2163403289e-04
-6.3989363223e-02   -1.0827874445e-01   4.9024237461e-04
-7.2896077182e-02   -1.1985656678e-01   7.0165341113e-04
-8.2377659619e-02   -1.3255288689e-01   9.6444521003e-04
-9.2541789236e-02   -1.4649142281e-01   1.2890713733e-03
-1.0349997906e-01   -1.6180685933e-01   1.6882665030e-03
-1.1536895372e-01   -1.7864607185e-01   2.1775364704e-03
-1.2827200495e-01   -1.9716940942e-01   2.7757516610e-03
-1.4234033955e-01   -2.1755203550e-01   3.5058648925e-03
-1.5771443083e-01   -2.3998531907e-01   4.3957798845e-03
-1.7454538080e-01   -2.6467826299e-01   5.4794010817e-03
-1.9299629575e-01   -2.9185894642e-01   6.7979013426e-03
-2.1324367251e-01   -3.2177594655e-01   8.4012505528e-03
-2.3547878519e-01   -3.5469968755e-01   1.0350055572e-02
-2.5990905306e-01   -3.9092364253e-01   1.2717769979e-02
-2.8675935777e-01   -4.3076528443e-01   1.5593340579e-02
-3.1627326183e-01   -4.7456664170e-01   1.9084366048e-02
-3.4871405861e-01   -5.2269426286e-01   2.3320850651e-02
-3.8436555574e-01   -5.7553832510e-01   2.8459641072e-02
-4.2353245647e-01   -6.3351053433e-01   3.4689635089e-02
-4.6654015500e-01   -6.9704035035e-01   4.2237843434e-02
-5.1373369905e-01   -7.6656892887e-01   5.1376365927e-02
-5.6547559321e-01   -8.4253999543e-01   6.2430302387e-02
-6.2214201629e-01   -9.2538665388e-01   7.5786547765e-02
-6.8411690230e-01   -1.0155128848e+00   9.1903305204e-02
-7.5178318688e-01   -1.1132682160e+00   1.1131997171e-01
-8.2551034989e-01   -1.2189137717e+00   1.3466678522e-01
-9.0563719823e-01   -1.3325776719e+00   1.6267324119e-01
-9.9244864751e-01   -1.4541976407e+00   1.9617376254e-01
-1.0861451084e+00   -1.5834488128e+00   2.3610841470e-01
-1.1868030189e+00   -1.7196553029e+00   2.8351559294e-01
-1.2943251709e+00   -1.8616853829e+00   3.3951260835e-01
-1.4083798913e+00   -2.0078324513e+00   4.0525907556e-01
-1.5283290087e+00   -2.1556877591e+00   4.8189719943e-01
-1.6531460959e+00   -2.3020164071e+00   5.7046289137e-01
-1.7813289022e+00   -2.4426555049e+00   6.7176276299e-01
-1.9108133359e+00   -2.5724620697e+00   7.8621529741e-01
-2.0389007394e+00   -2.6853466609e+00   9.1366079001e-01
-2.1622150542e+00   -2.7744339080e+00   1.0531545683e+00
-2.2767107458e+00   -2.8323884362e+00   1.2027711610e+00
-2.3777542718e+00   -2.8519288986e+00   1.3594613037e+00
-2.4602991119e+00   -2.8265198781e+00   1.5190143234e+00
-2.5191646822e+00   -2.7511820387e+00   1.6761787636e+00
-2.5494118478e+00   -2.6233043003e+00   1.8249772100e+00
-2.5467839343e+00   -2.4432968096e+00   1.9592140824e+00
-2.5081574950e+00   -2.2149141840e+00   2.0731229337e+00
-2.4319299438e+00   -1.9451231099e+00   2.1620479629e+00
-2.3182700310e+00   -1.6434857361e+00   2.2230245222e+00
-2.1691764048e+00   -1.3211532697e+00   2.2551328490e+00
-1.9883261175e+00   -9.8966783423e-01   2.2595503747e+00
-1.7807383732e+00   -6.5981397641e-01   2.2393038678e+00
-1.5523152976e+00   -3.4072915365e-01   2.1987947291e+00
-1.3093401061e+00   -3.9393359521e-02   2.1432133621e+00
-1.0580102561e+00   2.3948886378e-01   2.0779614613e+00
-8.0406333533e-01   4.9328685772e-01   2.0081716629e+00
-5.5252553110e-01   7.2103991075e-01   1.9383699286e+00
-3.0758562855e-01   9.2297102603e-01   1.8722847997e+00
-7.2577632909e-02   1.1000138476e+00   1.8127797820e+00
1.4995566396e-01   1.2534131726e+00   1.7618728781e+00
3.5814858074e-01   1.3844269260e+00   1.7208074110e+00
5.5067554025e-01   1.4941337070e+00   1.6901455142e+00
7.2661319517e-01   1.5833359545e+00   1.6698653634e+00
8.8531736375e-01   1.6525423562e+00   1.6594523132e+00
1.0263245600e+00   1.7020114358e+00   1.6579811317e+00
1.1492829867e+00   1.7318387440e+00   1.6641910801e+00
1.2539139728e+00   1.7420711289e+00   1.6765578448e+00
1.3400018110e+00   1.7328324260e+00   1.6933666583e+00
1.4074075995e+00   1.7044455882e+00   1.7127897925e+00
1.4561008886e+00   1.6575372084e+00   1.7329694292e+00
1.4862016874e+00   1.5931121558e+00   1.7521042367e+00
1.4980247843e+00   1.5125891049e+00   1.7685353791e+00
1.4921185180e+00   1.4177921729e+00   1.7808257549e+00
1.4692911665e+00   1.3108993152e+00   1.7878254808e+00
1.4306199722e+00   1.1943537416e+00   1.7887172771e+00
1.3774402722e+00   1.0707493855e+00   1.7830373970e+00
1.3113149157e+00   9.4270442460e-01   1.7706706739e+00
1.2339866947e+00   8.1273747191e-01   1.7518214995e+00
1.1473185003e+00   6.8315931501e-01   1.7269654018e+00
1.0532270575e+00   5.5598953388e-01   1.6967878091e+00
9.5361631032e-01   4.3290285178e-01   1.6621172864e+00
8.5031589445e-01   3.1520563853e-01   1.6238600613e+00
7.4502889895e-01   2.0383936334e-01   1.5829412858e+00
6.3929156581e-01   9.9405426800e-02   1.5402566466e+00
5.3444600420e-01   2.2047706567e-03   1.4966360342e+00
4.3162562877e-01   -8.7714229070e-02   1.4528193396e+00
3.3175200354e-01   -1.7050518286e-01   1.4094432385e+00
2.3554112978e-01   -2.4647471189e-01   1.3670370975e+00
1.4351693195e-01   -3.1603796653e-01   1.3260258427e+00
5.6029700375e-02   -3.7968026279e-01   1.2867376640e+00
-2.6722543532e-02   -4.3792544351e-01   1.2494146732e+00
-1.0467146945e-01   -4.9131084111e-01   1.2142249867e+00
-1.7785598596e-01   -5.4036825600e-01   1.1812750782e+00
-2.4640088582e-01   -5.8561012089e-01   1.1506216014e+00
-3.1049723099e-01   -6.2751993886e-01   1.1222821782e+00
-3.7038484499e-01   -6.6654610712e-01   1.0962448811e+00
-4.2633706444e-01   -7.0309832560e-01   1.0724763115e+00
-4.7864774309e-01   -7.3754590578e-01   1.0509282903e+00
-5.2762039264e-01   -7.7021741910e-01   1.0315432498e+00
-5.7355927642e-01   -8.0140124178e-01   1.0142584577e+00
-6.1676223626e-01   -8.3134665730e-01   9.9900921607e-01
-6.5751501940e-01   -8.6026526647e-01   9.8573118310e-01
-6.9608687685e-01   -8.8833252746e-01   9.7436195196e-01
-7.3272721872e-01   -9.1568930644e-01   9.6484200918e-01
-7.6766313357e-01   -9.4244336571e-01   9.5711517727e-01
-8.0109760332e-01   -9.6867075198e-01   9.5112863001e-01
-8.3320827152e-01   -9.9441707600e-01   9.4683255360e-01
-8.6414664826e-01   -1.0196986967e+00   9.4417951366e-01
-8.9403765991e-01   -1.0445038412e+00   9.4312357763e-01
-9.2297947507e-01   -1.0687937050e+00   9.4361923425e-01
-9.5104355923e-01   -1.0925035898e+00   9.4562014694e-01
-9.7827492999e-01   -1.1155441431e+00   9.4907777525e-01
-1.0046926017e+00   -1.1378027702e+00   9.5393989915e-01
-1.0302902235e+00   -1.1591452940e+00   9.6014908311e-01
-1.0550369268e+00   -1.1794179351e+00   9.6764112162e-01
-1.0788784092e+00   -1.1984496831e+00   9.7634351353e-01
-1.1017382866e+00   -1.2160551193e+00   9.8617401954e-01
-1.1235197522e+00   -1.2320377380e+00   9.9703936412e-01
-1.1441075783e+00   -1.2461937933e+00   1.0088341495e+00
-1.1633704941e+00   -1.2583166724e+00   1.0214400535e+00
-1.1811639632e+00   -1.2682017644e+00   1.0347253850e+00
-1.1973333744e+00   -1.2756517589e+00   1.0485450687e+00
-1.2117176360e+00   -1.2804822667e+00   1.0627411214e+00
-1.2241531506e+00   -1.2825276178e+00   1.0771436722e+00
-1.2344781142e+00   -1.2816466500e+00   1.0915725569e+00
-1.2425370629e+00   -1.2777282744e+00   1.1058394917e+00
-1.2481855623e+00   -1.2706965763e+00   1.1197508036e+00
-1.2512949072e+00   -1.2605152060e+00   1.1331106572e+00
-1.2517566840e+00   -1.2471908168e+00   1.1457246865e+00
-1.2494870282e+00   -1.2307753372e+00   1.1574039051e+00
-1.2444304104e+00   -1.2113669048e+00   1.1679687414e+00
-1.2365627828e+00   -1.1891093516e+00   1.1772530253e+00
-1.2258939415e+00   -1.1641902031e+00   1.1851077438e+00
-1.2124689790e+00   -1.1368372353e+00   1.1914043876e+00
-1.1963687461e+00   -1.1073137141e+00   1.1960377273e+00
-1.1777092800e+00   -1.0759125173e+00   1.1989278850e+00
-1.1566402085e+00   -1.0429494038e+00   1.2000216107e+00
-1.1333421877e+00   -1.0087557347e+00   1.1992927149e+00
-1.1080234777e+00   -9.7367097629e-01   1.1967416587e+00
-1.0809158004e+00   -9.3803531133e-01   1.1923943529e+00
-1.0522696545e+00   -9.0218266139e-01   1.1863002545e+00
-1.0223492819e+00   -8.6643438145e-01   1.1785298855e+00
-9.9142748625e-01   -8.3109383066e-01   1.1691719202e+00
-9.5978049826e-01   -7.9644195965e-01   1.1583299961e+00
-9.2768306948e-01   -7.6273398812e-01   1.1461194033e+00
-8.9540394782e-01   -7.3019718414e-01   1.1326637975e+00
-8.6320186016e-01   -6.9902970111e-01   1.1180920597e+00
-8.3132209192e-01   -6.6940038456e-01   1.1025354047e+00
-7.9999371941e-01   -6.4144942837e-01   1.0861248134e+00
-7.6942751701e-01   -6.1528974056e-01   1.0689888348e+00
-7.3981453188e-01   -5.9100887003e-01   1.0512517829e+00
-7.1132529376e-01   -5.6867134737e-01   1.0330323290e+00
-6.8410960772e-01   -5.4832130141e-01   1.0144424726e+00
-6.5829686381e-01   -5.2998522778e-01   9.9558686319e-01
-6.3399678870e-01   -5.1367480332e-01   9.7656243450e-01
-6.1130056096e-01   -4.9938965923e-01   9.5745830747e-01
-5.9028221136e-01   -4.8712004495e-01   9.3835591919e-01
-5.7100023354e-01   -4.7684933254e-01   9.1932933378e-01
-5.5349933588e-01   -4.6855632734e-01   9.0044569540e-01
-5.3781227319e-01   -4.6221736430e-01   8.8176578765e-01
-5.2396170493e-01   -4.5780818063e-01   8.6334466890e-01
-5.1196203537e-01   -4.5530556386e-01   8.4523235828e-01
-5.0182119941e-01   -4.5468878087e-01   8.2747455247e-01
-4.9354236583e-01   -4.5594079782e-01   8.1011335850e-01
-4.8712553646e-01   -4.5904930301e-01   7.9318803220e-01
-4.8256902596e-01   -4.6400754594e-01   7.7673571595e-01
-4.7987081210e-01   -4.7081500484e-01   7.6079217286e-01
-4.7902974989e-01   -4.7947789398e-01   7.4539251718e-01
-4.8004664632e-01   -4.9000951883e-01   7.3057194314e-01
-4.8292519377e-01   -5.0243048429e-01   7.1636645590e-01
-4.8767276141e-01   -5.1676875680e-01   7.0281360985e-01
-4.9430104344e-01   -5.3305957639e-01   6.8995325987e-01
-5.0282656222e-01   -5.5134520918e-01   6.7782833169e-01
-5.1327102246e-01   -5.7167452470e-01   6.6648561723e-01
-5.2566150967e-01   -5.9410237529e-01   6.5597659980e-01
-5.4003052290e-01   -6.1868874729e-01   6.4635831302e-01
-5.5641582710e-01   -6.4549764491e-01   6.3769423467e-01
-5.7486010550e-01   -6.7459565869e-01   6.3005521384e-01
-5.9541038626e-01   -7.0605016010e-01   6.2352042526e-01
-6.1811721091e-01   -7.3992705345e-01   6.1817833870e-01
-6.4303350481e-01   -7.7628800536e-01   6.1412768357e-01
-6.7021310158e-01   -8.1518706189e-01   6.1147837893e-01
-6.9970886533e-01   -8.5666655407e-01   6.1035238578e-01
-7.3157034605e-01   -9.0075218617e-01   6.1088442287e-01
-7.6584089623e-01   -9.4744719915e-01   6.1322246694e-01
-8.0255417058e-01   -9.9672550661e-01   6.1752793454e-01
-8.4172992756e-01   -1.0485237163e+00   6.2397541490e-01
-8.8336905326e-01   -1.1027319805e+00   6.3275179121e-01
-9.2744773623e-01   -1.1591836703e+00   6.4405455416e-01
-9.7391074041e-01   -1.2176439448e+00   6.5808907706e-01
-1.0226637549e+00   -1.2777973982e+00   6.7506459145e-01
-1.0735648492e+00   -1.3392351200e+00   6.9518858093e-01
-1.1264151327e+00   -1.4014416945e+00   7.1865930755e-01
-1.1809488173e+00   -1.4637829151e+00   7.4565621052e-01
-1.2368230065e+00   -1.5254952642e+00   7.7632798460e-01
-1.2936076947e+00   -1.5856785233e+00   8.1077827079e-01
-1.3507766421e+00   -1.6432931792e+00   8.4904909022e-01
-1.4076999944e+00   -1.6971645424e+00   8.9110243405e-01
-1.4636397162e+00   -1.7459956277e+00   9.3680079121e-01
-1.5177490776e+00   -1.7883907672e+00   9.8588783760e-01
-1.5690775342e+00   -1.8228915537e+00   1.0379709896e+00
-1.6165823216e+00   -1.8480259449e+00   1.0925079752e+00
-1.6591478978e+00   -1.8623701613e+00   1.1487999010e+00
-1.6956139543e+00   -1.8646213929e+00   1.2059933792e+00
-1.7248120672e+00   -1.8536774180e+00   1.2630939903e+00
-1.7456101718e+00   -1.8287172885e+00   1.3189926175e+00
-1.7569629978e+00   -1.7892755979e+00   1.3725049550e+00
-1.7579655041e+00   -1.7353019663e+00   1.4224228581e+00
-1.7479054019e+00   -1.6671976274e+00   1.4675743705e+00
-1.7263102325e+00   -1.5858226269e+00   1.5068875655e+00
-1.6929843754e+00   -1.4924701000e+00   1.5394521356e+00
-1.6480319007e+00   -1.3888080028e+00   1.5645723076e+00
-1.5918623640e+00   -1.2767928815e+00   1.5818053224e+00
-1.5251783158e+00   -1.1585639451e+00   1.5909813721e+00
-1.4489452330e+00   -1.0363281297e+00   1.5922032377e+00
-1.3643464391e+00   -9.1224754001e-01   1.5858264856e+00
-1.2727270709e+00   -7.8833955491e-01   1.5724234306e+00
-1.1755320403e+00   -6.6639734659e-01   1.5527357529e+00
-1.0742431334e+00   -5.4793519525e-01   1.5276214162e+00
-9.7031993450e-01   -4.3415950957e-01   1.4980013778e+00
-8.6514830745e-01   -3.2596348918e-01   1.4648106795e+00
-7.5999893260e-01   -2.2394128205e-01   1.4289571672e+00
-6.5599710540e-01   -1.2841641922e-01   1.3912896103e+00
-5.5410383612e-01   -3.9479158281e-02   1.3525756544e+00
-4.5510737152e-01   4.2972098632e-02   1.3134889881e+00
-3.5962363921e-01   1.1918920581e-01   1.2746044177e+00
-2.6810379023e-01   1.8953529580e-01   1.2363992001e+00
-1.8084693934e-01   2.5445017505e-01   1.1992589187e+00
-9.8016313412e-02   3.1442095721e-01   1.1634863192e+00
-1.9657247815e-02   3.6995811920e-01   1.1293117665e+00
5.4284239381e-02   4.2157669991e-01   1.0969042718e+00
1.2394326252e-01   4.6978208182e-01   1.0663823249e+00
1.8951895461e-01   5.1505966134e-01   1.0378240226e+00
2.5125885823e-01   5.5786768342e-01   1.0112761873e+00
3.0944505190e-01   5.9863255156e-01   9.8676233333e-01
3.6438208525e-01   6.3774599771e-01   9.6428944768e-01
4.1638668287e-01   6.7556358592e-01   9.4385362837e-01
4.6577909818e-01   7.1240411550e-01   9.2544466650e-01
5.1287595116e-01   7.4854957520e-01   9.0904967962e-01
5.5798435837e-01   7.8424537646e-01   8.9465590888e-01
6.0139715543e-01   8.1970065863e-01   8.8225278617e-01
6.4338901630e-01   8.5508851395e-01   8.7183336553e-01
6.8421328547e-01   8.9054602552e-01   8.6339519660e-01
7.2409935647e-01   9.2617404995e-01   8.5694070092e-01
7.6325045086e-01   9.6203671005e-01   8.5247709439e-01
8.0184167432e-01   9.9816059293e-01   8.5001588346e-01
8.4001824999e-01   1.0345336783e+00   8.4957194877e-01
8.7789385454e-01   1.0711040508e+00   8.5116221897e-01
9.1554900730e-01   1.1077784807e+00   8.5480392997e-01
9.5302949024e-01   1.1444209900e+00   8.6051246201e-01
9.9034480378e-01   1.1808515551e+00   8.6829874836e-01
1.0274666931e+00   1.2168451333e+00   8.7816625810e-01
1.0643278099e+00   1.2521312347e+00   8.9010756964e-01
1.1008206044e+00   1.2863942955e+00   9.0410057450e-01
1.1367965761e+00   1.3192751309e+00   9.2010438109e-01
1.1720660364e+00   1.3503737646e+00   9.3805502658e-01
1.2063985637e+00   1.3792539223e+00   9.5786114977e-01
1.2395243495e+00   1.4054494555e+00   9.7939982751e-01
1.2711366381e+00   1.4284728963e+00   1.0025128271e+00
1.3008954568e+00   1.4478262575e+00   1.0270035721e+00
1.3284328058e+00   1.4630140513e+00   1.0526351530e+00
1.3533594283e+00   1.4735583389e+00   1.0791297265e+00
1.3752732073e+00   1.4790154151e+00   1.1061696328e+00
1.3937691383e+00   1.4789935223e+00   1.1334005095e+00
1.4084507090e+00   1.4731707720e+00   1.1604365867e+00
1.4189423832e+00   1.4613122741e+00   1.1868682177e+00
1.4249027512e+00   1.4432853518e+00   1.2122715298e+00
1.4260377817e+00   1.4190716887e+00   1.2362198884e+00
1.4221135140e+00   1.3887753375e+00   1.2582966752e+00
1.4129674695e+00   1.3526257163e+00   1.2781087073e+00
1.3985180651e+00   1.3109750378e+00   1.2952994975e+00
1.3787713743e+00   1.2642900179e+00   1.3095615001e+00
1.3538247114e+00   1.2131381638e+00   1.3206465120e+00
1.3238667035e+00   1.1581693852e+00   1.3283735161e+00
1.2891737409e+00   1.1000940576e+00   1.3326334455e+00
1.2501029457e+00   1.0396589367e+00   1.3333905970e+00
1.2070820325e+00   9.7762245327e-01   1.3306806996e+00
1.1605966442e+00   9.1473089116e-01   1.3246059064e+00
1.1111758920e+00   8.5169677916e-01   1.3153272068e+00
1.0593769126e+00   7.8918054727e-01   1.3030549141e+00
1.0057692663e+00   7.2777614491e-01   1.2880379669e+00
9.5091994236e-01   6.6800094782e-01   1.2705527853e+00
8.9537962790e-01   6.1028993228e-01   1.2508923604e+00
8.3967074947e-01   5.5499380459e-01   1.2293561379e+00
7.8427762799e-01   5.0238056029e-01   1.2062411126e+00
7.2963892268e-01   4.5263981874e-01   1.1818343964e+00
6.7614238587e-01   4.0588922841e-01   1.1564073767e+00
6.2412182212e-01   3.6218225370e-01   1.1302114566e+00
5.7385604725e-01   3.2151671880e-01   1.1034752724e+00
5.2556957655e-01   2.8384357839e-01   1.0764032177e+00
4.7943473518e-01   2.4907549389e-01   1.0491750646e+00
4.3557487373e-01   2.1709490372e-01   1.0219464599e+00
3.9406838226e-01   1.8776137750e-01   9.9485007762e-01
3.5495322167e-01   1.6091813122e-01   9.6799723173e-01
3.1823172576e-01   1.3639765183e-01   9.4147977346e-01
2.8387546762e-01   1.1402643316e-01   9.1537213302e-01
2.5183002429e-01   9.3628864233e-02   8.8973339241e-01
2.2201951317e-01   7.5030336015e-02   8.6460930584e-01
1.9435080913e-01   5.8059647051e-02   8.4003420882e-01
1.6871738253e-01   4.2550794861e-02   8.1603277812e-01
1.4500272435e-01   2.8344239836e-02   7.9262162180e-01
1.2308334573e-01   1.5287724503e-02   7.6981069143e-01
1.0283135576e-01   3.2367244141e-03   7.4760451831e-01
8.4116633232e-02   -7.9454010811e-03   7.2600328223e-01
6.6808616846e-02   -1.8387498418e-02   7.0500372548e-01
5.0777743714e-02   -2.8210898514e-02   6.8459992722e-01
3.5896569120e-02   -3.7529841377e-02   6.6478395478e-01
2.2040601576e-02   -4.6452010835e-02   6.4554640785e-01
9.0888869350e-03   -5.5079150221e-02   6.2687687156e-01
-3.0756260443e-03   -6.3507735708e-02   6.0876429307e-01
-1.4565908386e-02   -7.1829688993e-02   5.9119729510e-01
-2.5490834061e-02   -8.0133115369e-02   5.7416443865e-01
-3.5955298658e-02   -8.8503056827e-02   5.5765444566e-01
-4.6060451455e-02   -9.7022252856e-02   5.4165639144e-01
-5.5904021664e-02   -1.0577190408e-01   5.2615987531e-01
-6.5580722333e-02   -1.1483243587e-01   5.1115517741e-01
-7.5182717991e-02   -1.2428426069e-01   4.9663340844e-01
-8.4800144477e-02   -1.3420853904e-01   4.8258665919e-01
-9.4521671493e-02   -1.4468793996e-01   4.6900815577e-01
-1.0443510036e-01   -1.5580740236e-01   4.5589242683e-01
-1.1462799101e-01   -1.6765489892e-01   4.4323548876e-01
-1.2518831364e-01   -1.8032220428e-01   4.3103505546e-01
-1.3620512160e-01   -1.9390566880e-01   4.1929077931e-01
-1.4776924265e-01   -2.0850699866e-01   4.0800453109e-01
-1.5997398669e-01   -2.2423404188e-01   3.9718072697e-01
-1.7291586767e-01   -2.4120157841e-01   3.8682671233e-01
-1.8669533778e-01   -2.5953211031e-01   3.7695321284e-01
-2.0141753100e-01   -2.7935664504e-01   3.6757486524e-01
-2.1719301240e-01   -3.0081546151e-01   3.5871084192e-01
-2.3413852757e-01   -3.2405884308e-01   3.5038558508e-01
-2.5237774457e-01   -3.4924775589e-01   3.4262966878e-01
-2.7204197726e-01   -3.7655444237e-01   3.3548080934e-01
-2.9327087487e-01   -4.0616288930e-01   3.2898504669e-01
-3.1621305666e-01   -4.3826911658e-01   3.2319812193e-01
-3.4102666346e-01   -4.7308121569e-01   3.1818707752e-01
-3.6787978833e-01   -5.1081904567e-01   3.1403210849e-01
-3.9695073646e-01   -5.5171346757e-01   3.1082869193e-01
-4.2842804942e-01   -5.9600496553e-01   3.0869002050e-01
-4.6251020961e-01   -6.4394146213e-01   3.0774975988e-01
-4.9940491754e-01   -6.9577508684e-01   3.0816513995e-01
-5.3932780523e-01   -7.5175759874e-01   3.1012037254e-01
-5.8250041476e-01   -8.1213409781e-01   3.1383036207e-01
-6.2914722913e-01   -8.7713458408e-01   3.1954463557e-01
-6.7949149536e-01   -9.4696284463e-01   3.2755136110e-01
-7.3374952614e-01   -1.0217820699e+00   3.3818124319e-01
-7.9212310927e-01   -1.1016965346e+00   3.5181097388e-01
-8.5478959858e-01   -1.1867286442e+00   3.6886577266e-01
-9.2188921182e-01   -1.2767906664e+00   3.8982036229e-01
-9.9350903402e-01   -1.3716505891e+00   4.1519749822e-01
-1.0696632366e+00   -1.4708918146e+00   4.4556290185e-01
-1.1502690983e+00   -1.5738668870e+00   4.8151515808e-01
-1.2351185920e+00   -1.6796462489e+00   5.2366886217e-01
-1.3238456183e+00   -1.7869641991e+00   5.7262910325e-01
-1.4158894857e+00   -1.8941658576e+00   6.2895535377e-01
-1.5104559868e+00   -1.9991610422e+00   6.9311314104e-01
-1.6064784531e+00   -2.0993934012e+00   7.6541269372e-01
-1.7025824571e+00   -2.1918356502e+00   8.4593528163e-01
-1.7970593047e+00   -2.2730237446e+00   9.3445036310e-01
-1.8878549024e+00   -2.3391434141e+00   1.0303299397e+00
-1.9725816745e+00   -2.3861805626e+00   1.1324704450e+00
-2.0485614293e+00   -2.4101414413e+00   1.2392363981e+00
-2.1129058721e+00   -2.4073384942e+00   1.3484427859e+00
-2.1626383037e+00   -2.3747236894e+00   1.4573931774e+00
-2.1948547140e+00   -2.3102349895e+00   1.5629863880e+00
-2.2069153276e+00   -2.2131073349e+00   1.6618952840e+00
-2.1966498111e+00   -2.0840923608e+00   1.7508076863e+00
-2.1625526771e+00   -1.9255359480e+00   1.8267039409e+00
-2.1039420917e+00   -1.7412818012e+00   1.8871329191e+00
-2.0210570922e+00   -1.5364000033e+00   1.9304426949e+00
-1.9150756875e+00   -1.3167744225e+00   1.9559270406e+00
-1.7880482440e+00   -1.0886117282e+00   1.9638639106e+00
-1.6427542404e+00   -8.5794867188e-01   1.9554432952e+00
-1.4825024664e+00   -6.3022938475e-01   1.9326029301e+00
-1.3109021862e+00   -4.1000350405e-01   1.8978053442e+00
-1.1316342935e+00   -2.0076671476e-01   1.8537952141e+00
-9.4824749424e-01   -4.9369300036e-03   1.8033721208e+00
-7.6399687050e-01   1.7606121841e-01   1.7492035515e+00
-5.8173318938e-01   3.4164073833e-01   1.6936904574e+00
-4.0384311202e-01   4.9186267633e-01   1.6388864222e+00
-2.3223436033e-01   6.2724318877e-01   1.5864635711e+00
-6.8356365904e-02   7.4857846454e-01   1.5377142662e+00
8.6754275187e-02   8.5679929654e-01   1.4935767708e+00
2.3241368819e-01   9.5285951670e-01   1.4546743458e+00
3.6822452934e-01   1.0376573306e+00   1.4213595744e+00
4.9401030951e-01   1.1119856560e+00   1.3937582704e+00
6.0975482888e-01   1.1765063589e+00   1.3718096203e+00
7.1554957662e-01   1.2317431901e+00   1.3553010116e+00
8.1155056148e-01   1.2780887332e+00   1.3438972761e+00
8.9794501289e-01   1.3158214114e+00   1.3371648837e+00
9.7492767988e-01   1.3451293226e+00   1.3345920639e+00
1.0426859880e+00   1.3661382762e+00   1.3356059969e+00
1.1013930216e+00   1.3789418423e+00   1.3395881875e+00
1.1512071225e+00   1.3836315169e+00   1.3458889797e+00
1.1922767934e+00   1.3803253047e+00   1.3538419219e+00
1.2247495389e+00   1.3691931691e+00   1.3627784000e+00
1.2487832602e+00   1.3504779694e+00   1.3720426401e+00
1.2645588386e+00   1.3245107272e+00   1.3810068820e+00
1.2722926084e+00   1.2917193787e+00   1.3890862622e+00
1.2722475349e+00   1.2526305702e+00   1.3957527588e+00
1.2647420880e+00   1.2078645241e+00   1.4005474481e+00
1.2501560308e+00   1.1581235003e+00   1.4030903349e+00
1.2289326193e+00   1.1041748499e+00   1.4030871285e+00
1.2015770121e+00   1.0468300407e+00   1.4003325337e+00
1.1686509946e+00   9.8692129032e-01   1.3947098924e+00
1.1307644050e+00   9.2527752870e-01   1.3861872894e+00
1.0885638826e+00   8.6270133754e-01   1.3748105101e+00
1.0427197201e+00   7.9994828263e-01   1.3606934522e+00
9.9391168663e-01   7.3770971922e-01   1.3440067441e+00
9.4281468881e-01   6.7659975132e-01   1.3249653784e+00
8.9008506656e-01   6.1714662028e-01   1.3038161516e+00
8.3634819458e-01   5.5978843047e-01   1.2808256065e+00
7.8218789505e-01   5.0487282352e-01   1.2562690375e+00
7.2813798896e-01   4.5266000544e-01   1.2304209542e+00
6.7467613738e-01   4.0332841494e-01   1.2035472307e+00
6.2221996691e-01   3.5698228905e-01   1.1758990177e+00
5.7112534438e-01   3.1366041583e-01   1.1477083657e+00
5.2168657124e-01   2.7334544471e-01   1.1191854157e+00
4.7413820606e-01   2.3597323291e-01   1.0905169513e+00
4.2865819398e-01   2.0144182439e-01   1.0618660767e+00
3.8537197784e-01   1.6961977317e-01   1.0333727760e+00
3.4435728201e-01   1.4035362644e-01   1.0051551234e+00
3.0564929024e-01   1.1347447022e-01   9.7731093694e-01
2.6924597790e-01   8.8803509177e-02   9.4991969993e-01
2.3511340104e-01   6.6156703435e-02   9.2304460575e-01
2.0319078749e-01   4.5348520298e-02   8.9673461688e-01
1.7339531520e-01   2.6194880702e-02   8.7102645654e-01
1.4562649855e-01   8.5153914183e-03   8.4594647788e-01
1.1977013409e-01   -7.8650426312e-03   8.2151237686e-01
9.5701782445e-02   -2.3115133827e-02   7.9773473147e-01
7.3289782944e-02   -3.7396568881e-02   7.7461836278e-01
5.2397812956e-02   -5.0863729298e-02   7.5216352254e-01
3.2887014574e-02   -6.3663706208e-02   7.3036691798e-01
1.4617718891e-02   -7.5936549844e-02   7.0922258883e-01
-2.5491976164e-03   -8.7815702934e-02   6.8872265309e-01
-1.8751287932e-02   -9.9428575683e-02   6.6885793942e-01
-3.4123803620e-02   -1.1089722756e-01   6.4961852351e-01
-4.8799222273e-02   -1.2233912778e-01   6.3099418538e-01
-6.2906999284e-02   -1.3386797212e-01   6.1297480341e-01
-7.6573512446e-02   -1.4559453854e-01   5.9555069965e-01
-8.9922170761e-02   -1.5762756824e-01   5.7871295014e-01
-1.0307366183e-01   -1.7007466179e-01   5.6245367251e-01
-1.1614631520e-01   -1.8304318277e-01   5.4676630254e-01
-1.2925656183e-01   -1.9664116320e-01   5.3164587043e-01
-1.4251947251e-01   -2.1097820605e-01   5.1708928742e-01
-1.5604936037e-01   -2.2616638106e-01   5.0309565269e-01
-1.6996043452e-01   -2.4232111001e-01   4.8966659113e-01
-1.8436749353e-01   -2.5956203687e-01   4.7680663221e-01
-1.9938664839e-01   -2.7801387707e-01   4.6452364145e-01
-2.1513606546e-01   -2.9780723793e-01   4.5282931602e-01
-2.3173671966e-01   -3.1907939933e-01   4.4173975776e-01
-2.4931314781e-01   -3.4197503950e-01   4.3127613750e-01
-2.6799419049e-01   -3.6664688542e-01   4.2146546637e-01
-2.8791370871e-01   -3.9325626022e-01   4.1234149094e-01
-3.0921125838e-01   -4.2197349105e-01   4.0394573058e-01
-3.3203270105e-01   -4.5297812934e-01   3.9632867674e-01
-3.5653072347e-01   -4.8645892118e-01   3.8955117443e-01
-3.8286523085e-01   -5.2261344784e-01   3.8368600657e-01
-4.1120356852e-01   -5.6164733424e-01   3.7881970053e-01
-4.4172051454e-01   -6.0377289682e-01   3.7505457335e-01
-4.7459797013e-01   -6.4920706964e-01   3.7251102625e-01
-5.1002425582e-01   -6.9816840954e-01   3.7133008940e-01
-5.4819289807e-01   -7.5087293653e-01   3.7167620247e-01
-5.8930076412e-01   -8.0752851504e-01   3.7374019356e-01
-6.3354537030e-01   -8.6832742667e-01   3.7774238554e-01
-6.8112115332e-01   -9.3343672817e-01   3.8393571196e-01
-7.3221445392e-01   -1.0029859349e+00   3.9260866015e-01
-7.8699692150e-01   -1.0770515292e+00   4.0408777317e-01
-8.4561700887e-01   -1.1556377783e+00   4.1873933082e-01
-9.0818919599e-01   -1.2386533774e+00   4.3696968985e-01
-9.7478056771e-01   -1.3258835404e+00   4.5922359434e-01
-1.0453943885e+00   -1.4169573813e+00   4.8597957411e-01
-1.1199503847e+00   -1.5113108088e+00   5.1774134418e-01
-1.1982615866e+00   -1.6081457570e+00   5.5502392910e-01
-1.2800078313e+00   -1.7063874433e+00   5.9833310696e-01
-1.3647064109e+00   -1.8046425264e+00   6.4813676941e-01
-1.4516809108e+00   -1.9011625343e+00   7.0482702370e-01
-1.5400300248e+00   -1.9938186646e+00   7.6867244224e-01
-1.6285990689e+00   -2.0800958357e+00   8.3976092675e-01
-1.7159579683e+00   -2.1571153132e+00   9.1793530394e-01
-1.8003905489e+00   -2.2216957968e+00   1.0027260304e+00
-1.8799007929e+00   -2.2704617820e+00   1.0932881138e+00
-1.9522420010e+00   -2.3000045504e+00   1.1883521613e+00
-2.0149741572e+00   -2.3070947133e+00   1.2862016385e+00
-2.0655528414e+00   -2.2889358765e+00   1.3846890032e+00
-2.1014495729e+00   -2.2434377372e+00   1.4813013185e+00
-2.1202986132e+00   -2.1694760280e+00   1.5732805356e+00
-2.1200596090e+00   -2.0670994747e+00   1.6577949384e+00
-2.0991801330e+00   -1.9376438232e+00   1.7321475414e+00
-2.0567386293e+00   -1.7837223256e+00   1.7939970385e+00
-1.9925478726e+00   -1.6090805722e+00   1.8415603589e+00
-1.9072026008e+00   -1.4183276562e+00   1.8737656903e+00
-1.8020622216e+00   -1.2165791896e+00   1.8903319665e+00
-1.6791690591e+00   -1.0090639706e+00   1.8917638762e+00
-1.5411123126e+00   -8.0075050926e-01   1.8792669444e+00
-1.3908554937e+00   -5.9604143493e-01   1.8546008928e+00
-1.2315489756e+00   -3.9856634596e-01   1.8198978479e+00
-1.0663489506e+00   -2.1108262491e-01   1.7774736306e+00
-8.9826021217e-01   -3.5474925038e-02   1.7296561003e+00
-7.3001416136e-01   1.2716869079e-01   1.6786466460e+00
-5.6398690709e-01   2.7643136590e-01   1.6264221088e+00
-4.0215660760e-01   4.1241930423e-01   1.5746768335e+00
-2.4609506632e-01   5.3561234543e-01   1.5247993507e+00
-9.6986271793e-02   6.4672805697e-01   1.4778755722e+00
4.4336148301e-02   7.4660762724e-01   1.4347098922e+00
1.7734012872e-01   8.3612658207e-01   1.3958565083e+00
3.0174142916e-01   9.1612971055e-01   1.3616548956e+00
4.1744990319e-01   9.8738747589e-01   1.3322651510e+00
5.2451925882e-01   1.0505702701e+00   1.3077005440e+00
6.2310251171e-01   1.1062367567e+00   1.2878559026e+00
7.1341430106e-01   1.1548328870e+00   1.2725314091e+00
7.9570047316e-01   1.1966987213e+00   1.2614520005e+00
8.7021480897e-01   1.2320807531e+00   1.2542829401e+00
9.3720243349e-01   1.2611479455e+00   1.2506423062e+00
9.9688924699e-01   1.2840100850e+00   1.2501111956e+00
1.0494766157e+00   1.3007373439e+00   1.2522424012e+00
1.0951405155e+00   1.3113801259e+00   1.2565682312e+00
1.1340343137e+00   1.3159883779e+00   1.2626080038e+00
1.1662943765e+00   1.3146296151e+00   1.2698756040e+00
1.1920477092e+00   1.3074049503e+00   1.2778873232e+00
1.2114208510e+00   1.2944624770e+00   1.2861700413e+00
1.2245492801e+00   1.2760074393e+00   1.2942696557e+00
1.2315866250e+00   1.2523087499e+00   1.3017595316e+00
1.2327130415e+00   1.2237015918e+00   1.3082486430e+00
1.2281421995e+00   1.1905860468e+00   1.3133890159e+00
1.2181264339e+00   1.1534219282e+00   1.3168820688e+00
1.2029597461e+00   1.1127202292e+00   1.3184834794e+00
1.1829784911e+00   1.0690318041e+00   1.3180062847e+00
1.1585597387e+00   1.0229340651e+00   1.3153220317e+00
1.1301174498e+00   9.7501657045e-01   1.3103599299e+00
1.0980967406e+00   9.2586640433e-01   1.3031040948e+00
1.0629666174e+00   8.7605419499e-01   1.2935890949e+00
1.0252116335e+00   8.2612150101e-01   1.2818941223e+00
9.8532295985e-01   7.7657013081e-01   1.2681361696e+00
9.4378935078e-01   7.2785376854e-01   1.2524626292e+00
9.0108845426e-01   6.8037208313e-01   1.2350437232e+00
8.5767884676e-01   6.3446731466e-01   1.2160651336e+00
8.1399309197e-01   5.9042317961e-01   1.1957211406e+00
7.7043202945e-01   5.4846582130e-01   1.1742085004e+00
7.2736040676e-01   5.0876645813e-01   1.1517212133e+00
6.8510388329e-01   4.7144534788e-01   1.1284462587e+00
6.4394736070e-01   4.3657668525e-01   1.1045603023e+00
6.0413453675e-01   4.0419407544e-01   1.0802273308e+00
5.6586853814e-01   3.7429626953e-01   1.0555971274e+00
5.2931346264e-01   3.4685290087e-01   1.0308044781e+00
4.9459664963e-01   3.2181001819e-01   1.0059689855e+00
4.6181149928e-01   2.9909526627e-01   9.8119536668e-01
4.3102067065e-01   2.7862261487e-01   9.5657411551e-01
4.0225950544e-01   2.6029657935e-01   9.3218242354e-01
3.7553954475e-01   2.4401591112e-01   9.0808526719e-01
3.5085202831e-01   2.2967676300e-01   8.8433658452e-01
3.2817128803e-01   2.1717535388e-01   8.6098048119e-01
3.0745796923e-01   2.0641017057e-01   8.3805241925e-01
2.8866203189e-01   1.9728375228e-01   8.1558035584e-01
2.7172550149e-01   1.8970410761e-01   7.9358580952e-01
2.5658495335e-01   1.8358581399e-01   7.7208484111e-01
2.4317372574e-01   1.7885084892e-01   7.5108894316e-01
2.3142386678e-01   1.7542919864e-01   7.3060583732e-01
2.2126782658e-01   1.7325928667e-01   7.1064018306e-01
2.1263991162e-01   1.7228826013e-01   6.9119420396e-01
2.0547752137e-01   1.7247216731e-01   6.7226823919e-01
1.9972218915e-01   1.7377605585e-01   6.5386122945e-01
1.9532045047e-01   1.7617401654e-01   6.3597114651e-01
1.9222456163e-01   1.7964919413e-01   6.1859537609e-01
1.9039309104e-01   1.8419378298e-01   6.0173106346e-01
1.8979140464e-01   1.8980902236e-01   5.8537543092e-01
1.9039206517e-01   1.9650520329e-01   5.6952607618e-01
1.9217516362e-01   2.0430169642e-01   5.5418126029e-01
1.9512859929e-01   2.1322700810e-01   5.3934019359e-01
1.9924832302e-01   2.2331886967e-01   5.2500332818e-01
2.0453855650e-01   2.3462436301e-01   5.1117266542e-01
2.1101199825e-01   2.4720008337e-01   4.9785208729e-01
2.1869002533e-01   2.6111233832e-01   4.8504772064e-01
2.2760289761e-01   2.7643737928e-01   4.7276834440e-01
2.3778996942e-01   2.9326165971e-01   4.6102585012e-01
2.4929991125e-01   3.1168211046e-01   4.4983576745e-01
2.6219094150e-01   3.3180641919e-01   4.3921786746e-01
2.7653106575e-01   3.5375329589e-01   4.2919685759e-01
2.9239831768e-01   3.7765270068e-01   4.1980318397e-01
3.0988099179e-01   4.0364600232e-01   4.1107395777e-01
3.2907785355e-01   4.3188602694e-01   4.0305402421e-01
3.5009830700e-01   4.6253694431e-01   3.9579719341e-01
3.7306249232e-01   4.9577392460e-01   3.8936765369e-01
3.9810127792e-01   5.3178248058e-01   3.8384158710e-01
4.2535610015e-01   5.7075738763e-01   3.7930900618e-01
4.5497859098e-01   6.1290104716e-01   3.7587582714e-01
4.8712991776e-01   6.5842112627e-01   3.7366618867e-01
5.2197973931e-01   7.0752726803e-01   3.7282501499e-01
5.5970465941e-01   7.6042662208e-01   3.7352080536e-01
6.0048603058e-01   8.1731789491e-01   3.7594860835e-01
6.4450692914e-01   8.7838356456e-01   3.8033310382e-01
6.9194808593e-01   9.4377984929e-01   3.8693166696e-01
7.4298251772e-01   1.0136239686e+00   3.9603722201e-01
7.9776856423e-01   1.0879781984e+00   4.0798060480e-01
8.5644099795e-01   1.1668302141e+00   4.2313203934e-01
9.1909984628e-01   1.2500692560e+00   4.4190119110e-01
9.8579655638e-01   1.3374577725e+00   4.6473508987e-01
1.0565171574e+00   1.4285984355e+00   4.9211302170e-01
1.1311621517e+00   1.5228968266e+00   5.2453728978e-01
1.2095230202e+00   1.6195207212e+00   5.6251856388e-01
1.2912554920e+00   1.7173577955e+00   6.0655442720e-01
1.3758501299e+00   1.8149747936e+00   6.5709975927e-01
1.4626013595e+00   1.9105827025e+00   7.1452786444e-01
1.5505768340e+00   2.0020142055e+00   7.7908188866e-01
1.6385899622e+00   2.0867214048e+00   8.5081719147e-01
1.7251794764e+00   2.1618031347e+00   9.2953705004e-01
1.8086009345e+00   2.2240715425e+00   1.0147263722e+00
1.8868358084e+00   2.2701662702e+00   1.1054908136e+00
1.9576239797e+00   2.2967207765e+00   1.2005114048e+00
2.0185246626e+00   2.3005785984e+00   1.2980267627e+00
2.0670086559e+00   2.2790478285e+00   1.3958552255e+00
2.1005812174e+00   2.2301709247e+00   1.4914667995e+00
2.1169299297e+00   2.1529765691e+00   1.5821090289e+00
2.1140863488e+00   2.0476739346e+00   1.6649819979e+00
2.0905851473e+00   1.9157507574e+00   1.7374470838e+00
2.0456013133e+00   1.7599470287e+00   1.7972443729e+00
1.9790460592e+00   1.5840952353e+00   1.8426879183e+00
1.8916060813e+00   1.3928420165e+00   1.8728087350e+00
1.7847183141e+00   1.1912886384e+00   1.8874232846e+00
1.6604818594e+00   9.8460239310e-01   1.8871185177e+00
1.5215181650e+00   7.7765381319e-01   1.8731597458e+00
1.3707976100e+00   5.7472523966e-01   1.8473405240e+00
1.2114539626e+00   3.7931843347e-01   1.8118011880e+00
1.0466073884e+00   1.9406827711e-01   1.7688435661e+00
8.7921254806e-01   2.0751691867e-02   1.7207646764e+00
7.1194228621e-01   -1.3963079027e-01   1.6697242636e+00
5.4711102215e-01   -2.8672788806e-01   1.6176524302e+00
3.8663648010e-01   -4.2069050358e-01   1.5661964038e+00
2.3203452282e-01   -5.4202518156e-01   1.5167006487e+00
8.4439751407e-02   -6.5146194212e-01   1.4702122140e+00
-5.5356030594e-02   -7.4984403975e-01   1.4275029025e+00
-1.8685484735e-01   -8.3804219418e-01   1.3891008414e+00
-3.0979924321e-01   -9.1689242997e-01   1.3553256634e+00
-4.2411936027e-01   -9.8715472068e-01   1.3263232470e+00
-5.2988369982e-01   -1.0494888240e+00   1.3020975275e+00
-6.2725562564e-01   -1.1044436364e+00   1.2825381260e+00
-7.1645667935e-01   -1.1524567607e+00   1.2674434371e+00
-7.9773704947e-01   -1.1938615181e+00   1.2565394062e+00
-8.7135303583e-01   -1.2288992013e+00   1.2494945645e+00
-9.3755103417e-01   -1.2577348518e+00   1.2459320646e+00
-9.9655738257e-01   -1.2804752339e+00   1.2454394931e+00
-1.0485733190e+00   -1.2971879471e+00   1.2475772044e+00
-1.0937742620e+00   -1.3079207972e+00   1.2518858207e+00
-1.1323126211e+00   -1.3127206474e+00   1.2578934232e+00
-1.1643233509e+00   -1.3116510301e+00   1.2651228074e+00
-1.1899314797e+00   -1.3048078410e+00   1.2730990213e+00
-1.2092608625e+00   -1.2923324887e+00   1.2813572502e+00
-1.2224434394e+00   -1.2744219520e+00   1.2894509592e+00
-1.2296283170e+00   -1.2513353163e+00   1.2969600792e+00
-1.2309900551e+00   -1.2233965245e+00   1.3034989228e+00
-1.2267356161e+00   -1.1909932749e+00   1.3087234539e+00
-1.2171095430e+00   -1.1545722253e+00   1.3123375200e+00
-1.2023970561e+00   -1.1146308819e+00   1.3140976843e+00
-1.1829249002e+00   -1.0717067592e+00   1.3138163679e+00
-1.1590599234e+00   -1.0263645537e+00   1.3113631160e+00
-1.1312055133e+00   -9.7918217217e-01   1.3066639310e+00
-1.0997961488e+00   -9.3073648497e-01   1.2996987443e+00
-1.0652904278e+00   -8.8158962686e-01   1.2904972259e+00
-1.0281630076e+00   -8.3227656361e-01   1.2791332277e+00
-9.8889593014e-01   -7.8329448574e-01   1.2657182284e+00
-9.4796980118e-01   -7.3509440913e-01   1.2503941778e+00
-9.0585526347e-01   -6.8807517241e-01   1.2333261363e+00
-8.6300513940e-01   -6.4257984409e-01   1.2146950727e+00
-8.1984754183e-01   -5.9889440121e-01   1.1946911224e+00
-7.7678016268e-01   -5.5724842701e-01   1.1735075391e+00
-7.3416585920e-01   -5.1781749892e-01   1.1513354961e+00
-6.9232957448e-01   -4.8072690086e-01   1.1283598165e+00
-6.5155655633e-01   -4.4605628924e-01   1.1047556473e+00
-6.1209178070e-01   -4.1384496342e-01   1.0806860408e+00
-5.7414044433e-01   -3.8409743100e-01   1.0563003625e+00
-5.3786936440e-01   -3.5678900857e-01   1.0317334226e+00
-5.0340911099e-01   -3.3187125280e-01   1.0071052146e+00
-4.7085669745e-01   -3.0927706996e-01   9.8252113948e-01
-4.4027866243e-01   -2.8892540109e-01   9.5807260048e-01
-4.1171439270e-01   -2.7072542198e-01   9.3383786470e-01
-3.8517955490e-01   -2.5458023192e-01   9.0988309889e-01
-3.6066952604e-01   -2.4039003229e-01   8.8626350424e-01
-3.3816273397e-01   -2.2805481562e-01   8.6302448886e-01
-3.1762383997e-01   -2.1747659997e-01   8.4020283142e-01
-2.9900671464e-01   -2.0856125141e-01   8.1782780192e-01
-2.8225717489e-01   -2.0121994228e-01   7.9592221654e-01
-2.6731546438e-01   -1.9537029365e-01   7.7450341270e-01
-2.5411847121e-01   -1.9093725001e-01   7.5358413732e-01
-2.4260168612e-01   -1.8785373091e-01   7.3317334710e-01
-2.3270091161e-01   -1.8606110149e-01   7.1327692354e-01
-2.2435373753e-01   -1.8550949926e-01   6.9389830833e-01
-2.1750080215e-01   -1.8615805055e-01   6.7503906669e-01
-2.1208685999e-01   -1.8797500562e-01   6.5669938735e-01
-2.0806167856e-01   -1.9093781760e-01   6.3887852839e-01
-2.0538078650e-01   -1.9503318653e-01   6.2157521880e-01
-2.0400609489e-01   -2.0025708615e-01   6.0478802503e-01
-2.0390641263e-01   -2.0661478834e-01   5.8851569208e-01
-2.0505787538e-01   -2.1412089672e-01   5.7275746852e-01
-2.0744430587e-01   -2.2279939864e-01   5.5751342431e-01
-2.1105752172e-01   -2.3268374219e-01   5.4278477066e-01
-2.1589760490e-01   -2.4381694257e-01   5.2857419094e-01
-2.2197314514e-01   -2.5625171979e-01   5.1488619177e-01
-2.2930146744e-01   -2.7005066731e-01   5.0172748417e-01
-2.3790885167e-01   -2.8528644866e-01   4.8910740454e-01
-2.4783075039e-01   -3.0204201634e-01   4.7703838660e-01
-2.5911200807e-01   -3.2041084353e-01   4.6553649570e-01
-2.7180708279e-01   -3.4049715565e-01   4.5462203847e-01
-2.8598026835e-01   -3.6241614341e-01   4.4432026150e-01
-3.0170591116e-01   -3.8629413323e-01   4.3466215438e-01
-3.1906861274e-01   -4.1226868307e-01   4.2568537349e-01
-3.3816340321e-01   -4.4048856271e-01   4.1743530424e-01
-3.5909586607e-01   -4.7111356522e-01   4.0996628031e-01
-3.8198218671e-01   -5.0431408242e-01   4.0334297902e-01
-4.0694908900e-01   -5.4027035891e-01   3.9764201130e-01
-4.3413361321e-01   -5.7917131739e-01   3.9295372324e-01
-4.6368267545e-01   -6.2121282162e-01   3.8938422209e-01
-4.9575233301e-01   -6.6659521166e-01   3.8705763301e-01
-5.3050666074e-01   -7.1551990873e-01   3.8611858187e-01
-5.6811612032e-01   -7.6818484438e-01   3.8673488243e-01
-6.0875527786e-01   -8.2477842081e-01   3.8910038186e-01
-6.5259969391e-01   -8.8547165820e-01   3.9343788295e-01
-6.9982177542e-01   -9.5040813415e-01   4.0000201298e-01
-7.5058534251e-01   -1.0196912752e+00   4.0908184305e-01
-8.0503862505e-01   -1.0933685310e+00   4.2100297496e-01
-8.6330537156e-01   -1.1714119627e+00   4.3612870208e-01
-9.2547372905e-01   -1.2536948261e+00   4.5485971336e-01
-9.9158254967e-01   -1.3399638628e+00   4.7763164780e-01
-1.0616048106e+00   -1.4298072574e+00   5.0490962594e-01
-1.1354279161e+00   -1.5226186273e+00   5.3717870097e-01
-1.2128308112e+00   -1.6175580328e+00   5.7492901334e-01
-1.2934580989e+00   -1.7135118745e+00   6.1863434706e-01
-1.3767917545e+00   -1.8090547092e+00   6.6872284213e-01
-1.4621215909e+00   -1.9024174510e+00   7.2553891118e-01
-1.5485163612e+00   -1.9914680330e+00   7.8929605172e-01
-1.6347982772e+00   -2.0737121727e+00   8.6002135353e-01
-1.7195246998e+00   -2.1463230309e+00   9.3749415243e-01
-1.8009816870e+00   -2.2062087379e+00   1.0211834654e+00
-1.8771947410e+00   -2.2501252979e+00   1.1101913766e+00
-1.9459621752e+00   -2.2748386081e+00   1.2032120129e+00
-2.0049156669e+00   -2.2773328403e+00   1.2985174570e+00
-2.0516104715e+00   -2.2550534320e+00   1.3939820036e+00
-2.0836443038e+00   -2.2061625830e+00   1.4871536717e+00
-2.0987992448e+00   -2.1297756909e+00   1.5753763177e+00
-2.0951958415e+00   -2.0261416261e+00   1.6559573226e+00
-2.0714439112e+00   -1.8967311463e+00   1.7263660160e+00
-2.0267717667e+00   -1.7442077919e+00   1.7844391411e+00
-1.9611158133e+00   -1.5722735271e+00   1.8285645760e+00
-1.8751563082e+00   -1.3854035673e+00   1.8578153980e+00
-1.7702921256e+00   -1.1885055555e+00   1.8720137889e+00
-1.6485562570e+00   -9.8655169756e-01   1.8717166369e+00
-1.5124825006e+00   -7.8423495830e-01   1.8581287309e+00
-1.3649403656e+00   -5.8569180019e-01   1.8329613699e+00
-1.2089583088e+00   -3.9431751132e-01   1.7982611409e+00
-1.0475547253e+00   -2.1268111046e-01   1.7562345253e+00
-8.8359231611e-01   -4.2530157396e-02   1.7090897420e+00
-7.1966585901e-01   1.1513520907e-01   1.6589099441e+00
-5.5802745955e-01   2.5994412666e-01   1.6075639326e+00
-4.0054820917e-01   3.9201677323e-01   1.5566537941e+00
-2.4871149435e-01   5.1182541302e-01   1.5074942815e+00
-1.0363115469e-01   6.2006803677e-01   1.4611164697e+00
3.3912918500e-02   7.1756204197e-01   1.4182878235e+00
1.6342870405e-01   8.0516066804e-01   1.3795416596e+00
2.8466137836e-01   8.8369162416e-01   1.3452104529e+00
3.9754259610e-01   9.5391543692e-01   1.3154590456e+00
5.0214293501e-01   1.0165002045e+00   1.2903152836e+00
5.9862953928e-01   1.0720093302e+00   1.2696967795e+00
6.8723004999e-01   1.1208991131e+00   1.2534333639e+00
7.6820320748e-01   1.1635235669e+00   1.2412853580e+00
8.4181602460e-01   1.2001443680e+00   1.2329581511e+00
9.0832711940e-01   1.2309443079e+00   1.2281137378e+00
9.6797561743e-01   1.2560430074e+00   1.2263799321e+00
1.0209749450e+00   1.2755139301e+00   1.2273579531e+00
1.0675108021e+00   1.2894019165e+00   1.2306290090e+00
1.1077426031e+00   1.2977405674e+00   1.2357604045e+00
1.1418076865e+00   1.3005688670e+00   1.2423115750e+00
1.1698276131e+00   1.2979464646e+00   1.2498403220e+00
1.1919158937e+00   1.2899670622e+00   1.2579093860e+00
1.2081865077e+00   1.2767693971e+00   1.2660933628e+00
1.2187626046e+00   1.2585453798e+00   1.2739858470e+00
1.2237848177e+00   1.2355450584e+00   1.2812065835e+00
1.2234186780e+00   1.2080782213e+00   1.2874083333e+00
1.2178606853e+00   1.1765126277e+00   1.2922831169e+00
1.2073426912e+00   1.1412690458e+00   1.2955674944e+00
1.1921343582e+00   1.1028134638e+00   1.2970465761e+00
1.1725435799e+00   1.0616470090e+00   1.2965565240e+00
1.1489148776e+00   1.0182942357e+00   1.2939853996e+00
1.1216259097e+00   9.7329051665e-01   1.2892723232e+00
1.0910823377e+00   9.2716928884e-01   1.2824050217e+00
1.0577113814e+00   8.8044985691e-01   1.2734159460e+00
1.0219544518e+00   8.3362636396e-01   1.2623772211e+00
9.8425927890e-01   7.8715840278e-01   1.2493947479e+00
9.4507194524e-01   7.4146358544e-01   1.2346018024e+00
9.0482920846e-01   6.9691222775e-01   1.2181524708e+00
8.6395143764e-01   6.5382415548e-01   1.2002152320e+00
8.2283642286e-01   6.1246751141e-01   1.1809669484e+00
7.8185423880e-01   5.7305934500e-01   1.1605874631e+00
7.4134326680e-01   5.3576770169e-01   1.1392549407e+00
7.0160740703e-01   5.0071489607e-01   1.1171420208e+00
6.6291445026e-01   4.6798164800e-01   1.0944128005e+00
6.2549552831e-01   4.3761177776e-01   1.0712206151e+00
5.8954552561e-01   4.0961718912e-01   1.0477065515e+00
5.5522431051e-01   3.8398291095e-01   1.0239986064e+00
5.2265863395e-01   3.6067201420e-01   1.0002113894e+00
4.9194454151e-01   3.3963026651e-01   9.7644626754e-01
4.6315015187e-01   3.2079042908e-01   9.5279185089e-01
4.3631866725e-01   3.0407613733e-01   9.2932472763e-01
4.1147149783e-01   2.8940533732e-01   9.0611036821e-01
3.8861140047e-01   2.7669327477e-01   8.8320413070e-01
3.6772555079e-01   2.6585505089e-01   8.6065231242e-01
3.4878848605e-01   2.5680777303e-01   8.3849320547e-01
3.3176487289e-01   2.4947233551e-01   8.1675812473e-01
3.1661206924e-01   2.4377487145e-01   7.9547238668e-01
3.0328246208e-01   2.3964791745e-01   7.7465622551e-01
2.9172557406e-01   2.3703133312e-01   7.5432563963e-01
2.8188993995e-01   2.3587301533e-01   7.3449316671e-01
2.7372476087e-01   2.3612944424e-01   7.1516858939e-01
2.6718134903e-01   2.3776609495e-01   6.9635957671e-01
2.6221437910e-01   2.4075774442e-01   6.7807226827e-01
2.5878296435e-01   2.4508869995e-01   6.6031180937e-01
2.5685157697e-01   2.5075297152e-01   6.4308284660e-01
2.5639083179e-01   2.5775440634e-01   6.2638999348e-01
2.5737815263e-01   2.6610680088e-01   6.1023827648e-01
2.5979833904e-01   2.7583400188e-01   5.9463357156e-01
2.6364404999e-01   2.8697000447e-01   5.7958304196e-01
2.6891621935e-01   2.9955905247e-01   5.6509558777e-01
2.7562441566e-01   3.1365574220e-01   5.5118231851e-01
2.8378715676e-01   3.2932512779e-01   5.3785705990e-01
2.9343218684e-01   3.4664282181e-01   5.2513690680e-01
3.0459672114e-01   3.6569508081e-01   5.1304283484e-01
3.1732765966e-01   3.8657885999e-01   5.0160038369e-01
3.3168176837e-01   4.0940181542e-01   4.9084042600e-01
3.4772582156e-01   4.3428222449e-01   4.8080003652e-01
3.6553669450e-01   4.6134878711e-01   4.7152347639e-01
3.8520138982e-01   4.9074025866e-01   4.6306330808e-01
4.0681697398e-01   5.2260485350e-01   4.5548165597e-01
4.3049039232e-01   5.5709934156e-01   4.4885162636e-01
4.5633812126e-01   5.9438774187e-01   4.4325889868e-01
4.8448560436e-01   6.3463949447e-01   4.3880349468e-01
5.1506640542e-01   6.7802696565e-01   4.3560172614e-01
5.4822099457e-01   7.2472211095e-01   4.3378831025e-01
5.8409506468e-01   7.7489208643e-01   4.3351862654e-01
6.2283725230e-01   8.2869356093e-01   4.3497106662e-01
6.6459611308e-01   8.8626544411e-01   4.3834939681e-01
7.0951617345e-01   9.4771970813e-01   4.4388501159e-01
7.5773285249e-01   1.0131299517e+00   4.5183890012e-01
8.0936602030e-01   1.0825173409e+00   4.6250307587e-01
8.6451193651e-01   1.1558335752e+00   4.7620112970e-01
9.2323330017e-01   1.2329405825e+00   4.9328745755e-01
9.8554714722e-01   1.3135867708e+00   5.1414458807e-01
1.0514103668e+00   1.3973798830e+00   5.3917789914e-01
1.1207026853e+00   1.4837568430e+00   5.6880687829e-01
1.1932071071e+00   1.5719514919e+00   6.0345197392e-01
1.2685880239e+00   1.6609618145e+00   6.4351603948e-01
1.3463675299e+00   1.7495191627e+00   6.8935944245e-01
1.4259009309e+00   1.8360630847e+00   7.4126816499e-01
1.5063530057e+00   1.9187265712e+00   7.9941474242e-01
1.5866772694e+00   1.9953376868e+00   8.6381274875e-01
1.6656012259e+00   2.0634443734e+00   9.3426679603e-01
1.7416212986e+00   2.1203693117e+00   1.0103216515e+00
1.8130116126e+00   2.1633006262e+00   1.0912159615e+00
1.8778508648e+00   2.1894214421e+00   1.1758479082e+00
1.9340708931e+00   2.1960765746e+00   1.2627614355e+00
1.9795290328e+00   2.1809680463e+00   1.3501618379e+00
2.0121038058e+00   2.1423634640e+00   1.4359678798e+00
2.0298100501e+00   2.0792940080e+00   1.5179037851e+00
2.0309256663e+00   1.9917140055e+00   1.5936285169e+00
2.0141184791e+00   1.8805939210e+00   1.6608925605e+00
1.9785592051e+00   1.7479245743e+00   1.7177055112e+00
1.9240060867e+00   1.5966223997e+00   1.7624930909e+00
1.8508489377e+00   1.4303415356e+00   1.7942215143e+00
1.7601050644e+00   1.2532147892e+00   1.8124711669e+00
1.6533659944e+00   1.0695578227e+00   1.8174497106e+00
1.5327008149e+00   8.8357599101e-01   1.8099450247e+00
1.4005277199e+00   6.9911005309e-01   1.7912281880e+00
1.2594688889e+00   5.1944688816e-01   1.7629236250e+00
1.1122045443e+00   3.4720762075e-01   1.7268662645e+00
9.6134014377e-01   1.8431192578e-01   1.6849641164e+00
8.0929694523e-01   3.2006738895e-02   1.6390802102e+00
6.5823165097e-01   -1.0905838163e-01   1.5909420083e+00
5.0998648477e-01   -2.3872843818e-01   1.5420807470e+00
3.6606754852e-01   -3.5722991398e-01   1.4937987356e+00
2.2764698205e-01   -4.6506066457e-01   1.4471598690e+00
9.5583309916e-02   -5.6289148444e-01   1.4029974216e+00
-2.9545799623e-02   -6.5148392345e-01   1.3619332221e+00
-1.4740361516e-01   -7.3162571185e-01   1.3244030916e+00
-2.5785160900e-01   -8.0408298184e-01   1.2906845616e+00
-3.6090721603e-01   -8.6956724200e-01   1.2609240652e+00
-4.5670438525e-01   -9.2871455055e-01   1.2351618371e+00
-5.4545835476e-01   -9.8207430690e-01   1.2133535931e+00
-6.2743538983e-01   -1.0301053355e+00   1.1953886615e+00
-7.0292771295e-01   -1.0731773167e+00   1.1811046492e+00
-7.7223350675e-01   -1.1115760265e+00   1.1702989715e+00
-8.3564165327e-01   -1.1455112185e+00   1.1627377050e+00
-8.9342075544e-01   -1.1751262907e+00   1.1581622747e+00
-9.4581193755e-01   -1.2005091165e+00   1.1562944859e+00
-9.9302491703e-01   -1.2217035869e+00   1.1568403788e+00
-1.0352368601e+00   -1.2387215145e+00   1.1594933346e+00
-1.0725935642e+00   -1.2515546116e+00   1.1639367998e+00
-1.1052125429e+00   -1.2601862720e+00   1.1698469327e+00
-1.1331876157e+00   -1.2646028905e+00   1.1768954007e+00
-1.1565946286e+00   -1.2648044352e+00   1.1847524901e+00
-1.1754979451e+00   -1.2608139831e+00   1.1930906132e+00
-1.1899573596e+00   -1.2526859230e+00   1.2015882267e+00
-1.2000350963e+00   -1.2405125454e+00   1.2099341045e+00
-1.2058025681e+00   -1.2244287795e+00   1.2178318503e+00
-1.2073465928e+00   -1.2046148934e+00   1.2250044791e+00
-1.2047747900e+00   -1.1812970607e+00   1.2311988655e+00
-1.1982199247e+00   -1.1547457934e+00   1.2361898370e+00
-1.1878430134e+00   -1.1252723513e+00   1.2397836916e+00
-1.1738350722e+00   -1.0932233448e+00   1.2418209446e+00
-1.1564174547e+00   -1.0589738457e+00   1.2421781463e+00
-1.1358408000e+00   -1.0229193971e+00   1.2407686689e+00
-1.1123826813e+00   -9.8546736003e-01   1.2375424242e+00
-1.0863441108e+00   -9.4702805363e-01   1.2324845401e+00
-1.0580451071e+00   -9.0800612750e-01   1.2256130829e+00
-1.0278195698e+00   -8.6879255879e-01   1.2169759694e+00
-9.9600972677e-01   -8.2975759811e-01   1.2066472475e+00
-9.6296041964e-01   -7.9124490198e-01   1.1947229474e+00
-9.2901348398e-01   -7.5356699821e-01   1.1813167133e+00
-8.9450244844e-01   -7.1700213959e-01   1.1665554121e+00
-8.5974774236e-01   -6.8179252012e-01   1.1505748976e+00
-8.2505255544e-01   -6.4814375982e-01   1.1335160748e+00
-7.9069944630e-01   -6.1622551362e-01   1.1155213754e+00
-7.5694775068e-01   -5.8617302676e-01   1.0967317169e+00
-7.2403179757e-01   -5.5808944293e-01   1.0772839824e+00
-6.9215990572e-01   -5.3204867007e-01   1.0573090286e+00
-6.6151410361e-01   -5.0809861868e-01   1.0369302016e+00
-6.3225049520e-01   -4.8626464637e-01   1.0162623234e+00
-6.0450017987e-01   -4.6655306595e-01   9.9541109612e-01
-5.7837062841e-01   -4.4895460044e-01   9.7447286630e-01
-5.5394741608e-01   -4.3344769498e-01   9.5353468721e-01
-5.3129621762e-01   -4.2000162010e-01   9.3267461982e-01
-5.1046497633e-01   -4.0857932304e-01   9.1196221633e-01
-4.9148616919e-01   -3.9914000274e-01   8.9145913698e-01
-4.7437910086e-01   -3.9164139926e-01   8.7121985755e-01
-4.5915217084e-01   -3.8604180073e-01   8.5129243245e-01
-4.4580506937e-01   -3.8230177920e-01   8.3171928606e-01
-4.3433086824e-01   -3.8038567324e-01   8.1253801110e-01
-4.2471798193e-01   -3.8026283854e-01   7.9378215987e-01
-4.1695198324e-01   -3.8190868928e-01   7.7548201866e-01
-4.1101726400e-01   -3.8530555346e-01   7.5766536091e-01
-4.0689853752e-01   -3.9044336392e-01   7.4035817809e-01
-4.0458218349e-01   -3.9732020471e-01   7.2358539021e-01
-4.0405743913e-01   -4.0594272979e-01   7.0737154068e-01
-4.0531744267e-01   -4.1632646704e-01   6.9174148167e-01
-4.0836013576e-01   -4.2849601707e-01   6.7672105773e-01
-4.1318903173e-01   -4.4248515126e-01   6.6233779658e-01
-4.1981385570e-01   -4.5833680886e-01   6.4862161627e-01
-4.2825106084e-01   -4.7610298700e-01   6.3560555888e-01
-4.3852422281e-01   -4.9584451146e-01   6.2332656047e-01
-4.5066431116e-01   -5.1763066904e-01   6.1182626724e-01
-4.6470983255e-01   -5.4153867444e-01   6.0115190696e-01
-4.8070683609e-01   -5.6765293554e-01   5.9135722376e-01
-4.9870876540e-01   -5.9606407114e-01   5.8250348251e-01
-5.1877613549e-01   -6.2686762343e-01   5.7466054636e-01
-5.4097600530e-01   -6.6016239490e-01   5.6790802701e-01
-5.6538120767e-01   -6.9604832476e-01   5.6233650180e-01
-5.9206928948e-01   -7.3462380491e-01   5.5804878396e-01
-6.2112110307e-01   -7.7598231842e-01   5.5516122189e-01
-6.5261897899e-01   -8.2020826753e-01   5.5380498961e-01
-6.8664439688e-01   -8.6737184221e-01   5.5412731198e-01
-7.2327505863e-01   -9.1752276794e-01   5.5629254533e-01
-7.6258125576e-01   -9.7068276466e-01   5.6048300435e-01
-8.0462141213e-01   -1.0268365519e+00   5.6689938999e-01
-8.4943667648e-01   -1.0859212534e+00   5.7576063002e-01
-8.9704443897e-01   -1.1478140965e+00   5.8730289361e-01
-9.4743065557e-01   -1.2123183725e+00   6.0177748634e-01
-1.0005408890e+00   -1.2791477437e+00   6.1944727551e-01
-1.0562700205e+00   -1.3479091493e+00   6.4058124328e-01
-1.1144506614e+00   -1.4180848031e+00   6.6544672781e-01
-1.1748404014e+00   -1.4890140909e+00   6.9429890370e-01
-1.2371081881e+00   -1.5598765652e+00   7.2736709309e-01
-1.3008203291e+00   -1.6296777049e+00   7.6483761181e-01
-1.3654268686e+00   -1.6972396065e+00   8.0683306916e-01
-1.4302493821e+00   -1.7611992678e+00   8.5338838293e-01
-1.4944715605e+00   -1.8200175049e+00   9.0442426117e-01
-1.5571342689e+00   -1.8720016883e+00   9.5971954054e-01
-1.6171370135e+00   -1.9153452333e+00   1.0188845242e+00
-1.6732478652e+00   -1.9481859571e+00   1.0813382495e+00
-1.7241237692e+00   -1.9686838854e+00   1.1462932995e+00
-1.7683427315e+00   -1.9751168079e+00   1.2127521585e+00
-1.8044485491e+00   -1.9659889573e+00   1.2795189778e+00
-1.8310075135e+00   -1.9401449562e+00   1.3452297488e+00
-1.8466749448e+00   -1.8968782196e+00   1.4084021786e+00
-1.8502676758e+00   -1.8360210502e+00   1.4675040723e+00
-1.8408369808e+00   -1.7580034865e+00   1.5210360630e+00
-1.8177352821e+00   -1.6638700809e+00   1.5676216177e+00
-1.7806696085e+00   -1.5552482576e+00   1.6060950574e+00
-1.7297354523e+00   -1.4342681651e+00   1.6355775113e+00
-1.6654264212e+00   -1.3034408523e+00   1.6555316542e+00
-1.5886176903e+00   -1.1655076915e+00   1.6657887302e+00
-1.5005243087e+00   -1.0232778991e+00   1.6665452594e+00
-1.4026383487e+00   -8.7947191308e-01   1.6583311200e+00
-1.2966511757e+00   -7.3658623772e-01   1.6419544891e+00
-1.1843683858e+00   -5.9679084020e-01   1.6184316576e+00
-1.0676250693e+00   -4.6186448484e-01   1.5889106553e+00
-9.4820813580e-01   -3.3316779887e-01   1.5545969907e+00
-8.2779076923e-01   -2.1164939686e-01   1.5166880305e+00
-7.0788207317e-01   -9.7877602040e-02   1.4763201895e+00
-5.8979297605e-01   7.9107487427e-03   1.4345307125e+00
-4.7461778385e-01   1.0575254810e-01   1.3922338190e+00
-3.6322954385e-01   1.9589851430e-01   1.3502095618e+00
-2.5628666018e-01   2.7875617741e-01   1.3091029512e+00
-1.5424792908e-01   3.5483898951e-01   1.2694306386e+00
-5.7393239419e-02   4.2472322102e-01   1.2315925843e+00
3.4152505388e-02   4.8901309174e-01   1.1958865016e+00
1.2039425204e-01   5.4831375300e-01   1.1625233393e+00
2.0144198212e-01   6.0321124289e-01   1.1316425407e+00
2.7748729825e-01   6.5425830715e-01   1.1033262441e+00
3.4878209825e-01   7.0196493554e-01   1.0776119357e+00
4.1561970333e-01   7.4679253749e-01   1.0545033294e+00
4.7831856233e-01   7.8915081771e-01   1.0339794298e+00
5.3720848037e-01   8.2939657405e-01   1.0160018538e+00
5.9261920615e-01   8.6783380190e-01   1.0005205576e+00
6.4487114642e-01   9.0471463761e-01   9.8747814211e-01
6.9426794602e-01   9.4024080258e-01   9.7681292424e-01
7.4109066881e-01   9.7456531701e-01   9.6846094879e-01
7.8559332879e-01   1.0077943404e+00   9.6235710393e-01
8.2799954673e-01   1.0399890661e+00   9.5843548307e-01
8.6850013975e-01   1.0711676519e+00   9.5662911852e-01
9.0725148664e-01   1.1013072145e+00   9.5686919639e-01
9.4437454735e-01   1.1303459452e+00   9.5908385038e-01
9.7995444971e-01   1.1581854331e+00   9.6319662460e-01
1.0140405883e+00   1.1846932939e+00   9.6912469208e-01
1.0466472090e+00   1.2097062159e+00   9.7677691712e-01
1.0777544768e+00   1.2330335299e+00   9.8605185399e-01
1.1073100440e+00   1.2544614054e+00   9.9683578217e-01
1.1352311481e+00   1.2737577513e+00   1.0090008865e+00
1.1614072764e+00   1.2906778744e+00   1.0224036997e+00
1.1857034326e+00   1.3049709048e+00   1.0368839299e+00
1.2079640309e+00   1.3163869458e+00   1.0522637986e+00
1.2280174283e+00   1.3246848477e+00   1.0683480092e+00
1.2456810757e+00   1.3296404364e+00   1.0849244517e+00
1.2607672402e+00   1.3310549613e+00   1.1017657281e+00
1.2730892084e+00   1.3287634640e+00   1.1186315470e+00
1.2824678401e+00   1.3226427146e+00   1.1352719904e+00
1.2887382985e+00   1.3126183341e+00   1.1514316055e+00
1.2917567451e+00   1.2986707063e+00   1.1668542131e+00
1.2914067555e+00   1.2808393098e+00   1.1812882671e+00
1.2876051961e+00   1.2592251522e+00   1.1944925453e+00
1.2803072972e+00   1.2339910757e+00   1.2062419090e+00
1.2695106742e+00   1.2053598157e+00   1.2163328455e+00
1.2552580858e+00   1.1736098284e+00   1.2245884992e+00
1.2376387668e+00   1.1390690374e+00   1.2308629211e+00
1.2167882459e+00   1.1021067867e+00   1.2350443046e+00
1.1928866323e+00   1.0631243961e+00   1.2370570382e+00
1.1661554386e+00   1.0225447994e+00   1.2368624838e+00
1.1368530840e+00   9.8080178778e-01   1.2344584677e+00
1.1052692915e+00   9.3832938552e-01   1.2298775576e+00
1.0717186435e+00   8.9555184307e-01   1.2231842655e+00
1.0365335938e+00   8.5287466525e-01   1.2144713779e+00
1.0000572484e+00   8.1067699328e-01   1.2038556483e+00
9.6263621592e-01   7.6930555086e-01   1.1914731040e+00
9.2461380497e-01   7.2907025278e-01   1.1774742156e+00
8.8632380127e-01   6.9024147017e-01   1.1620191543e+00
8.4808500967e-01   6.5304885819e-01   1.1452733293e+00
8.1019668770e-01   6.1768158356e-01   1.1274033521e+00
7.7293494259e-01   5.8428974290e-01   1.1085735334e+00
7.3655011083e-01   5.5298673858e-01   1.0889429678e+00
7.0126509395e-01   5.2385237332e-01   1.0686632266e+00
6.6727458717e-01   4.9693643489e-01   1.0478766418e+00
6.3474510996e-01   4.7226256376e-01   1.0267151418e+00
6.0381572982e-01   4.4983222557e-01   1.0052995780e+00
5.7459936072e-01   4.2962864216e-01   9.8373947559e-01
5.4718451614e-01   4.1162056803e-01   9.6213313307e-01
5.2163740054e-01   3.9576582979e-01   9.4056799955e-01
4.9800423177e-01   3.8201457428e-01   9.1912126212e-01
4.7631369856e-01   3.7031219437e-01   8.9786058288e-01
4.5657947063e-01   3.6060192113e-01   8.7684493412e-01
4.3880269288e-01   3.5282708563e-01   8.5612548890e-01
4.2297440920e-01   3.4693306514e-01   8.3574653347e-01
4.0907787420e-01   3.4286893564e-01   8.1574637616e-01
3.9709072305e-01   3.4058885754e-01   7.9615823490e-01
3.8698697990e-01   3.4005322347e-01   7.7701109189e-01
3.7873889402e-01   3.4122959774e-01   7.5833050949e-01
3.7231859991e-01   3.4409347585e-01   7.4013940552e-01
3.6769960301e-01   3.4862889032e-01   7.2245879015e-01
3.6485809713e-01   3.5482888667e-01   7.0530846875e-01
3.6377412206e-01   3.6269588944e-01   6.8870771766e-01
3.6443257200e-01   3.7224197483e-01   6.7267594108e-01
3.6682406569e-01   3.8348906217e-01   6.5723331859e-01
3.7094568939e-01   3.9646903188e-01   6.4240145369e-01
3.7680162236e-01   4.1122377326e-01   6.2820403430e-01
3.8440365330e-01   4.2780515957e-01   6.1466751657e-01
3.9377159344e-01   4.4627494288e-01   6.0182184377e-01
4.0493358928e-01   4.6670455435e-01   5.8970121193e-01
4.1792633410e-01   4.8917478869e-01   5.7834489388e-01
4.3279517314e-01   5.1377534337e-01   5.6779813296e-01
4.4959409207e-01   5.4060417392e-01   5.5811311683e-01
4.6838557252e-01   5.6976661556e-01   5.4935004022e-01
4.8924029124e-01   6.0137420931e-01   5.4157826346e-01
5.1223663154e-01   6.3554315638e-01   5.3487756989e-01
5.3745996592e-01   6.7239230804e-01   5.2933952024e-01
5.6500165847e-01   7.1204058062e-01   5.2506889462e-01
5.9495772279e-01   7.5460366479e-01   5.2218520263e-01
6.2742705796e-01   8.0018987770e-01   5.2082422786e-01
6.6250916968e-01   8.4889498520e-01   5.2113955429e-01
7.0030126783e-01   9.0079580235e-01   5.2330399709e-01
7.4089461559e-01   9.5594236558e-01   5.2751082849e-01
7.8436998983e-01   1.0143484641e+00   5.3397464870e-01
8.3079210055e-01   1.0759803274e+00   5.4293170251e-01
8.8020281036e-01   1.1407432977e+00   5.5463938276e-01
9.3261299842e-01   1.2084663828e+00   5.6937459459e-01
9.8799293192e-01   1.2788846967e+00   5.8743058109e-01
1.0462610489e+00   1.3516199747e+00   6.0911173846e-01
1.1072711287e+00   1.4261596031e+00   6.3472588693e-01
1.1707979390e+00   1.5018349572e+00   6.6457342906e-01
1.2365216143e+00   1.5778002985e+00   6.9893284174e-01
1.3040112477e+00   1.6530140403e+00   7.3804204390e-01
1.3727084691e+00   1.7262248271e+00   7.8207539354e-01
1.4419121427e+00   1.7959655290e+00   8.3111643579e-01
1.5107657185e+00   1.8605588217e+00   8.8512707934e-01
1.5782491881e+00   1.9181383506e+00   9.4391463625e-01
1.6431779549e+00   1.9666893613e+00   1.0070990941e+00
1.7042111473e+00   2.0041118780e+00   1.0740840147e+00
1.7598718618e+00   2.0283078203e+00   1.1440354089e+00
1.8085813932e+00   2.0372907522e+00   1.2158735765e+00
1.8487085965e+00   2.0293133414e+00   1.2882829240e+00
1.8786340668e+00   2.0030034539e+00   1.3597438824e+00
1.8968268988e+00   1.9574958316e+00   1.4285890456e+00
1.9019295815e+00   1.8925434870e+00   1.4930825749e+00
1.8928444630e+00   1.8085923427e+00   1.5515181077e+00
1.8688136331e+00   1.7068050405e+00   1.6023265703e+00
1.8294834861e+00   1.5890254090e+00   1.6441823230e+00
1.7749459743e+00   1.4576831103e+00   1.6760948613e+00
1.7057507213e+00   1.3156469692e+00   1.6974744186e+00
1.6228854636e+00   1.1660434199e+00   1.7081632487e+00
1.5277261715e+00   1.0120615219e+00   1.7084294442e+00
1.4219619198e+00   8.5676698082e-01   1.6989257430e+00
1.3075024344e+00   7.0294451851e-01   1.6806206155e+00
1.1863777376e+00   5.5298181239e-01   1.6547120342e+00
1.0606393117e+00   4.0880072132e-01   1.6225352608e+00
9.3227086933e-01   2.7183438600e-01   1.5854748944e+00
8.0311460324e-01   1.4304334301e-01   1.5448889169e+00
6.7481620712e-01   2.2960654868e-02   1.5020493411e+00
5.4878948633e-01   -8.8244806948e-02   1.4581010281e+00
4.2619936871e-01   -1.9069688456e-01   1.4140378054e+00
3.0796073828e-01   -2.8474044411e-01   1.3706934025e+00
1.9474977211e-01   -3.7087507509e-01   1.3287439177e+00
8.7024269169e-02   -4.4969749534e-01   1.2887183939e+00
-1.4950325168e-02   -5.2185408877e-01   1.2510143867e+00
-1.1107202935e-01   -5.8800362244e-01   1.2159159602e+00
-2.0137281917e-01   -6.4878930717e-01   1.1836121759e+00
-2.8599015728e-01   -7.0481889789e-01   1.1542147360e+00
-3.6514066838e-01   -7.5665136800e-01   1.1277739561e+00
-4.3909661357e-01   -8.0478873224e-01   1.1042926344e+00
-5.0816546186e-01   -8.4967174754e-01   1.0837376728e+00
-5.7267259672e-01   -8.9167842964e-01   1.0660494986e+00
-6.3294702048e-01   -9.3112454138e-01   1.0511494470e+00
-6.8930981307e-01   -9.6826541300e-01   1.0389453301e+00
-7.4206504779e-01   -1.0032986333e+00   1.0293354383e+00
-7.9149285201e-01   -1.0363672970e+00   1.0222112218e+00
-8.3784431111e-01   -1.0675636128e+00   1.0174588836e+00
-8.8133794164e-01   -1.0969327635e+00   1.0149600995e+00
-9.2215749530e-01   -1.1244769789e+00   1.0145920569e+00
-9.6045089518e-01   -1.1501598243e+00   1.0162269857e+00
-9.9633014431e-01   -1.1739107392e+00   1.0197313397e+00
-1.0298720822e+00   -1.1956298695e+00   1.0249647740e+00
-1.0611198956e+00   -1.2151932416e+00   1.0317790517e+00
-1.0900853135e+00   -1.2324583121e+00   1.0400170095e+00
-1.1167514331e+00   -1.2472699050e+00   1.0495117012e+00
-1.1410761327e+00   -1.2594665212e+00   1.0600858324e+00
-1.1629960289e+00   -1.2688869631e+00   1.0715515884e+00
-1.1824309287e+00   -1.2753771788e+00   1.0837109441e+00
-1.1992887161e+00   -1.2787971846e+00   1.0963565257e+00
-1.2134705936e+00   -1.2790278819e+00   1.1092730689e+00
-1.2248765766e+00   -1.2759775513e+00   1.1222394891e+00
-1.2334111177e+00   -1.2695877787e+00   1.1350315446e+00
-1.2389887120e+00   -1.2598385567e+00   1.1474250333e+00
-1.2415393189e+00   -1.2467523152e+00   1.1591994291e+00
-1.2410134210e+00   -1.2303966548e+00   1.1701418222e+00
-1.2373865375e+00   -1.2108856109e+00   1.1800510011e+00
-1.2306630171e+00   -1.1883793336e+00   1.1887414903e+00
-1.2208789525e+00   -1.1630821534e+00   1.1960473490e+00
-1.2081040897e+00   -1.1352390845e+00   1.2018255389e+00
-1.1924426451e+00   -1.1051309094e+00   1.2059586888e+00
-1.1740329912e+00   -1.0730680645e+00   1.2083571161e+00
-1.1530462248e+00   -1.0393836174e+00   1.2089600062e+00
-1.1296836852e+00   -1.0044256672e+00   1.2077357028e+00
-1.1041735381e+00   -9.6854952380e-01   1.2046811141e+00
-1.0767665846e+00   -9.3211001836e-01   1.1998202909e+00
-1.0477314864e+00   -8.9545426607e-01   1.1932022761e+00
-1.0173496169e+00   -8.5891515876e-01   1.1848983613e+00
-9.8590975533e-01   -8.2280579977e-01   1.1749989084e+00
-9.5370283221e-01   -7.8741502476e-01   1.1636099017e+00
-9.2101691836e-01   -7.5300408012e-01   1.1508493971e+00
-8.8813262058e-01   -7.1980446392e-01   1.1368440188e+00
-8.5531901417e-01   -6.8801687576e-01   1.1217256343e+00
-8.2283020531e-01   -6.5781117619e-01   1.1056283115e+00
-7.9090257890e-01   -6.2932722311e-01   1.0886856333e+00
-7.5975275218e-01   -6.0267643342e-01   1.0710284158e+00
-7.2957622300e-01   -5.7794391090e-01   1.0527828509e+00
-7.0054667556e-01   -5.5519098415e-01   1.0340690693e+00
-6.7281588619e-01   -5.3445800942e-01   1.0150001063e+00
-6.4651415758e-01   -5.1576730957e-01   9.9568123261e-01
-6.2175120151e-01   -4.9912613967e-01   9.7620961157e-01
-5.9861738678e-01   -4.8452959071e-01   9.5667423305e-01
-5.7718527000e-01   -4.7196336324e-01   9.3715607778e-01
-5.5751133108e-01   -4.6140636153e-01   9.1772846539e-01
-5.3963784217e-01   -4.5283307586e-01   8.9845754388e-01
-5.2359480673e-01   -4.4621573438e-01   8.7940288313e-01
-5.0940191467e-01   -4.4152621773e-01   8.6061814067e-01
-4.9707046860e-01   -4.3873773810e-01   8.4215177368e-01
-4.8660524534e-01   -4.3782629113e-01   8.2404777715e-01
-4.7800626466e-01   -4.3877189277e-01   8.0634643316e-01
-4.7127044514e-01   -4.4155961600e-01   7.8908506104e-01
-4.6639313297e-01   -4.4618044257e-01   7.7229876262e-01
-4.6336949469e-01   -4.5263194469e-01   7.5602115983e-01
-4.6219576924e-01   -4.6091880960e-01   7.4028512518e-01
-4.6287037724e-01   -4.7105321735e-01   7.2512350780e-01
-4.6539488756e-01   -4.8305507898e-01   7.1056985948e-01
-4.6977484211e-01   -4.9695213758e-01   6.9665916662e-01
-4.7602043939e-01   -5.1277993055e-01   6.8342859458e-01
-4.8414707682e-01   -5.3058160534e-01   6.7091825156e-01
-4.9417574968e-01   -5.5040757522e-01   6.5917197904e-01
-5.0613330192e-01   -5.7231499437e-01   6.4823817505e-01
-5.2005252066e-01   -5.9636702412e-01   6.3817065587e-01
-5.3597206169e-01   -6.2263185342e-01   6.2902955946e-01
-5.5393618838e-01   -6.5118142725e-01   6.2088229159e-01
-5.7399430019e-01   -6.8208982616e-01   6.1380451179e-01
-5.9620022006e-01   -7.1543122913e-01   6.0788115073e-01
-6.2061120258e-01   -7.5127738000e-01   6.0320744428e-01
-6.4728661598e-01   -7.8969446618e-01   5.9988995951e-01
-6.7628624240e-01   -8.3073930658e-01   5.9804757675e-01
-7.0766813131e-01   -8.7445473661e-01   5.9781237589e-01
-7.4148593214e-01   -9.2086407157e-01   5.9933035671e-01
-7.7778562397e-01   -9.6996452942e-01   6.0276189904e-01
-8.1660155419e-01   -1.0217195019e+00   6.0828184111e-01
-8.5795169591e-01   -1.0760495852e+00   6.1607902160e-01
-9.0183203706e-01   -1.1328223200e+00   6.2635509445e-01
-9.4821002683e-01   -1.1918406579e+00   6.3932238730e-01
-9.9701702889e-01   -1.2528302652e+00   6.5520053601e-01
-1.0481397725e+00   -1.3154259172e+00   6.7421159662e-01
-1.1014108540e+00   -1.3791574167e+00   6.9657331678e-01
-1.1565984315e+00   -1.4434357111e+00   7.2249025492e-01
-1.2133953741e+00   -1.5075401693e+00   7.5214247792e-01
-1.2714082814e+00   -1.5706083098e+00   7.8567166541e-01
-1.3301469773e+00   -1.6316296217e+00   8.2316461812e-01
-1.3890152961e+00   -1.6894454440e+00   8.6463442516e-01
-1.4473042058e+00   -1.7427571078e+00   9.0999990088e-01
-1.5041885296e+00   -1.7901446112e+00   9.5906435311e-01
-1.5587286911e+00   -1.8300978815e+00   1.0114952654e+00
-1.6098789700e+00   -1.8610620806e+00   1.0668070110e+00
-1.6565036614e+00   -1.8814973372e+00   1.1243491770e+00
-1.6974022142e+00   -1.8899517202e+00   1.1833033351e+00
-1.7313438453e+00   -1.8851442742e+00   1.2426910162e+00
-1.7571112728e+00   -1.8660527264e+00   1.3013950858e+00
-1.7735521229e+00   -1.8319984037e+00   1.3581956136e+00
-1.7796353484e+00   -1.7827194258e+00   1.4118196970e+00
-1.7745088312e+00   -1.7184228605e+00   1.4610027087e+00
-1.7575534412e+00   -1.6398076061e+00   1.5045564090e+00
-1.7284284241e+00   -1.5480524296e+00   1.5414376969e+00
-1.6871032602e+00   -1.4447675726e+00   1.5708109113e+00
-1.6338721426e+00   -1.3319130242e+00   1.5920968183e+00
-1.5693488789e+00   -1.2116910592e+00   1.6050028293e+00
-1.4944420920e+00   -1.0864240285e+00   1.6095313634e+00
-1.4103127442e+00   -9.5842998557e-01   1.6059661556e+00
-1.3183178690e+00   -8.2990825539e-01   1.5948391371e+00
-1.2199456679e+00   -7.0284474232e-01   1.5768827308e+00
-1.1167476378e+00   -5.7894323060e-01   1.5529736580e+00
-1.0102731397e+00   -4.5958498244e-01   1.5240745255e+00
-9.0201092678e-01   -3.4581533928e-01   1.4911787063e+00
-7.9334085509e-01   -2.3835333037e-01   1.4552626393e+00
-6.8549755889e-01   -1.3761873183e-01   1.4172480307e+00
-5.7954651210e-01   -4.3770559176e-02   1.3779748542e+00
-4.7637178201e-01   4.3248612993e-02   1.3381847635e+00
-3.7667399220e-01   1.2366714546e-01   1.2985136332e+00
-2.8097655988e-01   1.9784107465e-01   1.2594914621e+00
-1.8963811989e-01   2.6621531944e-01   1.2215477253e+00
-1.0286912341e-01   3.2929052194e-01   1.1850203632e+00
-2.0750828357e-02   3.8759586892e-01   1.1501668499e+00
5.6744790587e-02   4.4166766650e-01   1.1171761002e+00
1.2973534733e-01   4.9203308762e-01   1.0861803018e+00
1.9840937709e-01   5.3919833381e-01   1.0572660519e+00
2.6300922355e-01   5.8364040299e-01   1.0304844222e+00
3.2381577272e-01   6.2580168664e-01   1.0058597640e+00
3.8113514243e-01   6.6608670001e-01   9.8339719858e-01
4.3528730312e-01   7.0486034977e-01   9.6308883060e-01
4.8659651328e-01   7.4244724945e-01   9.4491877291e-01
5.3538339661e-01   7.7913169257e-01   9.2886710102e-01
5.8195845711e-01   8.1515798253e-01   9.1491286129e-01
6.2661681883e-01   8.5073089442e-01   9.0303625313e-01
6.6963398050e-01   8.8601610781e-01   8.9322009288e-01
7.1126238932e-01   9.2114050328e-01   8.8545065050e-01
7.5172865794e-01   9.5619225971e-01   8.7971793265e-01
7.9123127226e-01   9.9122072828e-01   8.7601546837e-01
8.2993866383e-01   1.0262360928e+00   8.7433963805e-01
8.6798754745e-01   1.0612088575e+00   8.7468857365e-01
9.0548145239e-01   1.0960692343e+00   8.7706064920e-01
9.4248940395e-01   1.1307065304e+00   8.8145257495e-01
9.7904474013e-01   1.1649686671e+00   8.8785710918e-01
1.0151440772e+00   1.1986619909e+00   8.9626040596e-01
1.0507464663e+00   1.2315515626e+00   9.0663902913e-01
1.0857728105e+00   1.2633621356e+00   9.1895667926e-01
1.1201056402e+00   1.2937800509e+00   9.3316070488e-01
1.1535893664e+00   1.3224562808e+00   9.4917849792e-01
1.1860311515e+00   1.3490108463e+00   9.6691390813e-01
1.2172025515e+00   1.3730388038e+00   9.8624384775e-01
1.2468420844e+00   1.3941179450e+00   1.0070152939e+00
1.2746588724e+00   1.4118182761e+00   1.0290429281e+00
1.3003374806e+00   1.4257132307e+00   1.0521076730e+00
1.3235440337e+00   1.4353924439e+00   1.0759563925e+00
1.3439336332e+00   1.4404757538e+00   1.1003030055e+00
1.3611590189e+00   1.4406279378e+00   1.1248312175e+00
1.3748803277e+00   1.4355735306e+00   1.1491990042e+00
1.3847756970e+00   1.4251109389e+00   1.1730448753e+00
1.3905523616e+00   1.4091249810e+00   1.1959958203e+00
1.3919577927e+00   1.3875969578e+00   1.2176766925e+00
1.3887903565e+00   1.3606114267e+00   1.2377206452e+00
1.3809089278e+00   1.3283589953e+00   1.2557801001e+00
1.3682408910e+00   1.2911346891e+00   1.2715376346e+00
1.3507880127e+00   1.2493317463e+00   1.2847161282e+00
1.3286297630e+00   1.2034310292e+00   1.2950875202e+00
1.3019238043e+00   1.1539865831e+00   1.3024796131e+00
1.2709035390e+00   1.1016081664e+00   1.3067804899e+00
1.2358727933e+00   1.0469418051e+00   1.3079402971e+00
1.1971979012e+00   9.9064953966e-01   1.3059703487e+00
1.1552976167e+00   9.3338954586e-01   1.3009397098e+00
1.1106314058e+00   8.7579770856e-01   1.2929695984e+00
1.0636867491e+00   8.1847153908e-01   1.2822260776e+00
1.0149661103e+00   7.6195707589e-01   1.2689115945e+00
9.6497419564e-01   7.0673913143e-01   1.2532559415e+00
9.1420605868e-01   6.5323497612e-01   1.2355071877e+00
8.6313650134e-01   6.0179131200e-01   1.2159230556e+00
8.1221109540e-01   5.5268420079e-01   1.1947631158e+00
7.6183902095e-01   5.0612148392e-01   1.1722820595e+00
7.1238779345e-01   4.6224716459e-01   1.1487241945e+00
6.6417984238e-01   4.2114720831e-01   1.1243192087e+00
6.1749081693e-01   3.8285624689e-01   1.0992791602e+00
5.7254942951e-01   3.4736472937e-01   1.0737965893e+00
5.2953860740e-01   3.1462613928e-01   1.0480436094e+00
4.8859770364e-01   2.8456397988e-01   1.0221718092e+00
4.4982551684e-01   2.5707831002e-01   9.9631279618e-01
4.1328388224e-01   2.3205168626e-01   9.7057921681e-01
3.7900161908e-01   2.0935442967e-01   9.4506610657e-01
3.4697864754e-01   1.8884918608e-01   9.1985244140e-01
3.1719011993e-01   1.7039478687e-01   8.9500278668e-01
2.8959044226e-01   1.5384944499e-01   8.7056896105e-01
2.6411709239e-01   1.3907333886e-01   8.4659165373e-01
2.4069416771e-01   1.2593064712e-01   8.2310195202e-01
2.1923561920e-01   1.1429110198e-01   8.0012275122e-01
1.9964814823e-01   1.0403112876e-01   7.7767003130e-01
1.8183375859e-01   9.5034636537e-02   7.5575399445e-01
1.6569196849e-01   8.7193520350e-02   7.3438006472e-01
1.5112169696e-01   8.0407929044e-02   7.1354975568e-01
1.3802284517e-01   7.4586347149e-02   6.9326141551e-01
1.2629759779e-01   6.9645532541e-02   6.7351086065e-01
1.1585147199e-01   6.5510345748e-02   6.5429191003e-01
1.0659414222e-01   6.2113501161e-02   6.3559683196e-01
9.8440069384e-02   5.9395265384e-02   6.1741671528e-01
9.1308961503e-02   5.7303123477e-02   5.9974177572e-01
8.5126091763e-02   5.5791430012e-02   5.8256160732e-01
7.9822497851e-02   5.4821058502e-02   5.6586538788e-01
7.5335084381e-02   5.4359059996e-02   5.4964204623e-01
7.1606648041e-02   5.4378339265e-02   5.3388039812e-01
6.8585842919e-02   5.4857355094e-02   5.1856925675e-01
6.6227101393e-02   5.5779849621e-02   5.0369752285e-01
6.4490523968e-02   5.7134610426e-02   4.8925425879e-01
6.3341749661e-02   5.8915268093e-02   4.7522875034e-01
6.2751816854e-02   6.1120131196e-02   4.6161055929e-01
6.2697023112e-02   6.3752060137e-02   4.4838956963e-01
6.3158791119e-02   6.6818380853e-02   4.3555602985e-01
6.4123546811e-02   7.0330839133e-02   4.2310059328e-01
6.5582614804e-02   7.4305596173e-02   4.1101435875e-01
6.7532135405e-02   7.8763265885e-02   3.9928891315e-01
6.9973006854e-02   8.3728994524e-02   3.8791637807e-01
7.2910855872e-02   8.9232583224e-02   3.7688946217e-01
7.6356039168e-02   9.5308654139e-02   3.6620152143e-01
8.0323678233e-02   1.0199686098e-01   3.5584662947e-01
8.4833729456e-02   1.0934214486e-01   3.4581966041e-01
8.9911091445e-02   1.1739503646e-01   3.3611638701e-01
9.5585751255e-02   1.2621200556e-01   3.2673359746e-01
1.0189297112e-01   1.3585585901e-01   3.1766923444e-01
1.0887351721e-01   1.4639618805e-01   3.0892256106e-01
1.1657393173e-01   1.5790986580e-01   3.0049435875e-01
1.2504684970e-01   1.7048159515e-01   2.9238716333e-01
1.3435136132e-01   1.8420450674e-01   2.8460554656e-01
1.4455342067e-01   1.9918080585e-01   2.7715645168e-01
1.5572630098e-01   2.1552246520e-01   2.7004959321e-01
1.6795109589e-01   2.3335195935e-01   2.6329793281e-01
1.8131726545e-01   2.5280303296e-01   2.5691824529e-01
1.9592322372e-01   2.7402149197e-01   2.5093179133e-01
2.1187696354e-01   2.9716600169e-01   2.4536511572e-01
2.2929671097e-01   3.2240886894e-01   2.4025099368e-01
2.4831159853e-01   3.4993677711e-01   2.3562955046e-01
2.6906234208e-01   3.7995143123e-01   2.3154958346e-01
2.9170189930e-01   4.1267005538e-01   2.2807011948e-01
3.1639608048e-01   4.4832566564e-01   2.2526224331e-01
3.4332407108e-01   4.8716701698e-01   2.2321123684e-01
3.7267881229e-01   5.2945809088e-01   2.2201906965e-01
4.0466716809e-01   5.7547695074e-01   2.2180728198e-01
4.3950978480e-01   6.2551374231e-01   2.2272029759e-01
4.7744052096e-01   6.7986755442e-01   2.2492919524e-01
5.1870528973e-01   7.3884178066e-01   2.2863595167e-01
5.6356011233e-01   8.0273753293e-01   2.3407814083e-01
6.1226812773e-01   8.7184455432e-01   2.4153403093e-01
6.6509524049e-01   9.4642896305e-01   2.5132795447e-01
7.2230401554e-01   1.0267170379e+00   2.6383573034e-01
7.8414534696e-01   1.1128741406e+00   2.7948978102e-01
8.5084734281e-01   1.2049777830e+00   2.9878340196e-01
9.2260078737e-01   1.3029838224e+00   3.2227339363e-01
9.9954048100e-01   1.4066848582e+00   3.5057995303e-01
1.0817217400e+00   1.5156601844e+00   3.8438234017e-01
1.1690913992e+00   1.6292172280e+00   4.2440840353e-01
1.2614528474e+00   1.7463253992e+00   4.7141560811e-01
1.3584250091e+00   1.8655448405e+00   5.2616084716e-01
1.4593958357e+00   1.9849548088e+00   5.8935617667e-01
1.5634718744e+00   2.1020894173e+00   6.6160790852e-01
1.6694269001e+00   2.2138920774e+00   7.4333752421e-01
1.7756544320e+00   2.3167038203e+00   8.3468495912e-01
1.8801311062e+00   2.4063038843e+00   9.3539824647e-01
1.9804000560e+00   2.4780221622e+00   1.0447183854e+00
2.0735851362e+00   2.5269404760e+00   1.1612742529e+00
2.1564472423e+00   2.5481912596e+00   1.2830083641e+00
2.2254922009e+00   2.5373468421e+00   1.4071584135e+00
2.2771348974e+00   2.4908707594e+00   1.5303192509e+00
2.3079161509e+00   2.4065779132e+00   1.6486027830e+00
2.3147580194e+00   2.2840298174e+00   1.7578980594e+00
2.2952316999e+00   2.1247834284e+00   1.8542120636e+00
2.2478031299e+00   1.9324246889e+00   1.9340484902e+00
2.1720182600e+00   1.7123528392e+00   1.9947646606e+00
2.0685951878e+00   1.4713320985e+00   2.0348431155e+00
1.9394039591e+00   1.2168789941e+00   2.0540279170e+00
1.7873340026e+00   9.5658945942e-01   2.0533035249e+00
1.6160688441e+00   6.9751791787e-01   2.0347277090e+00
1.4298026401e+00   4.4569957289e-01   2.0011585583e+00
1.2329395814e+00   2.0586635794e-01   1.9559310296e+00
1.0298146657e+00   -1.8638586202e-02   1.9025381636e+00
8.2446479630e-01   -2.2577979610e-01   1.8443593318e+00
6.2046622510e-01   -4.1463406980e-01   1.7844591524e+00
4.2084165981e-01   -5.8513688093e-01   1.7254624798e+00
2.2803042673e-01   -7.3781847030e-01   1.6694973685e+00
4.3909015361e-02   -8.7356332602e-01   1.6181905622e+00
-1.3015303537e-01   -9.9341206836e-01   1.5726981387e+00
-2.9321649912e-01   -1.0984127179e+00   1.5337556976e+00
-4.4468750165e-01   -1.1895201238e+00   1.5017360586e+00
-5.8423377640e-01   -1.2675377477e+00   1.4767064349e+00
-7.1170874853e-01   -1.3330941460e+00   1.4584805920e+00
-8.2708749633e-01   -1.3866463543e+00   1.4466642442e+00
-9.3041659410e-01   -1.4285030901e+00   1.4406938078e+00
-1.0217783150e+00   -1.4588616544e+00   1.4398697330e+00
-1.1012685865e+00   -1.4778533076e+00   1.4433861341e+00
-1.1689873349e+00   -1.4855925675e+00   1.4503584690e+00
-1.2250393391e+00   -1.4822263575e+00   1.4598507358e+00
-1.2695433538e+00   -1.4679792914e+00   1.4709031420e+00
-1.3026470380e+00   -1.4431917589e+00   1.4825605709e+00
-1.3245451122e+00   -1.4083479790e+00   1.4939015099e+00
-1.3354981833e+00   -1.3640919062e+00   1.5040664976e+00
-1.3358498407e+00   -1.3112298170e+00   1.5122847008e+00
-1.3260399432e+00   -1.2507195327e+00   1.5178969949e+00
-1.3066124902e+00   -1.1836474204e+00   1.5203739529e+00
-1.2782170579e+00   -1.1111954236e+00   1.5193274390e+00
-1.2416034498e+00   -1.0346012322e+00   1.5145150126e+00
-1.1976098734e+00   -9.5511519272e-01   1.5058369888e+00
-1.1471455505e+00   -8.7395762074e-01   1.4933266728e+00
-1.0911691334e+00   -7.9227981438e-01   1.4771348759e+00
-1.0306645760e+00   -7.1113136986e-01   1.4575102505e+00
-9.6661620224e-01   -6.3143549448e-01   1.4347771956e+00
-8.9998461413e-01   -5.5397305019e-01   1.4093130849e+00
-8.3168483767e-01   -4.7937517645e-01   1.3815263775e+00
-7.6256776312e-01   -4.0812363388e-01   1.3518368482e+00
-6.9340554797e-01   -3.4055753342e-01   1.3206587846e+00
-6.2488127003e-01   -2.7688487528e-01   1.2883876019e+00
-5.5758278197e-01   -2.1719729046e-01   1.2553899724e+00
-4.9200045148e-01   -1.6148650421e-01   1.2219972863e+00
-4.2852828448e-01   -1.0966126934e-01   1.1885020678e+00
-3.6746782046e-01   -6.1563793813e-02   1.1551568531e+00
-3.0903415071e-01   -1.6984968680e-02   1.1221750041e+00
-2.5336342607e-01   2.4322040303e-02   1.0897329379e+00
-2.0052127613e-01   6.2630058425e-02   1.0579733087e+00
-1.5051164169e-01   9.8228078818e-02   1.0270087470e+00
-1.0328561221e-01   1.3141328375e-01   9.9692584152e-01
-5.8749952638e-02   1.6248476530e-01   9.6778912506e-01
-1.6775089935e-02   1.9173875560e-01   9.3964489838e-01
2.2797593720e-02   2.1946515808e-01   9.1252478309e-01
6.0149249634e-02   2.4594517011e-01   8.8644894392e-01
9.5477869722e-02   2.7144979861e-01   8.6142895714e-01
1.2899340842e-01   2.9623908784e-01   8.3747032832e-01
1.6091368621e-01   3.2056189916e-01   8.1457468123e-01
1.9146102091e-01   3.4465610398e-01   7.9274165083e-01
2.2085951973e-01   3.6874907070e-01   7.7197051973e-01
2.4933295750e-01   3.9305834429e-01   7.5226163990e-01
2.7710316298e-01   4.1779243193e-01   7.3361768129e-01
3.0438883503e-01   4.4315162003e-01   7.1604474691e-01
3.3140471158e-01   4.6932875668e-01   6.9955339087e-01
3.5836101735e-01   4.9650993961e-01   6.8415957201e-01
3.8546311848e-01   5.2487505270e-01   6.6988557152e-01
4.1291131568e-01   5.5459809476e-01   6.5676089822e-01
4.4090070879e-01   5.8584724187e-01   6.4482320044e-01
4.6962106734e-01   6.1878458085e-01   6.3411919778e-01
4.9925664137e-01   6.5356544443e-01   6.2470564002e-01
5.2998584541e-01   6.9033727065e-01   6.1665029319e-01
5.6198074588e-01   7.2923789933e-01   6.1003294424e-01
5.9540627805e-01   7.7039320737e-01   6.0494640480e-01
6.3041911337e-01   8.1391397396e-01   6.0149748165e-01
6.6716609179e-01   8.5989185699e-01   5.9980786471e-01
7.0578212706e-01   9.0839435453e-01   6.0001486312e-01
7.4638748664e-01   9.5945862387e-01   6.0227189500e-01
7.8908434322e-01   1.0130840371e+00   6.0674860675e-01
8.3395249317e-01   1.0692233722e+00   6.1363046264e-01
8.8104414124e-01   1.1277725778e+00   6.2311760641e-01
9.3037766288e-01   1.1885591130e+00   6.3542275386e-01
9.8193028055e-01   1.2513289649e+00   6.5076783366e-01
1.0356296315e+00   1.3157325842e+00   6.6937905612e-01
1.0913442689e+00   1.3813101763e+00   6.9148006587e-01
1.1488732288e+00   1.4474770310e+00   7.1728283437e-01
1.2079349232e+00   1.5135098840e+00   7.4697598681e-01
1.2681557787e+00   1.5785356588e+00   7.8071035383e-01
1.3290592413e+00   1.6415243191e+00   8.1858171075e-01
1.3900560006e+00   1.7012879287e+00   8.6061093538e-01
1.4504365314e+00   1.7564882934e+00   9.0672219168e-01
1.5093672930e+00   1.8056556603e+00   9.5672023074e-01
1.5658921151e+00   1.8472207580e+00   1.0102684665e+00
1.6189403812e+00   1.8795618480e+00   1.0668700756e+00
1.6673435413e+00   1.9010673362e+00   1.1258548901e+00
1.7098611601e+00   1.9102128111e+00   1.1863751631e+00
1.7452171029e+00   1.9056492141e+00   1.2474132320e+00
1.7721455479e+00   1.8862964261e+00   1.3078035316e+00
1.7894453373e+00   1.8514342507e+00   1.3662702274e+00
1.7960398562e+00   1.8007811196e+00   1.4214799692e+00
1.7910383447e+00   1.7345503702e+00   1.4721070876e+00
1.7737935510e+00   1.6534750875e+00   1.5169063133e+00
1.7439501815e+00   1.5587953989e+00   1.5547862601e+00
1.7014788837e+00   1.4522064843e+00   1.5848759442e+00
1.6466915924e+00   1.3357707155e+00   1.6065768657e+00
1.5802358794e+00   1.2118022783e+00   1.6195947360e+00
1.5030682123e+00   1.0827363255e+00   1.6239475574e+00
1.4164083697e+00   9.5099638770e-01   1.6199499490e+00
1.3216792772e+00   8.1887316089e-01   1.6081767037e+00
1.2204378820e+00   6.8842515039e-01   1.5894109577e+00
1.1143031989e+00   5.6140770371e-01   1.5645836662e+00
1.0048873323e+00   4.3923261641e-01   1.5347111903e+00
8.9373426623e-01   3.2295659480e-01   1.5008369021e+00
7.8226977892e-01   2.1329399306e-01   1.4639811470e+00
6.7176426411e-01   1.1064765214e-01   1.4251020823e+00
5.6330877871e-01   1.5151283659e-02   1.3850681979e+00
4.5780345388e-01   -7.3282611127e-02   1.3446419483e+00
3.5595659021e-01   -1.5491417921e-01   1.3044730060e+00
2.5829230988e-01   -2.3013055322e-01   1.2650991633e+00
1.6516450998e-01   -2.9940531320e-01   1.2269527987e+00
7.6774973238e-02   -3.6326417365e-01   1.1903709670e+00
-6.8062394495e-03   -4.2225713919e-01   1.1556074708e+00
-8.5619643535e-02   -4.7693678678e-01   1.1228456237e+00
-1.5979559382e-01   -5.2784198549e-01   1.0922107737e+00
-2.2953477190e-01   -5.7548620256e-01   1.0637819671e+00
-2.9509041377e-01   -6.2034951375e-01   1.0376023896e+00
-3.5675254878e-01   -6.6287348789e-01   1.0136884144e+00
-4.1483433453e-01   -7.0345821264e-01   9.9203722520e-01
-4.6966043718e-01   -7.4246084427e-01   9.7263306910e-01
-5.2155731741e-01   -7.8019518190e-01   9.5545224763e-01
-5.7084522795e-01   -8.1693187487e-01   9.4046697649e-01
-6.1783170321e-01   -8.5289896789e-01   9.2764825126e-01
-6.6280631509e-01   -8.8828256983e-01   9.1696784809e-01
-7.0603647810e-01   -9.2322749986e-01   9.0839957481e-01
-7.4776410428e-01   -9.5783782074e-01   9.0191987037e-01
-7.8820293265e-01   -9.9217721634e-01   8.9750783268e-01
-8.2753638491e-01   -1.0262692102e+00   8.9514473812e-01
-8.6591582816e-01   -1.0600972573e+00   8.9481310224e-01
-9.0345915533e-01   -1.0936047719e+00   8.9649532027e-01
-9.4024962363e-01   -1.1266951855e+00   9.0017191997e-01
-9.7633492107e-01   -1.1592321521e+00   9.0581945768e-01
-1.0117264598e+00   -1.1910400481e+00   9.1340809174e-01
-1.0463989227e+00   -1.2219049294e+00   9.2289887648e-01
-1.0802901172e+00   -1.2515761314e+00   9.3424083434e-01
-1.1133012112e+00   -1.2797687001e+00   9.4736788294e-01
-1.1452974506e+00   -1.3061668458e+00   9.6219571817e-01
-1.1761094695e+00   -1.3304285961e+00   9.7861878111e-01
-1.2055353149e+00   -1.3521917881e+00   9.9650746521e-01
-1.2333433061e+00   -1.3710814955e+00   1.0157057461e+00
-1.2592758382e+00   -1.3867189057e+00   1.0360294381e+00
-1.2830542143e+00   -1.3987315725e+00   1.0572652916e+00
-1.3043845516e+00   -1.4067648524e+00   1.0791711444e+00
-1.3229647549e+00   -1.4104942091e+00   1.1014773167e+00
-1.3384924823e+00   -1.4096379395e+00   1.1238893969e+00
-1.3506739513e+00   -1.4039697540e+00   1.1460924992e+00
-1.3592333518e+00   -1.3933305507e+00   1.1677569837e+00
-1.3639225492e+00   -1.3776386676e+00   1.1885455271e+00
-1.3645306904e+00   -1.3568978974e+00   1.2081213122e+00
-1.3608932715e+00   -1.3312026167e+00   1.2261569976e+00
-1.3529002011e+00   -1.3007395161e+00   1.2423440266e+00
-1.3405024021e+00   -1.2657856116e+00   1.2564017696e+00
-1.3237165399e+00   -1.2267024667e+00   1.2680859635e+00
-1.3026275522e+00   -1.1839268187e+00   1.2771959355e+00
-1.2773887692e+00   -1.1379580701e+00   1.2835801624e+00
-1.2482195568e+00   -1.0893433343e+00   1.2871398345e+00
-1.2154005646e+00   -1.0386608944e+00   1.2878302353e+00
-1.1792668087e+00   -9.8650302527e-01   1.2856599108e+00
-1.1401989485e+00   -9.3345913118e-01   1.2806877623e+00
-1.0986132155e+00   -8.8010007272e-01   1.2730183348e+00
-1.0549505143e+00   -8.2696440661e-01   1.2627956827e+00
-1.0096652325e+00   -7.7454706755e-01   1.2501962578e+00
-9.6321427805e-01   -7.2329080211e-01   1.2354212831e+00
-9.1604680206e-01   -6.7358045013e-01   1.2186890592e+00
-8.6859498644e-01   -6.2573997729e-01   1.2002275910e+00
-8.2126617322e-01   -5.8003200839e-01   1.1802678494e+00
-7.7443651061e-01   -5.3665950349e-01   1.1590378897e+00
-7.2844618864e-01   -4.9576915689e-01   1.1367579625e+00
-6.8359624793e-01   -4.5745607996e-01   1.1136366666e+00
-6.4014687097e-01   -4.2176934450e-01   1.0898681272e+00
-5.9831700973e-01   -3.8871800352e-01   1.0656301260e+00
-5.5828516618e-01   -3.5827726341e-01   1.0410830745e+00
-5.2019112318e-01   -3.3039454502e-01   1.0163697030e+00
-4.8413841801e-01   -3.0499523570e-01   9.9161532460e-01
-4.5019735859e-01   -2.8198799472e-01   9.6692854360e-01
-4.1840839819e-01   -2.6126952678e-01   9.4240228110e-01
-3.8878570623e-01   -2.4272878219e-01   9.1811501086e-01
-3.6132079749e-01   -2.2625057680e-01   8.9413211296e-01
-3.3598610777e-01   -2.1171865001e-01   8.7050727145e-01
-3.1273842886e-01   -1.9901819725e-01   8.4728385937e-01
-2.9152213876e-01   -1.8803792433e-01   8.2449626950e-01
-2.7227218346e-01   -1.7867167730e-01   8.0217116266e-01
-2.5491678409e-01   -1.7081970326e-01   7.8032861617e-01
-2.3937985782e-01   -1.6438959707e-01   7.5898316400e-01
-2.2558315224e-01   -1.5929698574e-01   7.3814472643e-01
-2.1344810211e-01   -1.5546599864e-01   7.1781943247e-01
-2.0289742372e-01   -1.5282956681e-01   6.9801034116e-01
-1.9385646672e-01   -1.5132958977e-01   6.7871807046e-01
-1.8625434603e-01   -1.5091700329e-01   6.5994134345e-01
-1.8002487808e-01   -1.5155177717e-01   6.4167746233e-01
-1.7510734601e-01   -1.5320286744e-01   6.2392272067e-01
-1.7144711791e-01   -1.5584814384e-01   6.0667276417e-01
-1.6899614164e-01   -1.5947430966e-01   5.8992290976e-01
-1.6771333790e-01   -1.6407682827e-01   5.7366843233e-01
-1.6756491209e-01   -1.6965986774e-01   5.5790482799e-01
-1.6852460330e-01   -1.7623627276e-01   5.4262806208e-01
-1.7057388724e-01   -1.8382757112e-01   5.2783480994e-01
-1.7370214785e-01   -1.9246401995e-01   5.1352269818e-01
-1.7790683061e-01   -2.0218469541e-01   4.9969055403e-01
-1.8319358869e-01   -2.1303762810e-01   4.8633867049e-01
-1.8957643152e-01   -2.2507998461e-01   4.7346909523e-01
-1.9707788323e-01   -2.3837829416e-01   4.6108595156e-01
-2.0572915729e-01   -2.5300871755e-01   4.4919580051e-01
-2.1557035126e-01   -2.6905735325e-01   4.3780805388e-01
-2.2665066420e-01   -2.8662057328e-01   4.2693544908e-01
-2.3902863708e-01   -3.0580537786e-01   4.1659459789e-01
-2.5277241403e-01   -3.2672975437e-01   4.0680662267e-01
-2.6796001986e-01   -3.4952302071e-01   3.9759789521e-01
-2.8467964591e-01   -3.7432612677e-01   3.8900089492e-01
-3.0302993224e-01   -4.0129187990e-01   3.8105520517e-01
-3.2312022946e-01   -4.3058504952e-01   3.7380866789e-01
-3.4507081723e-01   -4.6238229323e-01   3.6731871842e-01
-3.6901304897e-01   -4.9687183050e-01   3.6165392307e-01
-3.9508938280e-01   -5.3425276952e-01   3.5689574239e-01
-4.2345324663e-01   -5.7473396786e-01   3.5314054120e-01
-4.5426867113e-01   -6.1853227680e-01   3.5050186317e-01
-4.8770960550e-01   -6.6586998217e-01   3.4911298040e-01
-5.2395880953e-01   -7.1697121071e-01   3.4912971683e-01
-5.6320618830e-01   -7.7205701966e-01   3.5073352552e-01
-6.0564640456e-01   -8.3133882979e-01   3.5413477219e-01
-6.5147556703e-01   -8.9500979960e-01   3.5957613680e-01
-7.0088675143e-01   -9.6323367474e-01   3.6733598859e-01
-7.5406406602e-01   -1.0361305892e+00   3.7773151203e-01
-8.1117492775e-01   -1.1137592540e+00   3.9112125846e-01
-8.7236017273e-01   -1.1960949635e+00   4.0790666437e-01
-9.3772159446e-01   -1.2830029020e+00   4.2853191142e-01
-1.0073064955e+00   -1.3742063856e+00   4.5348130435e-01
-1.0810888711e+00   -1.4692499655e+00   4.8327311973e-01
-1.1589469406e+00   -1.5674578140e+00   5.1844864909e-01
-1.2406369314e+00   -1.6678885756e+00   5.5955496105e-01
-1.3257633432e+00   -1.7692889518e+00   6.0711979873e-01
-1.4137464097e+00   -1.8700497411e+00   6.6161710239e-01
-1.5037881651e+00   -1.9681698395e+00   7.2342202430e-01
-1.5948394371e+00   -2.0612357136e+00   7.9275513315e-01
-1.6855711844e+00   -2.1464257720e+00   8.6961693383e-01
-1.7743548011e+00   -2.2205503935e+00   9.5371595351e-01
-1.8592571272e+00   -2.2801383800e+00   1.0443964309e+00
-1.9380566325e+00   -2.3215784043e+00   1.1405748253e+00
-2.0082871856e+00   -2.3413187766e+00   1.2406973374e+00
-2.0673145237e+00   -2.3361201455e+00   1.3427324567e+00
-2.1124476379e+00   -2.3033440540e+00   1.4442120234e+00
-2.1410826821e+00   -2.2412474021e+00   1.5423303209e+00
-2.1508710693e+00   -2.1492420305e+00   1.6341028097e+00
-2.1398971044e+00   -2.0280738966e+00   1.7165749719e+00
-2.1068453130e+00   -1.8798812451e+00   1.7870595455e+00
-2.0511352458e+00   -1.7081071425e+00   1.8433705733e+00
-1.9730032873e+00   -1.5172665390e+00   1.8840187083e+00
-1.8735172169e+00   -1.3125957659e+00   1.9083363683e+00
-1.7545189817e+00   -1.0996353065e+00   1.9165133233e+00
-1.6185022166e+00   -8.8380800605e-01   1.9095401001e+00
-1.4684408362e+00   -6.7005162767e-01   1.8890734430e+00
-1.3075912748e+00   -4.6254873048e-01   1.8572503762e+00
-1.1392925229e+00   -2.6457395108e-01   1.8164824328e+00
-9.6678524300e-01   -7.8455887057e-02   1.7692592600e+00
-7.9306527194e-01   9.4366552049e-02   1.7179831527e+00
-6.2077956428e-01   2.5322261375e-01   1.6648462056e+00
-4.5216577937e-01   3.9805356666e-01   1.6117525072e+00
-2.8903141275e-01   5.2924817904e-01   1.5602809178e+00
-1.3276508169e-01   6.4748884969e-01   1.5116800663e+00
1.5628788860e-02   7.5361983548e-01   1.4668859479e+00
1.5548049499e-01   8.4854255798e-01   1.4265531381e+00
2.8639831233e-01   9.3313830649e-01   1.3910923044e+00
4.0821043551e-01   1.0082158058e+00   1.3607087109e+00
5.2090990035e-01   1.0744797522e+00   1.3354383157e+00
6.2460529308e-01   1.1325160880e+00   1.3151796333e+00
7.1947882161e-01   1.1827900669e+00   1.2997206956e+00
8.0575239319e-01   1.2256537273e+00   1.2887612326e+00
8.8366168602e-01   1.2613600235e+00   1.2819306654e+00
9.5343777075e-01   1.2900814391e+00   1.2788027432e+00
1.0152955737e+00   1.3119313607e+00   1.2789077287e+00
1.0694283252e+00   1.3269868140e+00   1.2817429940e+00
1.1160070621e+00   1.3353113790e+00   1.2867827747e+00
1.1551842203e+00   1.3369772265e+00   1.2934876659e+00
1.1871003456e+00   1.3320853076e+00   1.3013142515e+00
1.2118929582e+00   1.3207827994e+00   1.3097250530e+00
1.2297066273e+00   1.3032770139e+00   1.3181987831e+00
1.2407033503e+00   1.2798451201e+00   1.3262407041e+00
1.2450723964e+00   1.2508392333e+00   1.3333927427e+00
1.2430388639e+00   1.2166866778e+00   1.3392429067e+00
1.2348703294e+00   1.1778855235e+00   1.3434335080e+00
1.2208811191e+00   1.1349958001e+00   1.3456677121e+00
1.2014339182e+00   1.0886270751e+00   1.3457140134e+00
1.1769386248e+00   1.0394233125e+00   1.3434083665e+00
1.1478485524e+00   9.8804608084e-01   1.3386538627e+00
1.1146542607e+00   9.3515723350e-01   1.3314180226e+00
1.0778754429e+00   8.8140214059e-01   1.3217279370e+00
1.0380514007e+00   8.2739442031e-01   1.3096636313e+00
9.9573069720e-01   7.7370291497e-01   1.2953501241e+00
9.5146058001e-01   7.2084141642e-01   1.2789486974e+00
9.0577673192e-01   6.6926139280e-01   1.2606478951e+00
8.5919382728e-01   6.1934773176e-01   1.2406547201e+00
8.1219727261e-01   5.7141731516e-01   1.2191864247e+00
7.6523639487e-01   5.2572008973e-01   1.1964631915e+00
7.1871922473e-01   4.8244220141e-01   1.1727018973e+00
6.7300891480e-01   4.4171071629e-01   1.1481110587e+00
6.2842174009e-01   4.0359945078e-01   1.1228869637e+00
5.8522655545e-01   3.6813546716e-01   1.0972109330e+00
5.4364553295e-01   3.3530584738e-01   1.0712475988e+00
5.0385597131e-01   3.0506442717e-01   1.0451440612e+00
4.6599295640e-01   2.7733824497e-01   1.0190297671e+00
4.3015265410e-01   2.5203353040e-01   9.9301695637e-01
3.9639603031e-01   2.2904111918e-01   9.6720152734e-01
3.6475281429e-01   2.0824123420e-01   9.4166419214e-01
3.3522554739e-01   1.8950761457e-01   9.1647180914e-01
3.0779358718e-01   1.7271100618e-01   8.9167880123e-01
2.8241696445e-01   1.5772204971e-01   8.6732858865e-01
2.5904001692e-01   1.4441361662e-01   8.4345498286e-01
2.3759474640e-01   1.3266265179e-01   8.2008350420e-01
2.1800386668e-01   1.2235158455e-01   7.9723259921e-01
2.0018352612e-01   1.1336936979e-01   7.7491474413e-01
1.8404570232e-01   1.0561221770e-01   7.5313742959e-01
1.6950027705e-01   9.8984066445e-02   7.3190402719e-01
1.5645680692e-01   9.3396846897e-02   7.1121454333e-01
1.4482601118e-01   8.8770582805e-02   6.9106626812e-01
1.3452100099e-01   8.5033364208e-02   6.7145432907e-01
1.2545827673e-01   8.2121226620e-02   6.5237215983e-01
1.1755852038e-01   7.9977963476e-02   6.3381189439e-01
1.1074720961e-01   7.8554894930e-02   6.1576469690e-01
1.0495507934e-01   7.7810612094e-02   5.9822103652e-01
1.0011845496e-01   7.7710712411e-02   5.8117091607e-01
9.6179479615e-02   7.8227538880e-02   5.6460406223e-01
9.3086255986e-02   7.9339933384e-02   5.4851008442e-01
9.0792921112e-02   8.1033012293e-02   5.3287860848e-01
8.9259670596e-02   8.3297970790e-02   5.1769939061e-01
8.8452746840e-02   8.6131921012e-02   5.0296241643e-01
8.8344404046e-02   8.9537767969e-02   4.8865798947e-01
8.8912861102e-02   9.3524126353e-02   4.7477681282e-01
9.0142252015e-02   9.8105280655e-02   4.6131006748e-01
9.2022582172e-02   1.0330119055e-01   4.4824949083e-01
9.4549697598e-02   1.0913754304e-01   4.3558745809e-01
9.7725273313e-02   1.1564585278e-01   4.2331707013e-01
1.0155682604e-01   1.2286361138e-01   4.1143225074e-01
1.0605775577e-01   1.3083448696e-01   3.9992785669e-01
1.1124741995e-01   1.3960857436e-01   3.8879980441e-01
1.1715124370e-01   1.4924269676e-01   3.7804521722e-01
1.2380086866e-01   1.5980075899e-01   3.6766259791e-01
1.3123434292e-01   1.7135415237e-01   3.5765203180e-01
1.3949635372e-01   1.8398221069e-01   3.4801542661e-01
1.4863850446e-01   1.9777271579e-01   3.3875679616e-01
1.5871963658e-01   2.1282245054e-01   3.2988259627e-01
1.6980619651e-01   2.2923779514e-01   3.2140212261e-01
1.8197264695e-01   2.4713536091e-01   3.1332798185e-01
1.9530192033e-01   2.6664265281e-01   3.0567664935e-01
2.0988591117e-01   2.8789874827e-01   2.9846912878e-01
2.2582600165e-01   3.1105497483e-01   2.9173173152e-01
2.4323361241e-01   3.3627556275e-01   2.8549699623e-01
2.6223076657e-01   3.6373824010e-01   2.7980477194e-01
2.8295065082e-01   3.9363472670e-01   2.7470349107e-01
3.0553815099e-01   4.2617106902e-01   2.7025166157e-01
3.3015033169e-01   4.6156773961e-01   2.6651961026e-01
3.5695681942e-01   5.0005940143e-01   2.6359151136e-01
3.8614003548e-01   5.4189420740e-01   2.6156773503e-01
4.1789520807e-01   5.8733246868e-01   2.6056754943e-01
4.5243007209e-01   6.3664447893e-01   2.6073220514e-01
4.8996413849e-01   6.9010722568e-01   2.6222842097e-01
5.3072738223e-01   7.4799965197e-01   2.6525227306e-01
5.7495815794e-01   8.1059605225e-01   2.7003346112e-01
6.2290010405e-01   8.7815709545e-01   2.7683988252e-01
6.7479773979e-01   9.5091786950e-01   2.8598238143e-01
7.3089039511e-01   1.0290722407e+00   2.9781944918e-01
7.9140404341e-01   1.1127527314e+00   3.1276152570e-01
8.5654053587e-01   1.2020050584e+00   3.3127438192e-01
9.2646367208e-01   1.2967564808e+00   3.5388084174e-01
1.0012814988e+00   1.3967772145e+00   3.8115982469e-01
1.0810242290e+00   1.5016344658e+00   4.1374136111e-01
1.1656172465e+00   1.6106391890e+00   4.5229586666e-01
1.2548488562e+00   1.7227866012e+00   4.9751560527e-01
1.3483328020e+00   1.8366928993e+00   5.5008599548e-01
1.4454661808e+00   1.9505326158e+00   6.1064435293e-01
1.5453842834e+00   2.0619836380e+00   6.7972399600e-01
1.6469151466e+00   2.1681899892e+00   7.5768261407e-01
1.7485381917e+00   2.2657556392e+00   8.4461567569e-01
1.8483531521e+00   2.3507851555e+00   9.4025865400e-01
1.9440673056e+00   2.4189877730e+00   1.0438860076e+00
2.0330103783e+00   2.4658589455e+00   1.1542198443e+00
2.1121867286e+00   2.4869461300e+00   1.2693661214e+00
2.1783728042e+00   2.4781925011e+00   1.3867995451e+00
2.2282637193e+00   2.4363340798e+00   1.5034179771e+00
2.2586658886e+00   2.3593052875e+00   1.6156811490e+00
2.2667235349e+00   2.2465907171e+00   1.7198359085e+00
2.2501571706e+00   2.0994540154e+00   1.8122122745e+00
2.2074843763e+00   1.9209843242e+00   1.8895552046e+00
2.1381901961e+00   1.7159285757e+00   1.9493422062e+00
2.0428182964e+00   1.4903192327e+00   1.9900328013e+00
1.9229649171e+00   1.2509505997e+00   2.0112056071e+00
1.7811734714e+00   1.0047889352e+00   2.0135607742e+00
1.6207444679e+00   7.5841192645e-01   1.9987932895e+00
1.4454888509e+00   5.1755923496e-01   1.9693676060e+00
1.2594596473e+00   2.8684410253e-01   1.9282390695e+00
1.0666960072e+00   6.9637976197e-02   1.8785698132e+00
8.7100664084e-01   -1.3189268885e-01   1.8234780061e+00
6.7580909094e-01   -3.1663865839e-01   1.7658444399e+00
4.8403026078e-01   -4.8433680743e-01   1.7081847883e+00
2.9806450016e-01   -6.3533867678e-01   1.6525834003e+00
1.1977950654e-01   -7.7039091317e-01   1.6006769078e+00
-4.9442550209e-02   -8.9044742551e-01   1.5536730659e+00
-2.0864152371e-01   -9.9652222742e-01   1.5123908579e+00
-3.5720479201e-01   -1.0895840247e+00   1.4773104778e+00
-4.9479083090e-01   -1.1704887936e+00   1.4486250676e+00
-6.2125741092e-01   -1.2399443121e+00   1.4262892052e+00
-7.3659866341e-01   -1.2985000485e+00   1.4100616820e+00
-8.4089336574e-01   -1.3465562245e+00   1.3995419523e+00
-9.3426535280e-01   -1.3843866900e+00   1.3942008215e+00
-1.0168559298e+00   -1.4121711086e+00   1.3934065951e+00
-1.0888074535e+00   -1.4300326826e+00   1.3964481492e+00
-1.1502567793e+00   -1.4380781688e+00   1.4025563315e+00
-1.2013369602e+00   -1.4364373051e+00   1.4109248424e+00
-1.2421853858e+00   -1.4252990307e+00   1.4207313556e+00
-1.2729564294e+00   -1.4049421510e+00   1.4311591692e+00
-1.2938366256e+00   -1.3757584378e+00   1.4414192040e+00
-1.3050604410e+00   -1.3382666374e+00   1.4507717296e+00
-1.3069248222e+00   -1.2931164874e+00   1.4585468652e+00
-1.2998009441e+00   -1.2410826038e+00   1.4641627125e+00
-1.2841419048e+00   -1.1830489160e+00   1.4671399644e+00
-1.2604855321e+00   -1.1199851078e+00   1.4671119948e+00
-1.2294519360e+00   -1.0529171679e+00   1.4638297529e+00
-1.1917359201e+00   -9.8289456970e-01   1.4571612102e+00
-1.1480948099e+00   -9.1095673725e-01   1.4470855694e+00
-1.0993326196e+00   -8.3810130489e-01   1.4336828803e+00
-1.0462817243e+00   -7.6525627785e-01   1.4171200517e+00
-9.8978332564e-01   -6.9325762496e-01   1.3976344605e+00
-9.3066797566e-01   -6.2283317587e-01   1.3755164275e+00
-8.6973729988e-01   -5.5459304641e-01   1.3510917586e+00
-8.0774784038e-01   -4.8902625300e-01   1.3247053698e+00
-7.4539767678e-01   -4.2650275165e-01   1.2967067696e+00
-6.8331620286e-01   -3.6727986911e-01   1.2674378940e+00
-6.2205717384e-01   -3.1151197793e-01   1.2372235275e+00
-5.6209491463e-01   -2.5926228102e-01   1.2063643121e+00
-5.0382340609e-01   -2.1051567870e-01   1.1751321717e+00
-4.4755784909e-01   -1.6519185766e-01   1.1437678572e+00
-3.9353824175e-01   -1.2315793331e-01   1.1124802557e+00
-3.4193448675e-01   -8.4240168554e-02   1.0814470811e+00
-2.9285256316e-01   -4.8234466027e-02   1.0508165841e+00
-2.4634133970e-01   -1.4915476981e-02   1.0207099491e+00
-2.0239966479e-01   1.5955715796e-02   9.9122410150e-01
-1.6098343374e-01   4.4625300092e-02   9.6243469938e-01
-1.2201239971e-01   7.1341724767e-02   9.3439913828e-01
-8.5376556511e-02   9.6351848872e-02   9.0715944706e-01
-5.0941977073e-02   1.1989810414e-01   8.8074499310e-01
-1.8556037678e-02   1.4221652291e-01   8.5517494993e-01
1.1948003338e-02   1.6353548925e-01   8.3046050659e-01
4.0747074061e-02   1.8407508258e-01   8.0660681747e-01
6.8024983980e-02   2.0404689633e-01   7.8361470545e-01
9.3969709008e-02   2.2365422968e-01   7.6148214001e-01
1.1877121976e-01   2.4309256421e-01   7.4020551756e-01
1.4261980021e-01   2.6255025109e-01   7.1978077380e-01
1.6570480116e-01   2.8220934579e-01   7.0020435878e-01
1.8821377250e-01   3.0224653751e-01   6.8147410479e-01
2.1033191963e-01   3.2283412812e-01   6.6359001585e-01
2.3224183168e-01   3.4414102193e-01   6.4655500579e-01
2.5412343189e-01   3.6633369115e-01   6.3037561041e-01
2.7615410350e-01   3.8957708479e-01   6.1506269671e-01
2.9850894688e-01   4.1403544857e-01   6.0063219095e-01
3.2136112597e-01   4.3987302245e-01   5.8710584538e-01
3.4488226287e-01   4.6725457867e-01   5.7451206163e-01
3.6924284017e-01   4.9634575804e-01   5.6288678747e-01
3.9461256930e-01   5.2731315462e-01   5.5227450113e-01
4.2116068091e-01   5.6032408909e-01   5.4272929536e-01
4.4905608962e-01   5.9554599931e-01   5.3431606984e-01
4.7846737968e-01   6.3314536136e-01   5.2711183594e-01
5.0956255088e-01   6.7328603746e-01   5.2120713186e-01
5.4250845434e-01   7.1612692720e-01   5.1670753673e-01
5.7746983682e-01   7.6181877683e-01   5.1373526054e-01
6.1460789831e-01   8.1049997786e-01   5.1243077000e-01
6.5407825271e-01   8.6229116337e-01   5.1295438799e-01
6.9602816493e-01   9.1728838916e-01   5.1548777545e-01
7.4059292100e-01   9.7555467241e-01   5.2023516677e-01
7.8789117216e-01   1.0371096558e+00   5.2742418259e-01
8.3801908209e-01   1.1019171800e+00   5.3730598590e-01
8.9104310154e-01   1.1698705906e+00   5.5015447916e-01
9.4699120195e-01   1.2407756880e+00   5.6626416210e-01
1.0058424254e+00   1.3143313734e+00   5.8594618736e-01
1.0675146615e+00   1.3901082599e+00   6.0952207126e-01
1.1318506531e+00   1.4675258303e+00   6.3731445301e-01
1.1986023716e+00   1.5458291529e+00   6.6963426900e-01
1.2674141074e+00   1.6240667044e+00   7.0676374630e-01
1.3378048911e+00   1.7010715148e+00   7.4893476069e-01
1.4091512132e+00   1.7754485689e+00   7.9630239025e-01
1.4806714239e+00   1.8455721244e+00   8.4891397218e-01
1.5514136573e+00   1.9095971764e+00   9.0667466804e-01
1.6202495736e+00   1.9654895251e+00   9.6931146669e-01
1.6858765742e+00   2.0110785318e+00   1.0363386541e+00
1.7468313004e+00   2.0441354130e+00   1.1070289281e+00
1.8015170369e+00   2.0624776052e+00   1.1803953137e+00
1.8482469716e+00   2.0640962826e+00   1.2551895289e+00
1.8853040083e+00   2.0472997403e+00   1.3299221051e+00
1.9110159795e+00   2.0108606608e+00   1.4029080734e+00
1.9238427951e+00   1.9541512267e+00   1.4723392473e+00
1.9224695919e+00   1.8772478233e+00   1.5363802523e+00
1.9058977792e+00   1.7809878285e+00   1.5932810460e+00
1.8735245530e+00   1.6669653326e+00   1.6414946702e+00
1.8252014517e+00   1.5374603444e+00   1.6797864586e+00
1.7612641149e+00   1.3953058239e+00   1.7073207789e+00
1.6825284815e+00   1.2437066767e+00   1.7237139714e+00
1.5902527551e+00   1.0860323131e+00   1.7290470678e+00
1.4860687940e+00   9.2560775154e-01   1.7238380590e+00
1.3718903109e+00   7.6552684363e-01   1.7089794813e+00
1.2498076851e+00   6.0850567601e-01   1.6856515943e+00
1.1219799432e+00   4.5678620963e-01   1.6552235800e+00
9.9053359755e-01   3.1209180123e-01   1.6191549069e+00
8.5747592628e-01   1.7562919390e-01   1.5789067583e+00
7.2462750772e-01   4.8126936326e-02   1.5358700844e+00
5.9357596934e-01   -7.0101752715e-02   1.4913132972e+00
4.6565043919e-01   -1.7908331924e-01   1.4463495789e+00
3.4191436631e-01   -2.7910518238e-01   1.4019215971e+00
2.2317328857e-01   -3.7064119538e-01   1.3588002009e+00
1.0999370624e-01   -4.5428577689e-01   1.3175932767e+00
2.7293178654e-03   -5.3069892780e-01   1.2787611468e+00
-9.8448685123e-02   -6.0056260432e-01   1.2426354464e+00
-1.9351995093e-01   -6.6454775701e-01   1.2094391118e+00
-2.8258394740e-01   -7.2329069252e-01   1.1793058044e+00
-3.6583098346e-01   -7.7737714808e-01   1.1522977036e+00
-4.4351612934e-01   -8.2733246432e-01   1.1284210853e+00
-5.1593646647e-01   -8.7361639296e-01   1.1076394533e+00
-5.8341178171e-01   -9.1662130228e-01   1.0898842383e+00
-6.4626860337e-01   -9.5667279055e-01   1.0750632247e+00
-7.0482734069e-01   -9.9403195334e-01   1.0630669494e+00
-7.5939221676e-01   -1.0288987568e+00   1.0537733534e+00
-8.1024365831e-01   -1.0614161402e+00   1.0470509695e+00
-8.5763281191e-01   -1.0916746056e+00   1.0427609214e+00
-9.0177788148e-01   -1.1197171535e+00   1.0407579850e+00
-9.4286201785e-01   -1.1455444953e+00   1.0408909422e+00
-9.8103253179e-01   -1.1691205222e+00   1.0430024354e+00
-1.0164012409e+00   -1.1903780317e+00   1.0469285067e+00
-1.0490457962e+00   -1.2092247280e+00   1.0524979939e+00
-1.0790118638e+00   -1.2255494987e+00   1.0595319326e+00
-1.1063160584e+00   -1.2392289580e+00   1.0678431042e+00
-1.1309495385e+00   -1.2501342162e+00   1.0772358516e+00
-1.1528821806e+00   -1.2581377989e+00   1.0875062662e+00
-1.1720672466e+00   -1.2631206062e+00   1.0984428301e+00
-1.1884464490e+00   -1.2649787590e+00   1.1098275747e+00
-1.2019553094e+00   -1.2636301491e+00   1.1214377843e+00
-1.2125286843e+00   -1.2590204802e+00   1.1330482438e+00
-1.2201063187e+00   -1.2511285758e+00   1.1444339937e+00
-1.2246382713e+00   -1.2399707271e+00   1.1553735169e+00
-1.2260900449e+00   -1.2256038736e+00   1.1656522492e+00
-1.2244472493e+00   -1.2081274447e+00   1.1750662750e+00
-1.2197196320e+00   -1.1876837423e+00   1.1834260439e+00
-1.2119443221e+00   -1.1644568127e+00   1.1905599343e+00
-1.2011881617e+00   -1.1386698311e+00   1.1963174862e+00
-1.1875490303e+00   -1.1105811019e+00   1.2005721394e+00
-1.1711561098e+00   -1.0804788533e+00   1.2032233356e+00
-1.1521690869e+00   -1.0486750692e+00   1.2041978807e+00
-1.1307763363e+00   -1.0154986513e+00   1.2034505035e+00
-1.1071921752e+00   -9.8128823177e-01   1.2009635978e+00
-1.0816533229e+00   -9.4638496192e-01   1.1967461771e+00
-1.0544147307e+00   -9.1112558701e-01   1.1908321196e+00
-1.0257449701e+00   -8.7583608077e-01   1.1832778118e+00
-9.9592137867e-01   -8.4082606211e-01   1.1741593273e+00
-9.6522516101e-01   -8.0638415554e-01   1.1635692893e+00
-9.3393663030e-01   -7.7277439227e-01   1.1516135702e+00
-9.0233075398e-01   -7.4023368575e-01   1.1384079718e+00
-8.7067313903e-01   -7.0897035825e-01   1.1240750163e+00
-8.3921655959e-01   -6.7916364811e-01   1.1087409534e+00
-8.0819809527e-01   -6.5096409094e-01   1.0925330667e+00
-7.7783691536e-01   -6.2449464458e-01   1.0755773341e+00
-7.4833271320e-01   -5.9985241512e-01   1.0579964741e+00
-7.1986476878e-01   -5.7711083939e-01   1.0399083844e+00
-6.9259159619e-01   -5.5632218506e-01   1.0214249651e+00
-6.6665111679e-01   -5.3752024218e-01   1.0026512994e+00
-6.4216128816e-01   -5.2072309555e-01   9.8368515978e-01
-6.1922111385e-01   -5.0593588591e-01   9.6461679638e-01
-5.9791195711e-01   -4.9315348657e-01   9.4552896671e-01
-5.7829908443e-01   -4.8236303967e-01   9.2649716190e-01
-5.6043336932e-01   -4.7354631312e-01   9.0758998970e-01
-5.4435309348e-01   -4.6668185296e-01   8.8886967706e-01
-5.3008579058e-01   -4.6174691787e-01   8.7039266043e-01
-5.1765008573e-01   -4.5871919204e-01   8.5221023690e-01
-5.0705749245e-01   -4.5757827940e-01   8.3436925455e-01
-4.9831413633e-01   -4.5830698727e-01   8.1691282558e-01
-4.9142238228e-01   -4.6089241038e-01   7.9988105043e-01
-4.8638234788e-01   -4.6532682762e-01   7.8331174491e-01
-4.8319329111e-01   -4.7160842387e-01   7.6724116643e-01
-4.8185486478e-01   -4.7974184797e-01   7.5170473790e-01
-4.8236823292e-01   -4.8973861559e-01   7.3673777058e-01
-4.8473704685e-01   -5.0161736298e-01   7.2237618898e-01
-4.8896827953e-01   -5.1540395327e-01   7.0865726222e-01
-4.9507291699e-01   -5.3113143276e-01   6.9562034709e-01
-5.0306650498e-01   -5.4883982929e-01   6.8330764877e-01
-5.1296954728e-01   -5.6857577861e-01   6.7176500462e-01
-5.2480774967e-01   -5.9039195825e-01   6.6104269621e-01
-5.3861210049e-01   -6.1434630074e-01   6.5119629343e-01
-5.5441877410e-01   -6.4050094984e-01   6.4228753232e-01
-5.7226883945e-01   -6.6892091440e-01   6.3438522574e-01
-5.9220774939e-01   -6.9967236484e-01   6.2756620159e-01
-6.1428458068e-01   -7.3282050664e-01   6.2191625797e-01
-6.3855098684e-01   -7.6842695519e-01   6.1753111762e-01
-6.6505981872e-01   -8.0654652546e-01   6.1451735398e-01
-6.9386335910e-01   -8.4722334121e-01   6.1299324983e-01
-7.2501110993e-01   -8.9048616114e-01   6.1308953383e-01
-7.5854706276e-01   -9.3634281665e-01   6.1494992171e-01
-7.9450637712e-01   -9.8477365892e-01   6.1873136630e-01
-8.3291138749e-01   -1.0357239263e+00   6.2460389403e-01
-8.7376686030e-01   -1.0890949696e+00   6.3274987533e-01
-9.1705442869e-01   -1.1447343170e+00   6.4336254334e-01
-9.6272614887e-01   -1.2024246325e+00   6.5664354193e-01
-1.0106971497e+00   -1.2618717208e+00   6.7279925273e-01
-1.0608373918e+00   -1.3226918714e+00   6.9203562825e-01
-1.1129626172e+00   -1.3843990165e+00   7.1455124990e-01
-1.1668246611e+00   -1.4463924047e+00   7.4052834790e-01
-1.2221014150e+00   -1.5079457606e+00   7.7012157607e-01
-1.2783868785e+00   -1.5681991990e+00   8.0344444342e-01
-1.3351819127e+00   -1.6261554618e+00   8.4055348131e-01
-1.3918865020e+00   -1.6806823112e+00   8.8143048202e-01
-1.4477945315e+00   -1.7305230683e+00   9.2596348621e-01
-1.5020922606e+00   -1.7743172707e+00   9.7392761513e-01
-1.5538617951e+00   -1.8106331265e+00   1.0249673070e+00
-1.6020908697e+00   -1.8380127919e+00   1.0785819715e+00
-1.6456901128e+00   -1.8550304243e+00   1.1341174319e+00
-1.6835186167e+00   -1.8603614750e+00   1.1907656733e+00
-1.7144180550e+00   -1.8528598665e+00   1.2475752317e+00
-1.7144180550e+00   -1.8528598665e+00   1.2475752317e+00
