X    Y    Z
2.0000000000e-01   2.0000000000e-01   2.0000000000e-01
2.0130399337e-01   2.1789544572e-01   1.9354320873e-01
2.0516443717e-01   2.3790808117e-01   1.8752945938e-01
2.1153046225e-01   2.6021692054e-01   1.8198890965e-01
2.2038776471e-01   2.8504316904e-01   1.7695983865e-01
2.3175839638e-01   3.1263630085e-01   1.7249064952e-01
2.4569846949e-01   3.4325849861e-01   1.6864210872e-01
2.6229370556e-01   3.7716557677e-01   1.6548980891e-01
2.8165246729e-01   4.1458210729e-01   1.6312675968e-01
3.0389560438e-01   4.5566807475e-01   1.6166588524e-01
3.2914213165e-01   5.0047410880e-01   1.6124201904e-01
3.5748946973e-01   5.4888238915e-01   1.6201271078e-01
3.8898678688e-01   6.0053107142e-01   1.6415678651e-01
4.2360001276e-01   6.5472214059e-01   1.6786914075e-01
4.6116756781e-01   7.1031678265e-01   1.7334975822e-01
5.0134707667e-01   7.6562957899e-01   1.8078463942e-01
5.4355568850e-01   8.1834360753e-01   1.9031647659e-01
5.8691043184e-01   8.6548211220e-01   2.0200411774e-01
6.3018026061e-01   9.0348524448e-01   2.1577268192e-01
6.7176727172e-01   9.2844474202e-01   2.3136101704e-01
7.0973883815e-01   9.3653351686e-01   2.4827948880e-01
7.4193150202e-01   9.2461962885e-01   2.6579663833e-01
7.6613733473e-01   8.9097455068e-01   2.8297394969e-01
7.8036217215e-01   8.3589721541e-01   2.9875937935e-01
7.8311644072e-01   7.6202765264e-01   3.1213128182e-01
7.7367433792e-01   6.7417051328e-01   3.2226091727e-01
7.5223070362e-01   5.7860189162e-01   3.2864649738e-01
7.1990615884e-01   4.8203210494e-01   3.3117646719e-01
6.7859477673e-01   3.9053381950e-01   3.3010512479e-01
6.3069561530e-01   3.0873937072e-01   3.2595655449e-01
5.7879845180e-01   2.3947481364e-01   3.1939523860e-01
5.2539475868e-01   1.8382012198e-01   3.1110403265e-01
4.7266276376e-01   1.4145871401e-01   3.0169624336e-01
4.2234484946e-01   1.1114379544e-01   2.9166962203e-01
3.7570994386e-01   9.1144059972e-02   2.8139581618e-01
3.3357927117e-01   7.9593510701e-02   2.7113265842e-01
2.9639036498e-01   7.4725068878e-02   2.6104701729e-01
2.6427769850e-01   7.5001145050e-02   2.5123943663e-01
2.3715451970e-01   7.9167708001e-02   2.4176573409e-01
2.1478669575e-01   8.6258893646e-02   2.3265375708e-01
1.9685425817e-01   9.5573902115e-02   2.2391531154e-01
1.8299962267e-01   1.0664137486e-01   2.1555411500e-01
1.7286336595e-01   1.1918076475e-01   2.0757084400e-01
1.6610936238e-01   1.3306603124e-01   1.9996625147e-01
1.6244137222e-01   1.4829420590e-01   1.9274312153e-01
1.6161309962e-01   1.6495964392e-01   1.8590761473e-01
1.6343348263e-01   1.8323376076e-01   1.7947038085e-01
1.6776864655e-01   2.0334947915e-01   1.7344768980e-01
1.7454160635e-01   2.2558928443e-01   1.6786274898e-01
1.8373047068e-01   2.5027557172e-01   1.6274732585e-01
1.9536558628e-01   2.7776177203e-01   1.5814376457e-01
2.0952576156e-01   3.0842249662e-01   1.5410746325e-01
2.2633340889e-01   3.4264058879e-01   1.5070985013e-01
2.4594812836e-01   3.8078848480e-01   1.4804184610e-01
2.6855790356e-01   4.2320065405e-01   1.4621770757e-01
2.9436667905e-01   4.7013315932e-01   1.4537897774e-01
3.2357664164e-01   5.2170570069e-01   1.4569799923e-01
3.5636307062e-01   5.7782121794e-01   1.4738001121e-01
3.9283925497e-01   6.3805886809e-01   1.5066223370e-01
4.3300891088e-01   7.0153905264e-01   1.5580752650e-01
4.7670414385e-01   7.6676574192e-01   1.6308930328e-01
5.2350886923e-01   8.3146354368e-01   1.7276368524e-01
5.7267148157e-01   8.9244615935e-01   1.8502503936e-01
6.2301712969e-01   9.4557787851e-01   1.9994312193e-01
6.7287923147e-01   9.8591349297e-01   2.1738532911e-01
7.2008017721e-01   1.0081080447e+00   2.3693678883e-01
7.6199801837e-01   1.0071511011e+00   2.5784285064e-01
7.9575183632e-01   9.7937887426e-01   2.7900768304e-01
8.1851567746e-01   9.2355910460e-01   2.9908004993e-01
8.2792792212e-01   8.4169302607e-01   3.1663466387e-01
8.2251195314e-01   7.3914997085e-01   3.3041683656e-01
8.0199135912e-01   6.2393193279e-01   3.3957841064e-01
7.6739539207e-01   5.0521611616e-01   3.4382224842e-01
7.2091292298e-01   3.9165011518e-01   3.4340541646e-01
6.6553824373e-01   2.8996492841e-01   3.3901132014e-01
6.0461595608e-01   2.0427557976e-01   3.3155134554e-01
5.4140586104e-01   1.3610761488e-01   3.2196969492e-01
4.7875566858e-01   8.4927770237e-02   3.1110275534e-01
4.1891617453e-01   4.8873693731e-02   2.9960880038e-01
3.6348779588e-01   2.5440217815e-02   2.8795643787e-01
3.1346247113e-01   1.1997265641e-02   2.7644897035e-01
2.6931997026e-01   6.1146778794e-03   2.6526329799e-01
2.3114472359e-01   5.7254546170e-03   2.5448905013e-01
1.9874043951e-01   9.1768623380e-03   2.4416089122e-01
1.7173010312e-01   1.5214937133e-02   2.3428206250e-01
1.4963648391e-01   2.2936001579e-02   2.2483996740e-01
1.3194292879e-01   3.1726713309e-02   2.1581564031e-01
1.1813663215e-01   4.1204845948e-02   2.0718900857e-01
1.0773752883e-01   5.1166811789e-02   1.9894151577e-01
1.0031606965e-01   6.1544220847e-02   1.9105723768e-01
9.5502832308e-02   7.2369730716e-02   1.8352323617e-01
9.2992445261e-02   8.3751430475e-02   1.7632960718e-01
9.2543798230e-02   9.5854581732e-02   1.6946948470e-01
9.3978046329e-02   1.0888943839e-01   1.6293914463e-01
9.7175514967e-02   1.2310392247e-01   1.5673828825e-01
1.0207228375e-01   1.3878005108e-01   1.5087055669e-01
1.0865696443e-01   1.5623313210e-01   1.4534432220e-01
1.1696797840e-01   1.7581283480e-01   1.4017380994e-01
1.2709146852e-01   1.9790526651e-01   1.3538062054e-01
1.3915983086e-01   2.2293511862e-01   1.3099574473e-01
1.5335070614e-01   2.5136674922e-01   1.2706218382e-01
1.6988610452e-01   2.8370270264e-01   1.2363830885e-01
1.8903112688e-01   3.2047756968e-01   1.2080209883e-01
2.1109145751e-01   3.6224420053e-01   1.1865637915e-01
2.3640840194e-01   4.0954802530e-01   1.1733510895e-01
2.6534968793e-01   4.6288358093e-01   1.1701059499e-01
2.9829350764e-01   5.2262535856e-01   1.1790117063e-01
3.3560235098e-01   5.8892309750e-01   1.2027826612e-01
3.7758214764e-01   6.6155050895e-01   1.2447078267e-01
4.2442135205e-01   7.3969789478e-01   1.3086313999e-01
4.7610444974e-01   8.2170645687e-01   1.3988128338e-01
5.3229602315e-01   9.0476020948e-01   1.5195863260e-01
5.9219672252e-01   9.8458612350e-01   1.6747248681e-01
6.5438342800e-01   1.0552674286e+00   1.8664303339e-01
7.1666414670e-01   1.1093403683e+00   2.0939543490e-01
7.7600222345e-01   1.1383880054e+00   2.3520409013e-01
8.2858571245e-01   1.1343002330e+00   2.6296657042e-01
8.7011809385e-01   1.0911607842e+00   2.9098171104e-01
8.9636307336e-01   1.0073406472e+00   3.1710684399e-01
9.0387987254e-01   8.8698615961e-01   3.3911640903e-01
8.9076615828e-01   7.4002413016e-01   3.5518120948e-01
8.5715642679e-01   5.8032374287e-01   3.6429195303e-01
8.0527470996e-01   4.2257505134e-01   3.6644527444e-01
7.3900899756e-01   2.7913602285e-01   3.6252179532e-01
6.6316563912e-01   1.5802961181e-01   3.5393996806e-01
5.8266055724e-01   6.2540998527e-02   3.4225595409e-01
5.0187018511e-01   -7.9264572313e-03   3.2885581792e-01
4.2424998641e-01   -5.6442072517e-02   3.1479918919e-01
3.5221359215e-01   -8.7194971881e-02   3.0079512365e-01
2.8719987673e-01   -1.0450819929e-01   2.8725643171e-01
2.2984163301e-01   -1.1226825064e-01   2.7438176409e-01
1.8016667383e-01   -1.1368176926e-01   2.6223353493e-01
1.3778829353e-01   -1.1123913498e-01   2.5079807102e-01
1.0206447433e-01   -1.0678534980e-01   2.4002607920e-01
7.2220097075e-02   -1.0163273224e-01   2.2985688560e-01
4.7434456906e-02   -9.6678981417e-02   2.2023124995e-01
2.6899773327e-02   -9.2513530913e-02   2.1109701433e-01
9.8571274169e-03   -8.9506178219e-02   2.0241071848e-01
-4.3842646973e-03   -8.7877537986e-02   1.9413722706e-01
-1.6439528805e-02   -8.7753277968e-02   1.8624858041e-01
-2.6848512948e-02   -8.9204885510e-02   1.7872271853e-01
-3.6081186643e-02   -9.2279745237e-02   1.7154238495e-01
-4.4545975722e-02   -9.7023028313e-02   1.6469432619e-01
-5.2599584897e-02   -1.0349351036e-01   1.5816880975e-01
-6.0557346694e-02   -1.1177504155e-01   1.5195944743e-01
-6.8703496273e-02   -1.2198502509e-01   1.4606330695e-01
-7.7301029788e-02   -1.3428092930e-01   1.4048130661e-01
-8.6600979400e-02   -1.4886556021e-01   1.3521890785e-01
-9.6851046629e-02   -1.6599154391e-01   1.3028714459e-01
-1.0830358868e-01   -1.8596518951e-01   1.2570405526e-01
-1.2122295570e-01   -2.0914959733e-01   1.2149661189e-01
-1.3589213088e-01   -2.3596650129e-01   1.1770327145e-01
-1.5261852313e-01   -2.6689583690e-01   1.1437730377e-01
-1.7173858961e-01   -3.0247133470e-01   1.1159107317e-01
-1.9362069728e-01   -3.4326946329e-01   1.0944145455e-01
-2.1866523513e-01   -3.8988768101e-01   1.0805652576e-01
-2.4730041604e-01   -4.4290610631e-01   1.0760355405e-01
-2.7997141071e-01   -5.0282435335e-01   1.0829801457e-01
-3.1711940426e-01   -5.6996257720e-01   1.1041283155e-01
-3.5914588507e-01   -6.4431337092e-01   1.1428605980e-01
-4.0635614401e-01   -7.2533062151e-01   1.2032363877e-01
-4.5887506940e-01   -8.1164593480e-01   1.2899151540e-01
-5.1652890937e-01   -9.0071824890e-01   1.4078847216e-01
-5.7869059797e-01   -9.8845546132e-01   1.5618823800e-01
-6.4409622636e-01   -1.0689054443e+00   1.7553909102e-01
-7.1065912251e-01   -1.1341957201e+00   1.9891530772e-01
-7.7533624891e-01   -1.1749785926e+00   2.2593287079e-01
-8.3413253312e-01   -1.1816402874e+00   2.5557455497e-01
-8.8234316371e-01   -1.1463515069e+00   2.8610849793e-01
-9.1510158851e-01   -1.0656080371e+00   3.1520192873e-01
-9.2819915242e-01   -9.4236210756e-01   3.4028811233e-01
-9.1899091212e-01   -7.8658063706e-01   3.5912517401e-01
-8.8708456457e-01   -6.1352549003e-01   3.7034671130e-01
-8.3453062740e-01   -4.4018440864e-01   3.7375955415e-01
-7.6541998647e-01   -2.8133291357e-01   3.7025966828e-01
-6.8504579075e-01   -1.4683143485e-01   3.6144007012e-01
-5.9894075006e-01   -4.0904901778e-02   3.4910074590e-01
-5.1208111726e-01   3.6925458858e-02   3.3485839602e-01
-4.2840882985e-01   9.0145545579e-02   3.1994395309e-01
-3.5067298221e-01   1.2359091702e-01   3.0516878626e-01
-2.8050287895e-01   1.4224443818e-01   2.9099128575e-01
-2.1860517791e-01   1.5055444587e-01   2.7761821497e-01
-1.6499926458e-01   1.5215760311e-01   2.6509996099e-01
-1.1923838744e-01   1.4985111535e-01   2.5340287448e-01
-8.0592382586e-02   1.4568880791e-01   2.4245691810e-01
-4.8186077722e-02   1.4112118605e-01   2.3218342242e-01
-2.1096949335e-02   1.3713695386e-01   2.2250916788e-01
1.5806873313e-03   1.3438740084e-01   2.1337212271e-01
2.0697114130e-02   1.3328811619e-01   2.0472265161e-01
3.7027281695e-02   1.3409864464e-01   1.9652262437e-01
5.1263836229e-02   1.3698309069e-01   1.8874382690e-01
6.4018734391e-02   1.4205524926e-01   1.8136640539e-01
7.5830219213e-02   1.4941163251e-01   1.7437767652e-01
8.7172849825e-02   1.5915527130e-01   1.6777142430e-01
9.8468986901e-02   1.7141261043e-01   1.6154770768e-01
1.1010066156e-01   1.8634526730e-01   1.5571317243e-01
1.2242112748e-01   2.0415789999e-01   1.5028186616e-01
1.3576564008e-01   2.2510292317e-01   1.4527657604e-01
1.5046114105e-01   2.4948229137e-01   1.4073073576e-01
1.6683456379e-01   2.7764600079e-01   1.3669097197e-01
1.8521941790e-01   3.0998629492e-01   1.3322037526e-01
2.0596015477e-01   3.4692573825e-01   1.3040257425e-01
2.2941354900e-01   3.8889628974e-01   1.2834664737e-01
2.5594593382e-01   4.3630522594e-01   1.2719279528e-01
2.8592458666e-01   4.8948226041e-01   1.2711847163e-01
3.1970087352e-01   5.4860066442e-01   1.2834426440e-01
3.5758197428e-01   6.1356410688e-01   1.3113814527e-01
3.9978727694e-01   6.8385136080e-01   1.3581567086e-01
4.4638518926e-01   7.5831491622e-01   1.4273228644e-01
4.9720683268e-01   8.3493999494e-01   1.5226218572e-01
5.5173594308e-01   9.1059147462e-01   1.6475675625e-01
6.0898079221e-01   9.8081103117e-01   1.8047574045e-01
6.6734549108e-01   1.0397734458e+00   1.9948804900e-01
7.2453472591e-01   1.0805545544e+00   2.2154939841e-01
7.7754422326e-01   1.0958677664e+00   2.4598200672e-01
8.2279926499e-01   1.0793375889e+00   2.7160372601e-01
8.5648969496e-01   1.0271582301e+00   2.9676736201e-01
8.7509819524e-01   9.3967597711e-01   3.1955546006e-01
8.7603327395e-01   8.2221227442e-01   3.3811886149e-01
8.5819530925e-01   6.8455361313e-01   3.5106619592e-01
8.2228063521e-01   5.3906124377e-01   3.5775850922e-01
7.7070175974e-01   3.9803718118e-01   3.5838931481e-01
7.0714507632e-01   2.7134854999e-01   3.5383076784e-01
6.3592014714e-01   1.6509712419e-01   3.4533393551e-01
5.6130392166e-01   8.1524990150e-02   3.3421493569e-01
4.8703859681e-01   1.9811957728e-02   3.2162649720e-01
4.1604989421e-01   -2.2776983950e-02   3.0844802277e-01
3.5036986408e-01   -4.9827957516e-02   2.9527393250e-01
2.9120418134e-01   -6.5008831077e-02   2.8245898667e-01
2.3907679666e-01   -7.1620340907e-02   2.7018331641e-01
1.9399880946e-01   -7.2399509599e-02   2.5851388713e-01
1.5562826665e-01   -6.9485279509e-02   2.4745235832e-01
1.2340459737e-01   -6.4471027484e-02   2.3696781546e-01
9.6652842607e-02   -5.8493200726e-02   2.2701685523e-01
7.4659218904e-02   -5.2326758730e-02   2.1755460019e-01
5.6722398391e-02   -4.6472869632e-02   2.0853989047e-01
4.2185644410e-02   -4.1233106152e-02   1.9993709303e-01
3.0454645637e-02   -3.6769061470e-02   1.9171615780e-01
2.1005161574e-02   -3.3148507312e-02   1.8385190904e-01
1.3383759837e-02   -3.0380071659e-02   1.7632311675e-01
7.2041461094e-03   -2.8438591440e-02   1.6911161394e-01
2.1409214249e-03   -2.7283160740e-02   1.6220156496e-01
-2.0779379518e-03   -2.6869634699e-02   1.5557890619e-01
-5.6790032423e-03   -2.7159055766e-02   1.4923094282e-01
-8.8511612368e-03   -2.8123186335e-02   1.4314607244e-01
-1.1752903389e-02   -2.9748080054e-02   1.3731360677e-01
-1.4518977098e-02   -3.2036410674e-02   1.3172366752e-01
-1.7266353996e-02   -3.5009103314e-02   1.2636713981e-01
-2.0099544853e-02   -3.8706676004e-02   1.2123567268e-01
-2.3115337343e-02   -4.3190595039e-02   1.1632172299e-01
-2.6407059811e-02   -4.8544870974e-02   1.1161864397e-01
-3.0068487817e-02   -5.4878067828e-02   1.0712082562e-01
-3.4197515363e-02   -6.2325860838e-02   1.0282389972e-01
-3.8899712678e-02   -7.1054252947e-02   9.8725029209e-02
-4.4291889322e-02   -8.1263541601e-02   9.4823310220e-02
-5.0505776113e-02   -9.3193109421e-02   9.1120326323e-02
-5.7691931897e-02   -1.0712708714e-01   8.7620909532e-02
-6.6023969938e-02   -1.2340089418e-01   8.4334182531e-02
-7.5703180576e-02   -1.4240858526e-01   8.1274983262e-02
-8.6963596219e-02   -1.6461079625e-01   7.8465807968e-02
-1.0007749236e-01   -1.9054285027e-01   7.5939453933e-02
-1.1536122925e-01   -2.2082219668e-01   7.3742599387e-02
-1.3318118932e-01   -2.5615372020e-01   7.1940624198e-02
-1.5395931936e-01   -2.9733043725e-01   7.0624044849e-02
-1.7817738758e-01   -3.4522549684e-01   6.9916993787e-02
-2.0637843430e-01   -4.0076895626e-01   6.9988178588e-02
-2.3916291784e-01   -4.6489919223e-01   7.1064633520e-02
-2.7717559519e-01   -5.3847375774e-01   7.3448180758e-02
-3.2107708577e-01   -6.2211802903e-01   7.7533598482e-02
-3.7149128750e-01   -7.1598305278e-01   8.3825647296e-02
-4.2891657218e-01   -8.1937972173e-01   9.2948783308e-02
-4.9358591753e-01   -9.3026221486e-01   1.0563803957e-01
-5.6526120385e-01   -1.0445640383e+00   1.2269220468e-01
-6.4295455826e-01   -1.1554675984e+00   1.4486299310e-01
-7.2459242297e-01   -1.2528361557e+00   1.7265255173e-01
-8.0668417132e-01   -1.3232495760e+00   2.0600899491e-01
-8.8412703697e-01   -1.3512672805e+00   2.4396218344e-01
-9.5034868598e-01   -1.3224482025e+00   2.8433382167e-01
-9.9799354260e-01   -1.2279647402e+00   3.2374623352e-01
-1.0202126439e+00   -1.0693300909e+00   3.5813794796e-01
-1.0122983733e+00   -8.6061409332e-01   3.8376962347e-01
-9.7307048893e-01   -6.2598523799e-01   3.9833945424e-01
-9.0536426110e-01   -3.9298909107e-01   4.0162891527e-01
-8.1535218349e-01   -1.8483895135e-01   3.9533342769e-01
-7.1101834128e-01   -1.5482813800e-02   3.8224642571e-01
-6.0045880925e-01   1.1103144744e-01   3.6530219750e-01
-4.9059475722e-01   1.9803907027e-01   3.4690756193e-01
-3.8653340886e-01   2.5276803094e-01   3.2869040999e-01
-2.9149334072e-01   2.8346589912e-01   3.1155691177e-01
-2.0707164949e-01   2.9768290820e-01   2.9588531701e-01
-1.3364269556e-01   3.0155340648e-01   2.8173084840e-01
-7.0752504554e-02   2.9969737381e-01   2.6898466024e-01
-1.7445431280e-02   2.9541424267e-01   2.5747667377e-01
2.7492833676e-02   2.9096562610e-01   2.4703289132e-01
6.5368292558e-02   2.8784755352e-01   2.3750230395e-01
9.7471948900e-02   2.8701585617e-01   2.2876610895e-01
1.2501725013e-01   2.8905916032e-01   2.2073795668e-01
1.4910809793e-01   2.9432589119e-01   2.1336048893e-01
1.7072702899e-01   3.0301453026e-01   2.0660101869e-01
1.9073597688e-01   3.1523559083e-01   2.0044770873e-01
2.0988421809e-01   3.3105196266e-01   1.9490676404e-01
2.2881971032e-01   3.5050243626e-01   1.9000071559e-01
2.4810115524e-01   3.7361164681e-01   1.8576766328e-01
2.6820887533e-01   4.0038840393e-01   1.8226124863e-01
2.8955307714e-01   4.3081336096e-01   1.7955106731e-01
3.1247835791e-01   4.6481621065e-01   1.7772316531e-01
3.3726346573e-01   5.0224211788e-01   1.7688016046e-01
3.6411541374e-01   5.4280703777e-01   1.7714037957e-01
3.9315716170e-01   5.8604214227e-01   1.7863519918e-01
4.2440832444e-01   6.3122911435e-01   1.8150354851e-01
4.5775889501e-01   6.7733095411e-01   1.8588233643e-01
4.9293696174e-01   7.2292750323e-01   1.9189152278e-01
5.2947303343e-01   7.6617111248e-01   1.9961286431e-01
5.6666596284e-01   8.0478490502e-01   2.0906229103e-01
6.0355843620e-01   8.3613163169e-01   2.2015766579e-01
6.3893298782e-01   8.5738101481e-01   2.3268641374e-01
6.7134128208e-01   8.6579221203e-01   2.4628076384e-01
6.9917816777e-01   8.5910107774e-01   2.6041094137e-01
7.2080589514e-01   8.3596026737e-01   2.7440666493e-01
7.3472217788e-01   7.9633536490e-01   2.8751279020e-01
7.3975038582e-01   7.4173450990e-01   2.9897544194e-01
7.3521625122e-01   6.7516677153e-01   3.0814301104e-01
7.2107008188e-01   6.0079435557e-01   3.1455742872e-01
6.9792169295e-01   5.2334417468e-01   3.1801085363e-01
6.6697628823e-01   4.4742905411e-01   3.1855309700e-01
6.2988573693e-01   3.7695429056e-01   3.1645148548e-01
5.8855045820e-01   3.1474058806e-01   3.1211943148e-01
5.4491479928e-01   2.6240787851e-01   3.0603630430e-01
5.0079257058e-01   2.2048151858e-01   2.9867816028e-01
4.5774450688e-01   1.8863541374e-01   2.9047022583e-01
4.1701309251e-01   1.6598168103e-01   2.8176288364e-01
3.7950780567e-01   1.5133935722e-01   2.7282674124e-01
3.4582740834e-01   1.4344612098e-01   2.6385997867e-01
3.1630470350e-01   1.4110347690e-01   2.5500160427e-01
2.9106124922e-01   1.4326220744e-01   2.4634601514e-01
2.7006293109e-01   1.4906191230e-01   2.3795620800e-01
2.5317072526e-01   1.5783926638e-01   2.2987452615e-01
2.4018377502e-01   1.6911734686e-01   2.2213080613e-01
2.3087386963e-01   1.8258514482e-01   2.1474828700e-01
2.2501163280e-01   1.9807331929e-01   2.0774782152e-01
2.2238536978e-01   2.1552980170e-01   2.0115092357e-01
2.2281376685e-01   2.3499706689e-01   1.9498210192e-01
2.2615362869e-01   2.5659164078e-01   1.8927082432e-01
2.3230368295e-01   2.8048556384e-01   1.8405335774e-01
2.4120524514e-01   3.0688893287e-01   1.7937464634e-01
2.5284026080e-01   3.3603219397e-01   1.7529031690e-01
2.6722694589e-01   3.6814648077e-01   1.7186883131e-01
2.8441294197e-01   4.0343994538e-01   1.6919372381e-01
3.0446559378e-01   4.4206772059e-01   1.6736575197e-01
3.2745865466e-01   4.8409294446e-01   1.6650463455e-01
3.5345445320e-01   5.2943632596e-01   1.6674983062e-01
3.8248036377e-01   5.7781231283e-01   1.6825951890e-01
4.1449841148e-01   6.2865148237e-01   1.7120657188e-01
4.4936716643e-01   6.8101192561e-01   1.7576993210e-01
4.8679597788e-01   7.3348782853e-01   1.8211951319e-01
5.2629335291e-01   7.8413164722e-01   1.9039280371e-01
5.6711416117e-01   8.3041685951e-01   2.0066212792e-01
6.0821439467e-01   8.6927901874e-01   2.1289348337e-01
6.4822693550e-01   8.9727851764e-01   2.2690138134e-01
6.8547576091e-01   9.1092063241e-01   2.4230896253e-01
7.1804668219e-01   9.0713773936e-01   2.5852751094e-01
7.4392685581e-01   8.8388149666e-01   2.7477154875e-01
7.6121067273e-01   8.4070099175e-01   2.9012141722e-01
7.6834754440e-01   7.7912882167e-01   3.0363260891e-01
7.6438443039e-01   7.0270401985e-01   3.1447269247e-01
7.4914388581e-01   6.1655345372e-01   3.2205072775e-01
7.2328668714e-01   5.2660707791e-01   3.2610082000e-01
6.8823751543e-01   4.3866308813e-01   3.2669553728e-01
6.4599163191e-01   3.5756831371e-01   3.2419030252e-01
5.9885259194e-01   2.8671259040e-01   3.1912313653e-01
5.4916280739e-01   2.2789943343e-01   3.1210397395e-01
4.9907876606e-01   1.8152661960e-01   3.0372230407e-01
4.5041974648e-01   1.4694318368e-01   2.9448775234e-01
4.0459472634e-01   1.2284996073e-01   2.8480417048e-01
3.6259505804e-01   1.0765203504e-01   2.7496917695e-01
3.2503274986e-01   9.9720896986e-02   2.6518857581e-01
2.9220399862e-01   9.7561744887e-02   2.5559661902e-01
2.6416161995e-01   9.9901796599e-02   2.4627616405e-01
2.4078530483e-01   1.0572204280e-01   2.3727572016e-01
2.2184343344e-01   1.1425339662e-01   2.2862246542e-01
2.0704378441e-01   1.2495347558e-01   2.2033149649e-01
1.9607282772e-01   1.3747514262e-01   2.1241207480e-01
1.8862461527e-01   1.5163368096e-01   2.0487172548e-01
1.8442088807e-01   1.6737638021e-01   1.9771894229e-01
1.8322416606e-01   1.8475623415e-01   1.9096508448e-01
1.8484547212e-01   2.0391013352e-01   1.8462588916e-01
1.8914809289e-01   2.2504112680e-01   1.7872289207e-01
1.9604847469e-01   2.4840381795e-01   1.7328495584e-01
2.0551503181e-01   2.7429162579e-01   1.6835004008e-01
2.1756532610e-01   3.0302433924e-01   1.6396730107e-01
2.3226176115e-01   3.3493409339e-01   1.6019956804e-01
2.4970561550e-01   3.7034751589e-01   1.5712619127e-01
2.7002890570e-01   4.0956133206e-01   1.5484617815e-01
2.9338321311e-01   4.5280819859e-01   1.5348140325e-01
3.1992422958e-01   5.0020906259e-01   1.5317946987e-01
3.4979040142e-01   5.5170815023e-01   1.5411548142e-01
3.8307374896e-01   6.0698722407e-01   1.5649152427e-01
4.1978085662e-01   6.6535775559e-01   1.6053206633e-01
4.5978242315e-01   7.2563423791e-01   1.6647279999e-01
5.0275103702e-01   7.8600035172e-01   1.7453990008e-01
5.4808952275e-01   8.4389317103e-01   1.8491664156e-01
5.9485680848e-01   8.9594865800e-01   1.9769552804e-01
6.4170494286e-01   9.3807037960e-01   2.1281742179e-01
6.8684877411e-01   9.6569272126e-01   2.3000532783e-01
7.2809620782e-01   9.7429336635e-01   2.4870901483e-01
7.6296699670e-01   9.6014989768e-01   2.6808471269e-01
7.8891576692e-01   9.2122851112e-01   2.8703595587e-01
8.0364720285e-01   8.5796974361e-01   3.0433057573e-01
8.0547279280e-01   7.7366809447e-01   3.1878281532e-01
7.9362495127e-01   6.7420836824e-01   3.2945713208e-01
7.6843679910e-01   5.6713852998e-01   3.3583011087e-01
7.3132686838e-01   4.6033344995e-01   3.3785585828e-01
6.8458848535e-01   3.6067542846e-01   3.3591769096e-01
6.3104511996e-01   2.7314018612e-01   3.3069385887e-01
5.7366615819e-01   2.0046763433e-01   3.2299172590e-01
5.1523138568e-01   1.4335555441e-01   3.1360246223e-01
4.5809827798e-01   1.0096767229e-01   3.0320574215e-01
4.0408547873e-01   7.1529952947e-02   2.9232833651e-01
3.5445553921e-01   5.2855898901e-02   2.8134391787e-01
3.0996596324e-01   4.2728968745e-02   2.7049632022e-01
2.7095697802e-01   3.9136532102e-02   2.5993116464e-01
2.3745112223e-01   4.0384013843e-02   2.4972627223e-01
2.0924840658e-01   4.5127061055e-02   2.3991638691e-01
1.8600840495e-01   5.2355211783e-02   2.3051117250e-01
1.6731608227e-01   6.1351584519e-02   2.2150724743e-01
1.5273150973e-01   7.1644382393e-02   2.1289566829e-01
1.4182535627e-01   8.2959302605e-02   2.0466628466e-01
1.3420272821e-01   9.5177424731e-02   1.9681012959e-01
1.2951799440e-01   1.0830037345e-01   1.8932069334e-01
1.2748298399e-01   1.2242296945e-01   1.8219465059e-01
1.2787056049e-01   1.3771275268e-01   1.7543240389e-01
1.3051516430e-01   1.5439537297e-01   1.6903866799e-01
1.3531152640e-01   1.7274469091e-01   1.6302323673e-01
1.4221241075e-01   1.9307638610e-01   1.5740203120e-01
1.5122594261e-01   2.1574384540e-01   1.5219851092e-01
1.6241281807e-01   2.4113503861e-01   1.4744552808e-01
1.7588344998e-01   2.6966893333e-01   1.4318770920e-01
1.9179486793e-01   3.0178970787e-01   1.3948445051e-01
2.1034693180e-01   3.3795654496e-01   1.3641360105e-01
2.3177711170e-01   3.7862608768e-01   1.3407586589e-01
2.5635270586e-01   4.2422368974e-01   1.3259986461e-01
2.8435888653e-01   4.7509842453e-01   1.3214759035e-01
3.1608037604e-01   5.3145558598e-01   1.3291967545e-01
3.5177389199e-01   5.9325951897e-01   1.3515931189e-01
3.9162787729e-01   6.6009990255e-01   1.3915282064e-01
4.3570571781e-01   7.3101761819e-01   1.4522367956e-01
4.8386916715e-01   8.0429452346e-01   1.5371539523e-01
5.3568090846e-01   8.7722804875e-01   1.6495733877e-01
5.9029028854e-01   9.4593938385e-01   1.7920749938e-01
6.4631548806e-01   1.0053024016e+00   1.9656872870e-01
7.0174907514e-01   1.0491192222e+00   2.1688267062e-01
7.5392970586e-01   1.0706811282e+00   2.3961969797e-01
7.9963359730e-01   1.0637978931e+00   2.6380179982e-01
8.3533299848e-01   1.0242164477e+00   2.8800957397e-01
8.5763243885e-01   9.5109657576e-01   3.1051850328e-01
8.6382568341e-01   8.4798614681e-01   3.2957009632e-01
8.5244014142e-01   7.2274033213e-01   3.4371692014e-01
8.2359658563e-01   5.8618466131e-01   3.5212380453e-01
7.7905017983e-01   4.4990004904e-01   3.5470739635e-01
7.2188923327e-01   3.2394059295e-01   3.5206574103e-01
6.5599344719e-01   2.1527456119e-01   3.4524611418e-01
5.8542427368e-01   1.2730694949e-01   3.3545899309e-01
5.1390765413e-01   6.0331392949e-02   3.2383959666e-01
4.4449940177e-01   1.2475246522e-02   3.1130785676e-01
3.7944476816e-01   -1.9292753263e-02   2.9852490455e-01
3.2019129174e-01   -3.8354791420e-02   2.8591506287e-01
2.6749579680e-01   -4.7919382388e-02   2.7371821446e-01
2.2157231262e-01   -5.0749371052e-02   2.6204692280e-01
1.8224371523e-01   -4.9068928814e-02   2.5093482681e-01
1.4907620679e-01   -4.4576911811e-02   2.4037200271e-01
1.2148800314e-01   -3.8512359086e-02   2.3032807995e-01
9.8831175243e-02   -3.1737928390e-02   2.2076588674e-01
8.0449479203e-02   -2.4822494546e-02   2.1164862446e-01
6.5716513976e-02   -1.8114132870e-02   2.0294303919e-01
5.4058719558e-02   -1.1800460655e-02   1.9462034941e-01
4.4967266680e-02   -5.9562878366e-03   1.8665606153e-01
3.8002194936e-02   -5.7988531292e-04   1.7902933851e-01
3.2791437887e-02   4.3803383117e-03   1.7172227574e-01
2.9026726053e-02   9.0069191448e-03   1.6471924877e-01
2.6457815919e-02   1.3400509648e-02   1.5800639168e-01
2.4886059348e-02   1.7671712439e-02   1.5157121156e-01
2.4157993863e-02   2.1936409606e-02   1.4540232270e-01
2.4159385534e-02   2.6313667861e-02   1.3948927782e-01
2.4809977290e-02   3.0925519177e-02   1.3382247652e-01
2.6059071804e-02   3.5898103130e-02   1.2839313588e-01
2.7881996837e-02   4.1363810839e-02   1.2319331478e-01
3.0277451377e-02   4.7464193573e-02   1.1821598984e-01
3.3265704322e-02   5.4353495493e-02   1.1345518684e-01
3.6887606901e-02   6.2202743328e-02   1.0890617816e-01
4.1204380120e-02   7.1204379379e-02   1.0456576375e-01
4.6298145033e-02   8.1577460045e-02   1.0043266199e-01
5.2273173067e-02   9.3573460444e-02   9.6508047595e-02
5.9257842968e-02   1.0748272405e-01   9.2796288015e-02
6.7407296801e-02   1.2364156839e-01   8.9305948918e-02
7.6906785791e-02   1.4243999161e-01   8.6051164103e-02
8.7975681671e-02   1.6432979902e-01   8.3053498115e-02
1.0087209174e-01   1.8983275013e-01   8.0344471764e-02
1.1589794197e-01   2.1954796034e-01   7.7968972978e-02
1.3340426038e-01   2.5415719515e-01   7.5989836482e-02
1.5379616920e-01   2.9442574274e-01   7.4493940100e-02
1.7753672795e-01   3.4119506502e-01   7.3600217196e-02
2.0514818688e-01   3.9536116516e-01   7.3469989254e-02
2.3720830913e-01   4.5782928551e-01   7.4319910053e-02
2.7433807302e-01   5.2943090997e-01   7.6437452795e-02
3.1717514194e-01   6.1078310734e-01   8.0198037205e-02
3.6632493215e-01   7.0206384454e-01   8.6081224547e-02
4.2227811138e-01   8.0267276525e-01   9.4680408084e-02
4.8528074334e-01   9.1075161175e-01   1.0669559267e-01
5.5514313503e-01   1.0225647604e+00   1.2289215966e-01
6.3097993700e-01   1.1318084046e+00   1.4400155017e-01
7.1089394418e-01   1.2290482479e+00   1.7053783864e-01
7.9165697628e-01   1.3016785272e+00   2.0251821622e-01
8.6850464010e-01   1.3349725364e+00   2.3912047228e-01
9.3522833213e-01   1.3147466587e+00   2.7839252037e-01
9.8476226441e-01   1.2315889245e+00   3.1721612924e-01
1.0103460751e+00   1.0854322347e+00   3.5172908634e-01
1.0070629785e+00   8.8810903263e-01   3.7822724312e-01
9.7322975535e-01   6.6169679744e-01   3.9423581600e-01
9.1101336011e-01   4.3262364727e-01   3.9921559084e-01
8.2594930905e-01   2.2427752327e-01   3.9452575936e-01
7.2558061014e-01   5.1744155850e-02   3.8272567774e-01
6.1782219953e-01   -7.9473129405e-02   3.6665981760e-01
5.0963961900e-01   -1.7146973850e-01   3.4876064836e-01
4.0632542223e-01   -2.3067831605e-01   3.3074043494e-01
3.1133910754e-01   -2.6497507004e-01   3.1360046226e-01
2.2651397919e-01   -2.8183304259e-01   2.9779865831e-01
1.5242431554e-01   -2.8746897556e-01   2.8344657176e-01
8.8769624210e-02   -2.8664834636e-01   2.7047039038e-01
3.4703434430e-02   -2.8282394113e-01   2.5871926784e-01
-1.0916247759e-02   -2.7839304063e-01   2.4802808827e-01
-4.9351318373e-02   -2.7496145245e-01   2.3824853263e-01
-8.1869017920e-02   -2.7356928960e-01   2.2926104553e-01
-1.0967300922e-01   -2.7486790161e-01   2.2097671585e-01
-1.3386660974e-01   -2.7925184233e-01   2.1333469131e-01
-1.5543760807e-01   -2.8695404436e-01   2.0629827052e-01
-1.7525683272e-01   -2.9811232515e-01   1.9985123742e-01
-1.9408484802e-01   -3.1281387065e-01   1.9399508870e-01
-2.1258280086e-01   -3.3112263761e-01   1.8874731922e-01
-2.3132461543e-01   -3.5309308489e-01   1.8414069477e-01
-2.5080853443e-01   -3.7877235771e-01   1.8022333338e-01
-2.7146652025e-01   -4.0819198284e-01   1.7705935888e-01
-2.9367033116e-01   -4.4134926096e-01   1.7472983451e-01
-3.1773323399e-01   -4.7817788608e-01   1.7333359656e-01
-3.4390636668e-01   -5.1850697208e-01   1.7298746927e-01
-3.7236879131e-01   -5.6200781031e-01   1.7382513997e-01
-4.0321037743e-01   -6.0812862985e-01   1.7599371313e-01
-4.3640696338e-01   -6.5601981117e-01   1.7964667975e-01
-4.7178794414e-01   -7.0445590773e-01   1.8493182142e-01
-5.0899775064e-01   -7.5176681256e-01   1.9197258606e-01
-5.4745482557e-01   -7.9579827368e-01   2.0084199196e-01
-5.8631473068e-01   -8.3393028612e-01   2.1152947566e-01
-6.2444765169e-01   -8.6318722631e-01   2.2390358020e-01
-6.6044387494e-01   -8.8047015389e-01   2.3767693524e-01
-6.9266205445e-01   -8.8292256869e-01   2.5238383204e-01
-7.1933192196e-01   -8.6840197016e-01   2.6738304501e-01
-7.3871351530e-01   -8.3597594361e-01   2.8189684761e-01
-7.4929908485e-01   -7.8631272384e-01   2.9508941458e-01
-7.5002541912e-01   -7.2182298666e-01   3.0617465880e-01
-7.4045100769e-01   -6.4645727935e-01   3.1452977776e-01
-7.2085250189e-01   -5.6516841936e-01   3.1978385499e-01
-6.9221195039e-01   -4.8316781498e-01   3.2185633358e-01
-6.5609539936e-01   -4.0517783792e-01   3.2093690705e-01
-6.1445280644e-01   -3.3487053119e-01   3.1741821161e-01
-5.6938671444e-01   -2.7459761328e-01   3.1180583325e-01
-5.2293733995e-01   -2.2540852435e-01   3.0463160251e-01
-4.7691791449e-01   -1.8727405625e-01   2.9638807111e-01
-4.3281463885e-01   -1.5940595646e-01   2.8749062336e-01
-3.9174848765e-01   -1.4057917458e-01   2.7826443025e-01
-3.5448558948e-01   -1.2939965884e-01   2.6894878915e-01
-3.2147929561e-01   -1.2449606346e-01   2.5971081233e-01
-2.9292832453e-01   -1.2463804369e-01   2.5066216444e-01
-2.6883903839e-01   -1.2879577483e-01   2.4187494506e-01
-2.4908405479e-01   -1.3615827186e-01   2.3339488011e-01
-2.3345296129e-01   -1.4612612761e-01   2.2525137985e-01
-2.2169350198e-01   -1.5829053013e-01   2.1746477812e-01
-2.1354327001e-01   -1.7240661451e-01   2.1005136951e-01
-2.0875285892e-01   -1.8836608463e-01   2.0302689744e-01
-2.0710182272e-01   -2.0617175236e-01   1.9640905843e-01
-2.0840885815e-01   -2.2591507204e-01   1.9021946189e-01
-2.1253749181e-01   -2.4775671036e-01   1.8448536485e-01
-2.1939832062e-01   -2.7190950421e-01   1.7924140222e-01
-2.2894857130e-01   -2.9862267797e-01   1.7453145696e-01
-2.4118944123e-01   -3.2816580999e-01   1.7041075164e-01
-2.5616137134e-01   -3.6081068350e-01   1.6694818172e-01
-2.7393708316e-01   -3.9680879212e-01   1.6422883694e-01
-2.9461188577e-01   -4.3636189707e-01   1.6235655114e-01
-3.1829042843e-01   -4.7958271521e-01   1.6145616283e-01
-3.4506875922e-01   -5.2644270949e-01   1.6167493563e-01
-3.7501029785e-01   -5.7670435384e-01   1.6318226039e-01
-4.0811423982e-01   -6.2983664609e-01   1.6616633669e-01
-4.4427515271e-01   -6.8491576927e-01   1.7082604856e-01
-4.8323336872e-01   -7.4051854464e-01   1.7735583022e-01
-5.2451757576e-01   -7.9462545193e-01   1.8592121846e-01
-5.6738412683e-01   -8.4456247330e-01   1.9662345178e-01
-6.1076219680e-01   -8.8702475284e-01   2.0945349258e-01
-6.5321961176e-01   -9.1823435096e-01   2.2423975351e-01
-6.9296945496e-01   -9.3427908872e-01   2.4059956628e-01
-7.2793944557e-01   -9.3164727546e-01   2.5791066478e-01
-7.5592053939e-01   -9.0790713779e-01   2.7532237341e-01
-7.7479494349e-01   -8.6239128573e-01   2.9182221380e-01
-7.8281759159e-01   -7.9667405187e-01   3.0635914069e-01
-7.7889694388e-01   -7.1462884892e-01   3.1800207405e-01
-7.6280466485e-01   -6.2196009635e-01   3.2609189940e-01
-7.3525217151e-01   -5.2529322602e-01   3.3033999406e-01
-6.9780708378e-01   -4.3108325111e-01   3.3084320541e-01
-6.5267065854e-01   -3.4466506806e-01   3.2801671976e-01
-6.0237632554e-01   -2.6968431125e-01   3.2247507864e-01
-5.4948304072e-01   -2.0797655493e-01   3.1490318543e-01
-4.9632393335e-01   -1.5980540318e-01   3.0595144858e-01
-4.4484221194e-01   -1.2429343158e-01   2.9617121695e-01
-3.9651738118e-01   -9.9887729690e-02   2.8598959679e-01
-3.5236525141e-01   -8.4756538708e-02   2.7571293776e-01
-3.1298725743e-01   -7.7074185574e-02   2.6554605890e-01
-2.7864544754e-01   -7.5194973812e-02   2.5561673398e-01
-2.4934486966e-01   -7.7738350941e-02   2.4599891454e-01
-2.2491150354e-01   -8.3613045037e-02   2.3673167416e-01
-2.0505942778e-01   -9.2004533668e-02   2.2783320157e-01
-1.8944489285e-01   -1.0234389524e-01   2.1931040301e-01
-1.7770744968e-01   -1.1426991487e-01   2.1116513000e-01
-1.6949960153e-01   -1.2759146852e-01   2.0339806704e-01
-1.6450698413e-01   -1.4225383993e-01   1.9601114185e-01
-1.6246114526e-01   -1.5831046664e-01   1.8900910226e-01
-1.6314680659e-01   -1.7590031104e-01   1.8240070947e-01
-1.6640518618e-01   -1.9523030512e-01   1.7619984885e-01
-1.7213461747e-01   -2.1656189502e-01   1.7042675915e-01
-1.8028936059e-01   -2.4020045689e-01   1.6510951809e-01
-1.9087717960e-01   -2.6648615631e-01   1.6028588461e-01
-2.0395595376e-01   -2.9578460244e-01   1.5600557392e-01
-2.1962929236e-01   -3.2847534541e-01   1.5233301607e-01
-2.3804081465e-01   -3.6493583939e-01   1.4935060955e-01
-2.5936642076e-01   -4.0551792417e-01   1.4716240775e-01
-2.8380350027e-01   -4.5051318530e-01   1.4589804387e-01
-3.1155559673e-01   -5.0010283738e-01   1.4571647532e-01
-3.4281058912e-01   -5.5428728352e-01   1.4680876867e-01
-3.7771003449e-01   -6.1279073603e-01   1.4939861031e-01
-4.1630709907e-01   -6.7493812272e-01   1.5373849324e-01
-4.5851078785e-01   -7.3950632862e-01   1.6009864782e-01
-5.0401545572e-01   -8.0456145466e-01   1.6874495806e-01
-5.5221753589e-01   -8.6730993928e-01   1.7990182348e-01
-6.0212679921e-01   -9.2401425133e-01   1.9369707262e-01
-6.5228764293e-01   -9.7004921546e-01   2.1008984081e-01
-7.0073606205e-01   -1.0001906455e+00   2.2878988620e-01
-7.4502686259e-01   -1.0092119175e+00   2.4918785423e-01
-7.8236701007e-01   -9.9279117072e-01   2.7032703556e-01
-8.0987664391e-01   -9.4859391738e-01   2.9095048819e-01
-8.2496427144e-01   -8.7723199990e-01   3.0964359170e-01
-8.2575288873e-01   -7.8270782026e-01   3.2505784352e-01
-8.1145039121e-01   -6.7204309219e-01   3.3615878590e-01
-7.8254941496e-01   -5.5408565988e-01   3.4241551281e-01
-7.4078482551e-01   -4.3784953174e-01   3.4386409008e-01
-6.8885711126e-01   -3.3094729490e-01   3.4102942875e-01
-6.3000684955e-01   -2.3858926380e-01   3.3474844488e-01
-5.6756102325e-01   -1.6332557207e-01   3.2596709321e-01
-5.0455605103e-01   -1.0540010220e-01   3.1557435703e-01
-4.4349426851e-01   -6.3426908389e-02   3.0430349461e-01
-3.8623966151e-01   -3.5111123140e-02   2.9269858927e-01
-3.3402479668e-01   -1.7840856871e-02   2.8112657586e-01
-2.8752845778e-01   -9.0886785431e-03   2.6981190590e-01
-2.4698655023e-01   -6.6357798486e-03   2.5887647983e-01
-2.1230896847e-01   -8.6638566811e-03   2.4837501665e-01
-1.8318607652e-01   -1.3763043848e-02   2.3832210264e-01
-1.5917717333e-01   -2.0894528979e-02   2.2871081662e-01
-1.3977907749e-01   -2.9334006472e-02   2.1952447365e-01
-1.2447620433e-01   -3.8611602041e-02   2.1074342271e-01
-1.1277498495e-01   -4.8456502137e-02   2.0234861941e-01
-1.0422588430e-01   -5.8749896683e-02   1.9432327758e-01
-9.8436110321e-02   -6.9487201734e-02   1.8665349101e-01
-9.5075685259e-02   -8.0749152313e-02   1.7932838788e-01
-9.3879050817e-02   -9.2680726829e-02   1.7234015012e-01
-9.4643894804e-02   -1.0547665067e-01   1.6568408382e-01
-9.7228459821e-02   -1.1937222687e-01   1.5935884306e-01
-1.0154823732e-01   -1.3463833785e-01   1.5336686843e-01
-1.0757266135e-01   -1.5157958299e-01   1.4771508802e-01
-1.1532218557e-01   -1.7053461790e-01   1.4241593180e-01
-1.2486594061e-01   -1.9187780806e-01   1.3748872381e-01
-1.3632001065e-01   -2.1602127430e-01   1.3296153637e-01
-1.4984621917e-01   -2.4341625566e-01   1.2887361197e-01
-1.6565115354e-01   -2.7455240657e-01   1.2527847915e-01
-1.8398496164e-01   -3.0995312740e-01   1.2224789969e-01
-2.0513919095e-01   -3.5016423621e-01   1.1987677439e-01
-2.2944257704e-01   -3.9573215610e-01   1.1828908027e-01
-2.5725318450e-01   -4.4716627091e-01   1.1764477495e-01
-2.8894462499e-01   -5.0487822312e-01   1.1814732195e-01
-3.2488321042e-01   -5.6908892708e-01   1.2005097270e-01
-3.6539189731e-01   -6.3969260875e-01   1.2366606257e-01
-4.1069593330e-01   -7.1606771266e-01   1.2935921279e-01
-4.6084469324e-01   -7.9682976697e-01   1.3754341580e-01
-5.1560520262e-01   -8.7953565519e-01   1.4865071793e-01
-5.7432681507e-01   -9.6037785989e-01   1.6307838833e-01
-6.3578550850e-01   -1.0339553871e+00   1.8109993240e-01
-6.9803217984e-01   -1.0932711726e+00   2.0273826695e-01
-7.5829182651e-01   -1.1301593724e+00   2.2761360808e-01
-8.1298353707e-01   -1.1363343771e+00   2.5480433500e-01
-8.5793960106e-01   -1.1050999925e+00   2.8278789208e-01
-8.8887349904e-01   -1.0334238893e+00   3.0953968249e-01
-9.0206576390e-01   -9.2367310329e-01   3.3283273109e-01
-8.9512014536e-01   -7.8411373195e-01   3.5069067725e-01
-8.6755167943e-01   -6.2761414779e-01   3.6184224351e-01
-8.2098004585e-01   -4.6882904324e-01   3.6598751068e-01
-7.5883972849e-01   -3.2095816276e-01   3.6376537345e-01
-6.8571247366e-01   -1.9334695891e-01   3.5646223178e-01
-6.0651989107e-01   -9.0621557913e-02   3.4561532478e-01
-5.2581755852e-01   -1.3225274749e-02   3.3267129749e-01
-4.4733427607e-01   4.1283179541e-02   3.1878586014e-01
-3.7377996764e-01   7.6831735241e-02   3.0476504149e-01
-3.0686437666e-01   9.7736486369e-02   2.9110084694e-01
-2.4744130752e-01   1.0801757292e-01   2.7804796347e-01
-1.9570329729e-01   1.1107118342e-01   2.6570397501e-01
-1.5137633316e-01   1.0958149756e-01   2.5407471166e-01
-1.1388815141e-01   1.0556561131e-01   2.4312001385e-01
-8.2500665174e-02   1.0047658716e-01   2.3278218424e-01
-5.6406881863e-02   9.5320753393e-02   2.2300170740e-01
-3.4797218408e-02   9.0767378610e-02   2.1372469554e-01
-1.6901507418e-02   8.7242013002e-02   2.0490550366e-01
-2.0127655022e-03   8.5001698777e-02   1.9650684186e-01
1.0502091891e-02   8.4193424681e-02   1.8849880769e-01
2.1200458021e-02   8.4898379847e-02   1.8085762809e-01
3.0568025038e-02   8.7164780012e-02   1.7356450146e-01
3.9026260810e-02   9.1031838143e-02   1.6660470142e-01
4.6941755525e-02   9.6547097084e-02   1.5996698575e-01
5.4636347325e-02   1.0377895457e-01   1.5364330395e-01
6.2397331212e-02   1.1282584159e-01   1.4762878407e-01
7.0487342291e-02   1.2382318091e-01   1.4192198677e-01
7.9153704173e-02   1.3694895476e-01   1.3652543155e-01
8.8637163316e-02   1.5242844080e-01   1.3144642223e-01
9.9180003259e-02   1.7053841742e-01   1.2669822341e-01
1.1103355751e-01   1.9161087034e-01   1.2230166716e-01
1.2446511919e-01   2.1603591853e-01   1.1828729896e-01
1.3976417666e-01   2.4426327604e-01   1.1469820264e-01
1.5724777683e-01   2.7680101431e-01   1.1159367367e-01
1.7726461330e-01   3.1420960983e-01   1.0905392974e-01
2.0019712543e-01   3.5708815249e-01   1.0718604272e-01
2.2646043638e-01   4.0604804186e-01   1.0613121720e-01
2.5649630407e-01   4.6166741935e-01   1.0607337588e-01
2.9075935845e-01   5.2441698461e-01   1.0724865644e-01
3.2969172826e-01   5.9454500687e-01   1.0995474696e-01
3.7368078136e-01   6.7190715531e-01   1.1455780721e-01
4.2299337239e-01   7.5572729181e-01   1.2149284727e-01
4.7767936330e-01   8.4428257701e-01   1.3125076405e-01
5.3743857550e-01   9.3452668260e-01   1.4434206142e-01
6.0145099036e-01   1.0217070379e+00   1.6122481809e-01
6.6818298261e-01   1.0991018321e+00   1.8218561176e-01
7.3520526131e-01   1.1580917159e+00   2.0717180794e-01
7.9908979585e-01   1.1888477554e+00   2.3559737309e-01
8.5548262416e-01   1.1818704518e+00   2.6618250271e-01
8.9945241403e-01   1.1303422825e+00   2.9692508001e-01
9.2615851199e-01   1.0327374639e+00   3.2530370942e-01
9.3175338841e-01   8.9460023323e-01   3.4873879866e-01
9.1427593008e-01   7.2834383847e-01   3.6519552510e-01
8.7420826244e-01   5.5069006831e-01   3.7368730965e-01
8.1445458000e-01   3.7864124603e-01   3.7444860757e-01
7.3973751554e-01   2.2570911242e-01   3.6871492073e-01
6.5565051210e-01   9.9840183468e-02   3.5825315952e-01
5.6770186272e-01   3.3853384496e-03   3.4487424190e-01
4.8060808281e-01   -6.5528512410e-02   3.3009825650e-01
3.9793188728e-01   -1.1118192937e-01   3.1501746537e-01
3.2202229039e-01   -1.3870195627e-01   3.0031014374e-01
2.5415079645e-01   -1.5303409919e-01   2.8633029088e-01
1.9473762395e-01   -1.5842083380e-01   2.7321361138e-01
1.4359221511e-01   -1.5823613632e-01   2.6096776341e-01
1.0012629106e-01   -1.5502137219e-01   2.4953673170e-01
6.3523187943e-02   -1.5061064505e-01   2.3884108291e-01
3.2862237267e-02   -1.4627972036e-01   2.2880016549e-01
7.2040071336e-03   -1.4288609180e-01   2.1934253344e-01
-1.4355547451e-02   -1.4098765220e-01   2.1040952627e-01
-3.2654173433e-02   -1.4093760194e-01   2.0195535070e-01
-4.8448968376e-02   -1.4295766454e-01   1.9394570464e-01
-6.2413309563e-02   -1.4719316189e-01   1.8635607299e-01
-7.5141082156e-02   -1.5375363412e-01   1.7917025366e-01
-8.7155308074e-02   -1.6274228446e-01   1.7237934924e-01
-9.8919129688e-02   -1.7427695662e-01   1.6598129634e-01
-1.1084774603e-01   -1.8850475712e-01   1.5998093863e-01
-1.2332036507e-01   -2.0561186286e-01   1.5439063609e-01
-1.3669155304e-01   -2.2582950440e-01   1.4923141660e-01
-1.5130155405e-01   -2.4943656563e-01   1.4453469969e-01
-1.6748523617e-01   -2.7675865667e-01   1.4034464614e-01
-1.8557930115e-01   -3.0816285429e-01   1.3672120259e-01
-2.0592727388e-01   -3.4404650911e-01   1.3374390630e-01
-2.2888155578e-01   -3.8481754121e-01   1.3151647668e-01
-2.5480147088e-01   -4.3086244906e-01   1.3017211868e-01
-2.8404574026e-01   -4.8249686690e-01   1.2987925985e-01
-3.1695719276e-01   -5.3989208191e-01   1.3084707522e-01
-3.5383679838e-01   -6.0296990338e-01   1.3332954591e-01
-3.9490343084e-01   -6.7125859338e-01   1.3762586510e-01
-4.4023542991e-01   -7.4370593885e-01   1.4407371099e-01
-4.8969062480e-01   -8.1845469942e-01   1.5303036198e-01
-5.4280395944e-01   -8.9260416772e-01   1.6483528939e-01
-5.9866755513e-01   -9.6201245615e-01   1.7974780304e-01
-6.5580827658e-01   -1.0212361600e+00   1.9785644465e-01
-7.1209287147e-01   -1.0637450831e+00   2.1896556560e-01
-7.6470768210e-01   -1.0825592939e+00   2.4248037195e-01
-8.1027054385e-01   -1.0713863686e+00   2.6733195154e-01
-8.4512298685e-01   -1.0261493187e+00   2.9199783142e-01
-8.6580785400e-01   -9.4651683859e-01   3.1466373743e-01
-8.6966174003e-01   -8.3682092861e-01   3.3352509536e-01
-8.5537180153e-01   -7.0579271121e-01   3.4715344856e-01
-8.2331360218e-01   -5.6497805300e-01   3.5479702464e-01
-7.7553987143e-01   -4.2632452391e-01   3.5649549109e-01
-7.1541565165e-01   -2.9984152146e-01   3.5297242785e-01
-6.4702524710e-01   -1.9213143723e-01   3.4537150294e-01
-5.7453867366e-01   -1.0608075976e-01   3.3495593767e-01
-5.0169859957e-01   -4.1471728460e-02   3.2287297097e-01
-4.3150823902e-01   3.9738271845e-03   3.1002671328e-01
-3.6611935269e-01   3.3554860136e-02   2.9704910334e-01
-3.0687035028e-01   5.0796762192e-02   2.8433291259e-01
-2.5441123293e-01   5.8959607029e-02   2.7209034988e-01
-2.0886184187e-01   6.0800475668e-02   2.6041252873e-01
-1.6996782719e-01   5.8507872830e-02   2.4931784054e-01
-1.3723551048e-01   5.3733786275e-02   2.3878622018e-01
-1.1003876905e-01   4.7670467721e-02   2.2878090678e-01
-8.7698119249e-02   4.1139880436e-02   2.1926087766e-01
-6.9535585352e-02   3.4678976682e-02   2.1018709183e-01
-5.4910092843e-02   2.8613448335e-02   2.0152501147e-01
-4.3238072736e-02   2.3117854766e-02   1.9324510674e-01
-3.4003370581e-02   1.8262647002e-02   1.8532241112e-01
-2.6759790360e-02   1.4049725370e-02   1.7773573707e-01
-2.1128853251e-02   1.0438503172e-02   1.7046686398e-01
-1.6794692727e-02   7.3644042608e-03   1.6349983448e-01
-1.3497464859e-02   4.7515113846e-03   1.5682039873e-01
-1.1026224348e-02   2.5208134799e-03   1.5041560062e-01
-9.2118900277e-03   5.9522781448e-04   1.4427348142e-01
-7.9206821010e-03   -1.0976776082e-03   1.3838287331e-01
-7.0482406992e-03   -2.6245535847e-03   1.3273325796e-01
-6.5145165138e-03   -4.0462051269e-03   1.2731467049e-01
-6.2594463083e-03   -5.4182137028e-03   1.2211763434e-01
-6.2393783449e-03   -6.7919829833e-03   1.1713311697e-01
-6.4241866132e-03   -8.2160337060e-03   1.1235249979e-01
-6.7950015572e-03   -9.7374401508e-03   1.0776755787e-01
-7.3424837537e-03   -1.1403350093e-02   1.0337044732e-01
-8.0655720339e-03   -1.3262566053e-02   9.9153699141e-02
-8.9706462753e-03   -1.5367191659e-02   9.5110219438e-02
-1.0071055775e-02   -1.7774365932e-02   9.1233297038e-02
-1.1386975618e-02   -2.0548122489e-02   8.7516620037e-02
-1.2945565110e-02   -2.3761421991e-02   8.3954304118e-02
-1.4781413844e-02   -2.7498415862e-02   8.0540936600e-02
-1.6937272098e-02   -3.1857008497e-02   7.7271641880e-02
-1.9465073199e-02   -3.6951794365e-02   7.4142176249e-02
-2.2427266111e-02   -4.2917456084e-02   7.1149063186e-02
-2.5898487073e-02   -4.9912719410e-02   6.8289784662e-02
-2.9967609538e-02   -5.8124970676e-02   6.5563050095e-02
-3.4740221872e-02   -6.7775649863e-02   6.2969173135e-02
-4.0341591792e-02   -7.9126535475e-02   6.0510598316e-02
-4.6920184439e-02   -9.2487030489e-02   5.8192636075e-02
-5.4651805535e-02   -1.0822253308e-01   5.6024487366e-02
-6.3744438967e-02   -1.2676391680e-01   5.4020670285e-02
-7.4443833872e-02   -1.4861802711e-01   5.2203003461e-02
-8.7039860272e-02   -1.7437888459e-01   5.0603357590e-02
-1.0187357880e-01   -2.0473890133e-01   4.9267460388e-02
-1.1934483305e-01   -2.4049876091e-01   4.8260133048e-02
-1.3991993044e-01   -2.8257351363e-01   4.7672445196e-02
-1.6413856319e-01   -3.3199064163e-01   4.7631387159e-02
-1.9261843176e-01   -3.8987297928e-01   4.8312736833e-02
-2.2605491890e-01   -4.5739493165e-01   4.9957761929e-02
-2.6521141372e-01   -5.3569385287e-01   5.2894079459e-02
-3.1089325258e-01   -6.2570935165e-01   5.7560076791e-02
-3.6389451156e-01   -7.2791222540e-01   6.4530233919e-02
-4.2490211404e-01   -8.4187479475e-01   7.4534632194e-02
-4.9433678304e-01   -9.6563451544e-01   8.8458857396e-02
-5.7210804513e-01   -1.0948325369e+00   1.0729982091e-01
-6.5726708882e-01   -1.2217030633e+00   1.3204046625e-01
-7.4756807807e-01   -1.3341913842e+00   1.6339978087e-01
-8.3900993226e-01   -1.4158002990e+00   2.0143283188e-01
-9.2553246307e-01   -1.4470862824e+00   2.4502725571e-01
-9.9915263618e-01   -1.4096693363e+00   2.9148215685e-01
-1.0508501983e+00   -1.2926172551e+00   3.3650486924e-01
-1.0723022578e+00   -1.0989966248e+00   3.7494633424e-01
-1.0580803782e+00   -8.4857254836e-01   4.0223724939e-01
-1.0074206941e+00   -5.7355178825e-01   4.1590796986e-01
-9.2464837376e-01   -3.0857329910e-01   4.1631498136e-01
-8.1799215329e-01   -8.0387103536e-02   4.0616301176e-01
-6.9740323452e-01   9.7487125630e-02   3.8923239239e-01
-5.7238758582e-01   2.2395284963e-01   3.6911316269e-01
-4.5057673830e-01   3.0594641004e-01   3.4847853258e-01
-3.3719918686e-01   3.5369614621e-01   3.2893971419e-01
-2.3521834680e-01   3.7742015050e-01   3.1124620710e-01
-1.4580003980e-01   3.8570710712e-01   2.9558601484e-01
-6.8851134472e-02   3.8508308395e-01   2.8184605687e-01
-3.4916732191e-03   3.8018702521e-01   2.6978963903e-01
5.1586007738e-02   3.7415905645e-01   2.5915848054e-01
9.7868576030e-02   3.6903858606e-01   2.4972212182e-01
1.3686203488e-01   3.6609494326e-01   2.4129607448e-01
1.6999690962e-01   3.6607630377e-01   2.3374380009e-01
1.9857769019e-01   3.6938714214e-01   2.2697167606e-01
2.2376096125e-01   3.7621021957e-01   2.2092189915e-01
2.4655115548e-01   3.8658761414e-01   2.1556568107e-01
2.6780631895e-01   4.0047190259e-01   2.1089763314e-01
2.8824874036e-01   4.1775537837e-01   2.0693148190e-01
3.0847698743e-01   4.3828270428e-01   2.0369689753e-01
3.2897703845e-01   4.6185066426e-01   2.0123705995e-01
3.5013097303e-01   4.8819757543e-01   1.9960652058e-01
3.7222223033e-01   5.1698434913e-01   1.9886888241e-01
3.9543686285e-01   5.4776911143e-01   1.9909379246e-01
4.1986059866e-01   5.7997772491e-01   2.0035271894e-01
4.4547195654e-01   6.1287352823e-01   2.0271299123e-01
4.7213220955e-01   6.4553112292e-01   2.0622965592e-01
4.9957371510e-01   6.7682095380e-01   2.1093490460e-01
5.2738903410e-01   7.0541337398e-01   2.1682522604e-01
5.5502427529e-01   7.2981212312e-01   2.2384707797e-01
5.8178102642e-01   7.4842655604e-01   2.3188275226e-01
6.0683172096e-01   7.5968819440e-01   2.4073909620e-01
6.2925285469e-01   7.6220919536e-01   2.5014255688e-01
6.4807862590e-01   7.5496827617e-01   2.5974418079e-01
6.6237407653e-01   7.3749578134e-01   2.6913724256e-01
6.7132196725e-01   7.1001868603e-01   2.7788784234e-01
6.7431249863e-01   6.7352448506e-01   2.8557540245e-01
6.7102132192e-01   6.2971464681e-01   2.9183651378e-01
6.6146085660e-01   5.8084306911e-01   2.9640347409e-01
6.4599370382e-01   5.2946551114e-01   2.9912932528e-01
6.2530430354e-01   4.7815069131e-01   2.9999441549e-01
6.0033375668e-01   4.2921249048e-01   2.9909437425e-01
5.7219007473e-01   3.8451244331e-01   2.9661399513e-01
5.4204980415e-01   3.4535798239e-01   2.9279419824e-01
5.1106633839e-01   3.1249520274e-01   2.8789936565e-01
4.8029622174e-01   2.8617479367e-01   2.8219043768e-01
4.5064921609e-01   2.6626078349e-01   2.7590639665e-01
4.2286266238e-01   2.5235297416e-01   2.6925425770e-01
3.9749688260e-01   2.4390137588e-01   2.6240605969e-01
3.7494638614e-01   2.4030018521e-01   2.5550069322e-01
3.5546121926e-01   2.4095683938e-01   2.4864847464e-01
3.3917340584e-01   2.4533711783e-01   2.4193683262e-01
3.2612454039e-01   2.5299013719e-01   2.3543603317e-01
3.1629180919e-01   2.6355801707e-01   2.2920436151e-01
3.0961079150e-01   2.7677473197e-01   2.2329253537e-01
3.0599422645e-01   2.9245782145e-01   2.1774734297e-01
3.0534650529e-01   3.1049561403e-01   2.1261460698e-01
3.0757399459e-01   3.3083165218e-01   2.0794160765e-01
3.1259146185e-01   3.5344718509e-01   2.0377908250e-01
3.2032491104e-01   3.7834194999e-01   2.0018287647e-01
3.3071108604e-01   4.0551299196e-01   1.9721525551e-01
3.4369380212e-01   4.3493097332e-01   1.9494582251e-01
3.5921715226e-01   4.6651331373e-01   1.9345188761e-01
3.7721553893e-01   5.0009362249e-01   1.9281804564e-01
3.9760043864e-01   5.3538731546e-01   1.9313460441e-01
4.2024386182e-01   5.7195416007e-01   1.9449440043e-01
4.4495868009e-01   6.0915988853e-01   1.9698745886e-01
4.7147642070e-01   6.4614105168e-01   2.0069294769e-01
4.9942383425e-01   6.8177991568e-01   2.0566801222e-01
5.2830055345e-01   7.1469911960e-01   2.1193344558e-01
5.5746142543e-01   7.4328824926e-01   2.1945684120e-01
5.8610841851e-01   7.6577509560e-01   2.2813491908e-01
6.1329797280e-01   7.8035131995e-01   2.3777801955e-01
6.3796966485e-01   7.8535375943e-01   2.4810099622e-01
6.5900037457e-01   7.7948807767e-01   2.5872533567e-01
6.7528426196e-01   7.6206299613e-01   2.6919657242e-01
6.8583291351e-01   7.3318669240e-01   2.7901843855e-01
6.8988318028e-01   6.9387063132e-01   2.8770085648e-01
6.8699472897e-01   6.4599763172e-01   2.9481404257e-01
6.7711774814e-01   5.9214155167e-01   3.0003763348e-01
6.6061526400e-01   5.3526699342e-01   3.0319375342e-01
6.3823368073e-01   4.7837280874e-01   3.0425686181e-01
6.1102669955e-01   4.2415758472e-01   3.0333969010e-01
5.8024773586e-01   3.7477308001e-01   3.0066092707e-01
5.4723111351e-01   3.3169991542e-01   2.9650407100e-01
5.1328161531e-01   2.9574360437e-01   2.9117705519e-01
4.7958668516e-01   2.6712202012e-01   2.8497961583e-01
4.4715828724e-01   2.4560401749e-01   2.7818159522e-01
4.1680464353e-01   2.3066157270e-01   2.7101203628e-01
3.8912732911e-01   2.2160849131e-01   2.6365686456e-01
3.6453689684e-01   2.1771124948e-01   2.5626223354e-01
3.4327990773e-01   2.1826784628e-01   2.4894083843e-01
3.2547121542e-01   2.2265716049e-01   2.4177919031e-01
3.1112687501e-01   2.3036447624e-01   2.3484460658e-01
3.0019461358e-01   2.4098956678e-01   2.2819130669e-01
2.9258012891e-01   2.5424306372e-01   2.2186543594e-01
2.8816847394e-01   2.6993558916e-01   2.1590908942e-01
2.8684043862e-01   2.8796277815e-01   2.1036351924e-01
2.8848421398e-01   3.0828810892e-01   2.0527173111e-01
2.9300278364e-01   3.3092447110e-01   2.0068064819e-01
3.0031749871e-01   3.5591463994e-01   1.9664296687e-01
3.1036820637e-01   3.8331025995e-01   1.9321876108e-01
3.2311016042e-01   4.1314854874e-01   1.9047681377e-01
3.3850777577e-01   4.4542570538e-01   1.8849556306e-01
3.5652512794e-01   4.8006597803e-01   1.8736344311e-01
3.7711297586e-01   5.1688558554e-01   1.8717827224e-01
4.0019204304e-01   5.5555132468e-01   1.8804519792e-01
4.2563238801e-01   5.9553490240e-01   1.9007256438e-01
4.5322900571e-01   6.3606600509e-01   1.9336496348e-01
4.8267441943e-01   6.7608999050e-01   1.9801273002e-01
5.1353003146e-01   7.1423979441e-01   2.0407735762e-01
5.4519943361e-01   7.4883566983e-01   2.1157287416e-01
5.7690863929e-01   7.7792948841e-01   2.2044425229e-01
6.0769995946e-01   7.9941039919e-01   2.3054546919e-01
6.3644736201e-01   8.1118287136e-01   2.4162166678e-01
6.6190068250e-01   8.1141413618e-01   2.5330143774e-01
6.8276298515e-01   7.9882575063e-01   2.6510563603e-01
6.9779916118e-01   7.7297808626e-01   2.7647725052e-01
7.0596512588e-01   7.3447720692e-01   2.8683228121e-01
7.0653801079e-01   6.8503371450e-01   2.9562499262e-01
6.9922212077e-01   6.2733104284e-01   3.0241471906e-01
6.8420654587e-01   5.6471212065e-01   3.0691865032e-01
6.6215936255e-01   5.0074945684e-01   3.0903780055e-01
6.3415799060e-01   4.3879948377e-01   3.0885107838e-01
6.0157032895e-01   3.8164102684e-01   3.0658177328e-01
5.6591133876e-01   3.3126254700e-01   3.0254777458e-01
5.2870180937e-01   2.8881217127e-01   2.9710894247e-01
4.9135077240e-01   2.5468099142e-01   2.9062247106e-01
4.5507368306e-01   2.2866742675e-01   2.8341202315e-01
4.2084888508e-01   2.1016955021e-01   2.7575141449e-01
3.8940769435e-01   1.9836541513e-01   2.6786027158e-01
3.6124962817e-01   1.9235897605e-01   2.5990772880e-01
3.3667347041e-01   1.9128435746e-01   2.5202037973e-01
3.1581596683e-01   1.9437116636e-01   2.4429161726e-01
2.9869193512e-01   2.0097838089e-01   2.3679058323e-01
2.8523168560e-01   2.1060552357e-01   2.2956986233e-01
2.7531345328e-01   2.2288894773e-01   2.2267168043e-01
2.6878988473e-01   2.3758934190e-01   2.1613272337e-01
2.6550850720e-01   2.5457471795e-01   2.0998784883e-01
2.6532661155e-01   2.7380153478e-01   2.0427299644e-01
2.6812120275e-01   2.9529532574e-01   1.9902756755e-01
2.7379469950e-01   3.1913122784e-01   1.9429648380e-01
2.8227696760e-01   3.4541409439e-01   1.9013206039e-01
2.9352410009e-01   3.7425734586e-01   1.8659575252e-01
3.0751414511e-01   4.0575933354e-01   1.8375974950e-01
3.2423975619e-01   4.3997574449e-01   1.8170829239e-01
3.4369752191e-01   4.7688649916e-01   1.8053846982e-01
3.6587355293e-01   5.1635577523e-01   1.8036009424e-01
3.9072480599e-01   5.5808439930e-01   1.8129407615e-01
4.1815567531e-01   6.0155512332e-01   1.8346850936e-01
4.4798967744e-01   6.4597355026e-01   1.8701149519e-01
4.7993672488e-01   6.9021097633e-01   1.9203964860e-01
5.1355766346e-01   7.3276026033e-01   1.9864138345e-01
5.4822953506e-01   7.7172156984e-01   2.0685466072e-01
5.8311737238e-01   8.0484006985e-01   2.1664011512e-01
6.1716088806e-01   8.2961951169e-01   2.2785246699e-01
6.4908638505e-01   8.4353016104e-01   2.4021570482e-01
6.7745427935e-01   8.4431244518e-01   2.5330998601e-01
7.0074924502e-01   8.3034782386e-01   2.6657922776e-01
7.1751210962e-01   8.0103116745e-01   2.7936631963e-01
7.2650080354e-01   7.5704878279e-01   2.9097678593e-01
7.2685495136e-01   7.0046297509e-01   3.0076244346e-01
7.1823031052e-01   6.3454174559e-01   3.0820752670e-01
7.0087042067e-01   5.6334571105e-01   3.1299564612e-01
6.7559543825e-01   4.9116497841e-01   3.1504005967e-01
6.4370868826e-01   4.2194794726e-01   3.1447111887e-01
6.0684217092e-01   3.5885774703e-01   3.1158822736e-01
5.6677515488e-01   3.0403666734e-01   3.0679299864e-01
5.2526121748e-01   2.5858547307e-01   3.0052212441e-01
4.8389033320e-01   2.2270660448e-01   2.9319370849e-01
4.4399911578e-01   1.9593542683e-01   2.8517320117e-01
4.0662957594e-01   1.7738940382e-01   2.7675830732e-01
3.7252811581e-01   1.6598752908e-01   2.6817828719e-01
3.4217267749e-01   1.6061742675e-01   2.5960197331e-01
3.1581596754e-01   1.6024677325e-01   2.5114960792e-01
2.9353485808e-01   1.6398674146e-01   2.4290514246e-01
2.7527899258e-01   1.7111937319e-01   2.3492715693e-01
2.6091438601e-01   1.8110070075e-01   2.2725769408e-01
2.5025998639e-01   1.9354932854e-01   2.1992900084e-01
2.4311666796e-01   2.0822753503e-01   2.1296851232e-01
2.3928903884e-01   2.2501952122e-01   2.0640252351e-01
2.3860090946e-01   2.4390948773e-01   2.0025897589e-01
2.4090542139e-01   2.6496078355e-01   1.9456971282e-01
2.4609079070e-01   2.8829634410e-01   1.8937246914e-01
2.5408245667e-01   3.1407990799e-01   1.8471277568e-01
2.6484219686e-01   3.4249696745e-01   1.8064588114e-01
2.7836450486e-01   3.7373399215e-01   1.7723871673e-01
2.9467024742e-01   4.0795412811e-01   1.7457184326e-01
3.1379733415e-01   4.4526731640e-01   1.7274121106e-01
3.3578786364e-01   4.8569265906e-01   1.7185941666e-01
3.6067097998e-01   5.2911102183e-01   1.7205594270e-01
3.8844053679e-01   5.7520654976e-01   1.7347561238e-01
4.1902670844e-01   6.2339735698e-01   1.7627419062e-01
4.5226105170e-01   6.7275862232e-01   1.8060977039e-01
4.8783539554e-01   7.2194618138e-01   1.8662840948e-01
5.2525654747e-01   7.6913569450e-01   1.9444263820e-01
5.6380132505e-01   8.1200104756e-01   2.0410224871e-01
6.0247981805e-01   8.4776369865e-01   2.1555855306e-01
6.4001855956e-01   8.7334779910e-01   2.2862627114e-01
6.7487818916e-01   8.8566742948e-01   2.4295111410e-01
7.0532015136e-01   8.8204546288e-01   2.5799479884e-01
7.2953153337e-01   8.6071676669e-01   2.7305044737e-01
7.4580478942e-01   8.2131203271e-01   2.8729744459e-01
7.5275115773e-01   7.6517797126e-01   2.9989452989e-01
7.4950858527e-01   6.9539727812e-01   3.1009536063e-01
7.3589556652e-01   6.1644536764e-01   3.1735833650e-01
7.1246887433e-01   5.3354133217e-01   3.2141976685e-01
6.8046637551e-01   4.5186255365e-01   3.2231005881e-01
6.4164770160e-01   3.7583639448e-01   3.2031226189e-01
5.9807220205e-01   3.0867692773e-01   3.1588109075e-01
5.5186485532e-01   2.5223067909e-01   3.0954959178e-01
5.0501463405e-01   2.0709060462e-01   3.0184770006e-01
4.5923227230e-01   1.7287631639e-01   2.9324645243e-01
4.1587456206e-01   1.4857068464e-01   2.8413022492e-01
3.7592717358e-01   1.3283090280e-01   2.7479163023e-01
3.4003018905e-01   1.2423106063e-01   2.6544077145e-01
3.0852916224e-01   1.2142576554e-01   2.5622114816e-01
2.8153710600e-01   1.2324396738e-01   2.4722674562e-01
2.5899695577e-01   1.2873011242e-01   2.3851724478e-01
2.4073814716e-01   1.3715021990e-01   2.3013014795e-01
2.2652420710e-01   1.4797738436e-01   2.2208975978e-01
2.1609050682e-01   1.6086717346e-01   2.1441352196e-01
2.0917268309e-01   1.7562972935e-01   2.0711637434e-01
2.0552692494e-01   1.9220254357e-01   2.0021378416e-01
2.0494356569e-01   2.1062586568e-01   1.9372397003e-01
2.0725538901e-01   2.3102135958e-01   1.8766971688e-01
2.1234187257e-01   2.5357373976e-01   1.8208006324e-01
2.2013033084e-01   2.7851453238e-01   1.7699205238e-01
2.3059462269e-01   3.0610667986e-01   1.7245266879e-01
2.4375178074e-01   3.3662834825e-01   1.6852102276e-01
2.5965660406e-01   3.7035394223e-01   1.6527078371e-01
2.7839393350e-01   4.0752995718e-01   1.6279278229e-01
3.0006799807e-01   4.4834291858e-01   1.6119758225e-01
3.2478788745e-01   4.9287636309e-01   1.6061764368e-01
3.5264789522e-01   5.4105379620e-01   1.6120843637e-01
3.8370125043e-01   5.9256517357e-01   1.6314749807e-01
4.1792573044e-01   6.4677626913e-01   1.6662997311e-01
4.5518002851e-01   7.0262412191e-01   1.7185866792e-01
4.9515083665e-01   7.5850853284e-01   1.7902628015e-01
5.3729278096e-01   8.1219998742e-01   1.8828751064e-01
5.8076696626e-01   8.6079795348e-01   1.9971976075e-01
6.2438901675e-01   9.0078722342e-01   2.1327368416e-01
6.6660346677e-01   9.2824667321e-01   2.2871946381e-01
7.0550620704e-01   9.3925291045e-01   2.4560098905e-01
7.3893694462e-01   9.3047844368e-01   2.6321616289e-01
7.6465504226e-01   8.9990695784e-01   2.8064343001e-01
7.8059208533e-01   8.4749631804e-01   2.9682755623e-01
7.8514580553e-01   7.7556051191e-01   3.1071969266e-01
7.7745289394e-01   6.8867198526e-01   3.2144270508e-01
7.5756788698e-01   5.9302813916e-01   3.2843493415e-01
7.2649268764e-01   4.9542944920e-01   3.3152692795e-01
6.8604352410e-01   4.0217305145e-01   3.3092915405e-01
6.3859124295e-01   3.1818287636e-01   3.2714245936e-01
5.8674416495e-01   2.4657245898e-01   3.2082844011e-01
5.3304753674e-01   1.8865347837e-01   3.1268220456e-01
4.7975337898e-01   1.4426243209e-01   3.0333739646e-01
4.2868350834e-01   1.1222885132e-01   2.9331394415e-01
3.8118110231e-01   9.0837219233e-02   2.8300338517e-01
3.3812996027e-01   7.8197331404e-02   2.7267922635e-01
3.0001583436e-01   7.2496323161e-02   2.6251948420e-01
2.6700708791e-01   7.2142849497e-02   2.5263191482e-01
2.3903814640e-01   7.5829775272e-02   2.4307653478e-01
2.1588565965e-01   8.2543406761e-02   2.3388328624e-01
1.9723247991e-01   9.1542264488e-02   2.2506470369e-01
1.8271809880e-01   1.0232166920e-01   2.1662439550e-01
1.7197627746e-01   1.1457443669e-01   2.0856243168e-01
1.6466163792e-01   1.2815352194e-01   2.0087865570e-01
1.6046733537e-01   1.4303946269e-01   1.9357473049e-01
1.5913588704e-01   1.5931360902e-01   1.8665550557e-01
1.6046498693e-01   1.7713703037e-01   1.8013010663e-01
1.6430980561e-01   1.9673437589e-01   1.7401301344e-01
1.7058292416e-01   2.1838162115e-01   1.6832530350e-01
1.7925271454e-01   2.4239642165e-01   1.6309618558e-01
1.9034066201e-01   2.6912961052e-01   1.5836491633e-01
2.0391782642e-01   2.9895615394e-01   1.5418317245e-01
2.2010034394e-01   3.3226355645e-01   1.5061792721e-01
2.3904356260e-01   3.6943525182e-01   1.4775483858e-01
2.6093406360e-01   4.1082590484e-01   1.4570207723e-01
2.8597843018e-01   4.5672481404e-01   1.4459437953e-01
3.1438718261e-01   5.0730285754e-01   1.4459686698e-01
3.4635182538e-01   5.6253794201e-01   1.4590778496e-01
3.8201253114e-01   6.2211425010e-01   1.4875873645e-01
4.2141379105e-01   6.8529270606e-01   1.5341020213e-01
4.6444572607e-01   7.5075549501e-01   1.6013920822e-01
5.1077021255e-01   8.1643811940e-01   1.6921516772e-01
5.5973426800e-01   8.7938010677e-01   1.8085972687e-01
6.1027904249e-01   9.3564995892e-01   1.9518787412e-01
6.6086158235e-01   9.8042610673e-01   2.1213193175e-01
7.0941718563e-01   1.0083294922e+00   2.3135842357e-01
7.5339891841e-01   1.0140808679e+00   2.5219961423e-01
7.8993071073e-01   9.9347111220e-01   2.7363256722e-01
8.1609291617e-01   9.4448175058e-01   2.9434027476e-01
8.2932008652e-01   8.6822470854e-01   3.1287211379e-01
8.2783820282e-01   7.6929422133e-01   3.2788272525e-01
8.1102679768e-01   6.5525026270e-01   3.3838431066e-01
7.7959009472e-01   5.3528305743e-01   3.4392581434e-01
7.3547358485e-01   4.1847621375e-01   3.4463486589e-01
6.8154827489e-01   3.1225680164e-01   3.4111647470e-01
6.2116024090e-01   2.2148634189e-01   3.3426068047e-01
5.5767133231e-01   1.4831826871e-01   3.2503570938e-01
4.9409282089e-01   9.2644279137e-02   3.1432753286e-01
4.3286115892e-01   5.2819252965e-02   3.0285092085e-01
3.7575408632e-01   2.6390485283e-02   2.9112538109e-01
3.2391416228e-01   1.0673376924e-02   2.7949375698e-01
2.7793743131e-01   3.1277723804e-03   2.6816031222e-01
2.3799012459e-01   1.5581311359e-03   2.5723169356e-01
2.0392739750e-01   4.1869319713e-03   2.4675194585e-01
1.7539919869e-01   9.6502798670e-03   2.3672862377e-01
1.5193682242e-01   1.6953264638e-02   2.2715038973e-01
1.3301909058e-01   2.5409738091e-02   2.1799787405e-01
1.1812002441e-01   3.4580827087e-02   2.0924980476e-01
1.0674110856e-01   4.4219455320e-02   2.0088611591e-01
9.8431505962e-02   5.4223849096e-02   1.9288929539e-01
9.2799330897e-02   6.4600607045e-02   1.8524481490e-01
8.9516621312e-02   7.5436703566e-02   1.7794116419e-01
8.8320132853e-02   8.6879272773e-02   1.7096979076e-01
8.9009589074e-02   9.9121871318e-02   1.6432510943e-01
9.1444598797e-02   1.1239595931e-01   1.5800466971e-01
9.5541102463e-02   1.2696646072e-01   1.5200953204e-01
1.0126793023e-01   1.4313040453e-01   1.4634489355e-01
1.0864383492e-01   1.6121776523e-01   1.4102100853e-01
1.1773518841e-01   1.8159368722e-01   1.3605446341e-01
1.2865438513e-01   2.0466126603e-01   1.3146988617e-01
1.4155886277e-01   2.3086394025e-01   1.2730219345e-01
1.5665050912e-01   2.6068628529e-01   1.2359950244e-01
1.7417505097e-01   2.9465154243e-01   1.2042685209e-01
1.9442078890e-01   3.3331350088e-01   1.1787088111e-01
2.1771571549e-01   3.7723930214e-01   1.1604557814e-01
2.4442159505e-01   4.2697828517e-01   1.1509912051e-01
2.7492294776e-01   4.8301012056e-01   1.1522159709e-01
3.0960804342e-01   5.4566332129e-01   1.1665298331e-01
3.4883798460e-01   6.1499323631e-01   1.1968998176e-01
3.9289887417e-01   6.9060797220e-01   1.2468911588e-01
4.4193127058e-01   7.7143365144e-01   1.3206165106e-01
4.9583139227e-01   8.5542100097e-01   1.4225357600e-01
5.5412120190e-01   9.3921924440e-01   1.5570153745e-01
6.1579163230e-01   1.0178865700e+00   1.7275476536e-01
6.7913712194e-01   1.0847696768e+00   1.9355655754e-01
7.4162131707e-01   1.1317520876e+00   2.1789093953e-01
7.9983967674e-01   1.1500952121e+00   2.4502375366e-01
8.4966235619e-01   1.1319982426e+00   2.7359911005e-01
8.8662785600e-01   1.0727131959e+00   3.0167467335e-01
9.0659221983e-01   9.7261252624e-01   3.2696255231e-01
9.0652213384e-01   8.3826976474e-01   3.4726462661e-01
8.8520315657e-01   6.8175240271e-01   3.6097497268e-01
8.4360150933e-01   5.1808445413e-01   3.6744664912e-01
7.8472368092e-01   3.6181055118e-01   3.6706282244e-01
7.1301991641e-01   2.2405896117e-01   3.6100123196e-01
6.3355335486e-01   1.1110456980e-01   3.5082883562e-01
5.5120537182e-01   2.4549207211e-02   3.3810900990e-01
4.7010826995e-01   -3.7460274225e-02   3.2414245483e-01
3.9336594903e-01   -7.8725609910e-02   3.0986643303e-01
3.2301988407e-01   -1.0372473169e-01   2.9587115976e-01
2.6017273720e-01   -1.1677237984e-01   2.8247440863e-01
2.0518423629e-01   -1.2158727930e-01   2.6980835630e-01
1.5787835750e-01   -1.2114773601e-01   2.5789386937e-01
1.1772772579e-01   -1.1771418183e-01   2.4669414509e-01
8.4001461485e-02   -1.1292921369e-01   2.3614886978e-01
5.5874954240e-02   -1.0794091662e-01   2.2619355278e-01
3.2506026361e-02   -1.0352159394e-01   2.1676900036e-01
1.3084023739e-02   -1.0017023251e-01   2.0782491543e-01
-3.1416003768e-03   -9.8195703859e-02   1.9932038225e-01
-1.6847501322e-02   -9.7781757426e-02   1.9122295410e-01
-2.8632866934e-02   -9.9036426779e-02   1.8350731562e-01
-3.9022536996e-02   -1.0202882009e-01   1.7615401325e-01
-4.8474234625e-02   -1.0681608717e-01   1.6914846776e-01
-5.7388077242e-02   -1.1346297856e-01   1.6248033710e-01
-6.6117118066e-02   -1.2205598745e-01   1.5614323267e-01
-7.4978107058e-02   -1.3271365363e-01   1.5013477461e-01
-8.4261977560e-02   -1.4559422941e-01   1.4445697782e-01
-9.4243783898e-02   -1.6090156011e-01   1.3911697977e-01
-1.0519195387e-01   -1.7888970367e-01   1.3412814605e-01
-1.1737679132e-01   -1.9986648405e-01   1.2951161760e-01
-1.3107817529e-01   -2.2419580944e-01   1.2529839294e-01
-1.4659235390e-01   -2.5229814637e-01   1.2153206769e-01
-1.6423761746e-01   -2.8464796746e-01   1.1827237808e-01
-1.8435844013e-01   -3.2176621059e-01   1.1559970804e-01
-2.0732737970e-01   -3.6420471266e-01   1.1362070329e-01
-2.3354358468e-01   -4.1251812308e-01   1.1247506339e-01
-2.6342613874e-01   -4.6721690117e-01   1.1234340361e-01
-2.9739963651e-01   -5.2869271563e-01   1.1345571285e-01
-3.3586832891e-01   -5.9710523066e-01   1.1609926453e-01
-3.7917398449e-01   -6.7221780898e-01   1.2062371121e-01
-4.2753156429e-01   -7.5317109097e-01   1.2743935950e-01
-4.8093654862e-01   -8.3819141358e-01   1.3700225030e-01
-5.3903952594e-01   -9.2425136572e-01   1.4977701552e-01
-6.0098945839e-01   -1.0067393103e+00   1.6616676130e-01
-6.6525942692e-01   -1.0792570514e+00   1.8640109124e-01
-7.2948948710e-01   -1.1337399218e+00   2.1038307280e-01
-7.9040866718e-01   -1.1611417509e+00   2.3751768496e-01
-8.4392186600e-01   -1.1528700117e+00   2.6657720431e-01
-8.8544585918e-01   -1.1029052277e+00   2.9568916772e-01
-9.1052534035e-01   -1.0100913184e+00   3.2252974822e-01
-9.1564654258e-01   -8.7964942191e-01   3.4473915725e-01
-8.9903192497e-01   -7.2294894574e-01   3.6045445091e-01
-8.6113234392e-01   -5.5523611373e-01   3.6875237162e-01
-8.0460946870e-01   -3.9208875450e-01   3.6980579530e-01
-7.3380356423e-01   -2.4606479065e-01   3.6469917174e-01
-6.5388980944e-01   -1.2478930440e-01   3.5502111389e-01
-5.7001394064e-01   -3.0820905915e-02   3.4243115035e-01
-4.8663729126e-01   3.7211877083e-02   3.2835123446e-01
-4.0718434453e-01   8.3018516875e-02   3.1382859148e-01
-3.3396434735e-01   1.1122663060e-01   2.9953513240e-01
-2.6827789877e-01   1.2640914373e-01   2.8584016167e-01
-2.1061445833e-01   1.3256174956e-01   2.7290306027e-01
-1.6087062730e-01   1.3291132386e-01   2.6075543019e-01
-1.1854849906e-01   1.2992089538e-01   2.4936160535e-01
-8.2916616168e-02   1.2538863879e-01   2.3865772572e-01
-5.3130477918e-02   1.2057751367e-01   2.2857412964e-01
-2.8316766725e-02   1.1634246546e-01   2.1904649967e-01
-7.6281142915e-03   1.1324105050e-01   2.1002023851e-01
9.7245556065e-03   1.1162356903e-01   2.0145121719e-01
2.4455927085e-02   1.1170359355e-01   1.9330487119e-01
3.7201439936e-02   1.1361164438e-01   1.8555477212e-01
4.8519854874e-02   1.1743520012e-01   1.7818125488e-01
5.8900412350e-02   1.2324804660e-01   1.7117035760e-01
6.8772575046e-02   1.3113155413e-01   1.6451316204e-01
7.8516975073e-02   1.4119000280e-01   1.5820554610e-01
8.8476658808e-02   1.5356161652e-01   1.5224833784e-01
9.8968061667e-02   1.6842653680e-01   1.4664786705e-01
1.1029137524e-01   1.8601256409e-01   1.4141693139e-01
1.2274010851e-01   2.0659909874e-01   1.3657622104e-01
1.3660970581e-01   2.3051929743e-01   1.3215627498e-01
1.5220507168e-01   2.5815998496e-01   1.2820006949e-01
1.6984676636e-01   2.8995827206e-01   1.2476636126e-01
1.8987546312e-01   3.2639306269e-01   1.2193391503e-01
2.1265398300e-01   3.6796861376e-01   1.1980672364e-01
2.3856581516e-01   4.1518596345e-01   1.1852024979e-01
2.6800846119e-01   4.6849633984e-01   1.1824853785e-01
3.0137918508e-01   5.2822868153e-01   1.1921168915e-01
3.3904981600e-01   5.9448150149e-01   1.2168256312e-01
3.8132623325e-01   6.6696839818e-01   1.2599053127e-01
4.2838733790e-01   7.4480840935e-01   1.3251855822e-01
4.8019828584e-01   8.2626038896e-01   1.4168782288e-01
5.3639463720e-01   9.0841956885e-01   1.5392189005e-01
5.9613959763e-01   9.8692996498e-01   1.6958121498e-01
6.5796779682e-01   1.0558204906e+00   1.8886082555e-01
7.1964742380e-01   1.1076355932e+00   2.1165291823e-01
7.7811604757e-01   1.1340681891e+00   2.3739512096e-01
8.2956504268e-01   1.1272480501e+00   2.6495314170e-01
8.6974495567e-01   1.0816214085e+00   2.9261146704e-01
8.9451764747e-01   9.9597936067e-01   3.1824275487e-01
9.0058416642e-01   8.7482698495e-01   3.3967092631e-01
8.8620263375e-01   7.2825978917e-01   3.5514137739e-01
8.5165014264e-01   5.7005562234e-01   3.6372323238e-01
7.9924159180e-01   4.1458631688e-01   3.6547159330e-01
7.3288687857e-01   2.7378326778e-01   3.6129132785e-01
6.5735000547e-01   1.5527152608e-01   3.5259162466e-01
5.7746132480e-01   6.2058517870e-02   3.4089774383e-01
4.9749465839e-01   -6.5861901906e-03   3.2755787549e-01
4.2080758107e-01   -5.3748029391e-02   3.1359771905e-01
3.4973359862e-01   -8.3559874089e-02   2.9970144041e-01
2.8565393285e-01   -1.0025733889e-01   2.8626648529e-01
2.2916522907e-01   -1.0763593978e-01   2.7348375834e-01
1.8027685904e-01   -1.0882207629e-01   2.6141302413e-01
1.3859681205e-01   -1.0624159383e-01   2.5004086583e-01
1.0348669918e-01   -1.0169048444e-01   2.3931959794e-01
7.4180589248e-02   -9.6445166892e-02   2.2919055127e-01
4.9870043775e-02   -9.1377562996e-02   2.1959637781e-01
2.9760928626e-02   -8.7058658783e-02   2.1048647433e-01
1.3108269897e-02   -8.3844802994e-02   2.0181853246e-01
-7.6509698647e-04   -8.1946319749e-02   1.9355817766e-01
-1.2461304556e-02   -8.1480330655e-02   1.8567785894e-01
-2.2507912213e-02   -8.2510448157e-02   1.7815561218e-01
-3.1363237579e-02   -8.5076040490e-02   1.7097399026e-01
-3.9424530809e-02   -8.9213502948e-02   1.6411926991e-01
-4.7037581720e-02   -9.4971603002e-02   1.5758095542e-01
-5.4506824601e-02   -1.0242258875e-01   1.5135156453e-01
-6.2105358898e-02   -1.1167039813e-01   1.4542667704e-01
-7.0084557844e-02   -1.2285699156e-01   1.3980523725e-01
-7.8683111497e-02   -1.3616755183e-01   1.3449011987e-01
-8.8135461459e-02   -1.5183504144e-01   1.2948899098e-01
-9.8679643554e-02   -1.7014436331e-01   1.2481552048e-01
-1.1056456908e-01   -1.9143611123e-01   1.2049102998e-01
-1.2405674674e-01   -2.1610958759e-01   1.1654668984e-01
-1.3944637194e-01   -2.4462436331e-01   1.1302641086e-01
-1.5705257672e-01   -2.7749909460e-01   1.0999060607e-01
-1.7722742128e-01   -3.1530551181e-01   1.0752101844e-01
-2.0035788747e-01   -3.5865435307e-01   1.0572680562e-01
-2.2686466139e-01   -4.0816841441e-01   1.0475201154e-01
-2.5719581662e-01   -4.6443573385e-01   1.0478438409e-01
-2.9181257739e-01   -5.2793322973e-01   1.0606512794e-01
-3.3116312925e-01   -5.9890817083e-01   1.0889847523e-01
-3.7563901674e-01   -6.7720260492e-01   1.1365872675e-01
-4.2550729563e-01   -7.6200647724e-01   1.2079045688e-01
-4.8081097964e-01   -8.5153283489e-01   1.3079479058e-01
-5.4123183001e-01   -9.4263012701e-01   1.4419136445e-01
-6.0591554038e-01   -1.0303910287e+00   1.6144308057e-01
-6.7327305539e-01   -1.1078904675e+00   1.8283213168e-01
-7.4079579465e-01   -1.1662782606e+00   2.0828624799e-01
-8.0495544585e-01   -1.1955184379e+00   2.3717937059e-01
-8.6128910545e-01   -1.1860113294e+00   2.6817094024e-01
-9.0477161635e-01   -1.1310395548e+00   2.9918636675e-01
-9.3051529948e-01   -1.0294321239e+00   3.2764003617e-01
-9.3470077422e-01   -8.8730072859e-01   3.5092164386e-01
-9.1547981171e-01   -7.1768373152e-01   3.6701660765e-01
-8.7351284351e-01   -5.3777854866e-01   3.7500672133e-01
-8.1190432817e-01   -3.6476531334e-01   3.7521912529e-01
-7.3555015470e-01   -2.1202325512e-01   3.6897479516e-01
-6.5015602295e-01   -8.7164390696e-02   3.5809649281e-01
-5.6127214379e-01   7.8487129121e-03   3.4441594234e-01
-4.7359805418e-01   7.5219045118e-02   3.2944693760e-01
-3.9064191374e-01   1.1945028134e-01   3.1426105134e-01
-3.1468176872e-01   1.4578822862e-01   2.9951225370e-01
-2.4691737922e-01   1.5921953156e-01   2.8553299235e-01
-1.8770549681e-01   1.6398054211e-01   2.7244262405e-01
-1.3680412726e-01   1.6341593476e-01   2.6023770991e-01
-9.3585938137e-02   1.6003027809e-01   2.4885538658e-01
-5.7206168682e-02   1.5562212878e-01   2.3821240652e-01
-2.6724896196e-02   1.5143705626e-01   2.2822629469e-01
-1.1900964595e-03   1.4830910119e-01   2.1882501282e-01
2.0310156394e-02   1.4677943607e-01   2.0995004595e-01
3.8618391924e-02   1.4719063432e-01   2.0155619640e-01
5.4494659929e-02   1.4975903265e-01   1.9361006371e-01
6.8614417925e-02   1.5462893938e-01   1.8608829068e-01
8.1573457946e-02   1.6191245320e-01   1.7897610094e-01
9.3897022960e-02   1.7171818545e-01   1.7226634297e-01
1.0605110733e-01   1.8417156672e-01   1.6595910233e-01
1.1845456751e-01   1.9942879601e-01   1.6006188414e-01
1.3149112119e-01   2.1768589394e-01   1.5459035810e-01
1.4552061500e-01   2.3918374242e-01   1.4956967356e-01
1.6088911505e-01   2.6420940804e-01   1.4503637498e-01
1.7793743612e-01   2.9309341446e-01   1.4104096855e-01
1.9700768007e-01   3.2620190640e-01   1.3765119803e-01
2.1844720101e-01   3.6392178153e-01   1.3495606964e-01
2.4260914511e-01   4.0663581684e-01   1.3307060193e-01
2.6984831552e-01   4.5468357231e-01   1.3214113463e-01
3.0051058331e-01   5.0830249953e-01   1.3235076531e-01
3.3491342265e-01   5.6754248277e-01   1.3392402621e-01
3.7331447194e-01   6.3214661703e-01   1.3712919282e-01
4.1586451215e-01   7.0139259377e-01   1.4227556590e-01
4.6254131255e-01   7.7389467909e-01   1.4970171432e-01
5.1306213887e-01   8.4737890834e-01   1.5974924657e-01
5.6677642722e-01   9.1846706134e-01   1.7271587713e-01
6.2254749591e-01   9.8253959451e-01   1.8878273652e-01
6.7864408176e-01   1.0337886933e+00   2.0791612111e-01
7.3267801505e-01   1.0656010605e+00   2.2975526199e-01
7.8163861985e-01   1.0713891325e+00   2.5351512791e-01
8.2207709785e-01   1.0458744456e+00   2.7795108004e-01
8.5047149918e-01   9.8660315218e-01   3.0143693361e-01
8.6374684422e-01   8.9521338568e-01   3.2218326354e-01
8.5984727164e-01   7.7785488038e-01   3.3856450712e-01
8.3819598260e-01   6.4436667806e-01   3.4945611485e-01
7.9988168384e-01   5.0634154675e-01   3.5445428263e-01
7.4749503353e-01   3.7475275319e-01   3.5389335898e-01
6.8466746364e-01   2.5800858908e-01   3.4866965562e-01
6.1546580777e-01   1.6100949339e-01   3.3996263351e-01
5.4381852608e-01   8.5255378956e-02   3.2896578604e-01
4.7309759864e-01   2.9646310514e-02   3.1670226873e-01
4.0589896278e-01   -8.4883183225e-03   3.0394351897e-01
3.4399810683e-01   -3.2475557939e-02   2.9120845158e-01
2.8842528798e-01   -4.5652791007e-02   2.7880720962e-01
2.3960242285e-01   -5.0997070587e-02   2.6689887600e-01
1.9749711221e-01   -5.0966748800e-02   2.5554468449e-01
1.6176636704e-01   -4.7478501146e-02   2.4474907879e-01
1.3187685304e-01   -4.1956710021e-02   2.3448774491e-01
1.0719796663e-01   -3.5412865768e-02   2.2472486930e-01
8.7069337161e-02   -2.8530393739e-02   2.1542268564e-01
7.0846703573e-02   -2.1742545884e-02   2.0654605926e-01
5.7930735330e-02   -1.5298354999e-02   1.9806417195e-01
4.7783102338e-02   -9.3156279459e-03   1.8995068721e-01
3.9933463008e-02   -3.8218754789e-03   1.8218323793e-01
3.3980311122e-02   1.2151463271e-03   1.7474270400e-01
2.9587935577e-02   5.8654228697e-03   1.6761251137e-01
2.6481156855e-02   1.0221435402e-02   1.6077804722e-01
2.4439024065e-02   1.4388143686e-02   1.5422621362e-01
2.3288281429e-02   1.8476917077e-02   1.4794510921e-01
2.2897130006e-02   2.2602390086e-02   1.4192381701e-01
2.3169603766e-02   2.6881450937e-02   1.3615227627e-01
2.4040733729e-02   3.1433772458e-02   1.3062122032e-01
2.5472576084e-02   3.6383462096e-02   1.2532216868e-01
2.7451118403e-02   4.1861543540e-02   1.2024746759e-01
2.9984042719e-02   4.8009089805e-02   1.1539037911e-01
3.3099307654e-02   5.4980910567e-02   1.1074522498e-01
3.6844508051e-02   6.2949758960e-02   1.0630759731e-01
4.1286975061e-02   7.2111067716e-02   1.0207465573e-01
4.6514588749e-02   8.2688253270e-02   9.8045539114e-02
5.2637286032e-02   9.4938638683e-02   9.4221931700e-02
5.9789256352e-02   1.0916003889e-01   9.0608838156e-02
6.8131822679e-02   1.2569801746e-01   8.7215642356e-02
7.7857002225e-02   1.4495374912e-01   8.4057550914e-02
8.9191723162e-02   1.6739228410e-01   8.1157557195e-02
1.0240263137e-01   1.9355077103e-01   7.8549105845e-02
1.1780133942e-01   2.2404579717e-01   7.6279692657e-02
1.3574982524e-01   2.5957835628e-01   7.4415698298e-02
1.5666544371e-01   3.0093392200e-01   7.3048820044e-02
1.8102461583e-01   3.4897349479e-01   7.2304515452e-02
2.0936362805e-01   4.0460904615e-01   7.2352866443e-02
2.4227399916e-01   4.6875320642e-01   7.3422133244e-02
2.8038842016e-01   5.4222808830e-01   7.5814849815e-02
3.2435121298e-01   6.2561189294e-01   7.9925365032e-02
3.7476454773e-01   7.1899544866e-01   8.6255864389e-02
4.3209856542e-01   8.2161732186e-01   9.5424588004e-02
4.9655105332e-01   9.3135312604e-01   1.0815470000e-01
5.6784281338e-01   1.0440664550e+00   1.2522517653e-01
6.4494305161e-01   1.1529072014e+00   1.4735821730e-01
7.2574229507e-01   1.2477887890e+00   1.7501726628e-01
8.0673607021e-01   1.3154797169e+00   2.0810804903e-01
8.8285021979e-01   1.3409088901e+00   2.4562744867e-01
9.4760332934e-01   1.3101693409e+00   2.8539375815e-01
9.9380026528e-01   1.2150106500e+00   3.2407494932e-01
1.0148024813e+00   1.0573432040e+00   3.5770799906e-01
1.0061119251e+00   8.5123071455e-01   3.8268012432e-01
9.6669135953e-01   6.2036899896e-01   3.9679680218e-01
8.9940501424e-01   3.9154029594e-01   3.9988486942e-01
8.1033748140e-01   1.8721606086e-01   3.9361298112e-01
7.0730831222e-01   2.0871253517e-02   3.8070037312e-01
5.9822945585e-01   -1.0358653845e-01   3.6399738735e-01
4.8986412048e-01   -1.8938692562e-01   3.4584466377e-01
3.8720957739e-01   -2.4354007562e-01   3.2783106895e-01
2.9342345817e-01   -2.7406706707e-01   3.1084724004e-01
2.1008065555e-01   -2.8833470610e-01   2.9527096864e-01
1.3755895843e-01   -2.9234935459e-01   2.8116437107e-01
7.5422135285e-02   -2.9065102019e-01   2.6842770199e-01
2.2738544836e-02   -2.8649395774e-01   2.5689946203e-01
-2.1680863338e-02   -2.8211723969e-01   2.4641260516e-01
-5.9118329535e-02   -2.7900804194e-01   2.3682122303e-01
-9.0843891956e-02   -2.7812122843e-01   2.2800993379e-01
-1.1805328929e-01   -2.8004894083e-01   2.1989442521e-01
-1.4183600089e-01   -2.8514582453e-01   2.1241828933e-01
-1.6316327906e-01   -2.9361855224e-01   2.0554895271e-01
-1.8288873058e-01   -3.0558773275e-01   1.9927405359e-01
-2.0175613402e-01   -3.2112863413e-01   1.9359879220e-01
-2.2041074776e-01   -3.4029541175e-01   1.8854435067e-01
-2.3941146871e-01   -3.6313201697e-01   1.8414727297e-01
-2.5924194756e-01   -3.8967170932e-01   1.8045960059e-01
-2.8031923983e-01   -4.1992606993e-01   1.7754950321e-01
-3.0299884498e-01   -4.5386360103e-01   1.7550208116e-01
-3.2757511815e-01   -4.9137743070e-01   1.7441991803e-01
-3.5427609658e-01   -5.3224143833e-01   1.7442280968e-01
-3.8325184075e-01   -5.7605448989e-01   1.7564588467e-01
-4.1455555787e-01   -6.2217375533e-01   1.7823507362e-01
-4.4811719764e-01   -6.6964070610e-01   1.8233863207e-01
-4.8371007953e-01   -7.1710779659e-01   1.8809328092e-01
-5.2091263845e-01   -7.6278020733e-01   1.9560369367e-01
-5.5906972496e-01   -8.0439483484e-01   2.0491481031e-01
-5.9726103079e-01   -8.3926599534e-01   2.1597810946e-01
-6.3428767003e-01   -8.6443003656e-01   2.2861570997e-01
-6.6869059452e-01   -8.7691320525e-01   2.4248975130e-01
-6.9881447450e-01   -8.7412262961e-01   2.5708787022e-01
-7.2292570958e-01   -8.5431762652e-01   2.7173675514e-01
-7.3938195018e-01   -8.1706685123e-01   2.8565233436e-01
-7.4683404615e-01   -7.6355874433e-01   2.9802589798e-01
-7.4442460087e-01   -6.9663750209e-01   3.0813220443e-01
-7.3193807996e-01   -6.2050132480e-01   3.1543395695e-01
-7.0986258618e-01   -5.4010869935e-01   3.1965389497e-01
-6.7934400755e-01   -4.6044337989e-01   3.2079467880e-01
-6.4204222365e-01   -3.8583495904e-01   3.1910440346e-01
-5.9992445978e-01   -3.1949664327e-01   3.1500320577e-01
-5.5504272735e-01   -2.6334948907e-01   3.0899572065e-01
-5.0933799470e-01   -2.1810428845e-01   3.0159246906e-01
-4.6449824425e-01   -1.8351089357e-01   2.9325413482e-01
-4.2187911348e-01   -1.5867227733e-01   2.8436208997e-01
-3.8248109072e-01   -1.4234329501e-01   2.7521091856e-01
-3.4696912580e-01   -1.3316951133e-01   2.6601544330e-01
-3.1571852996e-01   -1.2985260181e-01   2.5692494743e-01
-2.8887303662e-01   -1.3124863962e-01   2.4803919628e-01
-2.6640462101e-01   -1.3641438685e-01   2.3942309495e-01
-2.4816853522e-01   -1.4461805366e-01   2.3111861888e-01
-2.3395019135e-01   -1.5532855119e-01   2.2315381131e-01
-2.2350277566e-01   -1.6819362114e-01   2.1554923770e-01
-2.1657587661e-01   -1.8301375213e-01   2.0832250133e-01
-2.1293615303e-01   -1.9971601765e-01   2.0149142425e-01
-2.1238136097e-01   -2.1832995934e-01   1.9507640287e-01
-2.1474906492e-01   -2.3896626180e-01   1.8910232820e-01
-2.1992120307e-01   -2.6179804665e-01   1.8360035110e-01
-2.2782543272e-01   -2.8704399037e-01   1.7860968274e-01
-2.3843389784e-01   -3.1495201635e-01   1.7417954849e-01
-2.5175975861e-01   -3.4578193411e-01   1.7037134983e-01
-2.6785151125e-01   -3.7978504112e-01   1.6726102027e-01
-2.8678480884e-01   -4.1717834466e-01   1.6494147255e-01
-3.0865117129e-01   -4.5811073204e-01   1.6352490640e-01
-3.3354265731e-01   -5.0261821900e-01   1.6314455713e-01
-3.6153129479e-01   -5.5056555258e-01   1.6395519683e-01
-3.9264189858e-01   -6.0157230877e-01   1.6613134038e-01
-4.2681697436e-01   -6.5492378492e-01   1.6986167345e-01
-4.6387292249e-01   -7.0947120982e-01   1.7533778540e-01
-5.0344801197e-01   -7.6353288737e-01   1.8273503147e-01
-5.4494493852e-01   -8.1481824036e-01   1.9218359830e-01
-5.8747447957e-01   -8.6040939877e-01   2.0372909495e-01
-6.2981172871e-01   -8.9684638171e-01   2.1728479376e-01
-6.7038175776e-01   -9.2036457438e-01   2.3258227824e-01
-7.0729520901e-01   -9.2731618193e-01   2.4913311175e-01
-7.3845286948e-01   -9.1476079106e-01   2.6621903916e-01
-7.6172805662e-01   -8.8113506658e-01   2.8292834769e-01
-7.7521518793e-01   -8.2683101687e-01   2.9824739526e-01
-7.7750612818e-01   -7.5447240252e-01   3.1119829179e-01
-7.6793335964e-01   -6.6872726122e-01   3.2099217897e-01
-7.4671418800e-01   -5.7563935857e-01   3.2715416824e-01
-7.1495095793e-01   -4.8164476720e-01   3.2958116309e-01
-6.7448324589e-01   -3.9256260718e-01   3.2851763811e-01
-6.2763150769e-01   -3.1284076845e-01   3.2446469394e-01
-5.7689819730e-01   -2.4521064018e-01   3.1805810531e-01
-5.2469279546e-01   -1.9074085488e-01   3.0995310419e-01
-4.7312655835e-01   -1.4916362312e-01   3.0074082242e-01
-4.2389438795e-01   -1.1931352088e-01   2.9090389424e-01
-3.7823730907e-01   -9.9549975897e-02   2.8080546504e-01
-3.3696550418e-01   -8.8091759991e-02   2.7069999239e-01
-3.0051836832e-01   -8.3242867280e-02   2.6075438411e-01
-2.6904107522e-01   -8.3520900246e-02   2.5107117149e-01
-2.4246288804e-01   -8.7712217335e-02   2.4170905815e-01
-2.2056827294e-01   -9.4879103696e-02   2.3269903017e-01
-2.0305651584e-01   -1.0433958569e-01   2.2405595253e-01
-1.8958870187e-01   -1.1563448600e-01   2.1578640114e-01
-1.7982278444e-01   -1.2849098491e-01   2.0789371604e-01
-1.7343839322e-01   -1.4278796376e-01   2.0038119246e-01
-1.7015334119e-01   -1.5852570645e-01   1.9325414147e-01
-1.6973374305e-01   -1.7580083044e-01   1.8652135407e-01
-1.7199942451e-01   -1.9478629578e-01   1.8019633772e-01
-1.7682598867e-01   -2.1571574370e-01   1.7429857299e-01
-1.8414457106e-01   -2.3887105854e-01   1.6885495837e-01
-1.9393998649e-01   -2.6457179672e-01   1.6390156003e-01
-2.0624765547e-01   -2.9316489204e-01   1.5948575000e-01
-2.2114939140e-01   -3.2501275921e-01   1.5566878666e-01
-2.3876781891e-01   -3.6047753232e-01   1.5252885106e-01
-2.5925886320e-01   -3.9989866663e-01   1.5016448408e-01
-2.8280138536e-01   -4.4356051537e-01   1.4869824937e-01
-3.0958263412e-01   -4.9164585382e-01   1.4828024499e-01
-3.3977775633e-01   -5.4417087506e-01   1.4909076470e-01
-3.7352121701e-01   -6.0089735911e-01   1.5134093141e-01
-4.1086776240e-01   -6.6121928827e-01   1.5526946813e-01
-4.5174077625e-01   -7.2402534825e-01   1.6113297596e-01
-4.9586695894e-01   -7.8754711957e-01   1.6918632436e-01
-5.4269880626e-01   -8.4921690295e-01   1.7964943705e-01
-5.9133105472e-01   -9.0557938311e-01   1.9265763206e-01
-6.4042449078e-01   -9.5232448212e-01   2.0819582464e-01
-6.8815970020e-01   -9.8452478125e-01   2.2602335467e-01
-7.3225186231e-01   -9.9715117221e-01   2.4560592521e-01
-7.7006022870e-01   -9.8588208849e-01   2.6608148026e-01
-7.9881520568e-01   -9.4810398884e-01   2.8629141083e-01
-8.1595672797e-01   -8.8385102689e-01   3.0489875765e-01
-8.1953327620e-01   -7.9633025276e-01   3.2058668299e-01
-8.0856835409e-01   -6.9172740259e-01   3.3229141591e-01
-7.8328628132e-01   -5.7822698534e-01   3.3939597422e-01
-7.4511984627e-01   -4.6451236651e-01   3.4181680365e-01
-6.9649142720e-01   -3.5824000451e-01   3.3995774504e-01
-6.4043359485e-01   -2.6496052859e-01   3.3456043601e-01
-5.8015786042e-01   -1.8771692415e-01   3.2651471637e-01
-5.1867549806e-01   -1.2725679451e-01   3.1669150171e-01
-4.5853476919e-01   -8.2613559307e-02   3.0583384936e-01
-4.0169062522e-01   -5.1788109919e-02   2.9451092179e-01
-3.4948706804e-01   -3.2343681380e-02   2.8311956053e-01
-3.0271605985e-01   -2.1832164964e-02   2.7191231499e-01
-2.6171657181e-01   -1.8048675350e-02   2.6103425731e-01
-2.2648551658e-01   -1.9150281381e-02   2.5055765097e-01
-1.9678254472e-01   -2.3683948442e-02   2.4050959876e-01
-1.7221944907e-01   -3.0562377296e-02   2.3089176245e-01
-1.5233104782e-01   -3.9015309459e-02   2.2169323362e-01
-1.3662806647e-01   -4.8533552071e-02   2.1289828413e-01
-1.2463435761e-01   -5.8815314998e-02   2.0449066329e-01
-1.1591144712e-01   -6.9719452298e-02   1.9645576687e-01
-1.1007338651e-01   -8.1227226823e-02   1.8878161741e-01
-1.0679456117e-01   -9.3412592165e-02   1.8145926965e-01
-1.0581265266e-01   -1.0642018568e-01   1.7448301695e-01
-1.0692849022e-01   -1.2044989728e-01   1.6785061864e-01
-1.1000410334e-01   -1.3574680084e-01   1.6156367609e-01
-1.1495992359e-01   -1.5259527437e-01   1.5562823790e-01
-1.2177178278e-01   -1.7131620962e-01   1.5005569680e-01
-1.3046810597e-01   -1.9226626691e-01   1.4486404138e-01
-1.4112748985e-01   -2.1583812569e-01   1.4007953741e-01
-1.5387667116e-01   -2.4246057896e-01   1.3573892962e-01
-1.6888870680e-01   -2.7259707945e-01   1.3189227116e-01
-1.8638098236e-01   -3.0674092088e-01   1.2860649652e-01
-2.0661241260e-01   -3.4540457430e-01   1.2596984329e-01
-2.2987886305e-01   -3.8909974130e-01   1.2409717895e-01
-2.5650537343e-01   -4.3830339695e-01   1.2313616849e-01
-2.8683316971e-01   -4.9340350839e-01   1.2327397462e-01
-3.2119870323e-01   -5.5461642963e-01   1.2474373932e-01
-3.5990109451e-01   -6.2186673897e-01   1.2782935139e-01
-4.0315354738e-01   -6.9462069236e-01   1.3286585509e-01
-4.5101391461e-01   -7.7166872633e-01   1.4023124746e-01
-5.0329038294e-01   -8.5086410927e-01   1.5032349671e-01
-5.5942144150e-01   -9.2884852669e-01   1.6351500303e-01
-6.1833660475e-01   -1.0008348302e+00   1.8007686298e-01
-6.7831740955e-01   -1.0605699992e+00   2.0006972431e-01
-7.3689703405e-01   -1.1006497820e+00   2.2320987120e-01
-7.9085718506e-01   -1.1133579608e+00   2.4873994371e-01
-8.3639111847e-01   -1.0920951729e+00   2.7535861062e-01
-8.6948363428e-01   -1.0332031268e+00   3.0127704492e-01
-8.8649754307e-01   -9.3763965113e-01   3.2444890264e-01
-8.8485876363e-01   -8.1173438541e-01   3.4295206042e-01
-8.6364334061e-01   -6.6643027990e-01   3.5540895582e-01
-8.2385511674e-01   -5.1505503357e-01   3.6128103241e-01
-7.6827778820e-01   -3.7042098286e-01   3.6091538005e-01
-7.0094938840e-01   -2.4237711446e-01   3.5534178165e-01
-6.2644509375e-01   -1.3660038577e-01   3.4593242295e-01
-5.4919070626e-01   -5.4717593878e-02   3.3407050321e-01
-4.7296524841e-01   4.6997977072e-03   3.2092624771e-01
-4.0064626616e-01   4.4870632424e-02   3.0736311240e-01
-3.3416645818e-01   6.9704461550e-02   2.9394354373e-01
-2.7461077012e-01   8.3049026392e-02   2.8098721780e-01
-2.2238217836e-01   8.8279656509e-02   2.6864326724e-01
-1.7738286174e-01   8.8141844676e-02   2.5695445219e-01
-1.3917940502e-01   8.4747862895e-02   2.4590505829e-01
-1.0713811131e-01   7.9650404878e-02   2.3545247142e-01
-8.0527563978e-02   7.3944116263e-02   2.2554581559e-01
-5.8591357930e-02   6.8368125679e-02   2.1613566993e-01
-4.0596225689e-02   6.3397161114e-02   2.0717826217e-01
-2.5861153110e-02   5.9317048105e-02   1.9863658209e-01
-1.3772533421e-02   5.6284526878e-02   1.9047998964e-01
-3.7895323817e-03   5.4373136555e-02   1.8268324073e-01
4.5570739302e-03   5.3607513072e-02   1.7522541927e-01
1.1670144746e-02   5.3988467065e-02   1.6808900018e-01
1.7893740576e-02   5.5510979315e-02   1.6125912192e-01
2.3521788080e-02   5.8176936902e-02   1.5472307520e-01
2.8807038793e-02   6.2004109657e-02   1.4846998569e-01
3.3969827644e-02   6.7032567854e-02   1.4249066346e-01
3.9206362645e-02   7.3329481857e-02   1.3677759716e-01
4.4696435444e-02   8.0993025698e-02   1.3132508253e-01
5.0610549060e-02   9.0155926387e-02   1.2612948693e-01
5.7116526723e-02   1.0098905279e-01   1.2118966626e-01
6.4385704032e-02   1.1370531279e-01   1.1650756549e-01
7.2598822137e-02   1.2856401305e-01   1.1208905182e-01
8.1951736348e-02   1.4587571638e-01   1.0794505016e-01
9.2661032647e-02   1.6600748607e-01   1.0409307650e-01
1.0496960122e-01   1.8938820522e-01   1.0055929548e-01
1.1915214316e-01   2.1651336061e-01   9.7381266445e-02
1.3552046991e-01   2.4794822316e-01   9.4611584474e-02
1.5442827261e-01   2.8432765600e-01   9.2322666295e-02
1.7627475487e-01   3.2634971446e-01   9.0612963954e-02
2.0150608981e-01   3.7475861498e-01   8.9614887938e-02
2.3061301172e-01   4.3031035881e-01   8.9504640799e-02
2.6412190253e-01   4.9371114438e-01   9.0513918456e-02
3.0257539918e-01   5.6551469737e-01   9.2942887898e-02
3.4649678876e-01   6.4596026936e-01   9.7172774923e-02
3.9633038062e-01   7.3472988064e-01   1.0367448763e-01
4.5234811010e-01   8.3060513127e-01   1.1300663397e-01
5.1451201936e-01   9.3101786784e-01   1.2579195701e-01
5.8228537733e-01   1.0315270067e+00   1.4265631085e-01
6.5439605210e-01   1.1253301253e+00   1.6411143495e-01
7.2857941326e-01   1.2030389149e+00   1.9036780237e-01
8.0136757689e-01   1.2530837246e+00   2.2108586014e-01
8.6804080978e-01   1.2631642092e+00   2.5512057756e-01
9.2288916467e-01   1.2229513794e+00   2.9037744939e-01
9.5989945410e-01   1.1276224389e+00   3.2393686025e-01
9.7384001881e-01   9.8092547075e-01   3.5254873665e-01
9.6148465769e-01   7.9598231612e-01   3.7341532499e-01
9.2253012796e-01   5.9273689261e-01   3.8495543713e-01
8.5979616448e-01   3.9278798852e-01   3.8717604009e-01
7.7859736101e-01   2.1397302331e-01   3.8147792775e-01
6.8555791968e-01   6.7067246318e-02   3.7004901124e-01
5.8734029857e-01   -4.4572891877e-02   3.5518368250e-01
4.8968094968e-01   -1.2323129813e-01   3.3880280986e-01
3.9689216557e-01   -1.7434396261e-01   3.2225802221e-01
3.1177824172e-01   -2.0437045366e-01   3.0635419667e-01
2.3581600165e-01   -2.1943641117e-01   2.9147798271e-01
1.6945032540e-01   -2.2468994437e-01   2.7774479681e-01
1.1240141598e-01   -2.2413757779e-01   2.6511979266e-01
6.3930218090e-02   -2.2073326055e-01   2.5350085599e-01
2.3043813061e-02   -2.1656622313e-01   2.4276812789e-01
-1.1357855976e-02   -2.1306340680e-01   2.3280963152e-01
-4.0384363964e-02   -2.1116930753e-01   2.2353205046e-01
-6.5094862399e-02   -2.1149190453e-01   2.1486336110e-01
-8.6465409187e-02   -2.1441520531e-01   2.0675164401e-01
-1.0537512655e-01   -2.2018323953e-01   1.9916258648e-01
-1.2260474944e-01   -2.2896112013e-01   1.9207699003e-01
-1.3884283624e-01   -2.4087819483e-01   1.8548888265e-01
-1.5469625223e-01   -2.5605730537e-01   1.7940444910e-01
-1.7070252978e-01   -2.7463312791e-01   1.7384180634e-01
-1.8734241315e-01   -2.9676159079e-01   1.6883157639e-01
-2.0505136106e-01   -3.2262145472e-01   1.6441818536e-01
-2.2422904985e-01   -3.5240826631e-01   1.6066180651e-01
-2.4524602436e-01   -3.8632002734e-01   1.5764084095e-01
-2.6844660755e-01   -4.2453305209e-01   1.5545476671e-01
-2.9414702434e-01   -4.6716564952e-01   1.5422706278e-01
-3.2262745068e-01   -5.1422658513e-01   1.5410770069e-01
-3.5411641763e-01   -5.6554501217e-01   1.5527436275e-01
-3.8876578102e-01   -6.2067920287e-01   1.5793107055e-01
-4.2661448722e-01   -6.7880375538e-01   1.6230230000e-01
-4.6753991765e-01   -7.3858013886e-01   1.6862000434e-01
-5.1119711001e-01   -7.9802476846e-01   1.7710049866e-01
-5.5694916718e-01   -8.5440311467e-01   1.8790834564e-01
-6.0379714072e-01   -9.0419665902e-01   2.0110596421e-01
-6.5032459911e-01   -9.4320678614e-01   2.1659154518e-01
-6.9467977835e-01   -9.6686469895e-01   2.3403451336e-01
-7.3462355419e-01   -9.7079207407e-01   2.5282636232e-01
-7.6766929978e-01   -9.5158778173e-01   2.7207178821e-01
-7.9132540129e-01   -9.0770390613e-01   2.9064457059e-01
-8.0342090484e-01   -8.4015861059e-01   3.0731852096e-01
-8.0245642246e-01   -7.5278950058e-01   3.2095588329e-01
-7.8789327023e-01   -6.5184916221e-01   3.3070471549e-01
-7.6029398566e-01   -5.4497988665e-01   3.3614209306e-01
-7.2126532855e-01   -4.3986528873e-01   3.3731535880e-01
-6.7321702551e-01   -3.4298650359e-01   3.3467393841e-01
-6.1900609120e-01   -2.5883215626e-01   3.2892632899e-01
-5.6156131791e-01   -1.8968782001e-01   3.2087737489e-01
-5.0356950679e-01   -1.3590579621e-01   3.1129349579e-01
-4.4726851354e-01   -9.6438093430e-02   3.0081955883e-01
-3.9435328525e-01   -6.9419304694e-02   2.8994715035e-01
-3.4597434638e-01   -5.2659977276e-02   2.7902005608e-01
-3.0279735829e-01   -4.3994649926e-02   2.6825962667e-01
-2.6509360013e-01   -4.1487697669e-02   2.5779617888e-01
-2.3283845982e-01   -4.3528221241e-02   2.4769807065e-01
-2.0580348395e-01   -4.8850936738e-02   2.3799481610e-01
-1.8363463845e-01   -5.6514424597e-02   2.2869365356e-01
-1.6591437708e-01   -6.5859143959e-02   2.1979049392e-01
-1.5220807217e-01   -7.6459377604e-02   2.1127666523e-01
-1.4209684713e-01   -8.8077107971e-02   2.0314281309e-01
-1.3519938711e-01   -1.0062173730e-01   1.9538104305e-01
-1.3118529704e-01   -1.1411707960e-01   1.8798608491e-01
-1.2978229654e-01   -1.2867565111e-01   1.8095599836e-01
-1.3077915390e-01   -1.4447955862e-01   1.7429274972e-01
-1.3402585609e-01   -1.6176694806e-01   1.6800286494e-01
-1.3943213335e-01   -1.8082284342e-01   1.6209829086e-01
-1.4696512208e-01   -2.0197315949e-01   1.5659756016e-01
-1.5664665724e-01   -2.2558063082e-01   1.5152734199e-01
-1.6855042660e-01   -2.5204130514e-01   1.4692445929e-01
-1.8279897660e-01   -2.8178005144e-01   1.4283845728e-01
-1.9956031312e-01   -3.1524318588e-01   1.3933480376e-01
-2.1904356551e-01   -3.5288577637e-01   1.3649878096e-01
-2.4149285160e-01   -3.9515041452e-01   1.3444006861e-01
-2.6717806946e-01   -4.4243323337e-01   1.3329789273e-01
-2.9638082826e-01   -4.9503177033e-01   1.3324637857e-01
-3.2937312187e-01   -5.5306815174e-01   1.3449934074e-01
-3.6638569956e-01   -6.1638054347e-01   1.3731309583e-01
-4.0756256142e-01   -6.8437691984e-01   1.4198492800e-01
-4.5289794547e-01   -7.5584977349e-01   1.4884357674e-01
-5.0215320341e-01   -8.2876112881e-01   1.5822672858e-01
-5.5475405490e-01   -9.0002731070e-01   1.7043953943e-01
-6.0967509548e-01   -9.6536426065e-01   1.8568886381e-01
-6.6532910870e-01   -1.0192933809e+00   2.0399200377e-01
-7.1949327668e-01   -1.0554398448e+00   2.2506850395e-01
-7.6931902313e-01   -1.0672480473e+00   2.4823936335e-01
-8.1147808289e-01   -1.0491492589e+00   2.7237590344e-01
-8.4248151376e-01   -9.9802049750e-01   2.9594901781e-01
-8.5916086227e-01   -9.1451917008e-01   3.1721266400e-01
-8.5922782992e-01   -8.0371711382e-01   3.3450531704e-01
-8.4176226684e-01   -6.7457912727e-01   3.4658669488e-01
-8.0746451496e-01   -5.3828253147e-01   3.5288730268e-01
-7.5857363114e-01   -4.0592993097e-01   3.5357356738e-01
-6.9847352626e-01   -2.8649201259e-01   3.4941478672e-01
-6.3111880640e-01   -1.8563455686e-01   3.4152542754e-01
-5.6045315988e-01   -1.0559722598e-01   3.3109239922e-01
-4.8995710483e-01   -4.5849396818e-02   3.1917180141e-01
-4.2238580810e-01   -4.0739522663e-03   3.0658570221e-01
-3.5968734633e-01   2.2893841359e-02   2.9390462461e-01
-3.0305223739e-01   3.8365471970e-02   2.8148209044e-01
-2.5303661774e-01   4.5372686776e-02   2.6950931244e-01
-2.0971177313e-01   4.6465798778e-02   2.5806909158e-01
-1.7280915862e-01   4.3662476666e-02   2.4717913037e-01
-1.4184486623e-01   3.8481337558e-02   2.3682255673e-01
-1.1621792001e-01   3.2014067161e-02   2.2696728710e-01
-9.5282881606e-02   2.5008070552e-02   2.1757711487e-01
-7.8400182610e-02   1.7944899646e-02   2.0861731647e-01
-6.4968574224e-02   1.1107969413e-02   2.0005695889e-01
-5.4444010171e-02   4.6376956626e-03   1.9186941466e-01
-4.6348730974e-02   -1.4254887289e-03   1.8403202794e-01
-4.0273619889e-02   -7.1087712536e-03   1.7652547250e-01
-3.5876214877e-02   -1.2483469745e-02   1.6933308029e-01
-3.2876157881e-02   -1.7648666602e-02   1.6244026438e-01
-3.1049364758e-02   -2.2720408035e-02   1.5583407486e-01
-3.0221805829e-02   -2.7825155331e-02   1.4950288660e-01
-3.0263487048e-02   -3.3096428129e-02   1.4343620173e-01
-3.1083000806e-02   -3.8673814728e-02   1.3762454806e-01
-3.2622858237e-02   -4.4703730454e-02   1.3205945845e-01
-3.4855707926e-02   -5.1341478437e-02   1.2673352272e-01
-3.7781477102e-02   -5.8754308163e-02   1.2164051143e-01
-4.1425430657e-02   -6.7125278145e-02   1.1677557862e-01
-4.5837122524e-02   -7.6657812666e-02   1.1213555922e-01
-5.1090206330e-02   -8.7580901083e-02   1.0771938693e-01
-5.7283072394e-02   -1.0015492204e-01   1.0352866997e-01
-6.4540281233e-02   -1.1467808209e-01   9.9568477568e-02
-7.3014765088e-02   -1.3149343240e-01   9.5848409362e-02
-8.2890763166e-02   -1.5099635573e-01   9.2384045221e-02
-9.4387436396e-02   -1.7364227736e-01   8.9198905701e-02
-1.0776306327e-01   -1.9995411227e-01   8.6327094198e-02
-1.2331963467e-01   -2.3052856060e-01   8.3816841475e-02
-1.4140751918e-01   -2.6603971969e-01   8.1735228903e-02
-1.6242962649e-01   -3.0723746766e-01   8.0174420571e-02
-1.8684410314e-01   -3.5493651653e-01   7.9259767408e-02
-2.1516397919e-01   -4.0998970601e-01   7.9160118577e-02
-2.4795124804e-01   -4.7323576713e-01   8.0100509601e-02
-2.8580149118e-01   -5.4540726682e-01   8.2376953970e-02
-3.2931325395e-01   -6.2697894976e-01   8.6372112537e-02
-3.7903394382e-01   -7.1793137614e-01   9.2568800827e-02
-4.3537136635e-01   -8.1740285633e-01   1.0155517035e-01
-4.9845813282e-01   -9.2321132903e-01   1.1401060444e-01
-5.6795736499e-01   -1.0312599844e+00   1.3065517472e-01
-6.4280668082e-01   -1.1349147118e+00   1.5214001432e-01
-7.2091971643e-01   -1.2245736334e+00   1.7885697144e-01
-7.9890640818e-01   -1.2878252638e+00   2.1066419586e-01
-8.7193287603e-01   -1.3107197752e+00   2.4657232593e-01
-9.3389531072e-01   -1.2805487245e+00   2.8451331814e-01
-9.7807439918e-01   -1.1898983887e+00   3.2138208860e-01
-9.9830046663e-01   -1.0406461253e+00   3.5351390727e-01
-9.9038853294e-01   -8.4570086239e-01   3.7756481415e-01
-9.5333300552e-01   -6.2676779756e-01   3.9146660419e-01
-8.8972032982e-01   -4.0855160838e-01   3.9497802679e-01
-8.0513956807e-01   -2.1211807206e-01   3.8954992470e-01
-7.0685648995e-01   -5.0533150705e-02   3.7763846613e-01
-6.0231535627e-01   7.1885975758e-02   3.6187967810e-01
-4.9797346412e-01   1.5756152599e-01   3.4448998410e-01
-3.9868855645e-01   2.1267307559e-01   3.2701689068e-01
-3.0760725300e-01   2.4458934909e-01   3.1036314198e-01
-2.2637258381e-01   2.6025060289e-01   2.9494288153e-01
-1.5546753096e-01   2.6542716508e-01   2.8085919378e-01
-9.4569538022e-02   2.6455416415e-01   2.6804808426e-01
-4.2853021403e-02   2.6085900009e-01   2.5637533954e-01
7.7982930297e-04   2.5659426273e-01   2.4569287967e-01
3.7536662850e-02   2.5327792896e-01   2.3586687532e-01
6.8628636201e-02   2.5190045410e-01   2.2678876507e-01
9.5206249220e-02   2.5308863280e-01   2.1837717916e-01
1.1832511040e-01   2.5722909278e-01   2.1057579734e-01
1.3893195733e-01   2.6455835859e-01   2.0334997848e-01
1.5786370137e-01   2.7522661431e-01   1.9668359218e-01
1.7585426518e-01   2.8934112818e-01   1.9057666324e-01
1.9354549474e-01   3.0699385720e-01   1.8504400331e-01
2.1149951680e-01   3.2827639591e-01   1.8011479393e-01
2.3021066148e-01   3.5328424860e-01   1.7583299259e-01
2.5011554945e-01   3.8211136922e-01   1.7225838886e-01
2.7160021361e-01   4.1483500016e-01   1.6946809469e-01
2.9500323289e-01   4.5149005425e-01   1.6755818104e-01
3.2061384695e-01   4.9203168417e-01   1.6664504652e-01
3.4866394890e-01   5.3628442172e-01   1.6686590434e-01
3.7931279493e-01   5.8387662661e-01   1.6837748970e-01
4.1262334547e-01   6.3416040731e-01   1.7135173000e-01
4.4852953865e-01   6.8612028552e-01   1.7596673694e-01
4.8679474700e-01   7.3827936632e-01   1.8239120144e-01
5.2696348399e-01   7.8862011040e-01   1.9076035103e-01
5.6831137993e-01   8.3454755429e-01   2.0114245397e-01
6.0980257580e-01   8.7293361581e-01   2.1349690593e-01
6.5006846341e-01   9.0028650604e-01   2.2762855777e-01
6.8742563676e-01   9.1308052459e-01   2.4314790050e-01
7.1995137036e-01   9.0824922664e-01   2.5945159434e-01
7.4562862992e-01   8.8378592908e-01   2.7573971411e-01
7.6255736628e-01   8.3932259585e-01   2.9108137480e-01
7.6920620975e-01   7.7650522202e-01   3.0452719080e-01
7.6465592196e-01   6.9899482459e-01   3.1524820724e-01
7.4877455321e-01   6.1202144555e-01   3.2266516817e-01
7.2227381494e-01   5.2157611063e-01   3.2652955835e-01
6.8662690506e-01   4.3346531504e-01   3.2693300120e-01
6.4386807710e-01   3.5249621699e-01   3.2424763033e-01
5.9632590857e-01   2.8198736655e-01   3.1902314572e-01
5.4635281369e-01   2.2365961308e-01   3.1187532079e-01
4.9610212632e-01   1.7783376403e-01   3.0339441214e-01
4.4738039609e-01   1.4379787504e-01   2.9408733862e-01
4.0157832495e-01   1.2021123010e-01   2.8435346503e-01
3.5966699489e-01   1.0545536792e-01   2.7448548010e-01
3.2223877340e-01   9.7892383184e-02   2.6468465108e-01
2.8957247407e-01   9.6027822334e-02   2.5508147662e-01
2.6170657208e-01   9.8595113568e-02   2.4575592730e-01
2.3850963813e-01   1.0458437467e-01   2.3675440483e-01
2.1974194949e-01   1.1323656571e-01   2.2810260357e-01
2.0510579734e-01   1.2401905589e-01   2.1981459785e-01
1.9428430499e-01   1.3659352170e-01   2.1189894817e-01
1.8696985013e-01   1.5078286402e-01   2.0436269221e-01
1.8288375337e-01   1.6654077726e-01   1.9721397269e-01
1.8178901903e-01   1.8392556970e-01   1.9046388262e-01
1.8349778431e-01   2.0307855156e-01   1.8412794522e-01
1.8787487609e-01   2.2420652270e-01   1.7822751623e-01
1.9483856590e-01   2.4756740479e-01   1.7279130393e-01
2.0435929135e-01   2.7345772998e-01   1.6785713877e-01
2.1645679381e-01   3.0220041348e-01   1.6347407990e-01
2.3119580696e-01   3.3413093080e-01   1.5970490564e-01
2.4868011289e-01   3.6957964297e-01   1.5662898472e-01
2.6904444807e-01   4.0884754637e-01   1.5434544666e-01
2.9244338419e-01   4.5217219478e-01   1.5297643998e-01
3.1903592619e-01   4.9968005098e-01   1.5267005840e-01
3.4896418907e-01   5.5132130976e-01   1.5360219449e-01
3.8232420450e-01   6.0678373960e-01   1.5597611992e-01
4.1912681348e-01   6.6538406874e-01   1.6001798624e-01
4.5924698366e-01   7.2594000583e-01   1.6596575168e-01
5.0236115394e-01   7.8663450232e-01   1.7404846161e-01
5.4787489110e-01   8.4489745894e-01   1.8445276054e-01
5.9484777695e-01   8.9734840879e-01   1.9727470017e-01
6.4192919866e-01   9.3986283979e-01   2.1245825199e-01
6.8732673977e-01   9.6783471285e-01   2.2972815358e-01
7.2883546470e-01   9.7669160426e-01   2.4853338775e-01
7.6395660122e-01   9.6265868486e-01   2.6802586377e-01
7.9012189812e-01   9.2365938325e-01   2.8710089038e-01
8.0501186253e-01   8.6011485971e-01   3.0451495960e-01
8.0691691834e-01   7.7533386483e-01   3.1906996697e-01
7.9505616378e-01   6.7525021993e-01   3.2981992347e-01
7.6976043123e-01   5.6748543621e-01   3.3623549057e-01
7.3245764440e-01   4.5999416092e-01   3.3827059665e-01
6.8545996683e-01   3.5972579777e-01   3.3631349717e-01
6.3161492585e-01   2.7169816976e-01   3.3105048109e-01
5.7391649444e-01   1.9866555364e-01   3.2329764943e-01
5.1516579220e-01   1.4131746574e-01   3.1385372765e-01
4.5773620305e-01   9.8795475808e-02   3.0340381300e-01
4.0345627837e-01   6.9297983370e-02   2.9247786055e-01
3.5359304936e-01   5.0611617881e-02   2.8145089342e-01
3.0890423551e-01   4.0496979289e-02   2.7056684350e-01
2.6972731837e-01   3.6923717777e-02   2.5997071349e-01
2.3608029679e-01   3.8184454877e-02   2.4973938734e-01
2.0775775936e-01   4.2926095955e-02   2.3990660151e-01
1.8441361534e-01   5.0132477534e-02   2.3048107123e-01
1.6562732567e-01   5.9083110983e-02   2.2145857387e-01
1.5095383819e-01   6.9303911794e-02   2.1282943378e-01
1.3995916919e-01   8.0519020019e-02   2.0458285429e-01
1.3224424730e-01   9.2608265246e-02   1.9670927521e-01
1.2745969158e-01   1.0557204121e-01   1.8920161077e-01
1.2531393550e-01   1.1950377522e-01   1.8205594075e-01
1.2557671813e-01   1.3456935499e-01   1.7527201801e-01
1.2807954735e-01   1.5099249474e-01   1.6885381588e-01
1.3271434713e-01   1.6904487946e-01   1.6281025529e-01
1.3943115476e-01   1.8903989055e-01   1.5715620876e-01
1.4823543405e-01   2.1132870225e-01   1.5191386124e-01
1.5918531051e-01   2.3629748600e-01   1.4711450706e-01
1.7238879845e-01   2.6436432018e-01   1.4280086770e-01
1.8800085826e-01   2.9597412807e-01   1.3903001909e-01
2.0621987164e-01   3.3158951305e-01   1.3587700936e-01
2.2728282632e-01   3.7167468090e-01   1.3343921244e-01
2.5145813149e-01   4.1666870623e-01   1.3184137717e-01
2.7903451519e-01   4.6694322980e-01   1.3124115787e-01
3.1030387274e-01   5.2273839202e-01   1.3183459791e-01
3.4553526347e-01   5.8406976862e-01   1.3386051106e-01
3.8493659081e-01   6.5059904710e-01   1.3760188734e-01
4.2860008978e-01   7.2146361130e-01   1.4338128999e-01
4.7642806946e-01   7.9506745301e-01   1.5154576935e-01
5.2803724142e-01   8.6885115243e-01   1.6243543619e-01
5.8264459818e-01   9.3908524332e-01   1.7632936878e-01
6.3894650196e-01   1.0007693481e+00   1.9336458526e-01
6.9501600544e-01   1.0477606851e+00   2.1343065167e-01
7.4825966823e-01   1.0732757612e+00   2.3605595115e-01
7.9548785265e-01   1.0708662820e+00   2.6032047709e-01
8.3314968499e-01   1.0358216804e+00   2.8484631150e-01
8.5775178265e-01   9.6669936329e-01   3.0791515805e-01
8.6641424257e-01   8.6643520091e-01   3.2772705220e-01
8.5743779056e-01   7.4244151716e-01   3.4274826635e-01
8.3070725863e-01   6.0541357939e-01   3.5203330120e-01
7.8778327100e-01   4.6714814678e-01   3.5539530920e-01
7.3163955381e-01   3.3816891227e-01   3.5336228333e-01
6.6613451750e-01   2.2600350012e-01   3.4695601934e-01
5.9538913079e-01   1.3455231559e-01   3.3740040377e-01
5.2324122781e-01   6.4452260346e-02   3.2586753419e-01
4.5287938367e-01   1.4006413973e-02   3.1332148766e-01
3.8667723419e-01   -1.9776064720e-02   3.0046343329e-01
3.2619095044e-01   -4.0323575484e-02   2.8774830218e-01
2.7225995413e-01   -5.0933526011e-02   2.7543641024e-01
2.2515488772e-01   -5.4469505118e-02   2.6365226194e-01
1.8473275553e-01   -5.3250592415e-02   2.5243537556e-01
1.5057618646e-01   -4.9056744426e-02   2.4177788522e-01
1.2210688350e-01   -4.3192273621e-02   2.3164935191e-01
9.8671572822e-02   -3.6570357929e-02   2.2201153394e-01
7.9603079376e-02   -2.9798006804e-02   2.1282622885e-01
6.4260886774e-02   -2.3251722834e-02   2.0405879460e-01
5.2055810511e-02   -1.7140364543e-02   1.9567922897e-01
4.2462979337e-02   -1.1554982087e-02   1.8766202500e-01
3.5026618477e-02   -6.5068998050e-03   1.7998552374e-01
2.9359389740e-02   -1.9558673422e-03   1.7263115103e-01
2.5138372367e-02   2.1698321755e-03   1.6558272012e-01
2.2099203512e-02   5.9595849256e-03   1.5882586647e-01
2.0029444466e-02   9.5114733057e-03   1.5234762232e-01
1.8761888988e-02   1.2926906097e-02   1.4613611383e-01
1.8168268843e-02   1.6307884287e-02   1.4018035591e-01
1.8153622873e-02   1.9756160366e-02   1.3447012177e-01
1.8651464636e-02   2.3373740860e-02   1.2899586864e-01
1.9619796635e-02   2.7264340041e-02   1.2374870703e-01
2.1037965213e-02   3.1535519837e-02   1.1872040596e-01
2.2904320473e-02   3.6301350842e-02   1.1390343191e-01
2.5234632784e-02   4.1685506508e-02   1.0929102296e-01
2.8061216288e-02   4.7824761369e-02   1.0487730470e-01
3.1432716223e-02   5.4872908078e-02   1.0065745854e-01
3.5414527740e-02   6.3005140020e-02   9.6627959099e-02
4.0089827090e-02   7.2422967741e-02   9.2786904345e-02
4.5561209608e-02   8.3359748425e-02   8.9134471527e-02
5.1952941295e-02   9.6086905912e-02   8.5673544570e-02
5.9413839764e-02   1.1092089888e-01   8.2410575622e-02
6.8120803294e-02   1.2823094693e-01   7.9356766240e-02
7.8282999146e-02   1.4844743090e-01   7.6529684201e-02
9.0146697322e-02   1.7207071686e-01   7.3955471949e-02
1.0400068223e-01   1.9967986683e-01   7.1671854017e-02
1.2018207419e-01   2.3194022222e-01   6.9732214039e-02
1.3908221710e-01   2.6960806807e-01   6.8211084883e-02
1.6115199347e-01   3.1352934280e-01   6.7211468702e-02
1.8690544711e-01   3.6462741589e-01   6.6874453937e-02
2.1691983087e-01   4.2387200646e-01   6.7391572498e-02
2.5182902066e-01   4.9221701198e-01   6.9020141144e-02
2.9230549125e-01   5.7048911586e-01   7.2101269483e-02
3.3902359276e-01   6.5920178641e-01   7.7078973588e-02
3.9259370105e-01   7.5826225673e-01   8.4516417980e-02
4.5345336631e-01   8.6653688921e-01   9.5101091581e-02
5.2169927120e-01   9.8125326201e-01   1.0962421779e-01
5.9684593722e-01   1.0972641753e+00   1.2891140962e-01
6.7750986794e-01   1.2063059942e+00   1.5367485849e-01
7.6105009124e-01   1.2965706203e+00   1.8426117192e-01
8.4325521420e-01   1.3531448373e+00   2.2029936817e-01
9.1824635970e-01   1.3599945376e+00   2.6032651620e-01
9.7882357193e-01   1.3038641140e+00   3.0157491716e-01
9.7882357194e-01   1.3038641140e+00   3.0157491716e-01
